row_id,column,original_value,injected_value,error_type,error_family
1166.0,src,foxbusiness,,missing_empty_string,missing_values
1446.0,src,ifly,,missing_nan,missing_values
2135.0,src,businesstravellogue,,missing_empty_string,missing_values
505.0,src,flightview,N/A,missing_N/A_string,missing_values
1282.0,src,myrateplan,NA,missing_NA_string,missing_values
1518.0,src,flytecomm,unknown,missing_unknown_string,missing_values
1884.0,src,quicktrip,N/A,missing_N/A_string,missing_values
2008.0,src,allegiantair,NA,missing_NA_string,missing_values
231.0,src,boston,N/A,missing_N/A_string,missing_values
1618.0,src,mytripandmore, ,missing_whitespace,missing_values
1366.0,src,orbitz,NA,missing_NA_string,missing_values
953.0,src,flightarrival,,missing_nan,missing_values
21.0,src,aa,NA,missing_NA_string,missing_values
1321.0,src,myrateplan, ,missing_whitespace,missing_values
1715.0,src,wunderground,,missing_empty_string,missing_values
526.0,src,flightview, ,missing_whitespace,missing_values
1867.0,src,quicktrip,N/A,missing_N/A_string,missing_values
825.0,src,flights,N/A,missing_N/A_string,missing_values
1457.0,src,ifly,,missing_empty_string,missing_values
1424.0,src,phl, ,missing_whitespace,missing_values
2153.0,src,den,,missing_nan,missing_values
667.0,src,panynj,,missing_empty_string,missing_values
376.0,src,airtravelcenter,NA,missing_NA_string,missing_values
2318.0,src,flightaware,NA,missing_NA_string,missing_values
773.0,src,flightexplorer,NA,missing_NA_string,missing_values
430.0,src,airtravelcenter,,missing_nan,missing_values
320.0,src,weather,,missing_empty_string,missing_values
58.0,src,helloflight,,missing_nan,missing_values
1753.0,src,ua,N/A,missing_N/A_string,missing_values
1534.0,src,flytecomm,NA,missing_NA_string,missing_values
531.0,src,flightview,N/A,missing_N/A_string,missing_values
449.0,src,flightview,N/A,missing_N/A_string,missing_values
2137.0,src,businesstravellogue,unknown,missing_unknown_string,missing_values
689.0,src,panynj,N/A,missing_N/A_string,missing_values
965.0,src,flightarrival,N/A,missing_N/A_string,missing_values
892.0,src,flights,N/A,missing_N/A_string,missing_values
1251.0,src,myrateplan,N/A,missing_N/A_string,missing_values
1308.0,src,myrateplan,N/A,missing_N/A_string,missing_values
1627.0,src,mytripandmore,,missing_empty_string,missing_values
2216.0,src,gofox,,missing_empty_string,missing_values
1375.0,src,orbitz,unknown,missing_unknown_string,missing_values
1145.0,src,foxbusiness,NA,missing_NA_string,missing_values
1331.0,src,orbitz,N/A,missing_N/A_string,missing_values
2277.0,src,flightaware,,missing_empty_string,missing_values
1483.0,src,sfo,NA,missing_NA_string,missing_values
585.0,src,flightstats,N/A,missing_N/A_string,missing_values
1610.0,src,mytripandmore,N/A,missing_N/A_string,missing_values
1755.0,src,ua,N/A,missing_N/A_string,missing_values
711.0,src,panynj,NA,missing_NA_string,missing_values
2119.0,src,businesstravellogue, ,missing_whitespace,missing_values
2038.0,src,allegiantair,N/A,missing_N/A_string,missing_values
1192.0,src,usatoday,unknown,missing_unknown_string,missing_values
215.0,src,boston,unknown,missing_unknown_string,missing_values
306.0,src,weather,N/A,missing_N/A_string,missing_values
551.0,src,flightstats, ,missing_whitespace,missing_values
1808.0,src,flylouisville,,missing_nan,missing_values
438.0,src,flightview, ,missing_whitespace,missing_values
193.0,src,boston, ,missing_whitespace,missing_values
1487.0,src,flytecomm,N/A,missing_N/A_string,missing_values
512.0,src,flightview,unknown,missing_unknown_string,missing_values
14.0,src,aa,N/A,missing_N/A_string,missing_values
305.0,src,weather,,missing_empty_string,missing_values
1175.0,src,usatoday,unknown,missing_unknown_string,missing_values
863.0,src,flights,,missing_empty_string,missing_values
577.0,src,flightstats,,missing_empty_string,missing_values
205.0,src,boston,N/A,missing_N/A_string,missing_values
1196.0,src,usatoday, ,missing_whitespace,missing_values
870.0,src,flights,NA,missing_NA_string,missing_values
352.0,src,airtravelcenter,NA,missing_NA_string,missing_values
1430.0,src,CO,,missing_nan,missing_values
347.0,src,airtravelcenter,,missing_nan,missing_values
2138.0,src,businesstravellogue,,missing_nan,missing_values
1827.0,src,flylouisville,,missing_nan,missing_values
716.0,src,panynj, ,missing_whitespace,missing_values
601.0,src,flightstats, ,missing_whitespace,missing_values
1042.0,src,travelocity,unknown,missing_unknown_string,missing_values
179.0,src,boston,,missing_nan,missing_values
402.0,src,airtravelcenter,,missing_nan,missing_values
406.0,src,airtravelcenter,,missing_empty_string,missing_values
866.0,src,flights,N/A,missing_N/A_string,missing_values
1701.0,src,wunderground,NA,missing_NA_string,missing_values
1329.0,src,orbitz,NA,missing_NA_string,missing_values
289.0,src,weather,,missing_empty_string,missing_values
1953.0,src,allegiantair,unknown,missing_unknown_string,missing_values
1339.0,src,orbitz,,missing_empty_string,missing_values
1991.0,src,allegiantair,,missing_nan,missing_values
991.0,src,travelocity,unknown,missing_unknown_string,missing_values
2188.0,src,gofox, ,missing_whitespace,missing_values
102.0,src,helloflight,,missing_nan,missing_values
240.0,src,boston,NA,missing_NA_string,missing_values
1040.0,src,travelocity,unknown,missing_unknown_string,missing_values
598.0,src,flightstats,unknown,missing_unknown_string,missing_values
1613.0,src,mytripandmore, ,missing_whitespace,missing_values
478.0,src,flightview,NA,missing_NA_string,missing_values
1863.0,src,quicktrip,NA,missing_NA_string,missing_values
1720.0,src,wunderground,unknown,missing_unknown_string,missing_values
2023.0,src,allegiantair,,missing_nan,missing_values
2218.0,src,gofox,,missing_empty_string,missing_values
1682.0,src,wunderground,N/A,missing_N/A_string,missing_values
2358.0,src,world-flight-tracker,unknown,missing_unknown_string,missing_values
1461.0,src,ifly,,missing_nan,missing_values
1820.0,src,flylouisville,N/A,missing_N/A_string,missing_values
1137.0,src,foxbusiness,NA,missing_NA_string,missing_values
368.0,src,airtravelcenter,N/A,missing_N/A_string,missing_values
1619.0,src,mytripandmore, ,missing_whitespace,missing_values
727.0,src,panynj,,missing_nan,missing_values
2217.0,src,gofox, ,missing_whitespace,missing_values
1273.0,src,myrateplan,NA,missing_NA_string,missing_values
2143.0,src,businesstravellogue,unknown,missing_unknown_string,missing_values
309.0,src,weather,NA,missing_NA_string,missing_values
400.0,src,airtravelcenter,,missing_empty_string,missing_values
1691.0,src,wunderground,unknown,missing_unknown_string,missing_values
2158.0,src,gofox,unknown,missing_unknown_string,missing_values
263.0,src,weather,,missing_nan,missing_values
1657.0,src,ord,unknown,missing_unknown_string,missing_values
279.0,src,weather,unknown,missing_unknown_string,missing_values
2042.0,src,allegiantair,NA,missing_NA_string,missing_values
2354.0,src,world-flight-tracker, ,missing_whitespace,missing_values
1927.0,src,quicktrip,N/A,missing_N/A_string,missing_values
2186.0,src,gofox,NA,missing_NA_string,missing_values
1514.0,src,flytecomm,,missing_nan,missing_values
2200.0,src,gofox,unknown,missing_unknown_string,missing_values
557.0,src,flightstats,,missing_empty_string,missing_values
1250.0,src,myrateplan,unknown,missing_unknown_string,missing_values
1866.0,src,quicktrip,N/A,missing_N/A_string,missing_values
757.0,src,flightexplorer,NA,missing_NA_string,missing_values
1872.0,src,quicktrip,,missing_nan,missing_values
247.0,src,boston,unknown,missing_unknown_string,missing_values
2011.0,src,allegiantair,,missing_nan,missing_values
836.0,src,flights,NA,missing_NA_string,missing_values
89.0,src,helloflight, ,missing_whitespace,missing_values
1036.0,src,travelocity, ,missing_whitespace,missing_values
1374.0,src,orbitz, ,missing_whitespace,missing_values
378.0,src,airtravelcenter, ,missing_whitespace,missing_values
2171.0,src,gofox,N/A,missing_N/A_string,missing_values
1579.0,src,flytecomm,,missing_empty_string,missing_values
536.0,src,flightview, ,missing_whitespace,missing_values
1792.0,src,flylouisville,unknown,missing_unknown_string,missing_values
1555.0,src,flytecomm, ,missing_whitespace,missing_values
163.0,src,boston,N/A,missing_N/A_string,missing_values
2017.0,src,allegiantair,,missing_nan,missing_values
85.0,src,helloflight,N/A,missing_N/A_string,missing_values
556.0,src,flightstats,NA,missing_NA_string,missing_values
1117.0,src,foxbusiness, ,missing_whitespace,missing_values
924.0,src,flightarrival,NA,missing_NA_string,missing_values
540.0,src,flightstats,,missing_empty_string,missing_values
464.0,src,flightview,,missing_nan,missing_values
653.0,src,panynj, ,missing_whitespace,missing_values
2337.0,src,world-flight-tracker,unknown,missing_unknown_string,missing_values
1914.0,src,quicktrip,,missing_nan,missing_values
1782.0,src,flylouisville,NA,missing_NA_string,missing_values
646.0,src,panynj,NA,missing_NA_string,missing_values
2322.0,src,world-flight-tracker,NA,missing_NA_string,missing_values
2353.0,src,world-flight-tracker, ,missing_whitespace,missing_values
262.0,src,weather,,missing_nan,missing_values
1423.0,src,phl,,missing_empty_string,missing_values
2155.0,src,gofox,,missing_empty_string,missing_values
41.0,src,aa,,missing_empty_string,missing_values
913.0,src,flightarrival, ,missing_whitespace,missing_values
1506.0,src,flytecomm, ,missing_whitespace,missing_values
1708.0,src,wunderground,,missing_nan,missing_values
1503.0,src,flytecomm,N/A,missing_N/A_string,missing_values
280.0,src,weather,,missing_empty_string,missing_values
1637.0,src,ord,,missing_empty_string,missing_values
1364.0,src,orbitz,,missing_empty_string,missing_values
332.0,src,weather,,missing_empty_string,missing_values
345.0,src,airtravelcenter,NA,missing_NA_string,missing_values
1600.0,src,mytripandmore, ,missing_whitespace,missing_values
930.0,src,flightarrival,N/A,missing_N/A_string,missing_values
405.0,src,airtravelcenter,unknown,missing_unknown_string,missing_values
101.0,src,helloflight,NA,missing_NA_string,missing_values
652.0,src,panynj,,missing_nan,missing_values
828.0,src,flights,,missing_nan,missing_values
909.0,src,flights,,missing_empty_string,missing_values
664.0,src,panynj,,missing_empty_string,missing_values
1684.0,src,wunderground, ,missing_whitespace,missing_values
1552.0,src,flytecomm, ,missing_whitespace,missing_values
169.0,src,boston, ,missing_whitespace,missing_values
1705.0,src,wunderground,N/A,missing_N/A_string,missing_values
712.0,src,panynj,N/A,missing_N/A_string,missing_values
150.0,src,boston,N/A,missing_N/A_string,missing_values
1240.0,src,myrateplan,NA,missing_NA_string,missing_values
550.0,src,flightstats,unknown,missing_unknown_string,missing_values
752.0,src,flightexplorer,unknown,missing_unknown_string,missing_values
1028.0,src,travelocity,unknown,missing_unknown_string,missing_values
729.0,src,flightexplorer,N/A,missing_N/A_string,missing_values
959.0,src,flightarrival,,missing_nan,missing_values
1873.0,src,quicktrip,unknown,missing_unknown_string,missing_values
2219.0,src,gofox,NA,missing_NA_string,missing_values
1073.0,src,foxbusiness,unknown,missing_unknown_string,missing_values
203.0,src,boston,N/A,missing_N/A_string,missing_values
1505.0,src,flytecomm, ,missing_whitespace,missing_values
1908.0,src,quicktrip,NA,missing_NA_string,missing_values
451.0,src,flightview, ,missing_whitespace,missing_values
2014.0,src,allegiantair, ,missing_whitespace,missing_values
2104.0,src,businesstravellogue,,missing_empty_string,missing_values
2033.0,src,allegiantair,NA,missing_NA_string,missing_values
245.0,src,boston,N/A,missing_N/A_string,missing_values
856.0,src,flights,unknown,missing_unknown_string,missing_values
1233.0,src,myrateplan,unknown,missing_unknown_string,missing_values
2282.0,src,flightaware, ,missing_whitespace,missing_values
1041.0,src,travelocity,NA,missing_NA_string,missing_values
2315.0,src,flightaware,N/A,missing_N/A_string,missing_values
967.0,src,flightarrival,NA,missing_NA_string,missing_values
1356.0,src,orbitz, ,missing_whitespace,missing_values
1343.0,src,orbitz,,missing_empty_string,missing_values
1070.0,src,foxbusiness,N/A,missing_N/A_string,missing_values
970.0,src,flightwise,,missing_nan,missing_values
2084.0,src,businesstravellogue, ,missing_whitespace,missing_values
2012.0,src,allegiantair,NA,missing_NA_string,missing_values
630.0,src,panynj,NA,missing_NA_string,missing_values
1164.0,src,foxbusiness,N/A,missing_N/A_string,missing_values
1000.0,src,travelocity,NA,missing_NA_string,missing_values
649.0,src,panynj, ,missing_whitespace,missing_values
2030.0,src,allegiantair,N/A,missing_N/A_string,missing_values
132.0,src,helloflight,N/A,missing_N/A_string,missing_values
691.0,src,panynj,,missing_nan,missing_values
769.0,src,flightexplorer,,missing_nan,missing_values
72.0,src,helloflight,NA,missing_NA_string,missing_values
2053.0,src,businesstravellogue, ,missing_whitespace,missing_values
1746.0,src,ua, ,missing_whitespace,missing_values
15.0,src,aa,N/A,missing_N/A_string,missing_values
1064.0,src,travelocity,N/A,missing_N/A_string,missing_values
1370.0,src,orbitz,NA,missing_NA_string,missing_values
1017.0,src,travelocity,,missing_empty_string,missing_values
335.0,src,weather,,missing_nan,missing_values
1587.0,src,mytripandmore,NA,missing_NA_string,missing_values
2258.0,src,flightaware,,missing_empty_string,missing_values
950.0,src,flightarrival,,missing_empty_string,missing_values
178.0,src,boston,,missing_empty_string,missing_values
1349.0,src,orbitz,,missing_nan,missing_values
189.0,src,boston,N/A,missing_N/A_string,missing_values
2239.0,src,gofox, ,missing_whitespace,missing_values
1352.0,src,orbitz,unknown,missing_unknown_string,missing_values
1406.0,src,orbitz,NA,missing_NA_string,missing_values
12.0,src,aa,NA,missing_NA_string,missing_values
317.0,src,weather,,missing_empty_string,missing_values
2304.0,src,flightaware,,missing_nan,missing_values
1732.0,src,ua,N/A,missing_N/A_string,missing_values
1351.0,src,orbitz,N/A,missing_N/A_string,missing_values
1119.0,src,foxbusiness,,missing_nan,missing_values
1147.0,src,foxbusiness,NA,missing_NA_string,missing_values
2015.0,src,allegiantair,,missing_empty_string,missing_values
1472.0,src,ifly,,missing_empty_string,missing_values
708.0,src,panynj,unknown,missing_unknown_string,missing_values
439.0,src,flightview,N/A,missing_N/A_string,missing_values
1361.0,src,orbitz,N/A,missing_N/A_string,missing_values
1942.0,src,quicktrip,unknown,missing_unknown_string,missing_values
250.0,src,weather, ,missing_whitespace,missing_values
1148.0,src,foxbusiness,unknown,missing_unknown_string,missing_values
800.0,src,dfw,N/A,missing_N/A_string,missing_values
1408.0,src,orbitz, ,missing_whitespace,missing_values
119.0,src,helloflight,NA,missing_NA_string,missing_values
1451.0,src,ifly, ,missing_whitespace,missing_values
807.0,src,mco,unknown,missing_unknown_string,missing_values
2297.0,src,flightaware,N/A,missing_N/A_string,missing_values
1465.0,src,ifly, ,missing_whitespace,missing_values
1570.0,src,flytecomm,N/A,missing_N/A_string,missing_values
331.0,src,weather,unknown,missing_unknown_string,missing_values
1062.0,src,travelocity,,missing_empty_string,missing_values
963.0,src,flightarrival, ,missing_whitespace,missing_values
75.0,src,helloflight,N/A,missing_N/A_string,missing_values
454.0,src,flightview,unknown,missing_unknown_string,missing_values
1335.0,src,orbitz,NA,missing_NA_string,missing_values
1692.0,src,wunderground, ,missing_whitespace,missing_values
1013.0,src,travelocity,,missing_nan,missing_values
196.0,src,boston,,missing_nan,missing_values
2105.0,src,businesstravellogue,N/A,missing_N/A_string,missing_values
1663.0,src,wunderground,unknown,missing_unknown_string,missing_values
626.0,src,flightstats,unknown,missing_unknown_string,missing_values
710.0,src,panynj,NA,missing_NA_string,missing_values
697.0,src,panynj,N/A,missing_N/A_string,missing_values
1784.0,src,flylouisville,N/A,missing_N/A_string,missing_values
1615.0,src,mytripandmore, ,missing_whitespace,missing_values
2295.0,src,flightaware,N/A,missing_N/A_string,missing_values
141.0,src,helloflight,NA,missing_NA_string,missing_values
775.0,src,flightexplorer, ,missing_whitespace,missing_values
1395.0,src,orbitz,,missing_nan,missing_values
186.0,src,boston, ,missing_whitespace,missing_values
969.0,src,flightwise,,missing_nan,missing_values
762.0,src,flightexplorer,,missing_empty_string,missing_values
1269.0,src,myrateplan,unknown,missing_unknown_string,missing_values
1393.0,src,orbitz,unknown,missing_unknown_string,missing_values
565.0,src,flightstats, ,missing_whitespace,missing_values
2099.0,src,businesstravellogue,unknown,missing_unknown_string,missing_values
219.0,src,boston,N/A,missing_N/A_string,missing_values
1959.0,src,allegiantair,NA,missing_NA_string,missing_values
1006.0,src,travelocity,,missing_nan,missing_values
2113.0,src,businesstravellogue,,missing_nan,missing_values
2350.0,src,world-flight-tracker,,missing_empty_string,missing_values
1854.0,src,flylouisville,,missing_nan,missing_values
1151.0,src,foxbusiness,N/A,missing_N/A_string,missing_values
931.0,src,flightarrival,unknown,missing_unknown_string,missing_values
1200.0,src,usatoday, ,missing_whitespace,missing_values
315.0,src,weather,NA,missing_NA_string,missing_values
839.0,src,flights, ,missing_whitespace,missing_values
738.0,src,flightexplorer, ,missing_whitespace,missing_values
1780.0,src,flylouisville, ,missing_whitespace,missing_values
393.0,src,airtravelcenter,NA,missing_NA_string,missing_values
71.0,src,helloflight,,missing_empty_string,missing_values
311.0,src,weather, ,missing_whitespace,missing_values
32.0,src,aa,,missing_empty_string,missing_values
714.0,src,panynj,NA,missing_NA_string,missing_values
891.0,src,flights,,missing_nan,missing_values
1667.0,src,wunderground,unknown,missing_unknown_string,missing_values
1707.0,src,wunderground,N/A,missing_N/A_string,missing_values
1176.0,src,usatoday,,missing_nan,missing_values
2002.0,src,allegiantair,,missing_empty_string,missing_values
2240.0,src,gofox,N/A,missing_N/A_string,missing_values
1110.0,src,foxbusiness,N/A,missing_N/A_string,missing_values
1143.0,src,foxbusiness,unknown,missing_unknown_string,missing_values
893.0,src,flights,,missing_empty_string,missing_values
1678.0,src,wunderground, ,missing_whitespace,missing_values
256.0,src,weather,NA,missing_NA_string,missing_values
167.0,src,boston,unknown,missing_unknown_string,missing_values
302.0,src,weather,,missing_empty_string,missing_values
888.0,src,flights,,missing_nan,missing_values
62.0,src,helloflight,,missing_nan,missing_values
2341.0,src,world-flight-tracker,NA,missing_NA_string,missing_values
2344.0,src,world-flight-tracker, ,missing_whitespace,missing_values
1412.0,src,orbitz,,missing_nan,missing_values
844.0,src,flights,NA,missing_NA_string,missing_values
2317.0,src,flightaware,,missing_nan,missing_values
2343.0,src,world-flight-tracker, ,missing_whitespace,missing_values
940.0,src,flightarrival,unknown,missing_unknown_string,missing_values
718.0,src,panynj,unknown,missing_unknown_string,missing_values
1228.0,src,myrateplan,unknown,missing_unknown_string,missing_values
973.0,src,flightwise,N/A,missing_N/A_string,missing_values
2279.0,src,flightaware,unknown,missing_unknown_string,missing_values
835.0,src,flights,,missing_nan,missing_values
850.0,src,flights, ,missing_whitespace,missing_values
961.0,src,flightarrival,unknown,missing_unknown_string,missing_values
1528.0,src,flytecomm,unknown,missing_unknown_string,missing_values
1652.0,src,ord,NA,missing_NA_string,missing_values
1559.0,src,flytecomm,unknown,missing_unknown_string,missing_values
987.0,src,flightwise,NA,missing_NA_string,missing_values
1289.0,src,myrateplan,,missing_nan,missing_values
1259.0,src,myrateplan, ,missing_whitespace,missing_values
259.0,src,weather,,missing_empty_string,missing_values
1072.0,src,foxbusiness,,missing_nan,missing_values
1224.0,src,myrateplan,N/A,missing_N/A_string,missing_values
1220.0,src,usatoday,,missing_empty_string,missing_values
1490.0,src,flytecomm, ,missing_whitespace,missing_values
1571.0,src,flytecomm,NA,missing_NA_string,missing_values
1033.0,src,travelocity,,missing_nan,missing_values
2051.0,src,businesstravellogue, ,missing_whitespace,missing_values
868.0,src,flights,N/A,missing_N/A_string,missing_values
223.0,src,boston,,missing_empty_string,missing_values
49.0,src,aa,unknown,missing_unknown_string,missing_values
2287.0,src,flightaware,N/A,missing_N/A_string,missing_values
650.0,src,panynj,,missing_nan,missing_values
270.0,src,weather,unknown,missing_unknown_string,missing_values
349.0,src,airtravelcenter,NA,missing_NA_string,missing_values
2244.0,src,gofox,unknown,missing_unknown_string,missing_values
964.0,src,flightarrival, ,missing_whitespace,missing_values
1019.0,src,travelocity,N/A,missing_N/A_string,missing_values
370.0,src,airtravelcenter,unknown,missing_unknown_string,missing_values
1391.0,src,orbitz,,missing_empty_string,missing_values
2170.0,src,gofox,,missing_empty_string,missing_values
1187.0,src,usatoday,NA,missing_NA_string,missing_values
1197.0,src,usatoday, ,missing_whitespace,missing_values
1976.0,src,allegiantair,N/A,missing_N/A_string,missing_values
123.0,src,helloflight,NA,missing_NA_string,missing_values
386.0,src,airtravelcenter,unknown,missing_unknown_string,missing_values
1155.0,src,foxbusiness, ,missing_whitespace,missing_values
479.0,src,flightview, ,missing_whitespace,missing_values
865.0,src,flights,,missing_empty_string,missing_values
1226.0,src,myrateplan,unknown,missing_unknown_string,missing_values
1223.0,src,myrateplan,N/A,missing_N/A_string,missing_values
1718.0,src,wunderground,NA,missing_NA_string,missing_values
1604.0,src,mytripandmore,NA,missing_NA_string,missing_values
1711.0,src,wunderground,,missing_nan,missing_values
183.0,src,boston,,missing_empty_string,missing_values
2228.0,src,gofox,N/A,missing_N/A_string,missing_values
2006.0,src,allegiantair, ,missing_whitespace,missing_values
1246.0,src,myrateplan, ,missing_whitespace,missing_values
1612.0,src,mytripandmore,,missing_empty_string,missing_values
1566.0,src,flytecomm,unknown,missing_unknown_string,missing_values
1984.0,src,allegiantair,,missing_nan,missing_values
1912.0,src,quicktrip,unknown,missing_unknown_string,missing_values
204.0,src,boston,NA,missing_NA_string,missing_values
2363.0,src,world-flight-tracker,NA,missing_NA_string,missing_values
575.0,src,flightstats,unknown,missing_unknown_string,missing_values
621.0,src,flightstats,NA,missing_NA_string,missing_values
1603.0,src,mytripandmore,unknown,missing_unknown_string,missing_values
842.0,src,flights,N/A,missing_N/A_string,missing_values
1569.0,src,flytecomm, ,missing_whitespace,missing_values
1319.0,src,myrateplan,N/A,missing_N/A_string,missing_values
984.0,src,flightwise,,missing_empty_string,missing_values
1643.0,src,ord,unknown,missing_unknown_string,missing_values
692.0,src,panynj,NA,missing_NA_string,missing_values
1473.0,src,ifly,N/A,missing_N/A_string,missing_values
1156.0,src,foxbusiness,,missing_nan,missing_values
1037.0,src,travelocity,,missing_nan,missing_values
2020.0,src,allegiantair,N/A,missing_N/A_string,missing_values
2369.0,src,world-flight-tracker,,missing_empty_string,missing_values
160.0,src,boston, ,missing_whitespace,missing_values
1237.0,src,myrateplan, ,missing_whitespace,missing_values
1146.0,src,foxbusiness,unknown,missing_unknown_string,missing_values
239.0,src,boston,unknown,missing_unknown_string,missing_values
329.0,src,weather,N/A,missing_N/A_string,missing_values
2043.0,src,allegiantair,,missing_nan,missing_values
660.0,src,panynj,NA,missing_NA_string,missing_values
1498.0,src,flytecomm,NA,missing_NA_string,missing_values
713.0,src,panynj, ,missing_whitespace,missing_values
2238.0,src,gofox,,missing_empty_string,missing_values
373.0,src,airtravelcenter,NA,missing_NA_string,missing_values
1326.0,src,orbitz,NA,missing_NA_string,missing_values
351.0,src,airtravelcenter,,missing_nan,missing_values
1770.0,src,flylouisville,,missing_nan,missing_values
1025.0,src,travelocity,NA,missing_NA_string,missing_values
1495.0,src,flytecomm,,missing_nan,missing_values
1740.0,src,ua,,missing_nan,missing_values
499.0,src,flightview,NA,missing_NA_string,missing_values
1901.0,src,quicktrip,,missing_empty_string,missing_values
300.0,src,weather,N/A,missing_N/A_string,missing_values
705.0,src,panynj,,missing_nan,missing_values
640.0,src,panynj,,missing_empty_string,missing_values
925.0,src,flightarrival,NA,missing_NA_string,missing_values
1063.0,src,travelocity, ,missing_whitespace,missing_values
736.0,src,flightexplorer,N/A,missing_N/A_string,missing_values
154.0,src,boston, ,missing_whitespace,missing_values
1809.0,src,flylouisville,NA,missing_NA_string,missing_values
411.0,src,airtravelcenter,NA,missing_NA_string,missing_values
1125.0,src,foxbusiness,NA,missing_NA_string,missing_values
2212.0,src,gofox, ,missing_whitespace,missing_values
673.0,src,panynj, ,missing_whitespace,missing_values
318.0,src,weather, ,missing_whitespace,missing_values
720.0,src,panynj,unknown,missing_unknown_string,missing_values
603.0,src,flightstats,N/A,missing_N/A_string,missing_values
1462.0,src,ifly,N/A,missing_N/A_string,missing_values
560.0,src,flightstats, ,missing_whitespace,missing_values
1052.0,src,travelocity,,missing_empty_string,missing_values
2164.0,src,gofox,NA,missing_NA_string,missing_values
1889.0,src,quicktrip, ,missing_whitespace,missing_values
2176.0,src,gofox,NA,missing_NA_string,missing_values
342.0,src,airtravelcenter,,missing_empty_string,missing_values
50.0,src,helloflight,N/A,missing_N/A_string,missing_values
83.0,src,helloflight,,missing_empty_string,missing_values
2169.0,src,gofox, ,missing_whitespace,missing_values
1598.0,src,mytripandmore, ,missing_whitespace,missing_values
495.0,src,flightview,,missing_empty_string,missing_values
1418.0,src,orbitz,N/A,missing_N/A_string,missing_values
1537.0,src,flytecomm, ,missing_whitespace,missing_values
1910.0,src,quicktrip,unknown,missing_unknown_string,missing_values
1324.0,src,orbitz,,missing_empty_string,missing_values
1902.0,src,quicktrip,N/A,missing_N/A_string,missing_values
1724.0,src,wunderground,N/A,missing_N/A_string,missing_values
2092.0,src,businesstravellogue,N/A,missing_N/A_string,missing_values
1751.0,src,ua,,missing_nan,missing_values
1271.0,src,myrateplan,,missing_empty_string,missing_values
687.0,src,panynj, ,missing_whitespace,missing_values
47.0,src,aa,,missing_empty_string,missing_values
912.0,src,flightarrival,,missing_empty_string,missing_values
795.0,src,mia,,missing_empty_string,missing_values
184.0,src,boston,,missing_empty_string,missing_values
1049.0,src,travelocity,,missing_nan,missing_values
2246.0,src,gofox,NA,missing_NA_string,missing_values
645.0,src,panynj, ,missing_whitespace,missing_values
2330.0,src,world-flight-tracker,,missing_nan,missing_values
180.0,src,boston,,missing_empty_string,missing_values
981.0,src,flightwise,,missing_nan,missing_values
181.0,src,boston,N/A,missing_N/A_string,missing_values
2056.0,src,businesstravellogue,,missing_empty_string,missing_values
947.0,src,flightarrival,unknown,missing_unknown_string,missing_values
576.0,src,flightstats,N/A,missing_N/A_string,missing_values
1507.0,src,flytecomm,unknown,missing_unknown_string,missing_values
282.0,src,weather,N/A,missing_N/A_string,missing_values
2290.0,src,flightaware,NA,missing_NA_string,missing_values
619.0,src,flightstats, ,missing_whitespace,missing_values
380.0,src,airtravelcenter,NA,missing_NA_string,missing_values
622.0,src,flightstats, ,missing_whitespace,missing_values
384.0,src,airtravelcenter, ,missing_whitespace,missing_values
1790.0,src,flylouisville,N/A,missing_N/A_string,missing_values
932.0,src,flightarrival,unknown,missing_unknown_string,missing_values
1999.0,flight,AA-643-MIA-ORD,NA,missing_NA_string,missing_values
1631.0,flight,AA-59-JFK-SFO,unknown,missing_unknown_string,missing_values
626.0,flight,CO-45-EWR-MIA, ,missing_whitespace,missing_values
808.0,flight,AA-1221-MCO-ORD, ,missing_whitespace,missing_values
887.0,flight,UA-62-IAH-EWR,,missing_nan,missing_values
326.0,flight,AA-415-BOS-ORD, ,missing_whitespace,missing_values
816.0,flight,AA-1733-ORD-PHX,N/A,missing_N/A_string,missing_values
747.0,flight,AA-2957-DFW-CVG,,missing_empty_string,missing_values
1538.0,flight,AA-1007-MIA-PHX,NA,missing_NA_string,missing_values
1531.0,flight,AA-4307-ORD-DTW, ,missing_whitespace,missing_values
1714.0,flight,AA-3804-PHL-ORD,NA,missing_NA_string,missing_values
662.0,flight,UA-382-IAD-LAX,,missing_empty_string,missing_values
242.0,flight,CO-50-CLE-EWR, ,missing_whitespace,missing_values
1109.0,flight,AA-2050-ORD-MIA, ,missing_whitespace,missing_values
310.0,flight,CO-1250-MIA-IAH, ,missing_whitespace,missing_values
1823.0,flight,AA-431-MIA-SFO, ,missing_whitespace,missing_values
656.0,flight,UA-3050-PHX-CLT, ,missing_whitespace,missing_values
98.0,flight,CO-1193-EWR-MCO,NA,missing_NA_string,missing_values
1082.0,flight,CO-1614-LAX-IAH,,missing_empty_string,missing_values
1261.0,flight,CO-47-IAH-LAX,N/A,missing_N/A_string,missing_values
79.0,flight,CO-1088-CLE-IAH,,missing_empty_string,missing_values
1558.0,flight,UA-6273-YYC-SFO,NA,missing_NA_string,missing_values
1234.0,flight,UA-414-LAX-SFO,N/A,missing_N/A_string,missing_values
101.0,flight,AA-1007-MIA-PHX, ,missing_whitespace,missing_values
388.0,flight,AA-1007-MIA-PHX,,missing_empty_string,missing_values
770.0,flight,UA-37-EWR-MCO,,missing_empty_string,missing_values
2176.0,flight,CO-62-IAH-EWR,unknown,missing_unknown_string,missing_values
1860.0,flight,AA-518-MIA-JFK,,missing_nan,missing_values
578.0,flight,AA-1434-DFW-MCO,N/A,missing_N/A_string,missing_values
1412.0,flight,AA-271-MIA-LAX,unknown,missing_unknown_string,missing_values
224.0,flight,AA-3063-SLC-LAX,N/A,missing_N/A_string,missing_values
1400.0,flight,AA-3804-PHL-ORD,NA,missing_NA_string,missing_values
330.0,flight,UA-3099-PHX-PHL,unknown,missing_unknown_string,missing_values
195.0,flight,CO-1694-LAX-IAH,NA,missing_NA_string,missing_values
263.0,flight,UA-2726-FLL-PHL,unknown,missing_unknown_string,missing_values
435.0,flight,AA-59-JFK-SFO,NA,missing_NA_string,missing_values
51.0,flight,CO-1586-IAH-MCO,,missing_nan,missing_values
926.0,flight,CO-50-CLE-EWR,N/A,missing_N/A_string,missing_values
190.0,flight,UA-248-PHX-ORD,,missing_nan,missing_values
2077.0,flight,UA-3050-PHX-CLT, ,missing_whitespace,missing_values
1907.0,flight,AA-643-MIA-ORD,N/A,missing_N/A_string,missing_values
1645.0,flight,AA-4307-ORD-DTW,NA,missing_NA_string,missing_values
403.0,flight,AA-1165-JFK-MIA,NA,missing_NA_string,missing_values
222.0,flight,UA-858-PVG-SFO,N/A,missing_N/A_string,missing_values
57.0,flight,CO-58-DEN-IAH,,missing_empty_string,missing_values
2216.0,flight,UA-233-LAX-JFK,,missing_empty_string,missing_values
353.0,flight,AA-616-DFW-DTW,NA,missing_NA_string,missing_values
1019.0,flight,AA-2525-DFW-MIA,,missing_empty_string,missing_values
2182.0,flight,UA-3050-PHX-CLT,unknown,missing_unknown_string,missing_values
1778.0,flight,AA-1886-BOS-MIA,,missing_nan,missing_values
1269.0,flight,CO-1694-LAX-IAH,unknown,missing_unknown_string,missing_values
1601.0,flight,UA-3050-PHX-CLT,NA,missing_NA_string,missing_values
1367.0,flight,AA-4307-ORD-DTW,N/A,missing_N/A_string,missing_values
463.0,flight,AA-466-IAH-MIA,,missing_nan,missing_values
382.0,flight,AA-3-JFK-LAX,NA,missing_NA_string,missing_values
2342.0,flight,UA-2945-PHL-CLT,unknown,missing_unknown_string,missing_values
1423.0,flight,UA-3373-IAD-PHL,,missing_empty_string,missing_values
1324.0,flight,CO-1586-IAH-MCO,,missing_nan,missing_values
2016.0,flight,UA-3373-IAD-PHL,N/A,missing_N/A_string,missing_values
180.0,flight,AA-1664-MIA-ATL,,missing_nan,missing_values
62.0,flight,CO-1614-LAX-IAH,,missing_empty_string,missing_values
2098.0,flight,AA-3842-MSP-ORD,NA,missing_NA_string,missing_values
2207.0,flight,UA-938-DEN-ORD,N/A,missing_N/A_string,missing_values
301.0,flight,AA-1522-SFO-ORD,N/A,missing_N/A_string,missing_values
1992.0,flight,AA-1434-DFW-MCO,unknown,missing_unknown_string,missing_values
485.0,flight,AA-3842-MSP-ORD, ,missing_whitespace,missing_values
1087.0,flight,UA-3515-IAD-MSP,,missing_nan,missing_values
2213.0,flight,AA-3756-ORD-SLC,NA,missing_NA_string,missing_values
343.0,flight,UA-2830-MCO-CLT,,missing_nan,missing_values
1609.0,flight,AA-271-MIA-LAX,,missing_nan,missing_values
985.0,flight,AA-3809-PHX-LAX,,missing_empty_string,missing_values
216.0,flight,UA-3373-IAD-PHL,N/A,missing_N/A_string,missing_values
492.0,flight,UA-2515-DFW-CLT, ,missing_whitespace,missing_values
659.0,flight,AA-1664-MIA-ATL,unknown,missing_unknown_string,missing_values
1238.0,flight,CO-1090-BOS-IAH,N/A,missing_N/A_string,missing_values
1495.0,flight,AA-1544-SAN-ORD,unknown,missing_unknown_string,missing_values
2301.0,flight,AA-2312-DFW-DTW,,missing_empty_string,missing_values
2311.0,flight,AA-4277-CVG-JFK, ,missing_whitespace,missing_values
2203.0,flight,AA-3842-MSP-ORD, ,missing_whitespace,missing_values
1642.0,flight,AA-1221-MCO-ORD,,missing_nan,missing_values
1708.0,flight,AA-1165-JFK-MIA,NA,missing_NA_string,missing_values
1993.0,flight,AA-1640-MIA-MCO,unknown,missing_unknown_string,missing_values
1417.0,flight,AA-404-MIA-MCO,NA,missing_NA_string,missing_values
1175.0,flight,UA-414-LAX-SFO, ,missing_whitespace,missing_values
920.0,flight,CO-62-IAH-EWR, ,missing_whitespace,missing_values
1184.0,flight,AA-404-MIA-MCO,NA,missing_NA_string,missing_values
1224.0,flight,CO-1586-IAH-MCO,,missing_nan,missing_values
638.0,flight,UA-5487-SFO-MRY,NA,missing_NA_string,missing_values
883.0,flight,UA-858-PVG-SFO,,missing_empty_string,missing_values
1415.0,flight,UA-3099-PHX-PHL,NA,missing_NA_string,missing_values
487.0,flight,AA-1007-MIA-PHX,N/A,missing_N/A_string,missing_values
1724.0,flight,CO-45-EWR-MIA,NA,missing_NA_string,missing_values
41.0,flight,AA-4277-CVG-JFK,,missing_empty_string,missing_values
70.0,flight,AA-1886-BOS-MIA,,missing_empty_string,missing_values
2269.0,flight,UA-3050-PHX-CLT,unknown,missing_unknown_string,missing_values
793.0,flight,AA-1165-JFK-MIA,,missing_nan,missing_values
2099.0,flight,AA-643-MIA-ORD,,missing_empty_string,missing_values
916.0,flight,CO-1614-LAX-IAH, ,missing_whitespace,missing_values
2105.0,flight,UA-2515-DFW-CLT,,missing_nan,missing_values
1064.0,flight,AA-4198-ORD-CLE,NA,missing_NA_string,missing_values
1929.0,flight,CO-4888-IAH-DAL,,missing_empty_string,missing_values
1432.0,flight,CO-1088-CLE-IAH,,missing_nan,missing_values
1904.0,flight,UA-843-LAX-ORD,NA,missing_NA_string,missing_values
880.0,flight,UA-6273-YYC-SFO,N/A,missing_N/A_string,missing_values
639.0,flight,AA-204-LAX-MCO,,missing_empty_string,missing_values
248.0,flight,AA-59-JFK-SFO,,missing_nan,missing_values
39.0,flight,AA-1917-JFK-MCO,,missing_nan,missing_values
857.0,flight,UA-843-LAX-ORD,N/A,missing_N/A_string,missing_values
610.0,flight,AA-3063-SLC-LAX, ,missing_whitespace,missing_values
194.0,flight,AA-4307-ORD-DTW,,missing_empty_string,missing_values
1758.0,flight,AA-3859-IAH-ORD,,missing_empty_string,missing_values
1719.0,flight,AA-85-JFK-SFO,NA,missing_NA_string,missing_values
309.0,flight,AA-649-ORD-SNA,NA,missing_NA_string,missing_values
1278.0,flight,AA-1221-MCO-ORD,,missing_empty_string,missing_values
1650.0,flight,AA-1522-SFO-ORD,,missing_nan,missing_values
1036.0,flight,UA-233-LAX-JFK,N/A,missing_N/A_string,missing_values
935.0,flight,UA-938-DEN-ORD,NA,missing_NA_string,missing_values
96.0,flight,CO-1694-LAX-IAH,NA,missing_NA_string,missing_values
2193.0,flight,CO-47-IAH-LAX,,missing_empty_string,missing_values
347.0,flight,AA-204-LAX-MCO, ,missing_whitespace,missing_values
1667.0,flight,UA-2726-FLL-PHL,N/A,missing_N/A_string,missing_values
928.0,flight,AA-271-MIA-LAX,NA,missing_NA_string,missing_values
2302.0,flight,AA-1165-JFK-MIA,,missing_empty_string,missing_values
1061.0,flight,AA-3786-IAH-ORD,unknown,missing_unknown_string,missing_values
442.0,flight,AA-1733-ORD-PHX, ,missing_whitespace,missing_values
1521.0,flight,AA-4344-ORD-DTW,,missing_nan,missing_values
1780.0,flight,CO-1561-PHX-IAH, ,missing_whitespace,missing_values
2266.0,flight,AA-446-DFW-PHL,unknown,missing_unknown_string,missing_values
948.0,flight,CO-4888-IAH-DAL,,missing_nan,missing_values
1978.0,flight,CO-89-IAH-EWR,unknown,missing_unknown_string,missing_values
611.0,flight,UA-2708-EWR-CLT,,missing_nan,missing_values
2349.0,flight,CO-1193-EWR-MCO,,missing_nan,missing_values
1480.0,flight,AA-446-DFW-PHL,,missing_nan,missing_values
1639.0,flight,AA-643-MIA-ORD,NA,missing_NA_string,missing_values
1150.0,flight,AA-2268-PHX-ORD,N/A,missing_N/A_string,missing_values
869.0,flight,AA-3756-ORD-SLC,NA,missing_NA_string,missing_values
1674.0,flight,AA-466-IAH-MIA,,missing_nan,missing_values
978.0,flight,AA-2312-DFW-DTW,,missing_empty_string,missing_values
103.0,flight,UA-2906-PHL-MCO, ,missing_whitespace,missing_values
559.0,flight,AA-446-DFW-PHL, ,missing_whitespace,missing_values
693.0,flight,AA-1165-JFK-MIA,unknown,missing_unknown_string,missing_values
1572.0,flight,UA-37-EDI-EWR,,missing_nan,missing_values
1074.0,flight,UA-3925-IAD-ORF,unknown,missing_unknown_string,missing_values
759.0,flight,AA-4307-ORD-DTW,unknown,missing_unknown_string,missing_values
448.0,flight,UA-414-LAX-SFO,N/A,missing_N/A_string,missing_values
1235.0,flight,CO-1614-LAX-IAH,,missing_nan,missing_values
1528.0,flight,AA-4330-CVG-ORD, ,missing_whitespace,missing_values
1729.0,flight,UA-2830-MCO-CLT,NA,missing_NA_string,missing_values
2148.0,flight,AA-59-JFK-SFO,,missing_nan,missing_values
1131.0,flight,UA-233-LAX-JFK,,missing_empty_string,missing_values
704.0,flight,UA-2708-EWR-CLT,NA,missing_NA_string,missing_values
748.0,flight,AA-1664-MIA-ATL,,missing_nan,missing_values
2218.0,flight,AA-2312-DFW-DTW,,missing_empty_string,missing_values
2046.0,flight,CO-45-EWR-MIA,NA,missing_NA_string,missing_values
1207.0,flight,UA-2708-EWR-CLT, ,missing_whitespace,missing_values
1513.0,flight,AA-466-IAH-MIA,,missing_nan,missing_values
1683.0,flight,UA-257-JFK-SFO,N/A,missing_N/A_string,missing_values
1791.0,flight,UA-382-IAD-LAX, ,missing_whitespace,missing_values
319.0,flight,AA-2268-PHX-ORD,unknown,missing_unknown_string,missing_values
1310.0,flight,AA-415-BOS-ORD, ,missing_whitespace,missing_values
1794.0,flight,UA-2945-PHL-CLT,,missing_empty_string,missing_values
2197.0,flight,AA-1434-DFW-MCO,unknown,missing_unknown_string,missing_values
7.0,flight,AA-484-DFW-MIA, ,missing_whitespace,missing_values
1459.0,flight,UA-233-LAX-JFK,,missing_empty_string,missing_values
19.0,flight,AA-271-MIA-LAX,NA,missing_NA_string,missing_values
1607.0,flight,UA-2945-PHL-CLT,N/A,missing_N/A_string,missing_values
1071.0,flight,CO-1586-IAH-MCO,NA,missing_NA_string,missing_values
677.0,flight,AA-3842-MSP-ORD,,missing_empty_string,missing_values
2026.0,flight,UA-62-IAH-EWR, ,missing_whitespace,missing_values
514.0,flight,UA-1500-IAH-GUA, ,missing_whitespace,missing_values
300.0,flight,UA-664-ORD-PHL,NA,missing_NA_string,missing_values
897.0,flight,AA-85-JFK-SFO,unknown,missing_unknown_string,missing_values
424.0,flight,AA-415-BOS-ORD,NA,missing_NA_string,missing_values
1398.0,flight,UA-62-IAH-EWR,unknown,missing_unknown_string,missing_values
475.0,flight,CO-47-IAH-LAX,N/A,missing_N/A_string,missing_values
1208.0,flight,UA-1500-IAH-GUA,NA,missing_NA_string,missing_values
1125.0,flight,UA-2515-DFW-CLT,,missing_nan,missing_values
1058.0,flight,UA-854-SFO-IAH,N/A,missing_N/A_string,missing_values
1363.0,flight,UA-248-PHX-ORD,,missing_empty_string,missing_values
152.0,flight,AA-518-MIA-JFK,,missing_empty_string,missing_values
1782.0,flight,AA-446-DFW-PHL,,missing_empty_string,missing_values
2127.0,flight,UA-1500-IAH-GUA, ,missing_whitespace,missing_values
2165.0,flight,AA-204-LAX-MCO,,missing_nan,missing_values
540.0,flight,UA-397-JFK-SFO,unknown,missing_unknown_string,missing_values
1875.0,flight,UA-3515-IAD-MSP, ,missing_whitespace,missing_values
1028.0,flight,AA-3842-MSP-ORD,,missing_nan,missing_values
876.0,flight,AA-431-MIA-SFO,N/A,missing_N/A_string,missing_values
2178.0,flight,UA-2314-ATL-PHL,N/A,missing_N/A_string,missing_values
450.0,flight,UA-2726-FLL-PHL,NA,missing_NA_string,missing_values
2318.0,flight,CO-45-EWR-MIA,unknown,missing_unknown_string,missing_values
1720.0,flight,AA-3786-IAH-ORD,NA,missing_NA_string,missing_values
1011.0,flight,AA-1886-BOS-MIA,NA,missing_NA_string,missing_values
34.0,flight,AA-1165-JFK-MIA,NA,missing_NA_string,missing_values
718.0,flight,AA-3786-IAH-ORD,unknown,missing_unknown_string,missing_values
658.0,flight,CO-1088-CLE-IAH,N/A,missing_N/A_string,missing_values
1436.0,flight,CO-1193-EWR-MCO,NA,missing_NA_string,missing_values
956.0,flight,UA-6273-YYC-SFO, ,missing_whitespace,missing_values
268.0,flight,CO-62-IAH-EWR,unknown,missing_unknown_string,missing_values
1215.0,flight,AA-789-ORD-DEN, ,missing_whitespace,missing_values
1483.0,flight,AA-431-MIA-SFO,unknown,missing_unknown_string,missing_values
324.0,flight,AA-789-ORD-DEN,NA,missing_NA_string,missing_values
2088.0,flight,CO-47-IAH-LAX,unknown,missing_unknown_string,missing_values
1963.0,flight,UA-2726-FLL-PHL,,missing_empty_string,missing_values
508.0,flight,CO-4888-IAH-DAL,,missing_empty_string,missing_values
1858.0,flight,AA-3859-IAH-ORD,NA,missing_NA_string,missing_values
2251.0,flight,CO-45-EWR-MIA, ,missing_whitespace,missing_values
1754.0,flight,UA-37-EDI-EWR,N/A,missing_N/A_string,missing_values
1966.0,flight,AA-616-DFW-DTW,NA,missing_NA_string,missing_values
1062.0,flight,CO-50-CLE-EWR,NA,missing_NA_string,missing_values
1163.0,flight,UA-3099-PHX-PHL,,missing_empty_string,missing_values
907.0,flight,CO-45-EWR-MIA,N/A,missing_N/A_string,missing_values
1357.0,flight,AA-4344-ORD-DTW,NA,missing_NA_string,missing_values
75.0,flight,CO-1023-IAH-DEN,N/A,missing_N/A_string,missing_values
283.0,flight,AA-271-MIA-LAX,NA,missing_NA_string,missing_values
729.0,flight,AA-3859-IAH-ORD,,missing_empty_string,missing_values
2025.0,flight,UA-2708-EWR-CLT, ,missing_whitespace,missing_values
518.0,flight,AA-4277-CVG-JFK,NA,missing_NA_string,missing_values
2141.0,flight,AA-2525-DFW-MIA,,missing_nan,missing_values
367.0,flight,AA-1664-MIA-ATL,NA,missing_NA_string,missing_values
2056.0,flight,AA-3-JFK-LAX,N/A,missing_N/A_string,missing_values
466.0,flight,CO-1088-CLE-IAH,,missing_nan,missing_values
22.0,flight,AA-1434-DFW-MCO,,missing_empty_string,missing_values
1364.0,flight,AA-4330-CVG-ORD,,missing_nan,missing_values
1541.0,flight,UA-938-DEN-ORD,N/A,missing_N/A_string,missing_values
105.0,flight,AA-1221-MCO-ORD,unknown,missing_unknown_string,missing_values
1049.0,flight,UA-2708-EWR-CLT, ,missing_whitespace,missing_values
349.0,flight,CO-1614-LAX-IAH,NA,missing_NA_string,missing_values
1654.0,flight,AA-4198-ORD-CLE, ,missing_whitespace,missing_values
230.0,flight,AA-2268-PHX-ORD,,missing_empty_string,missing_values
952.0,flight,UA-1500-IAH-GUA,unknown,missing_unknown_string,missing_values
1137.0,flight,AA-649-ORD-SNA,N/A,missing_N/A_string,missing_values
1996.0,flight,UA-843-LAX-ORD,unknown,missing_unknown_string,missing_values
1100.0,flight,AA-1664-MIA-ATL,unknown,missing_unknown_string,missing_values
2177.0,flight,CO-1561-PHX-IAH,N/A,missing_N/A_string,missing_values
1926.0,flight,UA-3373-IAD-PHL,,missing_empty_string,missing_values
467.0,flight,AA-1664-MIA-ATL,N/A,missing_N/A_string,missing_values
532.0,flight,AA-404-MIA-MCO,unknown,missing_unknown_string,missing_values
624.0,flight,UA-3099-PHX-PHL, ,missing_whitespace,missing_values
694.0,flight,AA-431-MIA-SFO, ,missing_whitespace,missing_values
129.0,flight,UA-1500-IAH-GUA,,missing_empty_string,missing_values
2234.0,flight,AA-1917-JFK-MCO,N/A,missing_N/A_string,missing_values
9.0,flight,AA-466-IAH-MIA,,missing_nan,missing_values
774.0,flight,AA-1165-JFK-MIA,unknown,missing_unknown_string,missing_values
1113.0,flight,AA-1640-MIA-MCO, ,missing_whitespace,missing_values
453.0,flight,AA-616-DFW-DTW,,missing_nan,missing_values
1831.0,flight,UA-2704-DTW-PHX,N/A,missing_N/A_string,missing_values
232.0,flight,AA-2957-DFW-CVG, ,missing_whitespace,missing_values
631.0,flight,AA-518-MIA-JFK, ,missing_whitespace,missing_values
2.0,flight,AA-1640-MIA-MCO,NA,missing_NA_string,missing_values
1621.0,flight,AA-431-MIA-SFO,,missing_nan,missing_values
2054.0,flight,UA-3925-IAD-ORF, ,missing_whitespace,missing_values
162.0,flight,CO-1614-LAX-IAH, ,missing_whitespace,missing_values
1712.0,flight,CO-4888-IAH-DAL,N/A,missing_N/A_string,missing_values
1956.0,flight,AA-3-JFK-LAX, ,missing_whitespace,missing_values
2110.0,flight,AA-1522-SFO-ORD,,missing_nan,missing_values
205.0,flight,UA-2515-DFW-CLT,N/A,missing_N/A_string,missing_values
2040.0,flight,AA-271-MIA-LAX,,missing_nan,missing_values
2020.0,flight,UA-828-SFO-ORD, ,missing_whitespace,missing_values
958.0,flight,AA-2957-DFW-CVG,unknown,missing_unknown_string,missing_values
2093.0,flight,AA-1640-MIA-MCO, ,missing_whitespace,missing_values
419.0,flight,AA-2268-PHX-ORD,N/A,missing_N/A_string,missing_values
1185.0,flight,AA-3756-ORD-SLC,,missing_nan,missing_values
1535.0,flight,CO-1193-EWR-MCO,,missing_nan,missing_values
203.0,flight,AA-1221-MCO-ORD,NA,missing_NA_string,missing_values
438.0,flight,CO-1586-IAH-MCO,unknown,missing_unknown_string,missing_values
1426.0,flight,CO-1586-IAH-MCO,,missing_nan,missing_values
906.0,flight,AA-404-MIA-MCO, ,missing_whitespace,missing_values
236.0,flight,AA-85-JFK-SFO,,missing_empty_string,missing_values
923.0,flight,AA-1279-DFW-PHX,NA,missing_NA_string,missing_values
542.0,flight,AA-1733-ORD-PHX,,missing_empty_string,missing_values
999.0,flight,UA-414-LAX-SFO,NA,missing_NA_string,missing_values
1766.0,flight,CO-58-DEN-IAH,NA,missing_NA_string,missing_values
1913.0,flight,CO-16-LAX-EWR,,missing_nan,missing_values
1544.0,flight,UA-2515-DFW-CLT,N/A,missing_N/A_string,missing_values
2328.0,flight,AA-204-LAX-MCO,unknown,missing_unknown_string,missing_values
1892.0,flight,UA-382-IAD-LAX, ,missing_whitespace,missing_values
396.0,flight,UA-664-ORD-PHL,,missing_empty_string,missing_values
2162.0,flight,UA-2830-MCO-CLT, ,missing_whitespace,missing_values
107.0,flight,UA-2515-DFW-CLT, ,missing_whitespace,missing_values
117.0,flight,AA-431-MIA-SFO, ,missing_whitespace,missing_values
839.0,flight,CO-89-IAH-EWR,NA,missing_NA_string,missing_values
38.0,flight,AA-3804-PHL-ORD, ,missing_whitespace,missing_values
962.0,flight,AA-1544-SAN-ORD,N/A,missing_N/A_string,missing_values
322.0,flight,AA-2957-DFW-CVG,,missing_nan,missing_values
1501.0,flight,CO-52-IAH-LAX,,missing_empty_string,missing_values
1988.0,flight,CO-47-IAH-LAX,unknown,missing_unknown_string,missing_values
818.0,flight,UA-2830-MCO-CLT,,missing_nan,missing_values
1132.0,flight,AA-3823-LAX-DEN,NA,missing_NA_string,missing_values
1449.0,flight,UA-2906-PHL-MCO,unknown,missing_unknown_string,missing_values
92.0,flight,AA-1434-DFW-MCO,,missing_nan,missing_values
254.0,flight,AA-1733-ORD-PHX,NA,missing_NA_string,missing_values
987.0,flight,AA-4307-ORD-DTW,,missing_empty_string,missing_values
566.0,flight,AA-1664-MIA-ATL,N/A,missing_N/A_string,missing_values
292.0,flight,AA-3842-MSP-ORD,,missing_empty_string,missing_values
606.0,flight,CO-1250-MIA-IAH, ,missing_whitespace,missing_values
1047.0,flight,UA-2704-DTW-PHX,,missing_nan,missing_values
930.0,flight,AA-4307-ORD-DTW, ,missing_whitespace,missing_values
581.0,flight,AA-3-JFK-LAX,unknown,missing_unknown_string,missing_values
1391.0,flight,UA-6273-YYC-SFO, ,missing_whitespace,missing_values
1987.0,flight,CO-63-EWR-IAH, ,missing_whitespace,missing_values
277.0,flight,AA-1279-DFW-PHX,,missing_empty_string,missing_values
1193.0,flight,UA-843-LAX-ORD, ,missing_whitespace,missing_values
555.0,flight,AA-484-DFW-MIA,N/A,missing_N/A_string,missing_values
3.0,flight,AA-518-MIA-JFK, ,missing_whitespace,missing_values
1731.0,flight,UA-2726-FLL-PHL, ,missing_whitespace,missing_values
94.0,flight,AA-4307-ORD-DTW,N/A,missing_N/A_string,missing_values
1486.0,flight,UA-414-LAX-SFO,NA,missing_NA_string,missing_values
2211.0,flight,AA-400-DFW-JFK,,missing_nan,missing_values
445.0,flight,CO-58-DEN-IAH,,missing_nan,missing_values
308.0,flight,UA-3373-IAD-PHL,NA,missing_NA_string,missing_values
2017.0,flight,AA-649-ORD-SNA,unknown,missing_unknown_string,missing_values
1748.0,flight,UA-858-PVG-SFO,N/A,missing_N/A_string,missing_values
1470.0,flight,AA-3468-CVG-MIA,NA,missing_NA_string,missing_values
2007.0,flight,UA-664-ORD-PHL,,missing_empty_string,missing_values
569.0,flight,AA-404-MIA-MCO,N/A,missing_N/A_string,missing_values
1000.0,flight,AA-3756-ORD-SLC,N/A,missing_N/A_string,missing_values
1792.0,flight,AA-4344-ORD-DTW, ,missing_whitespace,missing_values
2159.0,flight,UA-3925-IAD-ORF,unknown,missing_unknown_string,missing_values
1493.0,flight,UA-2830-MCO-CLT,N/A,missing_N/A_string,missing_values
110.0,flight,AA-3756-ORD-SLC, ,missing_whitespace,missing_values
980.0,flight,CO-63-EWR-IAH,NA,missing_NA_string,missing_values
2371.0,flight,UA-3099-PHX-PHL, ,missing_whitespace,missing_values
1422.0,flight,AA-446-DFW-PHL,NA,missing_NA_string,missing_values
551.0,flight,CO-52-IAH-LAX,,missing_nan,missing_values
385.0,flight,CO-1193-EWR-MCO,NA,missing_NA_string,missing_values
536.0,flight,AA-222-LAX-BOS,,missing_nan,missing_values
2074.0,flight,AA-446-DFW-PHL,,missing_nan,missing_values
766.0,flight,UA-938-DEN-ORD, ,missing_whitespace,missing_values
2227.0,flight,UA-858-PVG-SFO,unknown,missing_unknown_string,missing_values
1854.0,flight,CO-45-EWR-MIA,,missing_empty_string,missing_values
2290.0,flight,CO-1193-EWR-MCO, ,missing_whitespace,missing_values
1218.0,flight,AA-1640-MIA-MCO,,missing_nan,missing_values
2198.0,flight,AA-1640-MIA-MCO,,missing_empty_string,missing_values
1726.0,flight,AA-59-JFK-SFO,unknown,missing_unknown_string,missing_values
304.0,flight,AA-2312-DFW-DTW,,missing_empty_string,missing_values
712.0,flight,UA-37-EDI-EWR,unknown,missing_unknown_string,missing_values
1250.0,flight,UA-3050-PHX-CLT, ,missing_whitespace,missing_values
8.0,flight,AA-446-DFW-PHL,,missing_nan,missing_values
591.0,flight,AA-1221-MCO-ORD,,missing_nan,missing_values
1299.0,flight,AA-3063-SLC-LAX, ,missing_whitespace,missing_values
295.0,flight,UA-938-DEN-ORD,N/A,missing_N/A_string,missing_values
126.0,flight,AA-3063-SLC-LAX,N/A,missing_N/A_string,missing_values
813.0,flight,AA-518-MIA-JFK,NA,missing_NA_string,missing_values
361.0,flight,AA-446-DFW-PHL,NA,missing_NA_string,missing_values
179.0,flight,CO-1088-CLE-IAH,unknown,missing_unknown_string,missing_values
1853.0,flight,AA-404-MIA-MCO,N/A,missing_N/A_string,missing_values
2230.0,flight,UA-2708-EWR-CLT,,missing_nan,missing_values
260.0,flight,AA-204-LAX-MCO,N/A,missing_N/A_string,missing_values
61.0,flight,UA-414-LAX-SFO,unknown,missing_unknown_string,missing_values
198.0,flight,AA-3842-MSP-ORD,,missing_nan,missing_values
2111.0,flight,UA-233-LAX-JFK,NA,missing_NA_string,missing_values
493.0,flight,AA-400-DFW-JFK,unknown,missing_unknown_string,missing_values
1808.0,flight,AA-1007-MIA-PHX,N/A,missing_N/A_string,missing_values
18.0,flight,AA-404-MIA-MCO,,missing_nan,missing_values
373.0,flight,UA-2945-PHL-CLT,,missing_nan,missing_values
2034.0,flight,AA-789-ORD-DEN,N/A,missing_N/A_string,missing_values
579.0,flight,CO-1561-PHX-IAH,NA,missing_NA_string,missing_values
1504.0,flight,UA-3515-IAD-MSP, ,missing_whitespace,missing_values
2083.0,flight,UA-382-IAD-LAX,N/A,missing_N/A_string,missing_values
1865.0,flight,AA-1640-MIA-MCO, ,missing_whitespace,missing_values
777.0,flight,AA-649-ORD-SNA,,missing_empty_string,missing_values
2267.0,flight,CO-1023-IAH-DEN,NA,missing_NA_string,missing_values
1979.0,flight,CO-1088-CLE-IAH,,missing_nan,missing_values
258.0,flight,AA-1544-SAN-ORD,N/A,missing_N/A_string,missing_values
333.0,flight,CO-45-EWR-MIA,,missing_empty_string,missing_values
1927.0,flight,CO-1250-MIA-IAH,NA,missing_NA_string,missing_values
815.0,flight,UA-3925-IAD-ORF,NA,missing_NA_string,missing_values
853.0,flight,AA-1434-DFW-MCO,,missing_empty_string,missing_values
1360.0,flight,CO-63-EWR-IAH,,missing_nan,missing_values
1135.0,flight,AA-431-MIA-SFO,N/A,missing_N/A_string,missing_values
1454.0,flight,AA-1434-DFW-MCO, ,missing_whitespace,missing_values
740.0,flight,AA-3756-ORD-SLC,,missing_empty_string,missing_values
1847.0,flight,AA-3786-IAH-ORD,NA,missing_NA_string,missing_values
1402.0,flight,AA-2268-PHX-ORD,,missing_empty_string,missing_values
1188.0,flight,AA-2050-ORD-MIA,unknown,missing_unknown_string,missing_values
1844.0,flight,AA-85-JFK-SFO,NA,missing_NA_string,missing_values
1089.0,flight,AA-484-DFW-MIA, ,missing_whitespace,missing_values
192.0,flight,AA-1434-DFW-MCO,,missing_empty_string,missing_values
384.0,flight,UA-843-LAX-ORD,,missing_nan,missing_values
749.0,flight,AA-3979-CVG-ORD,N/A,missing_N/A_string,missing_values
548.0,flight,UA-414-LAX-SFO,N/A,missing_N/A_string,missing_values
875.0,flight,AA-1165-JFK-MIA, ,missing_whitespace,missing_values
2336.0,flight,AA-2957-DFW-CVG, ,missing_whitespace,missing_values
1230.0,flight,CO-58-DEN-IAH, ,missing_whitespace,missing_values
2256.0,flight,AA-518-MIA-JFK,N/A,missing_N/A_string,missing_values
1812.0,flight,CO-16-LAX-EWR,NA,missing_NA_string,missing_values
1813.0,flight,UA-2515-DFW-CLT,NA,missing_NA_string,missing_values
2222.0,flight,AA-649-ORD-SNA,,missing_nan,missing_values
1545.0,flight,AA-400-DFW-JFK,NA,missing_NA_string,missing_values
575.0,flight,AA-2050-ORD-MIA,NA,missing_NA_string,missing_values
832.0,flight,CO-62-IAH-EWR,,missing_nan,missing_values
68.0,flight,AA-3468-CVG-MIA,,missing_empty_string,missing_values
1143.0,flight,UA-2704-DTW-PHX,N/A,missing_N/A_string,missing_values
2160.0,flight,AA-1733-ORD-PHX,NA,missing_NA_string,missing_values
221.0,flight,CO-4888-IAH-DAL, ,missing_whitespace,missing_values
1804.0,flight,UA-843-LAX-ORD,NA,missing_NA_string,missing_values
1742.0,flight,UA-664-ORD-PHL, ,missing_whitespace,missing_values
1086.0,flight,AA-616-DFW-DTW,N/A,missing_N/A_string,missing_values
831.0,flight,AA-1886-BOS-MIA,,missing_nan,missing_values
1410.0,flight,AA-1544-SAN-ORD,,missing_empty_string,missing_values
1211.0,flight,UA-233-LAX-JFK,unknown,missing_unknown_string,missing_values
1281.0,flight,AA-400-DFW-JFK,N/A,missing_N/A_string,missing_values
459.0,flight,CO-1561-PHX-IAH,,missing_empty_string,missing_values
165.0,flight,CO-1090-BOS-IAH,N/A,missing_N/A_string,missing_values
1693.0,flight,AA-4307-ORD-DTW, ,missing_whitespace,missing_values
1290.0,flight,AA-431-MIA-SFO,NA,missing_NA_string,missing_values
125.0,flight,UA-2704-DTW-PHX,,missing_nan,missing_values
1998.0,flight,AA-3842-MSP-ORD,,missing_empty_string,missing_values
1256.0,flight,UA-382-IAD-LAX, ,missing_whitespace,missing_values
1277.0,flight,UA-938-DEN-ORD,unknown,missing_unknown_string,missing_values
860.0,flight,AA-643-MIA-ORD, ,missing_whitespace,missing_values
568.0,flight,AA-1279-DFW-PHX, ,missing_whitespace,missing_values
1359.0,flight,UA-2945-PHL-CLT,,missing_nan,missing_values
2248.0,flight,UA-3099-PHX-PHL,,missing_empty_string,missing_values
515.0,flight,AA-3804-PHL-ORD,,missing_nan,missing_values
782.0,flight,AA-2268-PHX-ORD,,missing_nan,missing_values
625.0,flight,AA-4198-ORD-CLE, ,missing_whitespace,missing_values
280.0,flight,AA-4344-ORD-DTW, ,missing_whitespace,missing_values
716.0,flight,AA-3979-CVG-ORD,,missing_nan,missing_values
2200.0,flight,CO-1694-LAX-IAH,unknown,missing_unknown_string,missing_values
960.0,flight,UA-854-SFO-IAH,N/A,missing_N/A_string,missing_values
1105.0,flight,UA-257-JFK-SFO,,missing_nan,missing_values
26.0,flight,AA-643-MIA-ORD, ,missing_whitespace,missing_values
1542.0,flight,AA-1221-MCO-ORD, ,missing_whitespace,missing_values
593.0,flight,UA-2515-DFW-CLT,N/A,missing_N/A_string,missing_values
486.0,flight,AA-643-MIA-ORD,unknown,missing_unknown_string,missing_values
253.0,flight,UA-3925-IAD-ORF,NA,missing_NA_string,missing_values
963.0,flight,AA-3786-IAH-ORD,unknown,missing_unknown_string,missing_values
589.0,flight,UA-2906-PHL-MCO,NA,missing_NA_string,missing_values
145.0,flight,AA-404-MIA-MCO, ,missing_whitespace,missing_values
817.0,flight,AA-3-JFK-LAX,,missing_nan,missing_values
1067.0,flight,CO-45-EWR-MIA,,missing_empty_string,missing_values
378.0,flight,AA-4330-CVG-ORD, ,missing_whitespace,missing_values
1984.0,flight,AA-4344-ORD-DTW,,missing_empty_string,missing_values
491.0,flight,CO-16-LAX-EWR,,missing_empty_string,missing_values
1894.0,flight,CO-47-IAH-LAX,unknown,missing_unknown_string,missing_values
1611.0,flight,AA-643-MIA-ORD,,missing_empty_string,missing_values
161.0,flight,UA-414-LAX-SFO,N/A,missing_N/A_string,missing_values
851.0,flight,UA-248-PHX-ORD,,missing_empty_string,missing_values
218.0,flight,CO-1250-MIA-IAH,,missing_empty_string,missing_values
1725.0,flight,AA-3809-PHX-LAX, ,missing_whitespace,missing_values
780.0,flight,CO-1561-PHX-IAH,,missing_empty_string,missing_values
1315.0,flight,CO-50-CLE-EWR,,missing_nan,missing_values
1940.0,flight,AA-415-BOS-ORD,unknown,missing_unknown_string,missing_values
1260.0,flight,CO-63-EWR-IAH, ,missing_whitespace,missing_values
480.0,flight,AA-1640-MIA-MCO,,missing_nan,missing_values
296.0,flight,AA-1221-MCO-ORD,unknown,missing_unknown_string,missing_values
1775.0,flight,UA-3515-IAD-MSP,N/A,missing_N/A_string,missing_values
219.0,flight,UA-6273-YYC-SFO,unknown,missing_unknown_string,missing_values
1699.0,flight,AA-1007-MIA-PHX,,missing_nan,missing_values
2079.0,flight,CO-1088-CLE-IAH, ,missing_whitespace,missing_values
422.0,flight,UA-37-EDI-EWR,N/A,missing_N/A_string,missing_values
1453.0,flight,AA-789-ORD-DEN, ,missing_whitespace,missing_values
1717.0,flight,AA-4277-CVG-JFK,NA,missing_NA_string,missing_values
848.0,flight,CO-63-EWR-IAH, ,missing_whitespace,missing_values
267.0,flight,AA-484-DFW-MIA,N/A,missing_N/A_string,missing_values
2076.0,flight,AA-466-IAH-MIA,,missing_nan,missing_values
1257.0,flight,AA-4344-ORD-DTW, ,missing_whitespace,missing_values
1306.0,flight,AA-4277-CVG-JFK,unknown,missing_unknown_string,missing_values
653.0,flight,AA-446-DFW-PHL,,missing_empty_string,missing_values
53.0,flight,UA-397-JFK-SFO,N/A,missing_N/A_string,missing_values
1550.0,flight,UA-233-LAX-JFK,NA,missing_NA_string,missing_values
318.0,flight,AA-1917-JFK-MCO,N/A,missing_N/A_string,missing_values
510.0,flight,UA-2704-DTW-PHX, ,missing_whitespace,missing_values
692.0,flight,AA-2312-DFW-DTW, ,missing_whitespace,missing_values
983.0,flight,AA-1434-DFW-MCO,,missing_empty_string,missing_values
1663.0,flight,CO-1586-IAH-MCO, ,missing_whitespace,missing_values
506.0,flight,UA-6273-YYC-SFO,NA,missing_NA_string,missing_values
2015.0,flight,AA-431-MIA-SFO,unknown,missing_unknown_string,missing_values
2057.0,flight,UA-2830-MCO-CLT,unknown,missing_unknown_string,missing_values
959.0,flight,UA-37-EDI-EWR,NA,missing_NA_string,missing_values
1348.0,flight,CO-1023-IAH-DEN,NA,missing_NA_string,missing_values
2117.0,flight,AA-649-ORD-SNA,NA,missing_NA_string,missing_values
903.0,flight,CO-50-CLE-EWR, ,missing_whitespace,missing_values
655.0,flight,AA-466-IAH-MIA,NA,missing_NA_string,missing_values
249.0,src,boston,BOSton,typo_random_case,typos
1529.0,src,flytecomm,  flytecomm ,typo_extra_whitespace,typos
1641.0,src,ord,orrd,typo_duplicated_letter,typos
1762.0,src,flylouisville,FLylouisville,typo_random_case,typos
423.0,src,airtravelcenter,airtravelccenter,typo_duplicated_letter,typos
701.0,src,panynj,  panynj ,typo_extra_whitespace,typos
599.0,src,flightstats,FLIGHTSTATs,typo_random_case,typos
1307.0,src,myrateplan,mryateplan,typo_swapped_letters,typos
1717.0,src,wunderground,wundergrouund,typo_duplicated_letter,typos
653.0,src, , ,typo_too_short_unchanged,typos
93.0,src,helloflight,  helloflight ,typo_extra_whitespace,typos
993.0,src,travelocity,tavelocity,typo_missing_letter,typos
1415.0,src,orbitz,oribtz,typo_swapped_letters,typos
1690.0,src,wunderground,wundergound,typo_missing_letter,typos
1290.0,src,myrateplan,ymrateplan,typo_swapped_letters,typos
792.0,src,mia,ia,typo_missing_letter,typos
809.0,src,mco,Mco,typo_random_case,typos
1082.0,src,foxbusiness,foxbusinesss,typo_duplicated_letter,typos
1442.0,src,CO,OC,typo_swapped_letters,typos
295.0,src,weather,weaather,typo_duplicated_letter,typos
659.0,src,panynj,pnynj,typo_missing_letter,typos
1276.0,src,myrateplan,myrateplna,typo_swapped_letters,typos
325.0,src,weather,WEATher,typo_random_case,typos
292.0,src,weather,wether,typo_missing_letter,typos
1797.0,src,flylouisville,  flylouisville ,typo_extra_whitespace,typos
1286.0,src,myrateplan,  myrateplan ,typo_extra_whitespace,typos
968.0,src,flightarrival,flightarriival,typo_duplicated_letter,typos
2312.0,src,flightaware,  flightaware ,typo_extra_whitespace,typos
2319.0,src,flightaware,flightware,typo_missing_letter,typos
1191.0,src,usatoday,  usatoday ,typo_extra_whitespace,typos
1009.0,src,travelocity,TRAVELOcity,typo_random_case,typos
1581.0,src,flytecomm,FLYTEComm,typo_random_case,typos
623.0,src,flightstats,  flightstats ,typo_extra_whitespace,typos
361.0,src,airtravelcenter,airravelcenter,typo_missing_letter,typos
591.0,src,flightstats,flighhtstats,typo_duplicated_letter,typos
1104.0,src,foxbusiness,foxbusinss,typo_missing_letter,typos
1826.0,src,flylouisville,FLYlouisville,typo_random_case,typos
992.0,src,travelocity,travelociy,typo_missing_letter,typos
1654.0,src,ord,orrd,typo_duplicated_letter,typos
1314.0,src,myrateplan,  myrateplan ,typo_extra_whitespace,typos
398.0,src,airtravelcenter,irtravelcenter,typo_missing_letter,typos
2143.0,src,unknown,nknown,typo_missing_letter,typos
1790.0,src,N/A,  N/A ,typo_extra_whitespace,typos
393.0,src,NA,  NA ,typo_extra_whitespace,typos
583.0,src,flightstats,  flightstats ,typo_extra_whitespace,typos
908.0,src,flights,fllights,typo_duplicated_letter,typos
804.0,src,mco,  mco ,typo_extra_whitespace,typos
1602.0,src,mytripandmore,mytripanmore,typo_missing_letter,typos
1526.0,src,flytecomm,  flytecomm ,typo_extra_whitespace,typos
1205.0,src,usatoday,  usatoday ,typo_extra_whitespace,typos
1958.0,src,allegiantair,ALLEGIANtair,typo_random_case,typos
1579.0,src,,,typo_too_short_unchanged,typos
684.0,src,panynj,  panynj ,typo_extra_whitespace,typos
178.0,src,,,typo_too_short_unchanged,typos
2246.0,src,NA,AN,typo_swapped_letters,typos
746.0,src,flightexplorer,flighexplorer,typo_missing_letter,typos
1699.0,src,wunderground,wuunderground,typo_duplicated_letter,typos
1558.0,src,flytecomm,flyteomm,typo_missing_letter,typos
2118.0,src,businesstravellogue,businesstarvellogue,typo_swapped_letters,typos
1898.0,src,quicktrip,QUICKTrip,typo_random_case,typos
2280.0,src,flightaware,flightawre,typo_missing_letter,typos
2193.0,src,gofox,ogfox,typo_swapped_letters,typos
930.0,src,N/A,  N/A ,typo_extra_whitespace,typos
2102.0,src,businesstravellogue,busnesstravellogue,typo_missing_letter,typos
105.0,src,helloflight,heloflight,typo_missing_letter,typos
2278.0,src,flightaware,flightaare,typo_missing_letter,typos
1339.0,src,,,typo_too_short_unchanged,typos
949.0,src,flightarrival,flightarrivla,typo_swapped_letters,typos
1600.0,src, , ,typo_too_short_unchanged,typos
1080.0,src,foxbusiness,FOXBUSiness,typo_random_case,typos
186.0,src, , ,typo_too_short_unchanged,typos
723.0,src,panynj,anynj,typo_missing_letter,typos
628.0,src,flightstats,Flightstats,typo_random_case,typos
2356.0,src,world-flight-tracker,world-flight-traccker,typo_duplicated_letter,typos
1747.0,src,ua,au,typo_swapped_letters,typos
268.0,src,weather,WEather,typo_random_case,typos
1421.0,src,orbitz,oorbitz,typo_duplicated_letter,typos
1056.0,src,travelocity,TRAVelocity,typo_random_case,typos
1539.0,src,flytecomm,  flytecomm ,typo_extra_whitespace,typos
189.0,src,N/A,NA/,typo_swapped_letters,typos
1109.0,src,foxbusiness,FOXBUSIness,typo_random_case,typos
1272.0,src,myrateplan,  myrateplan ,typo_extra_whitespace,typos
168.0,src,boston,obston,typo_swapped_letters,typos
1532.0,src,flytecomm,flytecommm,typo_duplicated_letter,typos
519.0,src,flightview,flgihtview,typo_swapped_letters,typos
534.0,src,flightview,flighvtiew,typo_swapped_letters,typos
1674.0,src,wunderground,wundergorund,typo_swapped_letters,typos
1020.0,src,travelocity,traveloocity,typo_duplicated_letter,typos
1305.0,src,myrateplan,myrateplna,typo_swapped_letters,typos
990.0,src,travelocity,tavelocity,typo_missing_letter,typos
1310.0,src,myrateplan,myraetplan,typo_swapped_letters,typos
1567.0,src,flytecomm,FLYTECOMm,typo_random_case,typos
679.0,src,panynj,apnynj,typo_swapped_letters,typos
1178.0,src,usatoday,usatody,typo_missing_letter,typos
1249.0,src,myrateplan,myratepln,typo_missing_letter,typos
1884.0,src,N/A,NN/A,typo_duplicated_letter,typos
877.0,src,flights,fligghts,typo_duplicated_letter,typos
1099.0,src,foxbusiness,foxbusienss,typo_swapped_letters,typos
2136.0,src,businesstravellogue,BUSINESSTRAVellogue,typo_random_case,typos
1088.0,src,foxbusiness,  foxbusiness ,typo_extra_whitespace,typos
695.0,src,panynj,paynj,typo_missing_letter,typos
2202.0,src,gofox,  gofox ,typo_extra_whitespace,typos
1390.0,src,orbitz,  orbitz ,typo_extra_whitespace,typos
1248.0,src,myrateplan,MYRATEPLAn,typo_random_case,typos
1527.0,src,flytecomm,fltecomm,typo_missing_letter,typos
202.0,src,boston,botson,typo_swapped_letters,typos
271.0,src,weather,ewather,typo_swapped_letters,typos
1003.0,src,travelocity,ttravelocity,typo_duplicated_letter,typos
1759.0,src,flylouisville,flyluoisville,typo_swapped_letters,typos
1877.0,src,quicktrip,quictkrip,typo_swapped_letters,typos
2112.0,src,businesstravellogue,BUSINESSTRAVellogue,typo_random_case,typos
932.0,src,unknown,unkonwn,typo_swapped_letters,typos
610.0,src,flightstats,FLIghtstats,typo_random_case,typos
1387.0,src,orbitz,ORBitz,typo_random_case,typos
971.0,src,flightwise,flihtwise,typo_missing_letter,typos
604.0,src,flightstats,flighttsats,typo_swapped_letters,typos
1772.0,src,flylouisville,flyluoisville,typo_swapped_letters,typos
2099.0,src,unknown,  unknown ,typo_extra_whitespace,typos
2173.0,src,gofox,  gofox ,typo_extra_whitespace,typos
1744.0,src,ua,au,typo_swapped_letters,typos
1325.0,src,orbitz,  orbitz ,typo_extra_whitespace,typos
1402.0,src,orbitz,  orbitz ,typo_extra_whitespace,typos
86.0,src,helloflight,helloflgiht,typo_swapped_letters,typos
89.0,src, , ,typo_too_short_unchanged,typos
213.0,src,boston,bsoton,typo_swapped_letters,typos
694.0,src,panynj,PAnynj,typo_random_case,typos
1825.0,src,flylouisville,flylouisville,typo_swapped_letters,typos
741.0,src,flightexplorer,flighteexplorer,typo_duplicated_letter,typos
22.0,src,aa,a,typo_missing_letter,typos
965.0,src,N/A,/A,typo_missing_letter,typos
1225.0,src,myrateplan,myratepan,typo_missing_letter,typos
933.0,src,flightarrival,  flightarrival ,typo_extra_whitespace,typos
316.0,src,weather,eather,typo_missing_letter,typos
368.0,src,N/A,N//A,typo_duplicated_letter,typos
386.0,src,unknown,unkknown,typo_duplicated_letter,typos
585.0,src,N/A,NA,typo_missing_letter,typos
743.0,src,flightexplorer,fflightexplorer,typo_duplicated_letter,typos
563.0,src,flightstats,Flightstats,typo_random_case,typos
751.0,src,flightexplorer,flightexplroer,typo_swapped_letters,typos
1758.0,src,flylouisville,FLYLOuisville,typo_random_case,typos
1746.0,src, , ,typo_too_short_unchanged,typos
794.0,src,mia,miia,typo_duplicated_letter,typos
157.0,src,boston,bston,typo_missing_letter,typos
1031.0,src,travelocity,TRavelocity,typo_random_case,typos
74.0,src,helloflight,helolflight,typo_swapped_letters,typos
521.0,src,flightview,flightviwe,typo_swapped_letters,typos
1592.0,src,mytripandmore,mytripandmoe,typo_missing_letter,typos
1731.0,src,ua,au,typo_swapped_letters,typos
1221.0,src,usatoday,USAtoday,typo_random_case,typos
748.0,src,flightexplorer,FLightexplorer,typo_random_case,typos
78.0,src,helloflight,HELLoflight,typo_random_case,typos
1379.0,src,orbitz,  orbitz ,typo_extra_whitespace,typos
677.0,src,panynj,ppanynj,typo_duplicated_letter,typos
680.0,src,panynj,PANYnj,typo_random_case,typos
1095.0,src,foxbusiness,foxbsuiness,typo_swapped_letters,typos
322.0,src,weather,weater,typo_missing_letter,typos
192.0,src,boston,boton,typo_missing_letter,typos
1108.0,src,foxbusiness,  foxbusiness ,typo_extra_whitespace,typos
2159.0,src,gofox,  gofox ,typo_extra_whitespace,typos
2263.0,src,flightaware,flgihtaware,typo_swapped_letters,typos
1972.0,src,allegiantair,  allegiantair ,typo_extra_whitespace,typos
1285.0,src,myrateplan,  myrateplan ,typo_extra_whitespace,typos
343.0,src,airtravelcenter,airtravlcenter,typo_missing_letter,typos
576.0,src,N/A,NA/,typo_swapped_letters,typos
258.0,src,weather,weeather,typo_duplicated_letter,typos
1010.0,src,travelocity,travelocty,typo_missing_letter,typos
1011.0,src,travelocity,TRAVElocity,typo_random_case,typos
527.0,src,flightview,fligthview,typo_swapped_letters,typos
362.0,src,airtravelcenter,  airtravelcenter ,typo_extra_whitespace,typos
907.0,src,flights,fllights,typo_duplicated_letter,typos
125.0,src,helloflight,helloflighht,typo_duplicated_letter,typos
385.0,src,airtravelcenter,  airtravelcenter ,typo_extra_whitespace,typos
1692.0,src, , ,typo_too_short_unchanged,typos
273.0,src,weather,WEather,typo_random_case,typos
603.0,src,N/A,NN/A,typo_duplicated_letter,typos
230.0,src,boston,bostno,typo_swapped_letters,typos
1779.0,src,flylouisville,flylouisivlle,typo_swapped_letters,typos
1193.0,src,usatoday,suatoday,typo_swapped_letters,typos
188.0,src,boston,bston,typo_missing_letter,typos
956.0,src,flightarrival,flightarrivval,typo_duplicated_letter,typos
1171.0,src,usatoday,  usatoday ,typo_extra_whitespace,typos
2042.0,src,NA,Na,typo_random_case,typos
1582.0,src,flytecomm,flyteocmm,typo_swapped_letters,typos
998.0,src,travelocity,travelcoity,typo_swapped_letters,typos
759.0,src,flightexplorer,FLIGHTEXplorer,typo_random_case,typos
138.0,src,helloflight,helloflght,typo_missing_letter,typos
2101.0,src,businesstravellogue,businesstravelllogue,typo_duplicated_letter,typos
2183.0,src,gofox,gofxo,typo_swapped_letters,typos
1288.0,src,myrateplan,myrateplaan,typo_duplicated_letter,typos
2194.0,src,gofox,  gofox ,typo_extra_whitespace,typos
1566.0,src,unknown,unkonwn,typo_swapped_letters,typos
1398.0,src,orbitz,ORBITz,typo_random_case,typos
195.0,src,boston,bosston,typo_duplicated_letter,typos
2225.0,src,gofox,gofxo,typo_swapped_letters,typos
2350.0,src,,,typo_too_short_unchanged,typos
1837.0,src,flylouisville,flylouissville,typo_duplicated_letter,typos
15.0,src,N/A,NA,typo_missing_letter,typos
2198.0,src,gofox,goofox,typo_duplicated_letter,typos
671.0,src,panynj,paynnj,typo_swapped_letters,typos
1483.0,src,NA,  NA ,typo_extra_whitespace,typos
334.0,src,weather,weahter,typo_swapped_letters,typos
740.0,src,flightexplorer,lightexplorer,typo_missing_letter,typos
1118.0,src,foxbusiness,foxbusinesss,typo_duplicated_letter,typos
2237.0,src,gofox,  gofox ,typo_extra_whitespace,typos
1199.0,src,usatoday,USatoday,typo_random_case,typos
2175.0,src,gofox,gfox,typo_missing_letter,typos
224.0,src,boston,bboston,typo_duplicated_letter,typos
1090.0,src,foxbusiness,ffoxbusiness,typo_duplicated_letter,typos
1216.0,src,usatoday,USATOday,typo_random_case,typos
1682.0,src,N/A,/NA,typo_swapped_letters,typos
1478.0,src,ifly,iifly,typo_duplicated_letter,typos
1424.0,src, , ,typo_too_short_unchanged,typos
1251.0,src,N/A,NA/,typo_swapped_letters,typos
242.0,src,boston,boton,typo_missing_letter,typos
1409.0,src,orbitz,oorbitz,typo_duplicated_letter,typos
1689.0,src,wunderground,WUNDERGround,typo_random_case,typos
689.0,src,N/A,N/a,typo_random_case,typos
1202.0,src,usatoday,USAToday,typo_random_case,typos
846.0,src,flights,  flights ,typo_extra_whitespace,typos
129.0,src,helloflight,HELLOFlight,typo_random_case,typos
1683.0,src,wunderground,WUNDERGROUNd,typo_random_case,typos
65.0,src,helloflight,HELLOflight,typo_random_case,typos
147.0,src,helloflight,  helloflight ,typo_extra_whitespace,typos
1742.0,src,ua,a,typo_missing_letter,typos
1125.0,src,NA,AN,typo_swapped_letters,typos
274.0,src,weather,WEAther,typo_random_case,typos
957.0,src,flightarrival,FLIGHTARRIVAl,typo_random_case,typos
985.0,src,flightwise,FLIGHTWISe,typo_random_case,typos
2247.0,src,gofox,gofx,typo_missing_letter,typos
2061.0,src,businesstravellogue,businsstravellogue,typo_missing_letter,typos
1803.0,src,flylouisville,  flylouisville ,typo_extra_whitespace,typos
1457.0,src,,,typo_too_short_unchanged,typos
874.0,src,flights,  flights ,typo_extra_whitespace,typos
1487.0,src,N/A,N/a,typo_random_case,typos
2359.0,src,world-flight-tracker,worldflight-tracker,typo_missing_letter,typos
602.0,src,flightstats,flighstats,typo_missing_letter,typos
885.0,src,flights,FLIghts,typo_random_case,typos
473.0,src,flightview,  flightview ,typo_extra_whitespace,typos
721.0,src,panynj,  panynj ,typo_extra_whitespace,typos
1846.0,src,flylouisville,flylouisvillle,typo_duplicated_letter,typos
973.0,src,N/A,NN/A,typo_duplicated_letter,typos
233.0,src,boston,boson,typo_missing_letter,typos
1404.0,src,orbitz,ORbitz,typo_random_case,typos
764.0,src,flightexplorer,flightepxlorer,typo_swapped_letters,typos
754.0,src,flightexplorer,  flightexplorer ,typo_extra_whitespace,typos
367.0,src,airtravelcenter,  airtravelcenter ,typo_extra_whitespace,typos
1201.0,src,usatoday,  usatoday ,typo_extra_whitespace,typos
1644.0,src,ord,rd,typo_missing_letter,typos
1562.0,src,flytecomm,flytecommm,typo_duplicated_letter,typos
1766.0,src,flylouisville,flyluisville,typo_missing_letter,typos
2164.0,src,NA,A,typo_missing_letter,typos
898.0,src,flights,  flights ,typo_extra_whitespace,typos
1645.0,src,ord,ORd,typo_random_case,typos
212.0,src,boston,BOSTOn,typo_random_case,typos
649.0,src, , ,typo_too_short_unchanged,typos
1485.0,src,sfo,Sfo,typo_random_case,typos
470.0,src,flightview,  flightview ,typo_extra_whitespace,typos
1433.0,src,CO,O,typo_missing_letter,typos
1997.0,src,allegiantair,  allegiantair ,typo_extra_whitespace,typos
2119.0,src, , ,typo_too_short_unchanged,typos
1110.0,src,N/A,NA,typo_missing_letter,typos
903.0,src,flights,flightts,typo_duplicated_letter,typos
2310.0,src,flightaware,lfightaware,typo_swapped_letters,typos
2125.0,src,businesstravellogue,  businesstravellogue ,typo_extra_whitespace,typos
1680.0,src,wunderground,wundergrround,typo_duplicated_letter,typos
1993.0,src,allegiantair,lalegiantair,typo_swapped_letters,typos
2316.0,src,flightaware,FLIGHTAware,typo_random_case,typos
282.0,src,N/A,  N/A ,typo_extra_whitespace,typos
1908.0,src,NA,Na,typo_random_case,typos
2344.0,src, , ,typo_too_short_unchanged,typos
913.0,src, , ,typo_too_short_unchanged,typos
832.0,src,flights,fllights,typo_duplicated_letter,typos
1718.0,src,NA,AN,typo_swapped_letters,typos
313.0,src,weather,  weather ,typo_extra_whitespace,typos
250.0,src, , ,typo_too_short_unchanged,typos
331.0,src,unknown,unknoown,typo_duplicated_letter,typos
1693.0,src,wunderground,  wunderground ,typo_extra_whitespace,typos
1948.0,src,quicktrip,quickttrip,typo_duplicated_letter,typos
43.0,src,aa,aa,typo_swapped_letters,typos
1629.0,src,mytripandmore,mytrpiandmore,typo_swapped_letters,typos
51.0,src,helloflight,heloflight,typo_missing_letter,typos
745.0,src,flightexplorer,flightexploerr,typo_swapped_letters,typos
1512.0,src,flytecomm,  flytecomm ,typo_extra_whitespace,typos
1386.0,src,orbitz,ORBItz,typo_random_case,typos
1546.0,src,flytecomm,flyttecomm,typo_duplicated_letter,typos
1813.0,src,flylouisville,FLYLOUISVIlle,typo_random_case,typos
449.0,src,N/A,NA/,typo_swapped_letters,typos
1454.0,src,ifly,IFLy,typo_random_case,typos
175.0,src,boston,botson,typo_swapped_letters,typos
460.0,src,flightview,fightview,typo_missing_letter,typos
742.0,src,flightexplorer,flgihtexplorer,typo_swapped_letters,typos
1329.0,src,NA,  NA ,typo_extra_whitespace,typos
356.0,src,airtravelcenter,  airtravelcenter ,typo_extra_whitespace,typos
49.0,src,unknown,Unknown,typo_random_case,typos
1083.0,src,foxbusiness,foxbuusiness,typo_duplicated_letter,typos
1397.0,src,orbitz,  orbitz ,typo_extra_whitespace,typos
1022.0,src,travelocity,traevlocity,typo_swapped_letters,typos
2140.0,src,businesstravellogue,bsinesstravellogue,typo_missing_letter,typos
2293.0,src,flightaware,fflightaware,typo_duplicated_letter,typos
1736.0,src,ua,a,typo_missing_letter,typos
883.0,src,flights,fllights,typo_duplicated_letter,typos
1425.0,src,phl,hpl,typo_swapped_letters,typos
1334.0,src,orbitz,orbbitz,typo_duplicated_letter,typos
581.0,src,flightstats,  flightstats ,typo_extra_whitespace,typos
2148.0,src,businesstravellogue,  businesstravellogue ,typo_extra_whitespace,typos
934.0,src,flightarrival,flighatrrival,typo_swapped_letters,typos
549.0,src,flightstats,  flightstats ,typo_extra_whitespace,typos
501.0,src,flightview,  flightview ,typo_extra_whitespace,typos
1551.0,src,flytecomm,flytceomm,typo_swapped_letters,typos
1624.0,src,mytripandmore,  mytripandmore ,typo_extra_whitespace,typos
814.0,src,flights,flightts,typo_duplicated_letter,typos
2295.0,src,N/A,NN/A,typo_duplicated_letter,typos
1517.0,src,flytecomm,fltyecomm,typo_swapped_letters,typos
336.0,src,weather,  weather ,typo_extra_whitespace,typos
458.0,src,flightview,flighhtview,typo_duplicated_letter,typos
1428.0,src,CO,  CO ,typo_extra_whitespace,typos
668.0,src,panynj,PANynj,typo_random_case,typos
1455.0,src,ifly,Ifly,typo_random_case,typos
1665.0,src,wunderground,wundergrouund,typo_duplicated_letter,typos
1481.0,src,sfo,ssfo,typo_duplicated_letter,typos
403.0,src,airtravelcenter,airrtravelcenter,typo_duplicated_letter,typos
785.0,src,flightexplorer,fligtexplorer,typo_missing_letter,typos
1239.0,src,myrateplan,  myrateplan ,typo_extra_whitespace,typos
52.0,src,helloflight,hhelloflight,typo_duplicated_letter,typos
2100.0,src,businesstravellogue,busiensstravellogue,typo_swapped_letters,typos
2191.0,src,gofox,GOFOx,typo_random_case,typos
395.0,src,airtravelcenter,AIRTRAVELCENTer,typo_random_case,typos
1605.0,src,mytripandmore,mytripandmoer,typo_swapped_letters,typos
1524.0,src,flytecomm,  flytecomm ,typo_extra_whitespace,typos
1673.0,src,wunderground,WUNDERGROund,typo_random_case,typos
2357.0,src,world-flight-tracker,WORLD-flight-tracker,typo_random_case,typos
1544.0,src,flytecomm,FLytecomm,typo_random_case,typos
1933.0,src,quicktrip,quictrip,typo_missing_letter,typos
1691.0,src,unknown,uunknown,typo_duplicated_letter,typos
172.0,src,boston,bosotn,typo_swapped_letters,typos
1982.0,src,allegiantair,allegiantaiir,typo_duplicated_letter,typos
1429.0,src,CO,Co,typo_random_case,typos
1953.0,src,unknown,unknonw,typo_swapped_letters,typos
1897.0,src,quicktrip,qiucktrip,typo_swapped_letters,typos
866.0,src,N/A,NA,typo_missing_letter,typos
328.0,src,weather,  weather ,typo_extra_whitespace,typos
1555.0,src, , ,typo_too_short_unchanged,typos
631.0,src,panynj,pnynj,typo_missing_letter,typos
902.0,src,flights,lights,typo_missing_letter,typos
350.0,src,airtravelcenter,airtravellcenter,typo_duplicated_letter,typos
2322.0,src,NA,A,typo_missing_letter,typos
1067.0,src,travelocity,  travelocity ,typo_extra_whitespace,typos
2275.0,src,flightaware,flighttaware,typo_duplicated_letter,typos
1763.0,src,flylouisville,Flylouisville,typo_random_case,typos
2108.0,src,businesstravellogue,businesstravellgue,typo_missing_letter,typos
419.0,src,airtravelcenter,airtravecenter,typo_missing_letter,typos
391.0,src,airtravelcenter,airtravelceenter,typo_duplicated_letter,typos
1780.0,src, , ,typo_too_short_unchanged,typos
2090.0,src,businesstravellogue,businesstravelloue,typo_missing_letter,typos
2000.0,src,allegiantair,ALLegiantair,typo_random_case,typos
648.0,src,panynj,  panynj ,typo_extra_whitespace,typos
1868.0,src,quicktrip,quikctrip,typo_swapped_letters,typos
1061.0,src,travelocity,traveelocity,typo_duplicated_letter,typos
1122.0,src,foxbusiness,oxbusiness,typo_missing_letter,typos
863.0,src,,,typo_too_short_unchanged,typos
1536.0,src,flytecomm,fflytecomm,typo_duplicated_letter,typos
1301.0,src,myrateplan,myratepaln,typo_swapped_letters,typos
910.0,src,flights,lights,typo_missing_letter,typos
1959.0,src,NA,A,typo_missing_letter,typos
2086.0,src,businesstravellogue,busiensstravellogue,typo_swapped_letters,typos
214.0,src,boston,obston,typo_swapped_letters,typos
2334.0,src,world-flight-tracker,world-fllight-tracker,typo_duplicated_letter,typos
1308.0,src,N/A,NA/,typo_swapped_letters,typos
938.0,flight,UA-2515-DFW-CLT,Ua-2515-dfw-clt,typo_random_case,typos
1200.0,flight,UA-257-JFK-SFO,  UA-257-JFK-SFO ,typo_extra_whitespace,typos
382.0,flight,NA,  NA ,typo_extra_whitespace,typos
1468.0,flight,CO-16-LAX-EWR,CO-16-AX-EWR,typo_missing_letter,typos
163.0,flight,UA-2726-FLL-PHL,U-2726-FLL-PHL,typo_missing_letter,typos
1247.0,flight,AA-446-DFW-PHL,AA-446-dfw-phl,typo_random_case,typos
1666.0,flight,AA-204-LAX-MCO,  AA-204-LAX-MCO ,typo_extra_whitespace,typos
2240.0,flight,AA-415-BOS-ORD,AA-4415-BOS-ORD,typo_duplicated_letter,typos
2333.0,flight,AA-446-DFW-PHL,AA4-46-DFW-PHL,typo_swapped_letters,typos
935.0,flight,NA,AN,typo_swapped_letters,typos
334.0,flight,AA-3809-PHX-LAX,AAA-3809-PHX-LAX,typo_duplicated_letter,typos
1446.0,flight,AA-3804-PHL-ORD,AA-3804-PHHL-ORD,typo_duplicated_letter,typos
1628.0,flight,UA-6273-YYC-SFO,UA-6273-yyc-sfo,typo_random_case,typos
1981.0,flight,AA-1279-DFW-PHX,AA-1279-DFW-phx,typo_random_case,typos
1617.0,flight,UA-233-LAX-JFK,  UA-233-LAX-JFK ,typo_extra_whitespace,typos
963.0,flight,unknown,  unknown ,typo_extra_whitespace,typos
102.0,flight,AA-2525-DFW-MIA,AA-25525-DFW-MIA,typo_duplicated_letter,typos
595.0,flight,UA-664-ORD-PHL,UA-664-ORDD-PHL,typo_duplicated_letter,typos
1142.0,flight,UA-858-PVG-SFO,UA-858-pvg-sfo,typo_random_case,typos
1272.0,flight,AA-3842-MSP-ORD,AA-8342-MSP-ORD,typo_swapped_letters,typos
2012.0,flight,AA-3823-LAX-DEN,  AA-3823-LAX-DEN ,typo_extra_whitespace,typos
2016.0,flight,N/A,NA,typo_missing_letter,typos
990.0,flight,AA-518-MIA-JFK,  AA-518-MIA-JFK ,typo_extra_whitespace,typos
1136.0,flight,UA-3373-IAD-PHL,UA-373-IAD-PHL,typo_missing_letter,typos
538.0,flight,CO-1586-IAH-MCO,CO-186-IAH-MCO,typo_missing_letter,typos
192.0,flight,,,typo_too_short_unchanged,typos
2096.0,flight,UA-843-LAX-ORD,UA-483-LAX-ORD,typo_swapped_letters,typos
19.0,flight,NA,A,typo_missing_letter,typos
2114.0,flight,AA-1165-JFK-MIA,AA-1165-JFK-MIA,typo_swapped_letters,typos
280.0,flight, , ,typo_too_short_unchanged,typos
1520.0,flight,UA-382-IAD-LAX,UUA-382-IAD-LAX,typo_duplicated_letter,typos
1248.0,flight,CO-1023-IAH-DEN,CO-102-IAH-DEN,typo_missing_letter,typos
670.0,flight,AA-4330-CVG-ORD,  AA-4330-CVG-ORD ,typo_extra_whitespace,typos
1373.0,flight,AA-1007-MIA-PHX,A-1007-MIA-PHX,typo_missing_letter,typos
1096.0,flight,AA-466-IAH-MIA,AA-466-IAAH-MIA,typo_duplicated_letter,typos
1429.0,flight,CO-89-IAH-EWR,CO-89-iah-ewr,typo_random_case,typos
1877.0,flight,AA-616-DFW-DTW,A-616-DFW-DTW,typo_missing_letter,typos
1197.0,flight,AA-400-DFW-JFK,A-400-DFW-JFK,typo_missing_letter,typos
1110.0,flight,UA-248-PHX-ORD,  UA-248-PHX-ORD ,typo_extra_whitespace,typos
877.0,flight,UA-3373-IAD-PHL,  UA-3373-IAD-PHL ,typo_extra_whitespace,typos
925.0,flight,UA-382-IAD-LAX,UA-38-2IAD-LAX,typo_swapped_letters,typos
581.0,flight,unknown,  unknown ,typo_extra_whitespace,typos
520.0,flight,UA-37-EDI-EWR,UA-37EDI-EWR,typo_missing_letter,typos
458.0,flight,CO-62-IAH-EWR,CO-62-IIAH-EWR,typo_duplicated_letter,typos
76.0,flight,AA-466-IAH-MIA,AA-466-iah-mia,typo_random_case,typos
1798.0,flight,UA-248-PHX-ORD,UA-248-PHXX-ORD,typo_duplicated_letter,typos
2055.0,flight,AA-1733-ORD-PHX,AA-1733--ORD-PHX,typo_duplicated_letter,typos
2048.0,flight,AA-59-JFK-SFO,AA-59-JFKS-FO,typo_swapped_letters,typos
1733.0,flight,UA-382-IAD-LAX,UA-382-iad-lax,typo_random_case,typos
468.0,flight,AA-1279-DFW-PHX,AA-12779-DFW-PHX,typo_duplicated_letter,typos
645.0,flight,AA-616-DFW-DTW,AA-616-DFFW-DTW,typo_duplicated_letter,typos
446.0,flight,UA-5487-SFO-MRY,UA-5487-SFFO-MRY,typo_duplicated_letter,typos
2044.0,flight,AA-4198-ORD-CLE,AA-4198-ord-cle,typo_random_case,typos
226.0,flight,UA-62-IAH-EWR,UA-62-iah-ewr,typo_random_case,typos
2278.0,flight,UA-2945-PHL-CLT,UA2945-PHL-CLT,typo_missing_letter,typos
370.0,flight,UA-382-IAD-LAX,A-382-IAD-LAX,typo_missing_letter,typos
1932.0,flight,UA-2708-EWR-CLT,  UA-2708-EWR-CLT ,typo_extra_whitespace,typos
565.0,flight,AA-2957-DFW-CVG,AA-2957-DFFW-CVG,typo_duplicated_letter,typos
1894.0,flight,unknown,  unknown ,typo_extra_whitespace,typos
54.0,flight,UA-3925-IAD-ORF,UA-3925-IAD-OF,typo_missing_letter,typos
497.0,flight,AA-1522-SFO-ORD,AA-1522-sfo-ord,typo_random_case,typos
1738.0,flight,UA-843-LAX-ORD,  UA-843-LAX-ORD ,typo_extra_whitespace,typos
2221.0,flight,UA-3373-IAD-PHL,UA-3373-IAD-HL,typo_missing_letter,typos
856.0,flight,CO-1694-LAX-IAH,  CO-1694-LAX-IAH ,typo_extra_whitespace,typos
1775.0,flight,N/A,  N/A ,typo_extra_whitespace,typos
1221.0,flight,AA-3809-PHX-LAX,AA3-809-PHX-LAX,typo_swapped_letters,typos
1438.0,flight,CO-1090-BOS-IAH,CO-1090-bos-iah,typo_random_case,typos
312.0,flight,UA-858-PVG-SFO,UA-858-pvg-sfo,typo_random_case,typos
41.0,flight,,,typo_too_short_unchanged,typos
1561.0,flight,UA-858-PVG-SFO,UA-858-PVGG-SFO,typo_duplicated_letter,typos
1077.0,flight,UA-2830-MCO-CLT,UA-2830MCO-CLT,typo_missing_letter,typos
737.0,flight,AA-204-LAX-MCO,AA-204-lax-mco,typo_random_case,typos
2138.0,flight,AA-1544-SAN-ORD,  AA-1544-SAN-ORD ,typo_extra_whitespace,typos
388.0,flight,,,typo_too_short_unchanged,typos
181.0,flight,AA-1279-DFW-PHX,Aa-1279-dfw-phx,typo_random_case,typos
1874.0,flight,AA-3468-CVG-MIA,AA-3468-CVG-MIA,typo_swapped_letters,typos
575.0,flight,NA,  NA ,typo_extra_whitespace,typos
584.0,flight,CO-1193-EWR-MCO,CO-1193-ewr-mco,typo_random_case,typos
1424.0,flight,AA-3804-PHL-ORD,AA-3804-phl-ord,typo_random_case,typos
724.0,flight,AA-404-MIA-MCO,AA-044-MIA-MCO,typo_swapped_letters,typos
1748.0,flight,N/A,N/a,typo_random_case,typos
2054.0,flight, , ,typo_too_short_unchanged,typos
303.0,flight,AA-3823-LAX-DEN,AA-3823--LAX-DEN,typo_duplicated_letter,typos
1538.0,flight,NA,A,typo_missing_letter,typos
1810.0,flight,UA-938-DEN-ORD,UA-938-DENN-ORD,typo_duplicated_letter,typos
1741.0,flight,UA-2515-DFW-CLT,UAA-2515-DFW-CLT,typo_duplicated_letter,typos
227.0,flight,UA-1500-IAH-GUA,UA1-500-IAH-GUA,typo_swapped_letters,typos
1223.0,flight,AA-3859-IAH-ORD,AA-38599-IAH-ORD,typo_duplicated_letter,typos
251.0,flight,AA-518-MIA-JFK,AA-518-MAI-JFK,typo_swapped_letters,typos
377.0,flight,UA-248-PHX-ORD,Ua-248-phx-ord,typo_random_case,typos
1829.0,flight,CO-4888-IAH-DAL,CCO-4888-IAH-DAL,typo_duplicated_letter,typos
2331.0,flight,AA-484-DFW-MIA,AA484-DFW-MIA,typo_missing_letter,typos
662.0,flight,,,typo_too_short_unchanged,typos
1073.0,flight,UA-397-JFK-SFO,UA-397-JFK-FSO,typo_swapped_letters,typos
556.0,flight,AA-616-DFW-DTW,AA-616-DFW-dtw,typo_random_case,typos
1745.0,flight,UA-3373-IAD-PHL,UA-3373-IADPHL,typo_missing_letter,typos
1912.0,flight,AA-1221-MCO-ORD,  AA-1221-MCO-ORD ,typo_extra_whitespace,typos
1338.0,flight,CO-1090-BOS-IAH,CO-1090-BOSI-AH,typo_swapped_letters,typos
1557.0,flight,CO-1250-MIA-IAH,CO-1250-MIAI-AH,typo_swapped_letters,typos
599.0,flight,AA-3823-LAX-DEN,  AA-3823-LAX-DEN ,typo_extra_whitespace,typos
1661.0,flight,AA-3859-IAH-ORD,AA-359-IAH-ORD,typo_missing_letter,typos
2169.0,flight,CO-52-IAH-LAX,CO-52--IAH-LAX,typo_duplicated_letter,typos
1412.0,flight,unknown,unnkown,typo_swapped_letters,typos
788.0,flight,AA-4198-ORD-CLE,AA-498-ORD-CLE,typo_missing_letter,typos
2002.0,flight,UA-938-DEN-ORD,UA-938-den-ord,typo_random_case,typos
1046.0,flight,UA-858-PVG-SFO,  UA-858-PVG-SFO ,typo_extra_whitespace,typos
847.0,flight,UA-2945-PHL-CLT,UA2-945-PHL-CLT,typo_swapped_letters,typos
62.0,flight,,,typo_too_short_unchanged,typos
1486.0,flight,NA,A,typo_missing_letter,typos
321.0,flight,AA-4277-CVG-JFK,AA-4277C-VG-JFK,typo_swapped_letters,typos
561.0,flight,AA-466-IAH-MIA,A-466-IAH-MIA,typo_missing_letter,typos
1243.0,flight,AA-1886-BOS-MIA,AA-1886-BS-MIA,typo_missing_letter,typos
2000.0,flight,AA-1007-MIA-PHX,  AA-1007-MIA-PHX ,typo_extra_whitespace,typos
1441.0,flight,CO-4888-IAH-DAL,CO-48888-IAH-DAL,typo_duplicated_letter,typos
1997.0,flight,CO-1193-EWR-MCO,CO-11193-EWR-MCO,typo_duplicated_letter,typos
2229.0,flight,AA-3063-SLC-LAX,AA-3063SLC-LAX,typo_missing_letter,typos
683.0,flight,CO-16-LAX-EWR,CO-166-LAX-EWR,typo_duplicated_letter,typos
1681.0,flight,AA-3756-ORD-SLC,AA-3756-ORD-SLLC,typo_duplicated_letter,typos
512.0,flight,UA-2708-EWR-CLT,UA-2708-ewr-clt,typo_random_case,typos
616.0,flight,AA-4277-CVG-JFK,  AA-4277-CVG-JFK ,typo_extra_whitespace,typos
1974.0,flight,AA-446-DFW-PHL,AA-446-DFW-PL,typo_missing_letter,typos
1406.0,flight,AA-789-ORD-DEN,AA-789-ORD-den,typo_random_case,typos
524.0,flight,AA-3979-CVG-ORD,A-3979-CVG-ORD,typo_missing_letter,typos
1799.0,flight,AA-4330-CVG-ORD,AA-433-CVG-ORD,typo_missing_letter,typos
2198.0,flight,,,typo_too_short_unchanged,typos
1147.0,flight,UA-1500-IAH-GUA,UA-1500-iah-gua,typo_random_case,typos
1797.0,flight,AA-2050-ORD-MIA,AA-2050-ORDMIA,typo_missing_letter,typos
889.0,flight,AA-3804-PHL-ORD,  AA-3804-PHL-ORD ,typo_extra_whitespace,typos
182.0,flight,UA-854-SFO-IAH,UA-854-SFOIAH,typo_missing_letter,typos
1337.0,flight,CO-52-IAH-LAX,CO-52-iah-lax,typo_random_case,typos
234.0,flight,AA-789-ORD-DEN,  AA-789-ORD-DEN ,typo_extra_whitespace,typos
916.0,flight, , ,typo_too_short_unchanged,typos
1228.0,flight,AA-1733-ORD-PHX,AA1733-ORD-PHX,typo_missing_letter,typos
1736.0,flight,UA-3515-IAD-MSP,AU-3515-IAD-MSP,typo_swapped_letters,typos
1021.0,flight,AA-2050-ORD-MIA,AA-20500-ORD-MIA,typo_duplicated_letter,typos
583.0,flight,UA-843-LAX-ORD,  UA-843-LAX-ORD ,typo_extra_whitespace,typos
95.0,flight,AA-3-JFK-LAX,AA-3-JFK-LXA,typo_swapped_letters,typos
666.0,flight,CO-63-EWR-IAH,  CO-63-EWR-IAH ,typo_extra_whitespace,typos
826.0,flight,CO-1090-BOS-IAH,CO-1090-BOSIAH,typo_missing_letter,typos
1319.0,flight,CO-45-EWR-MIA,  CO-45-EWR-MIA ,typo_extra_whitespace,typos
1029.0,flight,AA-643-MIA-ORD,AA-643M-IA-ORD,typo_swapped_letters,typos
2335.0,flight,UA-3050-PHX-CLT,UA-3500-PHX-CLT,typo_swapped_letters,typos
757.0,flight,AA-4330-CVG-ORD,  AA-4330-CVG-ORD ,typo_extra_whitespace,typos
965.0,flight,AA-4198-ORD-CLE,AA-4198-ORD--CLE,typo_duplicated_letter,typos
1415.0,flight,NA,NNA,typo_duplicated_letter,typos
244.0,flight,AA-4198-ORD-CLE,AA-4198-ord-cle,typo_random_case,typos
1219.0,flight,AA-1544-SAN-ORD,AA-1544-SN-ORD,typo_missing_letter,typos
972.0,flight,AA-1640-MIA-MCO,AA-11640-MIA-MCO,typo_duplicated_letter,typos
547.0,flight,AA-204-LAX-MCO,AA-204-LAX-MO,typo_missing_letter,typos
1551.0,flight,AA-3823-LAX-DEN,AA-3823-LAXDEN,typo_missing_letter,typos
1544.0,flight,N/A,  N/A ,typo_extra_whitespace,typos
637.0,flight,CO-58-DEN-IAH,CO-58-EDN-IAH,typo_swapped_letters,typos
698.0,flight,UA-6273-YYC-SFO,UA-6273-YYYC-SFO,typo_duplicated_letter,typos
1377.0,flight,CO-16-LAX-EWR,CO-16L-AX-EWR,typo_swapped_letters,typos
197.0,flight,CO-1193-EWR-MCO,CO-1193-EWRM-CO,typo_swapped_letters,typos
1625.0,flight,UA-828-SFO-ORD,UA-828-SFO-ORd,typo_random_case,typos
304.0,flight,,,typo_too_short_unchanged,typos
1809.0,flight,UA-2906-PHL-MCO,  UA-2906-PHL-MCO ,typo_extra_whitespace,typos
167.0,flight,UA-3515-IAD-MSP,UA-3515-IAD-msp,typo_random_case,typos
1750.0,flight,UA-2708-EWR-CLT,UA-22708-EWR-CLT,typo_duplicated_letter,typos
632.0,flight,UA-397-JFK-SFO,UA-397-JFK-SOF,typo_swapped_letters,typos
1059.0,flight,AA-415-BOS-ORD,AA-451-BOS-ORD,typo_swapped_letters,typos
1011.0,flight,NA,AN,typo_swapped_letters,typos
1783.0,flight,CO-1023-IAH-DEN,CO-1023-IAAH-DEN,typo_duplicated_letter,typos
1961.0,flight,UA-414-LAX-SFO,UA-414-LLAX-SFO,typo_duplicated_letter,typos
1293.0,flight,CO-1250-MIA-IAH,CO-12250-MIA-IAH,typo_duplicated_letter,typos
542.0,flight,,,typo_too_short_unchanged,typos
2095.0,flight,CO-1694-LAX-IAH,  CO-1694-LAX-IAH ,typo_extra_whitespace,typos
2006.0,flight,AA-400-DFW-JFK,AA-40-DFW-JFK,typo_missing_letter,typos
233.0,flight,UA-37-EDI-EWR,U-A37-EDI-EWR,typo_swapped_letters,typos
1274.0,flight,AA-1007-MIA-PHX,AA--1007-MIA-PHX,typo_duplicated_letter,typos
2364.0,flight,AA-1917-JFK-MCO,AA-1917-JF-KMCO,typo_swapped_letters,typos
1162.0,flight,CO-50-CLE-EWR,  CO-50-CLE-EWR ,typo_extra_whitespace,typos
450.0,flight,NA,  NA ,typo_extra_whitespace,typos
27.0,flight,AA-1007-MIA-PHX,AA-1007-MIAA-PHX,typo_duplicated_letter,typos
1175.0,flight, , ,typo_too_short_unchanged,typos
1068.0,flight,AA-3809-PHX-LAX,AA-3809-PH-XLAX,typo_swapped_letters,typos
392.0,flight,AA-1221-MCO-ORD,AA-1221-mco-ord,typo_random_case,typos
1742.0,flight, , ,typo_too_short_unchanged,typos
439.0,flight,AA-518-MIA-JFK,AA-518-MIAJ-FK,typo_swapped_letters,typos
1312.0,flight,AA-3979-CVG-ORD,  AA-3979-CVG-ORD ,typo_extra_whitespace,typos
767.0,flight,AA-1221-MCO-ORD,AA-1221-CO-ORD,typo_missing_letter,typos
1574.0,flight,AA-415-BOS-ORD,AA-415-BS-ORD,typo_missing_letter,typos
1144.0,flight,AA-3063-SLC-LAX,  AA-3063-SLC-LAX ,typo_extra_whitespace,typos
1470.0,flight,NA,Na,typo_random_case,typos
1638.0,flight,AA-3842-MSP-ORD,  AA-3842-MSP-ORD ,typo_extra_whitespace,typos
353.0,flight,NA,NNA,typo_duplicated_letter,typos
2036.0,flight,AA-85-JFK-SFO,AA-85-JFK-SO,typo_missing_letter,typos
1251.0,flight,CO-89-IAH-EWR,  CO-89-IAH-EWR ,typo_extra_whitespace,typos
1648.0,flight,AA-3756-ORD-SLC,  AA-3756-ORD-SLC ,typo_extra_whitespace,typos
1138.0,flight,CO-1250-MIA-IAH,CO-1250-MIA-IAh,typo_random_case,typos
1187.0,flight,UA-2945-PHL-CLT,UA-2945-phl-clt,typo_random_case,typos
328.0,flight,AA-3786-IAH-ORD,A-3786-IAH-ORD,typo_missing_letter,typos
283.0,flight,NA,NNA,typo_duplicated_letter,typos
164.0,flight,CO-52-IAH-LAX,CO-52-IAH-Lax,typo_random_case,typos
2329.0,flight,UA-2726-FLL-PHL,UA-27266-FLL-PHL,typo_duplicated_letter,typos
1691.0,flight,AA-1434-DFW-MCO,AA-14344-DFW-MCO,typo_duplicated_letter,typos
2225.0,flight,UA-828-SFO-ORD,AU-828-SFO-ORD,typo_swapped_letters,typos
1895.0,flight,AA-271-MIA-LAX,AA-271-MIAL-AX,typo_swapped_letters,typos
885.0,flight,AA-3063-SLC-LAX,  AA-3063-SLC-LAX ,typo_extra_whitespace,typos
994.0,flight,AA-1640-MIA-MCO,  AA-1640-MIA-MCO ,typo_extra_whitespace,typos
498.0,flight,UA-233-LAX-JFK,  UA-233-LAX-JFK ,typo_extra_whitespace,typos
756.0,flight,UA-248-PHX-ORD,  UA-248-PHX-ORD ,typo_extra_whitespace,typos
2014.0,flight,AA-1165-JFK-MIA,AA-165-JFK-MIA,typo_missing_letter,typos
1843.0,flight,AA-415-BOS-ORD,AA-415-bos-ord,typo_random_case,typos
1038.0,flight,AA-2312-DFW-DTW,AA-2312-dfw-dtw,typo_random_case,typos
1884.0,flight,CO-89-IAH-EWR,CO-89-IIAH-EWR,typo_duplicated_letter,typos
205.0,flight,N/A,N//A,typo_duplicated_letter,typos
1761.0,flight,UA-397-JFK-SFO,UA-397-JFK-SO,typo_missing_letter,typos
346.0,flight,UA-5487-SFO-MRY,UA-5487-SFO-mry,typo_random_case,typos
1081.0,flight,UA-414-LAX-SFO,UA-414-LAX-SO,typo_missing_letter,typos
486.0,flight,unknown,unknonw,typo_swapped_letters,typos
1431.0,flight,CO-1614-LAX-IAH,  CO-1614-LAX-IAH ,typo_extra_whitespace,typos
2097.0,flight,CO-1193-EWR-MCO,COO-1193-EWR-MCO,typo_duplicated_letter,typos
97.0,flight,UA-843-LAX-ORD,UA-84-LAX-ORD,typo_missing_letter,typos
225.0,flight,UA-2708-EWR-CLT,  UA-2708-EWR-CLT ,typo_extra_whitespace,typos
35.0,flight,AA-431-MIA-SFO,AA-341-MIA-SFO,typo_swapped_letters,typos
660.0,flight,AA-1279-DFW-PHX,AA-1279-FDW-PHX,typo_swapped_letters,typos
1100.0,flight,unknown,  unknown ,typo_extra_whitespace,typos
1945.0,flight,UA-3099-PHX-PHL,UA-3099-phx-phl,typo_random_case,typos
1361.0,flight,CO-47-IAH-LAX,  CO-47-IAH-LAX ,typo_extra_whitespace,typos
2180.0,flight,CO-1023-IAH-DEN,CO-103-IAH-DEN,typo_missing_letter,typos
665.0,flight,UA-2945-PHL-CLT,U-2945-PHL-CLT,typo_missing_letter,typos
1328.0,flight,AA-1733-ORD-PHX,  AA-1733-ORD-PHX ,typo_extra_whitespace,typos
2150.0,flight,CO-58-DEN-IAH,CO-58-DEN-IIAH,typo_duplicated_letter,typos
111.0,flight,UA-37-EWR-MCO,UA-7-EWR-MCO,typo_missing_letter,typos
1880.0,flight,AA-446-DFW-PHL,AA-446-DFW-phl,typo_random_case,typos
311.0,flight,UA-6273-YYC-SFO,  UA-6273-YYC-SFO ,typo_extra_whitespace,typos
883.0,flight,,,typo_too_short_unchanged,typos
1230.0,flight, , ,typo_too_short_unchanged,typos
2341.0,flight,AA-3756-ORD-SLC,AA-3756-ORD-SC,typo_missing_letter,typos
307.0,flight,UA-257-JFK-SFO,UA-257J-FK-SFO,typo_swapped_letters,typos
700.0,flight,CO-4888-IAH-DAL,CO-488-8IAH-DAL,typo_swapped_letters,typos
1060.0,flight,AA-85-JFK-SFO,AA-85-jfk-sfo,typo_random_case,typos
207.0,flight,UA-664-ORD-PHL,UA-664-ord-phl,typo_random_case,typos
106.0,flight,CO-16-LAX-EWR,CO-16-LAX--EWR,typo_duplicated_letter,typos
2101.0,flight,UA-2906-PHL-MCO,Ua-2906-phl-mco,typo_random_case,typos
1282.0,flight,UA-664-ORD-PHL,UA-664O-RD-PHL,typo_swapped_letters,typos
866.0,flight,UA-2515-DFW-CLT,  UA-2515-DFW-CLT ,typo_extra_whitespace,typos
63.0,flight,UA-2726-FLL-PHL,  UA-2726-FLL-PHL ,typo_extra_whitespace,typos
1873.0,flight,CO-1090-BOS-IAH,C-O1090-BOS-IAH,typo_swapped_letters,typos
1864.0,flight,AA-4344-ORD-DTW,AA4-344-ORD-DTW,typo_swapped_letters,typos
790.0,flight,AA-3809-PHX-LAX,AA-3089-PHX-LAX,typo_swapped_letters,typos
23.0,flight,AA-4307-ORD-DTW,A-4307-ORD-DTW,typo_missing_letter,typos
1773.0,flight,CO-1090-BOS-IAH,CO-1090-BOS-IHA,typo_swapped_letters,typos
298.0,flight,UA-2515-DFW-CLT,UA-255-DFW-CLT,typo_missing_letter,typos
1450.0,flight,CO-89-IAH-EWR,CO-89-IAH--EWR,typo_duplicated_letter,typos
785.0,flight,AA-4277-CVG-JFK,AA-4277-CVG-JKF,typo_swapped_letters,typos
2037.0,flight,AA-3979-CVG-ORD,AAA-3979-CVG-ORD,typo_duplicated_letter,typos
2359.0,flight,AA-1165-JFK-MIA,AA-1165-JKF-MIA,typo_swapped_letters,typos
108.0,flight,AA-400-DFW-JFK,  AA-400-DFW-JFK ,typo_extra_whitespace,typos
725.0,flight,CO-45-EWR-MIA,  CO-45-EWR-MIA ,typo_extra_whitespace,typos
1498.0,flight,UA-414-LAX-SFO,UA-4144-LAX-SFO,typo_duplicated_letter,typos
857.0,flight,N/A,/A,typo_missing_letter,typos
1685.0,flight,CO-63-EWR-IAH,CCO-63-EWR-IAH,typo_duplicated_letter,typos
1464.0,flight,AA-1733-ORD-PHX,AA-1733--ORD-PHX,typo_duplicated_letter,typos
131.0,flight,AA-1917-JFK-MCO,AA-1917-JFK-MCCO,typo_duplicated_letter,typos
472.0,flight,UA-257-JFK-SFO,UA-257-JFK-SOF,typo_swapped_letters,typos
944.0,flight,AA-431-MIA-SFO,AA-431-mia-sfo,typo_random_case,typos
940.0,flight,UA-664-ORD-PHL,UA-664-ord-phl,typo_random_case,typos
1647.0,flight,UA-664-ORD-PHL,UA-664-ORD-HPL,typo_swapped_letters,typos
1946.0,flight,AA-4198-ORD-CLE,AAA-4198-ORD-CLE,typo_duplicated_letter,typos
1655.0,flight,UA-828-SFO-ORD,UA-828-SFO-ORRD,typo_duplicated_letter,typos
1501.0,flight,,,typo_too_short_unchanged,typos
256.0,flight,UA-2830-MCO-CLT,UA-2830-MCO-Clt,typo_random_case,typos
1154.0,flight,AA-789-ORD-DEN,AA-89-ORD-DEN,typo_missing_letter,typos
1121.0,flight,UA-2906-PHL-MCO,A-2906-PHL-MCO,typo_missing_letter,typos
840.0,flight,CO-1088-CLE-IAH,  CO-1088-CLE-IAH ,typo_extra_whitespace,typos
1496.0,flight,UA-5487-SFO-MRY,UA-5487-SF-MRY,typo_missing_letter,typos
801.0,flight,AA-400-DFW-JFK,AA-400-DFW-JFK,typo_swapped_letters,typos
1290.0,flight,NA,  NA ,typo_extra_whitespace,typos
459.0,flight,,,typo_too_short_unchanged,typos
2154.0,flight,AA-789-ORD-DEN,  AA-789-ORD-DEN ,typo_extra_whitespace,typos
553.0,flight,AA-3468-CVG-MIA,AA-3468-CVG-mia,typo_random_case,typos
1949.0,flight,AA-59-JFK-SFO,AA-59-JFK-SOF,typo_swapped_letters,typos
869.0,flight,NA,A,typo_missing_letter,typos
1923.0,flight,AA-1165-JFK-MIA,AA-1165-JFK-MA,typo_missing_letter,typos
493.0,flight,unknown,unnknown,typo_duplicated_letter,typos
457.0,flight,AA-1886-BOS-MIA,AA-1886-bos-mia,typo_random_case,typos
194.0,flight,,,typo_too_short_unchanged,typos
261.0,flight,UA-414-LAX-SFO,UA--414-LAX-SFO,typo_duplicated_letter,typos
1623.0,flight,AA-649-ORD-SNA,  AA-649-ORD-SNA ,typo_extra_whitespace,typos
1124.0,flight,CO-16-LAX-EWR,CO-16-LA-EWR,typo_missing_letter,typos
223.0,flight,UA-2704-DTW-PHX,  UA-2704-DTW-PHX ,typo_extra_whitespace,typos
1264.0,flight,AA-4330-CVG-ORD,AA-4330-CVG-ord,typo_random_case,typos
1724.0,flight,NA,A,typo_missing_letter,typos
2219.0,flight,AA-1165-JFK-MIA,  AA-1165-JFK-MIA ,typo_extra_whitespace,typos
1094.0,flight,AA-446-DFW-PHL,  AA-446-DFW-PHL ,typo_extra_whitespace,typos
351.0,flight,CO-52-IAH-LAX,  CO-52-IAH-LAX ,typo_extra_whitespace,typos
426.0,flight,AA-3979-CVG-ORD,AA-3979-CVG-RD,typo_missing_letter,typos
1826.0,flight,CO-1250-MIA-IAH,CO-1250-mia-iah,typo_random_case,typos
2287.0,flight,AA-4307-ORD-DTW,AA-4307--ORD-DTW,typo_duplicated_letter,typos
2018.0,flight,CO-1250-MIA-IAH,  CO-1250-MIA-IAH ,typo_extra_whitespace,typos
389.0,flight,AA-2525-DFW-MIA,AA-2525-DFW-MIIA,typo_duplicated_letter,typos
998.0,flight,AA-204-LAX-MCO,AA-204-LA-XMCO,typo_swapped_letters,typos
1737.0,flight,UA-248-PHX-ORD,UA-248-phx-ord,typo_random_case,typos
701.0,flight,UA-858-PVG-SFO,UA-858-PVG-FSO,typo_swapped_letters,typos
2371.0,flight, , ,typo_too_short_unchanged,typos
1558.0,flight,NA,NNA,typo_duplicated_letter,typos
774.0,flight,unknown,unkknown,typo_duplicated_letter,typos
1734.0,flight,UA-2945-PHL-CLT,UA-295-PHL-CLT,typo_missing_letter,typos
969.0,flight,AA-3859-IAH-ORD,A-3859-IAH-ORD,typo_missing_letter,typos
365.0,flight,CO-89-IAH-EWR,CO-89-Iah-ewr,typo_random_case,typos
1833.0,flight,UA-2708-EWR-CLT,UA-2708-ewr-clt,typo_random_case,typos
286.0,flight,CO-1561-PHX-IAH,CO-1561-PHX-IH,typo_missing_letter,typos
1659.0,flight,AA-4330-CVG-ORD,  AA-4330-CVG-ORD ,typo_extra_whitespace,typos
313.0,flight,UA-2704-DTW-PHX,A-2704-DTW-PHX,typo_missing_letter,typos
71.0,flight,CO-62-IAH-EWR,COO-62-IAH-EWR,typo_duplicated_letter,typos
597.0,flight,AA-1522-SFO-ORD,  AA-1522-SFO-ORD ,typo_extra_whitespace,typos
519.0,flight,AA-2957-DFW-CVG,AA-2957-DFW-CVVG,typo_duplicated_letter,typos
2291.0,flight,AA-3842-MSP-ORD,  AA-3842-MSP-ORD ,typo_extra_whitespace,typos
471.0,flight,AA-4344-ORD-DTW,AA-4344--ORD-DTW,typo_duplicated_letter,typos
153.0,flight,UA-397-JFK-SFO,UA-397-JFK-Sfo,typo_random_case,typos
336.0,flight,AA-222-LAX-BOS,  AA-222-LAX-BOS ,typo_extra_whitespace,typos
646.0,flight,UA-3515-IAD-MSP,UA-3515--IAD-MSP,typo_duplicated_letter,typos
2215.0,flight,AA-1522-SFO-ORD,AA-122-SFO-ORD,typo_missing_letter,typos
1589.0,flight,UA-3925-IAD-ORF,UA-3925-IAD-OF,typo_missing_letter,typos
1439.0,flight,CO-1250-MIA-IAH,CO1250-MIA-IAH,typo_missing_letter,typos
1680.0,flight,AA-404-MIA-MCO,A-404-MIA-MCO,typo_missing_letter,typos
970.0,flight,AA-3842-MSP-ORD,AA-3824-MSP-ORD,typo_swapped_letters,typos
2116.0,flight,UA-3373-IAD-PHL,  UA-3373-IAD-PHL ,typo_extra_whitespace,typos
2234.0,flight,N/A,NA/,typo_swapped_letters,typos
895.0,flight,AA-789-ORD-DEN,AA-789-ord-den,typo_random_case,typos
912.0,flight,AA-1640-MIA-MCO,AA-1640-MIAM-CO,typo_swapped_letters,typos
270.0,flight,AA-466-IAH-MIA,  AA-466-IAH-MIA ,typo_extra_whitespace,typos
325.0,flight,UA-854-SFO-IAH,UA-854-SFo-iah,typo_random_case,typos
262.0,flight,AA-3756-ORD-SLC,  AA-3756-ORD-SLC ,typo_extra_whitespace,typos
2162.0,flight, , ,typo_too_short_unchanged,typos
1560.0,flight,CO-4888-IAH-DAL,COO-4888-IAH-DAL,typo_duplicated_letter,typos
265.0,flight,AA-3468-CVG-MIA,AA-346-CVG-MIA,typo_missing_letter,typos
1303.0,flight,AA-3804-PHL-ORD,AA-38004-PHL-ORD,typo_duplicated_letter,typos
933.0,flight,CO-1193-EWR-MCO,CO-1193-WER-MCO,typo_swapped_letters,typos
294.0,flight,UA-2906-PHL-MCO,  UA-2906-PHL-MCO ,typo_extra_whitespace,typos
386.0,flight,AA-3842-MSP-ORD,AA-38842-MSP-ORD,typo_duplicated_letter,typos
1795.0,flight,CO-63-EWR-IAH,CO-63-Ewr-iah,typo_random_case,typos
1372.0,flight,AA-643-MIA-ORD,AA6-43-MIA-ORD,typo_swapped_letters,typos
1271.0,flight,CO-1193-EWR-MCO,CO-1193-ewr-mco,typo_random_case,typos
633.0,flight,UA-3925-IAD-ORF,UA-3925-IAd-orf,typo_random_case,typos
862.0,flight,UA-2906-PHL-MCO,UA-290-PHL-MCO,typo_missing_letter,typos
127.0,flight,UA-2708-EWR-CLT,  UA-2708-EWR-CLT ,typo_extra_whitespace,typos
2251.0,flight, , ,typo_too_short_unchanged,typos
2184.0,flight,CO-1088-CLE-IAH,CO-1088-CLE-Iah,typo_random_case,typos
892.0,flight,AA-4277-CVG-JFK,AA-4277-CV-JFK,typo_missing_letter,typos
257.0,flight,CO-58-DEN-IAH,  CO-58-DEN-IAH ,typo_extra_whitespace,typos
2118.0,flight,CO-1250-MIA-IAH,CO-1250-MIAIAH,typo_missing_letter,typos
1507.0,flight,AA-1886-BOS-MIA,AA-1886-OS-MIA,typo_missing_letter,typos
2027.0,flight,UA-1500-IAH-GUA,UA-1500I-AH-GUA,typo_swapped_letters,typos
104.0,flight,UA-938-DEN-ORD,AU-938-DEN-ORD,typo_swapped_letters,typos
1206.0,flight,UA-2704-DTW-PHX,UA-2704-DTW-PXH,typo_swapped_letters,typos
719.0,flight,AA-271-MIA-LAX,AA-721-MIA-LAX,typo_swapped_letters,typos
2316.0,flight,UA-3099-PHX-PHL,  UA-3099-PHX-PHL ,typo_extra_whitespace,typos
1717.0,flight,NA,AN,typo_swapped_letters,typos
1149.0,flight,AA-1917-JFK-MCO,AA-191-7JFK-MCO,typo_swapped_letters,typos
400.0,flight,UA-233-LAX-JFK,  UA-233-LAX-JFK ,typo_extra_whitespace,typos
930.0,flight, , ,typo_too_short_unchanged,typos
407.0,flight,CO-1250-MIA-IAH,  CO-1250-MIA-IAH ,typo_extra_whitespace,typos
7.0,flight, , ,typo_too_short_unchanged,typos
490.0,flight,AA-1221-MCO-ORD,AA-1221-mco-ord,typo_random_case,typos
1269.0,flight,unknown,unknoown,typo_duplicated_letter,typos
1146.0,flight,UA-62-IAH-EWR,Ua-62-iah-ewr,typo_random_case,typos
2062.0,flight,CO-1614-LAX-IAH,CO-1614-LAX-IHA,typo_swapped_letters,typos
1381.0,flight,AA-3756-ORD-SLC,AA-375-ORD-SLC,typo_missing_letter,typos
957.0,flight,AA-4277-CVG-JFK,AA-4277-CVG-FJK,typo_swapped_letters,typos
1660.0,flight,UA-843-LAX-ORD,UA-843--LAX-ORD,typo_duplicated_letter,typos
824.0,flight,UA-2726-FLL-PHL,UA-2726-FLL-phl,typo_random_case,typos
711.0,flight,AA-2957-DFW-CVG,  AA-2957-DFW-CVG ,typo_extra_whitespace,typos
1247.0,sched_dep_time,11:50 a.m.,11:50 a.mm.,typo_duplicated_letter,typos
310.0,sched_dep_time,2:53 p.m.,2:53 p..m,typo_swapped_letters,typos
2270.0,sched_dep_time,7:55 a.m.,  7:55 a.m. ,typo_extra_whitespace,typos
581.0,sched_dep_time,12:00 p.m.,12:00 pm..,typo_swapped_letters,typos
1493.0,sched_dep_time,3:27 p.m.,  3:27 p.m. ,typo_extra_whitespace,typos
738.0,sched_dep_time,6:00 a.m.,6:0 a.m.,typo_missing_letter,typos
30.0,sched_dep_time,10:40 a.m.,10:40 a.m.,typo_random_case,typos
661.0,sched_dep_time,7:53 a.m.,75:3 a.m.,typo_swapped_letters,typos
793.0,sched_dep_time,6:59 a.m.,6:59a .m.,typo_swapped_letters,typos
2301.0,sched_dep_time,8:25 p.m.,8:25 p.m.,typo_random_case,typos
1806.0,sched_dep_time,6:00 a.m.,6:00 A.m.,typo_random_case,typos
2235.0,sched_dep_time,7:15 a.m.,7:155 a.m.,typo_duplicated_letter,typos
2164.0,sched_dep_time,10:39 a.m.,10:399 a.m.,typo_duplicated_letter,typos
1682.0,sched_dep_time,12:30 p.m.,12:0 p.m.,typo_missing_letter,typos
1641.0,sched_dep_time,7:15 a.m.,7:15a.m.,typo_missing_letter,typos
1025.0,sched_dep_time,7:15 p.m.,  7:15 p.m. ,typo_extra_whitespace,typos
913.0,sched_dep_time,8:41 a.m.,:841 a.m.,typo_swapped_letters,typos
1670.0,sched_dep_time,4:15 p.m.,44:15 p.m.,typo_duplicated_letter,typos
148.0,sched_dep_time,7:10 a.m.,7:10 a.m.,typo_random_case,typos
1344.0,sched_dep_time,2:30 p.m.,:30 p.m.,typo_missing_letter,typos
302.0,sched_dep_time,4:25 p.m.,  4:25 p.m. ,typo_extra_whitespace,typos
1208.0,sched_dep_time,8:55 a.m.,855 a.m.,typo_missing_letter,typos
1063.0,sched_dep_time,11:55 a.m.,11:55  a.m.,typo_duplicated_letter,typos
648.0,sched_dep_time,4:15 p.m.,  4:15 p.m. ,typo_extra_whitespace,typos
488.0,sched_dep_time,3:50 p.m.,3:50 p.m.,typo_random_case,typos
782.0,sched_dep_time,7:15 a.m.,7:15 a..,typo_missing_letter,typos
301.0,sched_dep_time,11:55 p.m.,11:55 pm..,typo_swapped_letters,typos
1792.0,sched_dep_time,11:45 a.m.,1:45 a.m.,typo_missing_letter,typos
305.0,sched_dep_time,6:59 a.m.,  6:59 a.m. ,typo_extra_whitespace,typos
1573.0,sched_dep_time,1:05 p.m.,1:05p.m.,typo_missing_letter,typos
673.0,sched_dep_time,6:45 p.m.,6:45 p.m.,typo_random_case,typos
1836.0,sched_dep_time,2:35 p.m.,2:35 p.m.,typo_random_case,typos
1023.0,sched_dep_time,8:05 a.m.,8:0 a.m.,typo_missing_letter,typos
1512.0,sched_dep_time,11:40 a.m.,  11:40 a.m. ,typo_extra_whitespace,typos
1541.0,sched_dep_time,4:16 p.m.,  4:16 p.m. ,typo_extra_whitespace,typos
1627.0,sched_dep_time,2:55 p.m.,2:55p.m.,typo_missing_letter,typos
1420.0,sched_dep_time,7:10 a.m.,7:10a.m.,typo_missing_letter,typos
1491.0,sched_dep_time,8:41 a.m.,  8:41 a.m. ,typo_extra_whitespace,typos
2335.0,sched_dep_time,11:05 a.m.,11:05 .am.,typo_swapped_letters,typos
1732.0,sched_dep_time,11:05 a.m.,11:05 a..,typo_missing_letter,typos
487.0,sched_dep_time,4:55 p.m.,4:55 p..m.,typo_duplicated_letter,typos
1192.0,sched_dep_time,7:15 p.m.,7:15 P.m.,typo_random_case,typos
2157.0,sched_dep_time,6:40 a.m.,6:40a.m.,typo_missing_letter,typos
1550.0,sched_dep_time,4:25 p.m.,  4:25 p.m. ,typo_extra_whitespace,typos
2093.0,sched_dep_time,6:30 p.m.,  6:30 p.m. ,typo_extra_whitespace,typos
198.0,sched_dep_time,6:00 a.m.,6:00 a.m.,typo_swapped_letters,typos
468.0,sched_dep_time,1:00 p.m.,  1:00 p.m. ,typo_extra_whitespace,typos
1703.0,sched_dep_time,1:33 p.m.,1:33 P.m.,typo_random_case,typos
893.0,sched_dep_time,7:55 a.m.,7:55 aa.m.,typo_duplicated_letter,typos
584.0,sched_dep_time,9:15 a.m.,:15 a.m.,typo_missing_letter,typos
748.0,sched_dep_time,10:15 a.m.,10:155 a.m.,typo_duplicated_letter,typos
982.0,sched_dep_time,7:10 p.m.,7:10 p.m.,typo_random_case,typos
1250.0,sched_dep_time,11:05 a.m.,11:005 a.m.,typo_duplicated_letter,typos
2223.0,sched_dep_time,2:53 p.m.,2:53 .pm.,typo_swapped_letters,typos
353.0,sched_dep_time,9:05 a.m.,9:05  a.m.,typo_duplicated_letter,typos
234.0,sched_dep_time,1:05 p.m.,1:05 p.m.,typo_random_case,typos
1382.0,sched_dep_time,1:29 p.m.,  1:29 p.m. ,typo_extra_whitespace,typos
405.0,sched_dep_time,8:29 a.m.,8:29 a.m.,typo_random_case,typos
430.0,sched_dep_time,11:55 a.m.,  11:55 a.m. ,typo_extra_whitespace,typos
1337.0,sched_dep_time,7:35 a.m.,7:35 A.m.,typo_random_case,typos
388.0,sched_dep_time,4:55 p.m.,4::55 p.m.,typo_duplicated_letter,typos
710.0,sched_dep_time,12:10 p.m.,12:10 pm.,typo_missing_letter,typos
1793.0,sched_dep_time,2:30 p.m.,2:30  p.m.,typo_duplicated_letter,typos
1993.0,sched_dep_time,6:30 p.m.,63:0 p.m.,typo_swapped_letters,typos
2224.0,sched_dep_time,7:35 a.m.,:735 a.m.,typo_swapped_letters,typos
1068.0,sched_dep_time,6:00 a.m.,600 a.m.,typo_missing_letter,typos
1218.0,sched_dep_time,6:30 p.m.,  6:30 p.m. ,typo_extra_whitespace,typos
711.0,sched_dep_time,7:55 a.m.,  7:55 a.m. ,typo_extra_whitespace,typos
2333.0,sched_dep_time,11:50 a.m.,11:50  a.m.,typo_duplicated_letter,typos
477.0,sched_dep_time,12:57 p.m.,  12:57 p.m. ,typo_extra_whitespace,typos
1058.0,sched_dep_time,7:53 a.m.,7:3 a.m.,typo_missing_letter,typos
1294.0,sched_dep_time,7:35 a.m.,  7:35 a.m. ,typo_extra_whitespace,typos
368.0,sched_dep_time,1:00 p.m.,  1:00 p.m. ,typo_extra_whitespace,typos
2111.0,sched_dep_time,4:25 p.m.,4:25 pm.,typo_missing_letter,typos
2137.0,sched_dep_time,7:30 a.m.,7:30 A.M.,typo_random_case,typos
2273.0,sched_dep_time,1:00 p.m.,1:00 p..,typo_missing_letter,typos
11.0,sched_dep_time,7:55 a.m.,7:55 a.mm.,typo_duplicated_letter,typos
1871.0,sched_dep_time,4:00 p.m.,4:00p.m.,typo_missing_letter,typos
1730.0,sched_dep_time,10:39 a.m.,10:39 a.m.,typo_random_case,typos
266.0,sched_dep_time,8:15 a.m.,  8:15 a.m. ,typo_extra_whitespace,typos
1449.0,sched_dep_time,3:50 p.m.,3:50 p.m.,typo_random_case,typos
2217.0,sched_dep_time,9:00 p.m.,9:0 0p.m.,typo_swapped_letters,typos
2266.0,sched_dep_time,11:50 a.m.,11:50 a.m.,typo_random_case,typos
761.0,sched_dep_time,9:15 a.m.,9:15 .m.,typo_missing_letter,typos
130.0,sched_dep_time,2:35 p.m.,2:35 p.m.,typo_random_case,typos
1523.0,sched_dep_time,12:00 a.m.,12:00 a.m.,typo_random_case,typos
2214.0,sched_dep_time,1:29 p.m.,  1:29 p.m. ,typo_extra_whitespace,typos
1438.0,sched_dep_time,9:45 a.m.,9:45 .am.,typo_swapped_letters,typos
461.0,sched_dep_time,11:50 a.m.,11:5 0a.m.,typo_swapped_letters,typos
1524.0,sched_dep_time,5:25 p.m.,5:25 p.mm.,typo_duplicated_letter,typos
428.0,sched_dep_time,11:35 a.m.,  11:35 a.m. ,typo_extra_whitespace,typos
1151.0,sched_dep_time,12:10 p.m.,12:10 p.m.,typo_random_case,typos
964.0,sched_dep_time,8:40 a.m.,  8:40 a.m. ,typo_extra_whitespace,typos
1976.0,sched_dep_time,6:00 a.m.,6::00 a.m.,typo_duplicated_letter,typos
605.0,sched_dep_time,8:29 a.m.,8:29 a.m.,typo_random_case,typos
988.0,sched_dep_time,3:05 p.m.,  3:05 p.m. ,typo_extra_whitespace,typos
1492.0,sched_dep_time,7:45 p.m.,7:45 p.m.,typo_random_case,typos
972.0,sched_dep_time,6:30 p.m.,  6:30 p.m. ,typo_extra_whitespace,typos
349.0,sched_dep_time,12:30 a.m.,12:30 a.m.,typo_random_case,typos
125.0,sched_dep_time,11:15 a.m.,  11:15 a.m. ,typo_extra_whitespace,typos
719.0,sched_dep_time,11:35 a.m.,11:35  a.m.,typo_duplicated_letter,typos
174.0,sched_dep_time,11:50 a.m.,11:50 A.M.,typo_random_case,typos
1006.0,sched_dep_time,11:50 a.m.,1150 a.m.,typo_missing_letter,typos
2076.0,sched_dep_time,6:00 a.m.,6:00 .m.,typo_missing_letter,typos
1847.0,sched_dep_time,4:00 p.m.,4:00 p.m.,typo_random_case,typos
817.0,sched_dep_time,12:00 p.m.,12:0 p.m.,typo_missing_letter,typos
2161.0,sched_dep_time,12:00 p.m.,12:00 .m.,typo_missing_letter,typos
575.0,sched_dep_time,10:40 a.m.,10:40 a.m.,typo_random_case,typos
775.0,sched_dep_time,8:35 a.m.,88:35 a.m.,typo_duplicated_letter,typos
1643.0,sched_dep_time,4:16 p.m.,4:1 6p.m.,typo_swapped_letters,typos
1828.0,sched_dep_time,11:08 p.m.,11:08 p.m.,typo_random_case,typos
2174.0,sched_dep_time,4:15 p.m.,4:15  p.m.,typo_duplicated_letter,typos
391.0,sched_dep_time,4:16 p.m.,44:16 p.m.,typo_duplicated_letter,typos
2058.0,sched_dep_time,11:25 a.m.,  11:25 a.m. ,typo_extra_whitespace,typos
1191.0,sched_dep_time,6:45 p.m.,6:54 p.m.,typo_swapped_letters,typos
1717.0,sched_dep_time,12:10 p.m.,  12:10 p.m. ,typo_extra_whitespace,typos
1901.0,sched_dep_time,6:45 p.m.,6:45 pm..,typo_swapped_letters,typos
638.0,sched_dep_time,10:39 a.m.,  10:39 a.m. ,typo_extra_whitespace,typos
1933.0,sched_dep_time,2:30 p.m.,2:30 p.m.,typo_random_case,typos
2039.0,sched_dep_time,4:00 p.m.,4:00 p.mm.,typo_duplicated_letter,typos
756.0,sched_dep_time,12:57 p.m.,12:57 p.m.,typo_random_case,typos
493.0,sched_dep_time,10:40 a.m.,1040 a.m.,typo_missing_letter,typos
1791.0,sched_dep_time,12:30 p.m.,1:30 p.m.,typo_missing_letter,typos
348.0,sched_dep_time,6:00 a.m.,6:00 a.m.,typo_random_case,typos
2120.0,sched_dep_time,11:08 p.m.,110:8 p.m.,typo_swapped_letters,typos
1266.0,sched_dep_time,6:30 p.m.,63:0 p.m.,typo_swapped_letters,typos
810.0,sched_dep_time,9:15 a.m.,9:155 a.m.,typo_duplicated_letter,typos
316.0,sched_dep_time,2:30 p.m.,2:30 p.m.,typo_random_case,typos
2133.0,sched_dep_time,9:05 a.m.,9:50 a.m.,typo_swapped_letters,typos
536.0,sched_dep_time,7:10 a.m.,7:100 a.m.,typo_duplicated_letter,typos
504.0,sched_dep_time,1:30 p.m.,1:30 .m.,typo_missing_letter,typos
1545.0,sched_dep_time,10:40 a.m.,10:40 a.m.,typo_random_case,typos
127.0,sched_dep_time,2:55 p.m.,2:55 pp.m.,typo_duplicated_letter,typos
2198.0,sched_dep_time,6:30 p.m.,6:30 p.m.,typo_random_case,typos
683.0,sched_dep_time,10:25 a.m.,10:2 a.m.,typo_missing_letter,typos
227.0,sched_dep_time,8:55 a.m.,8:555 a.m.,typo_duplicated_letter,typos
145.0,sched_dep_time,6:45 a.m.,6:54 a.m.,typo_swapped_letters,typos
224.0,sched_dep_time,8:20 p.m.,8:20 p..m.,typo_duplicated_letter,typos
614.0,sched_dep_time,2:55 p.m.,  2:55 p.m. ,typo_extra_whitespace,typos
2206.0,sched_dep_time,3:50 p.m.,3:50 p..m.,typo_duplicated_letter,typos
1059.0,sched_dep_time,8:35 a.m.,83:5 a.m.,typo_swapped_letters,typos
1170.0,sched_dep_time,7:10 a.m.,71:0 a.m.,typo_swapped_letters,typos
858.0,sched_dep_time,9:15 a.m.,9:15 .m.,typo_missing_letter,typos
500.0,sched_dep_time,8:25 p.m.,8:25 pm..,typo_swapped_letters,typos
1502.0,sched_dep_time,9:45 a.m.,9:45 a..m.,typo_duplicated_letter,typos
667.0,sched_dep_time,7:10 p.m.,7:10 .pm.,typo_swapped_letters,typos
231.0,sched_dep_time,12:10 p.m.,2:10 p.m.,typo_missing_letter,typos
1948.0,sched_dep_time,6:00 a.m.,6:00 A.M.,typo_random_case,typos
1957.0,sched_dep_time,3:27 p.m.,33:27 p.m.,typo_duplicated_letter,typos
257.0,sched_dep_time,11:25 a.m.,  11:25 a.m. ,typo_extra_whitespace,typos
2216.0,sched_dep_time,4:25 p.m.,4:25 p..m.,typo_duplicated_letter,typos
522.0,sched_dep_time,8:35 a.m.,  8:35 a.m. ,typo_extra_whitespace,typos
1281.0,sched_dep_time,10:40 a.m.,10:40 a.m.,typo_random_case,typos
1495.0,sched_dep_time,11:25 a.m.,11:25 A.M.,typo_random_case,typos
548.0,sched_dep_time,6:00 a.m.,  6:00 a.m. ,typo_extra_whitespace,typos
2176.0,sched_dep_time,2:30 p.m.,2:30 p.m.,typo_random_case,typos
370.0,sched_dep_time,12:30 p.m.,12:30 p..m,typo_swapped_letters,typos
109.0,sched_dep_time,1:33 p.m.,1:33p .m.,typo_swapped_letters,typos
1457.0,sched_dep_time,12:30 a.m.,12:30 am.,typo_missing_letter,typos
1513.0,sched_dep_time,6:00 a.m.,66:00 a.m.,typo_duplicated_letter,typos
1822.0,sched_dep_time,6:59 a.m.,  6:59 a.m. ,typo_extra_whitespace,typos
204.0,sched_dep_time,10:25 a.m.,0:25 a.m.,typo_missing_letter,typos
1213.0,sched_dep_time,7:55 a.m.,:755 a.m.,typo_swapped_letters,typos
590.0,sched_dep_time,4:16 p.m.,  4:16 p.m. ,typo_extra_whitespace,typos
1075.0,sched_dep_time,7:45 p.m.,77:45 p.m.,typo_duplicated_letter,typos
375.0,sched_dep_time,7:10 p.m.,71:0 p.m.,typo_swapped_letters,typos
306.0,sched_dep_time,8:35 a.m.,  8:35 a.m. ,typo_extra_whitespace,typos
2139.0,sched_dep_time,4:00 p.m.,:400 p.m.,typo_swapped_letters,typos
1500.0,sched_dep_time,4:00 p.m.,400 p.m.,typo_missing_letter,typos
276.0,sched_dep_time,7:30 a.m.,7:30 .m.,typo_missing_letter,typos
2158.0,sched_dep_time,8:00 a.m.,  8:00 a.m. ,typo_extra_whitespace,typos
598.0,sched_dep_time,4:25 p.m.,4:25 p..m.,typo_duplicated_letter,typos
1012.0,sched_dep_time,7:55 a.m.,:755 a.m.,typo_swapped_letters,typos
199.0,sched_dep_time,7:10 a.m.,7:10a.m.,typo_missing_letter,typos
1672.0,sched_dep_time,11:50 a.m.,11:50 a.m.,typo_swapped_letters,typos
458.0,sched_dep_time,2:30 p.m.,  2:30 p.m. ,typo_extra_whitespace,typos
753.0,sched_dep_time,2:30 p.m.,2:30 p..m,typo_swapped_letters,typos
765.0,sched_dep_time,7:25 a.m.,  7:25 a.m. ,typo_extra_whitespace,typos
847.0,sched_dep_time,12:00 a.m.,12:00 a..m.,typo_duplicated_letter,typos
663.0,sched_dep_time,11:45 a.m.,11:45 .am.,typo_swapped_letters,typos
1779.0,sched_dep_time,2:30 p.m.,  2:30 p.m. ,typo_extra_whitespace,typos
2361.0,sched_dep_time,2:30 p.m.,23:0 p.m.,typo_swapped_letters,typos
639.0,sched_dep_time,11:25 p.m.,11:225 p.m.,typo_duplicated_letter,typos
1722.0,sched_dep_time,11:55 a.m.,  11:55 a.m. ,typo_extra_whitespace,typos
698.0,sched_dep_time,7:35 a.m.,7:335 a.m.,typo_duplicated_letter,typos
1002.0,sched_dep_time,7:00 a.m.,7:00 a..m,typo_swapped_letters,typos
933.0,sched_dep_time,9:15 a.m.,  9:15 a.m. ,typo_extra_whitespace,typos
1724.0,sched_dep_time,4:00 p.m.,4:00 .m.,typo_missing_letter,typos
1829.0,sched_dep_time,5:30 p.m.,5::30 p.m.,typo_duplicated_letter,typos
313.0,sched_dep_time,11:15 a.m.,11:5 a.m.,typo_missing_letter,typos
1467.0,sched_dep_time,2:55 p.m.,2:55  p.m.,typo_duplicated_letter,typos
596.0,sched_dep_time,1:29 p.m.,1:29 pp.m.,typo_duplicated_letter,typos
54.0,sched_dep_time,8:41 a.m.,8:41 a.m.,typo_random_case,typos
1391.0,sched_dep_time,7:35 a.m.,7:35 .am.,typo_swapped_letters,typos
880.0,sched_dep_time,7:35 a.m.,7:335 a.m.,typo_duplicated_letter,typos
1144.0,sched_dep_time,8:20 p.m.,8:02 p.m.,typo_swapped_letters,typos
589.0,sched_dep_time,3:50 p.m.,3:05 p.m.,typo_swapped_letters,typos
1895.0,sched_dep_time,11:35 a.m.,11:35 aa.m.,typo_duplicated_letter,typos
250.0,sched_dep_time,7:10 a.m.,7:1 0a.m.,typo_swapped_letters,typos
1620.0,sched_dep_time,6:59 a.m.,6:59 a.m.,typo_random_case,typos
1644.0,sched_dep_time,1:05 p.m.,  1:05 p.m. ,typo_extra_whitespace,typos
1652.0,sched_dep_time,11:45 a.m.,114:5 a.m.,typo_swapped_letters,typos
1872.0,sched_dep_time,7:35 a.m.,77:35 a.m.,typo_duplicated_letter,typos
2023.0,sched_dep_time,11:15 a.m.,  11:15 a.m. ,typo_extra_whitespace,typos
170.0,sched_dep_time,10:45 a.m.,10:45 aa.m.,typo_duplicated_letter,typos
1837.0,sched_dep_time,2:55 p.m.,2:55p.m.,typo_missing_letter,typos
1690.0,sched_dep_time,3:35 p.m.,3:35p .m.,typo_swapped_letters,typos
86.0,sched_dep_time,12:00 a.m.,12:00 a..,typo_missing_letter,typos
1277.0,sched_dep_time,4:16 p.m.,4:16 pp.m.,typo_duplicated_letter,typos
2271.0,sched_dep_time,10:15 a.m.,10:15 a.m.,typo_random_case,typos
1935.0,sched_dep_time,2:55 p.m.,2:55 p..m.,typo_duplicated_letter,typos
201.0,sched_dep_time,3:50 p.m.,  3:50 p.m. ,typo_extra_whitespace,typos
565.0,sched_dep_time,7:55 a.m.,7:55  a.m.,typo_duplicated_letter,typos
1565.0,sched_dep_time,2:30 p.m.,2:30 .m.,typo_missing_letter,typos
1723.0,sched_dep_time,10:40 a.m.,10:40 .am.,typo_swapped_letters,typos
9.0,sched_dep_time,6:00 a.m.,6:00 a.m.,typo_random_case,typos
1276.0,sched_dep_time,3:50 p.m.,3:50  p.m.,typo_duplicated_letter,typos
1421.0,sched_dep_time,7:10 a.m.,:10 a.m.,typo_missing_letter,typos
426.0,sched_dep_time,7:30 a.m.,7:30 am..,typo_swapped_letters,typos
556.0,sched_dep_time,9:05 a.m.,9:05 am..,typo_swapped_letters,typos
232.0,sched_dep_time,7:55 a.m.,7:5 a.m.,typo_missing_letter,typos
786.0,sched_dep_time,1:05 p.m.,1:05 p.m.,typo_random_case,typos
1322.0,sched_dep_time,7:10 a.m.,7:10 a..,typo_missing_letter,typos
566.0,sched_dep_time,10:15 a.m.,10:15 a.m.,typo_random_case,typos
2016.0,sched_dep_time,8:29 a.m.,8:29 a..,typo_missing_letter,typos
423.0,sched_dep_time,1:05 p.m.,1:05 pm.,typo_missing_letter,typos
634.0,sched_dep_time,7:45 p.m.,7:445 p.m.,typo_duplicated_letter,typos
6.0,sched_dep_time,7:00 a.m.,7:00 a..m.,typo_duplicated_letter,typos
404.0,sched_dep_time,8:35 a.m.,8:5 a.m.,typo_missing_letter,typos
932.0,sched_dep_time,7:15 p.m.,7:115 p.m.,typo_duplicated_letter,typos
2257.0,sched_dep_time,7:00 p.m.,7:00 p..,typo_missing_letter,typos
437.0,sched_dep_time,7:10 a.m.,7:100 a.m.,typo_duplicated_letter,typos
992.0,sched_dep_time,8:41 a.m.,8:41 a.mm.,typo_duplicated_letter,typos
1329.0,sched_dep_time,12:00 p.m.,12:000 p.m.,typo_duplicated_letter,typos
2146.0,sched_dep_time,4:00 p.m.,4:000 p.m.,typo_duplicated_letter,typos
1465.0,sched_dep_time,8:29 a.m.,8:29a.m.,typo_missing_letter,typos
874.0,sched_dep_time,8:25 p.m.,825 p.m.,typo_missing_letter,typos
471.0,sched_dep_time,11:45 a.m.,11::45 a.m.,typo_duplicated_letter,typos
443.0,sched_dep_time,12:00 p.m.,12:00 P.M.,typo_random_case,typos
950.0,sched_dep_time,11:15 a.m.,11:15 a.mm.,typo_duplicated_letter,typos
856.0,sched_dep_time,7:15 p.m.,7:15p.m.,typo_missing_letter,typos
226.0,sched_dep_time,2:30 p.m.,2:30 P.M.,typo_random_case,typos
514.0,sched_dep_time,8:55 a.m.,88:55 a.m.,typo_duplicated_letter,typos
877.0,sched_dep_time,8:29 a.m.,8:29 A.m.,typo_random_case,typos
118.0,sched_dep_time,8:29 a.m.,8:29 a.m.,typo_random_case,typos
1584.0,sched_dep_time,6:00 a.m.,  6:00 a.m. ,typo_extra_whitespace,typos
931.0,sched_dep_time,12:00 p.m.,1:200 p.m.,typo_swapped_letters,typos
383.0,sched_dep_time,7:15 p.m.,7:15 P.m.,typo_random_case,typos
746.0,sched_dep_time,6:00 a.m.,6:00 a.m.,typo_random_case,typos
562.0,sched_dep_time,11:05 a.m.,  11:05 a.m. ,typo_extra_whitespace,typos
958.0,sched_dep_time,7:55 a.m.,7:55 a..,typo_missing_letter,typos
2305.0,sched_dep_time,11:08 p.m.,  11:08 p.m. ,typo_extra_whitespace,typos
937.0,sched_dep_time,10:25 a.m.,10:25 a.m.,typo_random_case,typos
1386.0,sched_dep_time,8:25 p.m.,8:25 pp.m.,typo_duplicated_letter,typos
92.0,sched_dep_time,7:15 a.m.,:15 a.m.,typo_missing_letter,typos
1631.0,sched_dep_time,7:10 a.m.,7:10 A.m.,typo_random_case,typos
376.0,sched_dep_time,10:40 a.m.,10:40 a.m.,typo_random_case,typos
615.0,sched_dep_time,7:15 a.m.,7:15 am..,typo_swapped_letters,typos
2355.0,sched_dep_time,11:55 p.m.,111:55 p.m.,typo_duplicated_letter,typos
1843.0,sched_dep_time,8:35 a.m.,8:35 A.M.,typo_random_case,typos
824.0,sched_dep_time,4:00 p.m.,4:00 pm..,typo_swapped_letters,typos
1815.0,sched_dep_time,1:33 p.m.,1:33 .m.,typo_missing_letter,typos
1198.0,sched_dep_time,1:33 p.m.,1:3 3p.m.,typo_swapped_letters,typos
2095.0,sched_dep_time,7:15 p.m.,7:15 p.mm.,typo_duplicated_letter,typos
498.0,sched_dep_time,4:25 p.m.,4:25 p..m.,typo_duplicated_letter,typos
1478.0,sched_dep_time,12:00 p.m.,21:00 p.m.,typo_swapped_letters,typos
1916.0,sched_dep_time,1:33 p.m.,  1:33 p.m. ,typo_extra_whitespace,typos
1943.0,sched_dep_time,7:10 a.m.,7:10 a..m.,typo_duplicated_letter,typos
1629.0,sched_dep_time,12:10 p.m.,  12:10 p.m. ,typo_extra_whitespace,typos
1087.0,sched_dep_time,8:15 a.m.,8:15 am..,typo_swapped_letters,typos
1142.0,sched_dep_time,1:45 p.m.,1:45 pp.m.,typo_duplicated_letter,typos
1726.0,sched_dep_time,7:10 a.m.,:710 a.m.,typo_swapped_letters,typos
2196.0,sched_dep_time,3:35 p.m.,3:3 5p.m.,typo_swapped_letters,typos
1835.0,sched_dep_time,8:55 a.m.,8:555 a.m.,typo_duplicated_letter,typos
1497.0,sched_dep_time,11:25 p.m.,11:25 p.m.,typo_swapped_letters,typos
1360.0,sched_dep_time,5:25 p.m.,5:25 pm.,typo_missing_letter,typos
768.0,sched_dep_time,10:45 a.m.,10:45  a.m.,typo_duplicated_letter,typos
1658.0,sched_dep_time,8:35 a.m.,8:35a .m.,typo_swapped_letters,typos
33.0,sched_dep_time,8:25 p.m.,8:2 5p.m.,typo_swapped_letters,typos
1632.0,sched_dep_time,8:35 a.m.,  8:35 a.m. ,typo_extra_whitespace,typos
163.0,sched_dep_time,4:00 p.m.,4:00 pp.m.,typo_duplicated_letter,typos
1332.0,sched_dep_time,10:39 a.m.,  10:39 a.m. ,typo_extra_whitespace,typos
1885.0,sched_dep_time,8:40 a.m.,8:40 A.M.,typo_random_case,typos
841.0,sched_dep_time,10:15 a.m.,10:15 am..,typo_swapped_letters,typos
534.0,sched_dep_time,6:00 a.m.,600 a.m.,typo_missing_letter,typos
387.0,sched_dep_time,7:10 a.m.,  7:10 a.m. ,typo_extra_whitespace,typos
274.0,sched_dep_time,10:45 a.m.,1:045 a.m.,typo_swapped_letters,typos
1716.0,sched_dep_time,7:15 a.m.,7:15 a..m.,typo_duplicated_letter,typos
2021.0,sched_dep_time,5:30 p.m.,5:30  p.m.,typo_duplicated_letter,typos
1283.0,sched_dep_time,12:15 p.m.,12::15 p.m.,typo_duplicated_letter,typos
1733.0,sched_dep_time,12:30 p.m.,12:30 p..,typo_missing_letter,typos
381.0,sched_dep_time,6:45 p.m.,  6:45 p.m. ,typo_extra_whitespace,typos
1368.0,sched_dep_time,7:15 p.m.,7:15  p.m.,typo_duplicated_letter,typos
1352.0,sched_dep_time,8:40 a.m.,8:40 aa.m.,typo_duplicated_letter,typos
942.0,sched_dep_time,4:25 p.m.,44:25 p.m.,typo_duplicated_letter,typos
987.0,sched_dep_time,6:45 p.m.,6:45  p.m.,typo_duplicated_letter,typos
278.0,sched_dep_time,12:30 a.m.,12:30 am.,typo_missing_letter,typos
2190.0,sched_dep_time,2:30 p.m.,:30 p.m.,typo_missing_letter,typos
918.0,sched_dep_time,9:45 a.m.,9:45a .m.,typo_swapped_letters,typos
2163.0,sched_dep_time,11:25 a.m.,11::25 a.m.,typo_duplicated_letter,typos
1089.0,sched_dep_time,4:15 p.m.,4:15 .m.,typo_missing_letter,typos
1228.0,sched_dep_time,7:45 p.m.,77:45 p.m.,typo_duplicated_letter,typos
1309.0,sched_dep_time,1:05 p.m.,1:05 p.mm.,typo_duplicated_letter,typos
386.0,sched_dep_time,6:00 a.m.,6:00 a.mm.,typo_duplicated_letter,typos
555.0,sched_dep_time,4:15 p.m.,4::15 p.m.,typo_duplicated_letter,typos
1986.0,sched_dep_time,12:00 a.m.,12::00 a.m.,typo_duplicated_letter,typos
287.0,sched_dep_time,6:45 p.m.,6:45p.m.,typo_missing_letter,typos
2324.0,sched_dep_time,7:45 p.m.,7:45 pp.m.,typo_duplicated_letter,typos
1561.0,sched_dep_time,1:45 p.m.,1:4 5p.m.,typo_swapped_letters,typos
134.0,sched_dep_time,7:55 a.m.,75:5 a.m.,typo_swapped_letters,typos
929.0,sched_dep_time,10:40 a.m.,10:40 A.m.,typo_random_case,typos
721.0,sched_dep_time,2:55 p.m.,  2:55 p.m. ,typo_extra_whitespace,typos
1459.0,sched_dep_time,4:25 p.m.,4:52 p.m.,typo_swapped_letters,typos
1273.0,sched_dep_time,7:10 a.m.,  7:10 a.m. ,typo_extra_whitespace,typos
264.0,sched_dep_time,9:45 a.m.,9:45 am..,typo_swapped_letters,typos
919.0,sched_dep_time,7:00 a.m.,  7:00 a.m. ,typo_extra_whitespace,typos
1518.0,sched_dep_time,1:00 p.m.,1:00 p..,typo_missing_letter,typos
2147.0,sched_dep_time,6:00 a.m.,6:00a.m.,typo_missing_letter,typos
1007.0,sched_dep_time,6:00 a.m.,  6:00 a.m. ,typo_extra_whitespace,typos
1244.0,sched_dep_time,2:30 p.m.,  2:30 p.m. ,typo_extra_whitespace,typos
490.0,sched_dep_time,8:00 p.m.,8:000 p.m.,typo_duplicated_letter,typos
1909.0,sched_dep_time,7:25 a.m.,7:25 aa.m.,typo_duplicated_letter,typos
372.0,sched_dep_time,2:30 p.m.,2:30 .pm.,typo_swapped_letters,typos
470.0,sched_dep_time,12:30 p.m.,123:0 p.m.,typo_swapped_letters,typos
425.0,sched_dep_time,3:05 p.m.,3:05p.m.,typo_missing_letter,typos
1702.0,sched_dep_time,10:40 a.m.,  10:40 a.m. ,typo_extra_whitespace,typos
2327.0,sched_dep_time,3:27 p.m.,3:277 p.m.,typo_duplicated_letter,typos
1490.0,sched_dep_time,8:00 a.m.,8:00 a.m.,typo_random_case,typos
885.0,sched_dep_time,8:20 p.m.,:820 p.m.,typo_swapped_letters,typos
2130.0,sched_dep_time,7:15 a.m.,7:15 .m.,typo_missing_letter,typos
1638.0,sched_dep_time,6:00 a.m.,6:0 a.m.,typo_missing_letter,typos
1079.0,sched_dep_time,10:39 a.m.,10:39a .m.,typo_swapped_letters,typos
805.0,sched_dep_time,6:30 p.m.,:630 p.m.,typo_swapped_letters,typos
2325.0,sched_dep_time,6:30 p.m.,6:30 P.M.,typo_random_case,typos
1270.0,sched_dep_time,1:55 p.m.,1:55 P.M.,typo_random_case,typos
1767.0,sched_dep_time,10:39 a.m.,1:039 a.m.,typo_swapped_letters,typos
1807.0,sched_dep_time,7:10 a.m.,  7:10 a.m. ,typo_extra_whitespace,typos
2038.0,sched_dep_time,11:25 a.m.,  11:25 a.m. ,typo_extra_whitespace,typos
641.0,sched_dep_time,12:30 a.m.,  12:30 a.m. ,typo_extra_whitespace,typos
1483.0,sched_dep_time,8:35 a.m.,8:53 a.m.,typo_swapped_letters,typos
50.0,sched_dep_time,7:10 a.m.,  7:10 a.m. ,typo_extra_whitespace,typos
377.0,sched_dep_time,12:57 p.m.,12:75 p.m.,typo_swapped_letters,typos
579.0,sched_dep_time,8:05 a.m.,8:50 a.m.,typo_swapped_letters,typos
1471.0,sched_dep_time,10:40 a.m.,10:40 a.m.,typo_random_case,typos
1462.0,sched_dep_time,4:00 p.m.,4:00 .m.,typo_missing_letter,typos
2370.0,sched_dep_time,7:10 a.m.,7:110 a.m.,typo_duplicated_letter,typos
1562.0,sched_dep_time,11:15 a.m.,11:15 a.m.,typo_random_case,typos
81.0,sched_dep_time,1:00 p.m.,1:000 p.m.,typo_duplicated_letter,typos
1224.0,sched_dep_time,7:00 p.m.,7:00 P.M.,typo_random_case,typos
1960.0,sched_dep_time,11:25 p.m.,11:25 p.m.,typo_random_case,typos
928.0,sched_dep_time,11:35 a.m.,11:35  a.m.,typo_duplicated_letter,typos
361.0,sched_dep_time,11:50 a.m.,11:50 a.mm.,typo_duplicated_letter,typos
2277.0,sched_dep_time,2:30 p.m.,2:30  p.m.,typo_duplicated_letter,typos
1372.0,sched_dep_time,7:10 a.m.,7:10 a..,typo_missing_letter,typos
2369.0,sched_dep_time,4:00 p.m.,  4:00 p.m. ,typo_extra_whitespace,typos
1295.0,sched_dep_time,11:08 p.m.,111:08 p.m.,typo_duplicated_letter,typos
485.0,sched_dep_time,6:00 a.m.,6:00 A.M.,typo_random_case,typos
317.0,sched_dep_time,2:35 p.m.,2:35 P.M.,typo_random_case,typos
1685.0,sched_dep_time,5:25 p.m.,  5:25 p.m. ,typo_extra_whitespace,typos
1630.0,sched_dep_time,9:05 a.m.,:05 a.m.,typo_missing_letter,typos
921.0,sched_dep_time,6:00 a.m.,6:00a .m.,typo_swapped_letters,typos
1970.0,sched_dep_time,10:45 a.m.,1:45 a.m.,typo_missing_letter,typos
1989.0,sched_dep_time,10:40 a.m.,10:40 a.m.,typo_random_case,typos
940.0,sched_dep_time,1:33 p.m.,:133 p.m.,typo_swapped_letters,typos
399.0,sched_dep_time,11:55 p.m.,11:55 P.m.,typo_random_case,typos
1694.0,sched_dep_time,12:00 p.m.,12:00p .m.,typo_swapped_letters,typos
1855.0,sched_dep_time,6:00 a.m.,  6:00 a.m. ,typo_extra_whitespace,typos
585.0,sched_dep_time,6:00 a.m.,6:00 am..,typo_swapped_letters,typos
2307.0,sched_dep_time,8:20 p.m.,8:20 pm..,typo_swapped_letters,typos
2049.0,sched_dep_time,7:10 a.m.,7:10 am..,typo_swapped_letters,typos
1284.0,sched_dep_time,1:29 p.m.,:29 p.m.,typo_missing_letter,typos
943.0,sched_dep_time,8:25 p.m.,8:25p.m.,typo_missing_letter,typos
771.0,sched_dep_time,11:55 p.m.,11:55 p.m.,typo_random_case,typos
2085.0,sched_dep_time,2:30 p.m.,  2:30 p.m. ,typo_extra_whitespace,typos
1044.0,sched_dep_time,2:53 p.m.,2:53 p.m.,typo_random_case,typos
1826.0,sched_dep_time,2:53 p.m.,253 p.m.,typo_missing_letter,typos
1646.0,sched_dep_time,7:30 a.m.,  7:30 a.m. ,typo_extra_whitespace,typos
507.0,sched_dep_time,11:08 p.m.,11:08 p.m.,typo_random_case,typos
2231.0,sched_dep_time,2:30 p.m.,2:30 pp.m.,typo_duplicated_letter,typos
2242.0,sched_dep_time,7:30 a.m.,7:3 a.m.,typo_missing_letter,typos
1022.0,act_dep_time,7:21 a.m.,7:21 a.mm.,typo_duplicated_letter,typos
1781.0,act_dep_time,2:55 p.m.,2:55 P.m.,typo_random_case,typos
1118.0,act_dep_time,6:56 a.m.,6:5 6a.m.,typo_swapped_letters,typos
1234.0,act_dep_time,5:56 a.m.,5:65 a.m.,typo_swapped_letters,typos
2027.0,act_dep_time,9:16 a.m.,9:16 a.m.,typo_random_case,typos
18.0,act_dep_time,6:57 a.m.,6:577 a.m.,typo_duplicated_letter,typos
2133.0,act_dep_time,8:52 a.m.,8:5 2a.m.,typo_swapped_letters,typos
602.0,act_dep_time,7:22 a.m.,7:22  a.m.,typo_duplicated_letter,typos
389.0,act_dep_time,7:39 a.m.,7:39  a.m.,typo_duplicated_letter,typos
2001.0,act_dep_time,4:28 p.m.,4:2 p.m.,typo_missing_letter,typos
1799.0,act_dep_time,3:36 p.m.,3:36 P.m.,typo_random_case,typos
2095.0,act_dep_time,7:15 p.m.,7:15 p.m.,typo_random_case,typos
870.0,act_dep_time,1:48 p.m.,1:48 p.m.,typo_random_case,typos
1928.0,act_dep_time,11:08 p.m.,  11:08 p.m. ,typo_extra_whitespace,typos
1673.0,act_dep_time,11:56 a.m.,1:56 a.m.,typo_missing_letter,typos
2170.0,act_dep_time,10:19 a.m.,10:19a .m.,typo_swapped_letters,typos
926.0,act_dep_time,3:31 p.m.,3:31 p..m.,typo_duplicated_letter,typos
1718.0,act_dep_time,1:19 p.m.,1:19 p.m.,typo_random_case,typos
1932.0,act_dep_time,2:55 p.m.,2:55 p.m.,typo_random_case,typos
388.0,act_dep_time,5:08 p.m.,5:088 p.m.,typo_duplicated_letter,typos
641.0,act_dep_time,12:41 a.m.,1:241 a.m.,typo_swapped_letters,typos
1440.0,act_dep_time,8:25 p.m.,  8:25 p.m. ,typo_extra_whitespace,typos
2143.0,act_dep_time,11:55 a.m.,111:55 a.m.,typo_duplicated_letter,typos
188.0,act_dep_time,8:25 p.m.,  8:25 p.m. ,typo_extra_whitespace,typos
1421.0,act_dep_time,7:31 a.m.,  7:31 a.m. ,typo_extra_whitespace,typos
1089.0,act_dep_time,4:29 p.m.,  4:29 p.m. ,typo_extra_whitespace,typos
683.0,act_dep_time,10:20 a.m.,10:20 am.,typo_missing_letter,typos
87.0,act_dep_time,5:22 p.m.,  5:22 p.m. ,typo_extra_whitespace,typos
1240.0,act_dep_time,8:12 a.m.,8:12 a..,typo_missing_letter,typos
2295.0,act_dep_time,8:23 p.m.,8:23 p.mm.,typo_duplicated_letter,typos
2107.0,act_dep_time,1:31 p.m.,  1:31 p.m. ,typo_extra_whitespace,typos
1514.0,act_dep_time,11:30 a.m.,11:30 a.m.,typo_random_case,typos
1527.0,act_dep_time,1:32 p.m.,1:3 p.m.,typo_missing_letter,typos
1166.0,act_dep_time,3:58 p.m.,3:58 p.m.,typo_random_case,typos
777.0,act_dep_time,1:30 p.m.,1:30 p.m.,typo_random_case,typos
1816.0,act_dep_time,12:41 p.m.,12:41 p..m,typo_swapped_letters,typos
2038.0,act_dep_time,11:40 a.m.,11::40 a.m.,typo_duplicated_letter,typos
1252.0,act_dep_time,8:40 a.m.,8::40 a.m.,typo_duplicated_letter,typos
2070.0,act_dep_time,10:55 a.m.,10:55a .m.,typo_swapped_letters,typos
1312.0,act_dep_time,8:04 a.m.,  8:04 a.m. ,typo_extra_whitespace,typos
2329.0,act_dep_time,4:00 p.m.,400 p.m.,typo_missing_letter,typos
708.0,act_dep_time,3:27 p.m.,3::27 p.m.,typo_duplicated_letter,typos
1772.0,act_dep_time,7:29 a.m.,  7:29 a.m. ,typo_extra_whitespace,typos
291.0,act_dep_time,9:14 a.m.,9:14 am.,typo_missing_letter,typos
1573.0,act_dep_time,1:19 p.m.,  1:19 p.m. ,typo_extra_whitespace,typos
428.0,act_dep_time,11:52 a.m.,11:522 a.m.,typo_duplicated_letter,typos
2106.0,act_dep_time,11:01 a.m.,11:01 a..m,typo_swapped_letters,typos
2267.0,act_dep_time,11:56 a.m.,11:56 a.m.,typo_swapped_letters,typos
2034.0,act_dep_time,1:19 p.m.,1:19p .m.,typo_swapped_letters,typos
521.0,act_dep_time,1:19 p.m.,1:19p .m.,typo_swapped_letters,typos
1818.0,act_dep_time,11:55 p.m.,  11:55 p.m. ,typo_extra_whitespace,typos
2195.0,act_dep_time,1:32 p.m.,1:332 p.m.,typo_duplicated_letter,typos
2291.0,act_dep_time,6:56 a.m.,6:56 a.m.,typo_random_case,typos
2006.0,act_dep_time,11:01 a.m.,1101 a.m.,typo_missing_letter,typos
1734.0,act_dep_time,3:11 a.m.,3:11 A.m.,typo_random_case,typos
1834.0,act_dep_time,2:48 p.m.,2::48 p.m.,typo_duplicated_letter,typos
1637.0,act_dep_time,7:16 a.m.,7:1 a.m.,typo_missing_letter,typos
88.0,act_dep_time,8:25 p.m.,8:25 p..m,typo_swapped_letters,typos
1896.0,act_dep_time,11:05 a.m.,  11:05 a.m. ,typo_extra_whitespace,typos
1741.0,act_dep_time,7:05 a.m.,7:05 a.m.,typo_random_case,typos
618.0,act_dep_time,7:49 a.m.,:749 a.m.,typo_swapped_letters,typos
1642.0,act_dep_time,8:23 p.m.,8:23  p.m.,typo_duplicated_letter,typos
1243.0,act_dep_time,10:55 a.m.,10:55  a.m.,typo_duplicated_letter,typos
2090.0,act_dep_time,1:32 p.m.,1:32 pm..,typo_swapped_letters,typos
534.0,act_dep_time,6:10 a.m.,:10 a.m.,typo_missing_letter,typos
1675.0,act_dep_time,11:30 a.m.,113:0 a.m.,typo_swapped_letters,typos
2303.0,act_dep_time,8:51 a.m.,8:51 a.m.,typo_random_case,typos
873.0,act_dep_time,9:00 p.m.,  9:00 p.m. ,typo_extra_whitespace,typos
875.0,act_dep_time,7:22 a.m.,7:22 a..m.,typo_duplicated_letter,typos
213.0,act_dep_time,8:25 p.m.,82:5 p.m.,typo_swapped_letters,typos
454.0,act_dep_time,8:12 a.m.,8:12 a..m.,typo_duplicated_letter,typos
492.0,act_dep_time,7:05 a.m.,  7:05 a.m. ,typo_extra_whitespace,typos
1399.0,act_dep_time,9:16 a.m.,9:16 am..,typo_swapped_letters,typos
1852.0,act_dep_time,10:54 a.m.,1:54 a.m.,typo_missing_letter,typos
1842.0,act_dep_time,1:19 p.m.,1:19 P.m.,typo_random_case,typos
1878.0,act_dep_time,2:48 p.m.,2:48 p..m,typo_swapped_letters,typos
1509.0,act_dep_time,8:00 a.m.,8:00 a..,typo_missing_letter,typos
1978.0,act_dep_time,6:02 a.m.,66:02 a.m.,typo_duplicated_letter,typos
3.0,act_dep_time,6:54 a.m.,6:54 A.m.,typo_random_case,typos
2040.0,act_dep_time,11:52 a.m.,1:52 a.m.,typo_missing_letter,typos
1977.0,act_dep_time,11:30 a.m.,11:30 am..,typo_swapped_letters,typos
461.0,act_dep_time,12:12 p.m.,12:12 pm..,typo_swapped_letters,typos
236.0,act_dep_time,3:36 p.m.,  3:36 p.m. ,typo_extra_whitespace,typos
1898.0,act_dep_time,3:36 p.m.,3:36 .pm.,typo_swapped_letters,typos
1168.0,act_dep_time,7:39 a.m.,7:39 .am.,typo_swapped_letters,typos
652.0,act_dep_time,2:55 p.m.,2:55p .m.,typo_swapped_letters,typos
1746.0,act_dep_time,7:27 a.m.,7:27 .am.,typo_swapped_letters,typos
1469.0,act_dep_time,3:01 p.m.,3:01 p.m.,typo_random_case,typos
1432.0,act_dep_time,8:40 a.m.,8:40a.m.,typo_missing_letter,typos
598.0,act_dep_time,4:25 p.m.,44:25 p.m.,typo_duplicated_letter,typos
800.0,act_dep_time,12:12 p.m.,12:12p.m.,typo_missing_letter,typos
1596.0,act_dep_time,10:19 a.m.,  10:19 a.m. ,typo_extra_whitespace,typos
1476.0,act_dep_time,2:48 p.m.,:248 p.m.,typo_swapped_letters,typos
785.0,act_dep_time,12:10 p.m.,12:10 P.m.,typo_random_case,typos
2325.0,act_dep_time,6:30 p.m.,  6:30 p.m. ,typo_extra_whitespace,typos
688.0,act_dep_time,1:48 p.m.,1::48 p.m.,typo_duplicated_letter,typos
2127.0,act_dep_time,9:16 a.m.,9:16 a..m.,typo_duplicated_letter,typos
2243.0,act_dep_time,11:40 a.m.,11:40 a..m.,typo_duplicated_letter,typos
2254.0,act_dep_time,7:31 a.m.,:31 a.m.,typo_missing_letter,typos
648.0,act_dep_time,4:29 p.m.,4:29 p..m.,typo_duplicated_letter,typos
1533.0,act_dep_time,7:15 p.m.,7:15 P.m.,typo_random_case,typos
161.0,act_dep_time,5:56 a.m.,5:56 a.m.,typo_random_case,typos
1906.0,act_dep_time,6:56 a.m.,6:6 a.m.,typo_missing_letter,typos
1921.0,act_dep_time,8:25 p.m.,82:5 p.m.,typo_swapped_letters,typos
152.0,act_dep_time,6:54 a.m.,:654 a.m.,typo_swapped_letters,typos
254.0,act_dep_time,7:58 p.m.,7:58 p.m.,typo_random_case,typos
739.0,act_dep_time,12:41 a.m.,12:41 a.m.,typo_random_case,typos
1645.0,act_dep_time,6:55 p.m.,6::55 p.m.,typo_duplicated_letter,typos
1416.0,act_dep_time,10:54 a.m.,10:54 a.m.,typo_random_case,typos
103.0,act_dep_time,4:28 p.m.,4:28 p.m.,typo_random_case,typos
1341.0,act_dep_time,7:25 a.m.,7:25 a..m,typo_swapped_letters,typos
441.0,act_dep_time,8:42 a.m.,8:4 2a.m.,typo_swapped_letters,typos
987.0,act_dep_time,6:55 p.m.,6:55 pm..,typo_swapped_letters,typos
1062.0,act_dep_time,3:31 p.m.,3:31 p.m.,typo_random_case,typos
1991.0,act_dep_time,3:36 p.m.,3:36 P.M.,typo_random_case,typos
824.0,act_dep_time,4:00 p.m.,  4:00 p.m. ,typo_extra_whitespace,typos
1727.0,act_dep_time,8:29 a.m.,8:29a.m.,typo_missing_letter,typos
1999.0,act_dep_time,7:30 a.m.,7:30 .am.,typo_swapped_letters,typos
2168.0,act_dep_time,4:00 p.m.,  4:00 p.m. ,typo_extra_whitespace,typos
275.0,act_dep_time,10:18 a.m.,10:18 .am.,typo_swapped_letters,typos
1317.0,act_dep_time,10:54 a.m.,10:54 a.m.,typo_random_case,typos
1113.0,act_dep_time,6:30 p.m.,  6:30 p.m. ,typo_extra_whitespace,typos
567.0,act_dep_time,8:04 a.m.,8:04a .m.,typo_swapped_letters,typos
955.0,act_dep_time,2:55 p.m.,2:5 p.m.,typo_missing_letter,typos
2263.0,act_dep_time,7:25 a.m.,7:25a .m.,typo_swapped_letters,typos
289.0,act_dep_time,7:15 p.m.,7:5 p.m.,typo_missing_letter,typos
1973.0,act_dep_time,2:55 p.m.,2:55 pp.m.,typo_duplicated_letter,typos
499.0,act_dep_time,9:00 p.m.,9:00  p.m.,typo_duplicated_letter,typos
1939.0,act_dep_time,7:49 a.m.,7:49 a.m.,typo_random_case,typos
1981.0,act_dep_time,2:04 p.m.,  2:04 p.m. ,typo_extra_whitespace,typos
2245.0,act_dep_time,11:52 a.m.,1:52 a.m.,typo_missing_letter,typos
1859.0,act_dep_time,7:14 p.m.,7:14 p..m.,typo_duplicated_letter,typos
793.0,act_dep_time,7:22 a.m.,7:22 aa.m.,typo_duplicated_letter,typos
1457.0,act_dep_time,12:41 a.m.,21:41 a.m.,typo_swapped_letters,typos
544.0,act_dep_time,6:30 p.m.,:630 p.m.,typo_swapped_letters,typos
909.0,act_dep_time,7:39 a.m.,7:39a .m.,typo_swapped_letters,typos
248.0,act_dep_time,7:39 a.m.,7:93 a.m.,typo_swapped_letters,typos
1764.0,act_dep_time,12:11 p.m.,12:11 p.m.,typo_random_case,typos
158.0,act_dep_time,11:32 a.m.,11:32 a.m.,typo_swapped_letters,typos
156.0,act_dep_time,12:11 p.m.,  12:11 p.m. ,typo_extra_whitespace,typos
1968.0,act_dep_time,7:25 a.m.,7:25 aa.m.,typo_duplicated_letter,typos
212.0,act_dep_time,9:00 p.m.,9:00 p.m.,typo_random_case,typos
1192.0,act_dep_time,7:15 p.m.,  7:15 p.m. ,typo_extra_whitespace,typos
126.0,act_dep_time,8:39 p.m.,  8:39 p.m. ,typo_extra_whitespace,typos
140.0,act_dep_time,4:12 p.m.,  4:12 p.m. ,typo_extra_whitespace,typos
79.0,act_dep_time,8:40 a.m.,8:4 a.m.,typo_missing_letter,typos
1541.0,act_dep_time,4:15 p.m.,4::15 p.m.,typo_duplicated_letter,typos
111.0,act_dep_time,1:48 p.m.,  1:48 p.m. ,typo_extra_whitespace,typos
624.0,act_dep_time,11:55 a.m.,11:55 .am.,typo_swapped_letters,typos
1001.0,act_dep_time,4:00 p.m.,400 p.m.,typo_missing_letter,typos
2298.0,act_dep_time,1:48 p.m.,  1:48 p.m. ,typo_extra_whitespace,typos
1529.0,act_dep_time,7:21 a.m.,7:2 1a.m.,typo_swapped_letters,typos
1864.0,act_dep_time,12:13 p.m.,12:13 p..m.,typo_duplicated_letter,typos
1246.0,act_dep_time,2:55 p.m.,2:55 p.m.,typo_random_case,typos
2119.0,act_dep_time,7:27 a.m.,7:27 A.m.,typo_random_case,typos
220.0,act_dep_time,11:08 p.m.,110:8 p.m.,typo_swapped_letters,typos
427.0,act_dep_time,4:12 p.m.,4:21 p.m.,typo_swapped_letters,typos
1475.0,act_dep_time,7:39 a.m.,7:39 a.m.,typo_random_case,typos
756.0,act_dep_time,1:32 p.m.,1:32 p.m.,typo_random_case,typos
6.0,act_dep_time,7:25 a.m.,7:2 5a.m.,typo_swapped_letters,typos
1893.0,act_dep_time,3:11 a.m.,3:11 A.m.,typo_random_case,typos
113.0,act_dep_time,4:25 p.m.,4:225 p.m.,typo_duplicated_letter,typos
1445.0,act_dep_time,6:56 a.m.,6:56 a..m,typo_swapped_letters,typos
2111.0,act_dep_time,4:25 p.m.,4:25  p.m.,typo_duplicated_letter,typos
590.0,act_dep_time,4:15 p.m.,:15 p.m.,typo_missing_letter,typos
956.0,act_dep_time,7:27 a.m.,7:27 a.m.,typo_random_case,typos
1826.0,act_dep_time,3:01 p.m.,3:01 p.m.,typo_random_case,typos
1226.0,act_dep_time,8:29 a.m.,8:92 a.m.,typo_swapped_letters,typos
564.0,act_dep_time,8:40 a.m.,  8:40 a.m. ,typo_extra_whitespace,typos
757.0,act_dep_time,3:36 p.m.,3:36  p.m.,typo_duplicated_letter,typos
1691.0,act_dep_time,7:21 a.m.,7:21 A.M.,typo_random_case,typos
1924.0,act_dep_time,8:51 a.m.,8:51 .am.,typo_swapped_letters,typos
98.0,act_dep_time,9:14 a.m.,  9:14 a.m. ,typo_extra_whitespace,typos
1785.0,act_dep_time,11:30 a.m.,11:30 .m.,typo_missing_letter,typos
1305.0,act_dep_time,7:22 a.m.,7:2 a.m.,typo_missing_letter,typos
1244.0,act_dep_time,2:48 p.m.,  2:48 p.m. ,typo_extra_whitespace,typos
792.0,act_dep_time,11:05 a.m.,11:05 a.m.,typo_random_case,typos
1026.0,act_dep_time,2:10 p.m.,2:10  p.m.,typo_duplicated_letter,typos
1903.0,act_dep_time,7:15 p.m.,7:1 p.m.,typo_missing_letter,typos
519.0,act_dep_time,8:04 a.m.,8:04 am..,typo_swapped_letters,typos
2011.0,act_dep_time,4:25 p.m.,4:25 pm.,typo_missing_letter,typos
1535.0,act_dep_time,9:14 a.m.,9:14 .am.,typo_swapped_letters,typos
1545.0,act_dep_time,11:01 a.m.,110:1 a.m.,typo_swapped_letters,typos
665.0,act_dep_time,3:11 a.m.,  3:11 a.m. ,typo_extra_whitespace,typos
1892.0,act_dep_time,12:35 p.m.,12:35 .m.,typo_missing_letter,typos
1729.0,act_dep_time,3:27 p.m.,3:27 p.m.,typo_random_case,typos
1210.0,act_dep_time,7:22 a.m.,:22 a.m.,typo_missing_letter,typos
59.0,act_dep_time,10:33 a.m.,103:3 a.m.,typo_swapped_letters,typos
1498.0,act_dep_time,5:56 a.m.,  5:56 a.m. ,typo_extra_whitespace,typos
1373.0,act_dep_time,5:08 p.m.,  5:08 p.m. ,typo_extra_whitespace,typos
638.0,act_dep_time,10:33 a.m.,1033 a.m.,typo_missing_letter,typos
2275.0,act_dep_time,12:41 p.m.,12:1 p.m.,typo_missing_letter,typos
784.0,act_dep_time,7:27 a.m.,7:27  a.m.,typo_duplicated_letter,typos
1249.0,act_dep_time,6:08 a.m.,:608 a.m.,typo_swapped_letters,typos
1220.0,act_dep_time,4:12 p.m.,412 p.m.,typo_missing_letter,typos
2272.0,act_dep_time,8:04 a.m.,:04 a.m.,typo_missing_letter,typos
1670.0,act_dep_time,4:29 p.m.,4:29  p.m.,typo_duplicated_letter,typos
146.0,act_dep_time,3:58 p.m.,3:558 p.m.,typo_duplicated_letter,typos
1392.0,act_dep_time,11:08 p.m.,11:0 8p.m.,typo_swapped_letters,typos
1949.0,act_dep_time,7:39 a.m.,7::39 a.m.,typo_duplicated_letter,typos
1539.0,act_dep_time,7:39 a.m.,:739 a.m.,typo_swapped_letters,typos
309.0,act_dep_time,1:30 p.m.,1:30 p..m,typo_swapped_letters,typos
1494.0,act_dep_time,11:32 a.m.,111:32 a.m.,typo_duplicated_letter,typos
2045.0,act_dep_time,6:57 a.m.,6:57 a.m.,typo_random_case,typos
280.0,act_dep_time,12:13 p.m.,12:13 pm.,typo_missing_letter,typos
552.0,act_dep_time,10:19 a.m.,  10:19 a.m. ,typo_extra_whitespace,typos
803.0,act_dep_time,7:14 p.m.,7:14 p.m.,typo_random_case,typos
241.0,act_dep_time,7:39 a.m.,7:39 a..m,typo_swapped_letters,typos
467.0,act_dep_time,10:18 a.m.,10:18 a.m.,typo_random_case,typos
1713.0,act_dep_time,8:39 p.m.,  8:39 p.m. ,typo_extra_whitespace,typos
1530.0,act_dep_time,6:30 p.m.,6:30 p..m.,typo_duplicated_letter,typos
1149.0,act_dep_time,3:27 p.m.,3:27 p.m.,typo_random_case,typos
1661.0,act_dep_time,7:16 a.m.,7:1 a.m.,typo_missing_letter,typos
2196.0,act_dep_time,3:36 p.m.,3:36 p..m,typo_swapped_letters,typos
58.0,act_dep_time,11:40 a.m.,111:40 a.m.,typo_duplicated_letter,typos
1820.0,act_dep_time,9:00 p.m.,9:00 p..m,typo_swapped_letters,typos
1564.0,act_dep_time,2:55 p.m.,2:5 5p.m.,typo_swapped_letters,typos
303.0,act_dep_time,9:00 p.m.,9:00 p.m.,typo_random_case,typos
788.0,act_dep_time,10:54 a.m.,  10:54 a.m. ,typo_extra_whitespace,typos
550.0,act_dep_time,4:00 p.m.,4:0 p.m.,typo_missing_letter,typos
2152.0,act_dep_time,9:00 p.m.,  9:00 p.m. ,typo_extra_whitespace,typos
2205.0,act_dep_time,5:08 p.m.,5:08p .m.,typo_swapped_letters,typos
1576.0,act_dep_time,8:04 a.m.,8:04 a.m.,typo_random_case,typos
2290.0,act_dep_time,9:14 a.m.,9:14a .m.,typo_swapped_letters,typos
1543.0,act_dep_time,10:20 a.m.,10:20 .m.,typo_missing_letter,typos
1005.0,act_dep_time,2:48 p.m.,2:4 p.m.,typo_missing_letter,typos
2299.0,act_dep_time,4:25 p.m.,4::25 p.m.,typo_duplicated_letter,typos
2318.0,act_dep_time,3:58 p.m.,  3:58 p.m. ,typo_extra_whitespace,typos
9.0,act_dep_time,6:08 a.m.,6:08 a..m.,typo_duplicated_letter,typos
608.0,act_dep_time,5:30 p.m.,  5:30 p.m. ,typo_extra_whitespace,typos
722.0,act_dep_time,11:55 a.m.,11:55 aa.m.,typo_duplicated_letter,typos
50.0,act_dep_time,7:16 a.m.,7:16 a.m.,typo_random_case,typos
1954.0,act_dep_time,8:42 a.m.,8:42 am.,typo_missing_letter,typos
67.0,act_dep_time,8:12 a.m.,:12 a.m.,typo_missing_letter,typos
571.0,act_dep_time,12:35 p.m.,12:35 p.m.,typo_random_case,typos
607.0,act_dep_time,11:08 p.m.,11:08p.m.,typo_missing_letter,typos
859.0,act_dep_time,6:56 a.m.,6:56 aa.m.,typo_duplicated_letter,typos
1141.0,act_dep_time,5:30 p.m.,5:30p .m.,typo_swapped_letters,typos
35.0,act_dep_time,8:51 a.m.,8:15 a.m.,typo_swapped_letters,typos
1353.0,act_dep_time,10:18 a.m.,10:18 aa.m.,typo_duplicated_letter,typos
440.0,act_dep_time,8:29 a.m.,8:29a .m.,typo_swapped_letters,typos
786.0,act_dep_time,1:19 p.m.,11:9 p.m.,typo_swapped_letters,typos
876.0,act_dep_time,8:51 a.m.,  8:51 a.m. ,typo_extra_whitespace,typos
119.0,act_dep_time,1:30 p.m.,1:30 P.M.,typo_random_case,typos
487.0,act_dep_time,5:08 p.m.,5:08 p.m.,typo_random_case,typos
208.0,act_dep_time,12:41 p.m.,12:41 P.m.,typo_random_case,typos
1528.0,act_dep_time,3:36 p.m.,3:36 p..,typo_missing_letter,typos
1097.0,act_dep_time,11:30 a.m.,11:30  a.m.,typo_duplicated_letter,typos
443.0,act_dep_time,12:11 p.m.,1:11 p.m.,typo_missing_letter,typos
1468.0,act_dep_time,10:20 a.m.,  10:20 a.m. ,typo_extra_whitespace,typos
1773.0,act_dep_time,10:19 a.m.,100:19 a.m.,typo_duplicated_letter,typos
1886.0,act_dep_time,8:04 a.m.,  8:04 a.m. ,typo_extra_whitespace,typos
434.0,act_dep_time,6:10 a.m.,6:10 .m.,typo_missing_letter,typos
1156.0,act_dep_time,3:36 p.m.,3:36 pp.m.,typo_duplicated_letter,typos
234.0,act_dep_time,1:19 p.m.,11:9 p.m.,typo_swapped_letters,typos
166.0,act_dep_time,10:10 a.m.,10:100 a.m.,typo_duplicated_letter,typos
1193.0,act_dep_time,2:10 p.m.,2:10 P.M.,typo_random_case,typos
200.0,act_dep_time,5:08 p.m.,5:08 P.M.,typo_random_case,typos
187.0,act_dep_time,5:22 p.m.,:22 p.m.,typo_missing_letter,typos
738.0,act_dep_time,5:56 a.m.,5:56 a.m.,typo_random_case,typos
1292.0,act_dep_time,1:30 p.m.,1:30 p..m,typo_swapped_letters,typos
211.0,act_dep_time,4:25 p.m.,4:25 p.m.,typo_random_case,typos
1177.0,act_dep_time,7:25 a.m.,7:25 aa.m.,typo_duplicated_letter,typos
1950.0,act_dep_time,7:16 a.m.,7:16a.m.,typo_missing_letter,typos
330.0,act_dep_time,11:55 a.m.,1155 a.m.,typo_missing_letter,typos
399.0,act_dep_time,11:55 p.m.,11:55 pp.m.,typo_duplicated_letter,typos
1301.0,act_dep_time,2:48 p.m.,  2:48 p.m. ,typo_extra_whitespace,typos
986.0,act_dep_time,7:39 a.m.,7:39 A.M.,typo_random_case,typos
2357.0,act_dep_time,9:00 p.m.,  9:00 p.m. ,typo_extra_whitespace,typos
1901.0,act_dep_time,6:55 p.m.,6:55 p.m.,typo_random_case,typos
573.0,act_dep_time,8:25 p.m.,8:25 p.mm.,typo_duplicated_letter,typos
781.0,act_dep_time,2:44 p.m.,2:44 p.m.,typo_swapped_letters,typos
321.0,act_dep_time,12:10 p.m.,12:10 p..m.,typo_duplicated_letter,typos
662.0,act_dep_time,12:35 p.m.,122:35 p.m.,typo_duplicated_letter,typos
244.0,act_dep_time,10:54 a.m.,10:54 a..m,typo_swapped_letters,typos
1327.0,act_dep_time,8:42 a.m.,8:2 a.m.,typo_missing_letter,typos
1191.0,act_dep_time,6:55 p.m.,65:5 p.m.,typo_swapped_letters,typos
2189.0,act_dep_time,12:13 p.m.,12:13 p.m.,typo_random_case,typos
1396.0,act_dep_time,8:39 p.m.,8:39 p.mm.,typo_duplicated_letter,typos
2068.0,act_dep_time,7:25 a.m.,  7:25 a.m. ,typo_extra_whitespace,typos
1757.0,act_dep_time,2:26 p.m.,2:26 pm..,typo_swapped_letters,typos
879.0,act_dep_time,3:01 p.m.,3:01 .m.,typo_missing_letter,typos
1770.0,act_dep_time,12:41 a.m.,12:41 a.m.,typo_random_case,typos
2255.0,act_dep_time,7:16 a.m.,7:16 A.M.,typo_random_case,typos
276.0,act_dep_time,8:04 a.m.,8:04a.m.,typo_missing_letter,typos
1754.0,act_dep_time,8:52 a.m.,  8:52 a.m. ,typo_extra_whitespace,typos
2217.0,act_dep_time,9:00 p.m.,9:00 P.m.,typo_random_case,typos
145.0,act_dep_time,6:57 a.m.,6:57 a.m.,typo_random_case,typos
1043.0,act_dep_time,1:30 p.m.,1:30 p.m.,typo_random_case,typos
132.0,act_dep_time,7:22 a.m.,7:22 a..,typo_missing_letter,typos
16.0,act_dep_time,12:13 p.m.,12:13 p..m,typo_swapped_letters,typos
1262.0,act_dep_time,11:05 a.m.,1:05 a.m.,typo_missing_letter,typos
775.0,act_dep_time,8:51 a.m.,8:51 A.m.,typo_random_case,typos
1698.0,act_dep_time,7:30 a.m.,  7:30 a.m. ,typo_extra_whitespace,typos
1072.0,act_dep_time,6:54 a.m.,6:4 a.m.,typo_missing_letter,typos
1359.0,act_dep_time,3:11 a.m.,  3:11 a.m. ,typo_extra_whitespace,typos
1703.0,act_dep_time,1:31 p.m.,  1:31 p.m. ,typo_extra_whitespace,typos
1055.0,act_dep_time,12:10 p.m.,12:1 p.m.,typo_missing_letter,typos
585.0,act_dep_time,6:56 a.m.,  6:56 a.m. ,typo_extra_whitespace,typos
597.0,act_dep_time,11:55 p.m.,1:55 p.m.,typo_missing_letter,typos
358.0,act_dep_time,2:48 p.m.,  2:48 p.m. ,typo_extra_whitespace,typos
937.0,act_dep_time,10:20 a.m.,10:20 a.m.,typo_random_case,typos
896.0,act_dep_time,8:56 a.m.,  8:56 a.m. ,typo_extra_whitespace,typos
138.0,act_dep_time,3:36 p.m.,3:3 6p.m.,typo_swapped_letters,typos
24.0,act_dep_time,12:11 p.m.,12::11 p.m.,typo_duplicated_letter,typos
634.0,act_dep_time,7:58 p.m.,7:58 p.m.,typo_random_case,typos
2046.0,act_dep_time,3:58 p.m.,3:58 p..m.,typo_duplicated_letter,typos
886.0,act_dep_time,2:55 p.m.,2:55 p.m.,typo_random_case,typos
222.0,act_dep_time,1:32 p.m.,1:2 p.m.,typo_missing_letter,typos
1815.0,act_dep_time,1:31 p.m.,1:31 pm.,typo_missing_letter,typos
2208.0,act_dep_time,8:23 p.m.,8:23 p.m.,typo_random_case,typos
2117.0,act_dep_time,1:30 p.m.,1:30 p.mm.,typo_duplicated_letter,typos
1235.0,act_dep_time,12:41 a.m.,12:41 .am.,typo_swapped_letters,typos
592.0,act_dep_time,10:20 a.m.,10:20 .am.,typo_swapped_letters,typos
1197.0,act_dep_time,11:01 a.m.,110:1 a.m.,typo_swapped_letters,typos
1000.0,act_dep_time,12:41 p.m.,  12:41 p.m. ,typo_extra_whitespace,typos
1232.0,act_dep_time,10:33 a.m.,10:33 a.m.,typo_random_case,typos
2293.0,act_dep_time,5:08 p.m.,5:08p.m.,typo_missing_letter,typos
1668.0,act_dep_time,7:29 a.m.,7:299 a.m.,typo_duplicated_letter,typos
1349.0,act_dep_time,6:08 a.m.,6:088 a.m.,typo_duplicated_letter,typos
329.0,act_dep_time,3:31 p.m.,3:331 p.m.,typo_duplicated_letter,typos
2288.0,act_dep_time,12:11 p.m.,12:11 p.m.,typo_random_case,typos
1736.0,act_dep_time,8:12 a.m.,8:12a.m.,typo_missing_letter,typos
323.0,act_dep_time,8:52 a.m.,8:2 a.m.,typo_missing_letter,typos
1678.0,act_dep_time,8:04 a.m.,80:4 a.m.,typo_swapped_letters,typos
448.0,act_dep_time,5:56 a.m.,5:556 a.m.,typo_duplicated_letter,typos
903.0,act_dep_time,3:31 p.m.,  3:31 p.m. ,typo_extra_whitespace,typos
14.0,act_dep_time,2:04 p.m.,2:04p.m.,typo_missing_letter,typos
1209.0,act_dep_time,2:44 p.m.,2:44 p.m.,typo_random_case,typos
868.0,act_dep_time,1:31 p.m.,1:31 p.m.,typo_random_case,typos
1871.0,act_dep_time,4:00 p.m.,4:000 p.m.,typo_duplicated_letter,typos
1178.0,act_dep_time,4:29 p.m.,4::29 p.m.,typo_duplicated_letter,typos
1593.0,act_dep_time,11:25 p.m.,11:25 p..,typo_missing_letter,typos
1127.0,act_dep_time,1:31 p.m.,1:31 .m.,typo_missing_letter,typos
1360.0,act_dep_time,5:22 p.m.,5:22 P.M.,typo_random_case,typos
348.0,act_dep_time,5:56 a.m.,5:6 a.m.,typo_missing_letter,typos
1122.0,act_dep_time,4:15 p.m.,4:15p.m.,typo_missing_letter,typos
54.0,act_dep_time,8:42 a.m.,8:42 a.m.,typo_random_case,typos
436.0,act_dep_time,7:31 a.m.,7:31 a.mm.,typo_duplicated_letter,typos
84.0,act_dep_time,12:13 p.m.,12:13 p.m.,typo_random_case,typos
1255.0,act_dep_time,7:49 a.m.,7:4 9a.m.,typo_swapped_letters,typos
326.0,act_dep_time,8:56 a.m.,8:56 A.M.,typo_random_case,typos
420.0,act_dep_time,12:10 p.m.,12:1 p.m.,typo_missing_letter,typos
949.0,act_dep_time,1:32 p.m.,1:32 pp.m.,typo_duplicated_letter,typos
1117.0,act_dep_time,9:14 a.m.,9:14 A.m.,typo_random_case,typos
134.0,act_dep_time,8:04 a.m.,8::04 a.m.,typo_duplicated_letter,typos
1862.0,act_dep_time,8:42 a.m.,  8:42 a.m. ,typo_extra_whitespace,typos
1397.0,act_dep_time,2:55 p.m.,2:55 pm.,typo_missing_letter,typos
1739.0,act_dep_time,4:28 p.m.,4:28 P.m.,typo_random_case,typos
628.0,act_dep_time,7:39 a.m.,7:39 A.m.,typo_random_case,typos
1269.0,act_dep_time,7:15 p.m.,7:1 5p.m.,typo_swapped_letters,typos
2209.0,act_dep_time,10:20 a.m.,10:20 a.m.,typo_random_case,typos
1323.0,act_dep_time,7:16 a.m.,  7:16 a.m. ,typo_extra_whitespace,typos
677.0,act_dep_time,6:56 a.m.,6:65 a.m.,typo_swapped_letters,typos
802.0,act_dep_time,4:29 p.m.,4:29  p.m.,typo_duplicated_letter,typos
1601.0,act_dep_time,11:30 a.m.,  11:30 a.m. ,typo_extra_whitespace,typos
1646.0,act_dep_time,8:04 a.m.,804 a.m.,typo_missing_letter,typos
1728.0,act_dep_time,8:42 a.m.,8:42 a..,typo_missing_letter,typos
135.0,act_dep_time,8:52 a.m.,8:552 a.m.,typo_duplicated_letter,typos
1650.0,act_dep_time,11:55 p.m.,11:5 p.m.,typo_missing_letter,typos
437.0,act_dep_time,7:16 a.m.,  7:16 a.m. ,typo_extra_whitespace,typos
2134.0,act_dep_time,1:19 p.m.,1:19 p.m.,typo_random_case,typos
2306.0,act_dep_time,5:30 p.m.,5:30 p.m.,typo_random_case,typos
1598.0,act_dep_time,2:48 p.m.,22:48 p.m.,typo_duplicated_letter,typos
431.0,act_dep_time,10:54 a.m.,10:54 a..m,typo_swapped_letters,typos
159.0,act_dep_time,10:33 a.m.,10:33 am.,typo_missing_letter,typos
411.0,act_dep_time,1:32 p.m.,1:32 .pm.,typo_swapped_letters,typos
660.0,act_dep_time,2:04 p.m.,2:04 pm.,typo_missing_letter,typos
2047.0,act_dep_time,6:10 a.m.,6:10 a..,typo_missing_letter,typos
1037.0,act_dep_time,9:00 p.m.,9:00 p.m.,typo_random_case,typos
698.0,act_dep_time,7:27 a.m.,7:27 a.m.,typo_random_case,typos
2112.0,act_dep_time,9:00 p.m.,9:00 p.m.,typo_random_case,typos
2374.0,act_dep_time,6:10 a.m.,6::10 a.m.,typo_duplicated_letter,typos
2349.0,act_dep_time,9:14 a.m.,914 a.m.,typo_missing_letter,typos
639.0,act_dep_time,11:25 p.m.,11:25 P.m.,typo_random_case,typos
1044.0,act_dep_time,3:01 p.m.,  3:01 p.m. ,typo_extra_whitespace,typos
359.0,act_dep_time,8:00 a.m.,8:00 a.m.,typo_swapped_letters,typos
834.0,act_dep_time,2:55 p.m.,  2:55 p.m. ,typo_extra_whitespace,typos
1070.0,act_dep_time,7:16 a.m.,7:1 6a.m.,typo_swapped_letters,typos
370.0,act_dep_time,12:35 p.m.,12:35 P.m.,typo_random_case,typos
442.0,sched_arr_time,10:30 p.m.,10:30 P.m.,typo_random_case,typos
117.0,sched_arr_time,11:50 a.m.,11:5 0a.m.,typo_swapped_letters,typos
1812.0,sched_arr_time,6:44 p.m.,6:44 pm..,typo_swapped_letters,typos
685.0,sched_arr_time,2:59 p.m.,2:5 9p.m.,typo_swapped_letters,typos
2130.0,sched_arr_time,11:35 a.m.,11:53 a.m.,typo_swapped_letters,typos
1894.0,sched_arr_time,8:56 p.m.,8:56 .pm.,typo_swapped_letters,typos
1564.0,sched_arr_time,4:53 p.m.,4:53 pm..,typo_swapped_letters,typos
789.0,sched_arr_time,7:45 a.m.,  7:45 a.m. ,typo_extra_whitespace,typos
303.0,sched_arr_time,12:15 a.m.,  12:15 a.m. ,typo_extra_whitespace,typos
282.0,sched_arr_time,11:10 a.m.,  11:10 a.m. ,typo_extra_whitespace,typos
330.0,sched_arr_time,6:17 p.m.,6:71 p.m.,typo_swapped_letters,typos
2293.0,sched_arr_time,8:05 p.m.,8:50 p.m.,typo_swapped_letters,typos
168.0,sched_arr_time,9:55 a.m.,9:55 A.m.,typo_random_case,typos
447.0,sched_arr_time,6:55 a.m.,  6:55 a.m. ,typo_extra_whitespace,typos
1575.0,sched_arr_time,6:30 p.m.,6:30 .pm.,typo_swapped_letters,typos
1027.0,sched_arr_time,12:18 p.m.,12:18 .m.,typo_missing_letter,typos
2188.0,sched_arr_time,3:19 p.m.,3:19 pp.m.,typo_duplicated_letter,typos
1187.0,sched_arr_time,1:45 p.m.,1:45 pp.m.,typo_duplicated_letter,typos
2296.0,sched_arr_time,2:59 p.m.,2:59 p.m.,typo_random_case,typos
2074.0,sched_arr_time,3:50 p.m.,3:05 p.m.,typo_swapped_letters,typos
520.0,sched_arr_time,11:53 a.m.,11:53 a..m,typo_swapped_letters,typos
428.0,sched_arr_time,2:25 p.m.,2:25 p..,typo_missing_letter,typos
2267.0,sched_arr_time,1:17 p.m.,  1:17 p.m. ,typo_extra_whitespace,typos
841.0,sched_arr_time,12:10 p.m.,12:10 p.m.,typo_random_case,typos
1325.0,sched_arr_time,9:25 a.m.,9:25 am..,typo_swapped_letters,typos
316.0,sched_arr_time,7:03 p.m.,7:03 pp.m.,typo_duplicated_letter,typos
2041.0,sched_arr_time,11:10 a.m.,11:10 a.m.,typo_random_case,typos
542.0,sched_arr_time,10:30 p.m.,10:330 p.m.,typo_duplicated_letter,typos
1517.0,sched_arr_time,12:10 p.m.,  12:10 p.m. ,typo_extra_whitespace,typos
2298.0,sched_arr_time,4:17 p.m.,4:17 p..m,typo_swapped_letters,typos
139.0,sched_arr_time,8:00 a.m.,8:0 0a.m.,typo_swapped_letters,typos
2249.0,sched_arr_time,12:55 p.m.,12:55p.m.,typo_missing_letter,typos
1404.0,sched_arr_time,11:05 a.m.,11:05 A.m.,typo_random_case,typos
1136.0,sched_arr_time,9:24 a.m.,9:24a.m.,typo_missing_letter,typos
2347.0,sched_arr_time,9:10 p.m.,9:10 p.m.,typo_random_case,typos
1892.0,sched_arr_time,3:19 p.m.,  3:19 p.m. ,typo_extra_whitespace,typos
2176.0,sched_arr_time,7:03 p.m.,7:03 p.m.,typo_random_case,typos
2049.0,sched_arr_time,3:30 p.m.,3:30 p..m,typo_swapped_letters,typos
1778.0,sched_arr_time,2:20 p.m.,2:20 p.m.,typo_random_case,typos
794.0,sched_arr_time,7:55 p.m.,  7:55 p.m. ,typo_extra_whitespace,typos
815.0,sched_arr_time,9:54 a.m.,  9:54 a.m. ,typo_extra_whitespace,typos
1889.0,sched_arr_time,2:35 p.m.,  2:35 p.m. ,typo_extra_whitespace,typos
1516.0,sched_arr_time,10:54 a.m.,10:54 a.m.,typo_random_case,typos
1571.0,sched_arr_time,11:05 a.m.,  11:05 a.m. ,typo_extra_whitespace,typos
1320.0,sched_arr_time,6:40 a.m.,6:40a.m.,typo_missing_letter,typos
370.0,sched_arr_time,3:19 p.m.,  3:19 p.m. ,typo_extra_whitespace,typos
1955.0,sched_arr_time,10:30 p.m.,10:3 0p.m.,typo_swapped_letters,typos
785.0,sched_arr_time,2:15 p.m.,2:15 P.m.,typo_random_case,typos
329.0,sched_arr_time,4:49 p.m.,4:49p.m.,typo_missing_letter,typos
1382.0,sched_arr_time,4:17 p.m.,4:17 p..m.,typo_duplicated_letter,typos
2301.0,sched_arr_time,11:50 p.m.,11:50 p..m,typo_swapped_letters,typos
204.0,sched_arr_time,6:44 p.m.,6:44 .pm.,typo_swapped_letters,typos
389.0,sched_arr_time,11:10 a.m.,11:10 a..,typo_missing_letter,typos
327.0,sched_arr_time,6:30 p.m.,6:3 p.m.,typo_missing_letter,typos
2035.0,sched_arr_time,10:40 a.m.,  10:40 a.m. ,typo_extra_whitespace,typos
2203.0,sched_arr_time,7:30 a.m.,7:3 0a.m.,typo_swapped_letters,typos
312.0,sched_arr_time,8:27 a.m.,8:27 a..,typo_missing_letter,typos
2310.0,sched_arr_time,11:35 a.m.,1:35 a.m.,typo_missing_letter,typos
1474.0,sched_arr_time,6:40 a.m.,:640 a.m.,typo_swapped_letters,typos
2367.0,sched_arr_time,2:35 p.m.,2:35 .m.,typo_missing_letter,typos
1314.0,sched_arr_time,2:25 p.m.,2:25 P.m.,typo_random_case,typos
314.0,sched_arr_time,9:20 p.m.,9:20 P.m.,typo_random_case,typos
639.0,sched_arr_time,6:55 a.m.,6:55 am..,typo_swapped_letters,typos
960.0,sched_arr_time,1:39 p.m.,139 p.m.,typo_missing_letter,typos
1659.0,sched_arr_time,4:00 p.m.,4:000 p.m.,typo_duplicated_letter,typos
1164.0,sched_arr_time,12:55 p.m.,  12:55 p.m. ,typo_extra_whitespace,typos
1336.0,sched_arr_time,6:46 p.m.,6:46p .m.,typo_swapped_letters,typos
208.0,sched_arr_time,2:45 p.m.,  2:45 p.m. ,typo_extra_whitespace,typos
1589.0,sched_arr_time,9:54 a.m.,9::54 a.m.,typo_duplicated_letter,typos
33.0,sched_arr_time,11:50 p.m.,11:50  p.m.,typo_duplicated_letter,typos
1104.0,sched_arr_time,2:00 p.m.,2:0 0p.m.,typo_swapped_letters,typos
1246.0,sched_arr_time,5:00 p.m.,5:00 p..m,typo_swapped_letters,typos
2175.0,sched_arr_time,2:20 p.m.,  2:20 p.m. ,typo_extra_whitespace,typos
2132.0,sched_arr_time,11:05 a.m.,1105 a.m.,typo_missing_letter,typos
143.0,sched_arr_time,6:17 p.m.,  6:17 p.m. ,typo_extra_whitespace,typos
1729.0,sched_arr_time,5:05 p.m.,  5:05 p.m. ,typo_extra_whitespace,typos
1719.0,sched_arr_time,6:30 p.m.,6:03 p.m.,typo_swapped_letters,typos
1389.0,sched_arr_time,3:50 p.m.,3::50 p.m.,typo_duplicated_letter,typos
1361.0,sched_arr_time,8:56 p.m.,8:65 p.m.,typo_swapped_letters,typos
1533.0,sched_arr_time,12:21 a.m.,112:21 a.m.,typo_duplicated_letter,typos
1592.0,sched_arr_time,11:19 a.m.,11:19 a.m.,typo_random_case,typos
1058.0,sched_arr_time,1:39 p.m.,1:39 p..m,typo_swapped_letters,typos
651.0,sched_arr_time,11:35 a.m.,11:35a .m.,typo_swapped_letters,typos
1094.0,sched_arr_time,3:50 p.m.,3:50p .m.,typo_swapped_letters,typos
633.0,sched_arr_time,9:54 a.m.,9:54 .am.,typo_swapped_letters,typos
2241.0,sched_arr_time,6:30 p.m.,6:30 p.m.,typo_random_case,typos
169.0,sched_arr_time,7:55 p.m.,  7:55 p.m. ,typo_extra_whitespace,typos
2094.0,sched_arr_time,9:10 p.m.,9:0 p.m.,typo_missing_letter,typos
165.0,sched_arr_time,1:16 p.m.,  1:16 p.m. ,typo_extra_whitespace,typos
2263.0,sched_arr_time,9:55 a.m.,  9:55 a.m. ,typo_extra_whitespace,typos
350.0,sched_arr_time,6:46 p.m.,  6:46 p.m. ,typo_extra_whitespace,typos
737.0,sched_arr_time,6:55 a.m.,6:55a .m.,typo_swapped_letters,typos
539.0,sched_arr_time,9:25 a.m.,  9:25 a.m. ,typo_extra_whitespace,typos
2180.0,sched_arr_time,1:17 p.m.,1::17 p.m.,typo_duplicated_letter,typos
315.0,sched_arr_time,4:53 p.m.,4:53 p.m.,typo_random_case,typos
2105.0,sched_arr_time,10:31 a.m.,10::31 a.m.,typo_duplicated_letter,typos
1682.0,sched_arr_time,3:19 p.m.,  3:19 p.m. ,typo_extra_whitespace,typos
1882.0,sched_arr_time,9:20 a.m.,9:220 a.m.,typo_duplicated_letter,typos
1629.0,sched_arr_time,2:15 p.m.,2:1 5p.m.,typo_swapped_letters,typos
1100.0,sched_arr_time,12:10 p.m.,12:10 pm.,typo_missing_letter,typos
1714.0,sched_arr_time,4:05 p.m.,4:50 p.m.,typo_swapped_letters,typos
1265.0,sched_arr_time,10:35 a.m.,10:35 a.m.,typo_random_case,typos
569.0,sched_arr_time,7:45 a.m.,:45 a.m.,typo_missing_letter,typos
1649.0,sched_arr_time,6:40 p.m.,6:40 P.m.,typo_random_case,typos
2300.0,sched_arr_time,12:15 a.m.,12:15 a.m.,typo_random_case,typos
1260.0,sched_arr_time,8:22 p.m.,8:22 P.M.,typo_random_case,typos
2232.0,sched_arr_time,11:45 a.m.,  11:45 a.m. ,typo_extra_whitespace,typos
629.0,sched_arr_time,9:40 a.m.,  9:40 a.m. ,typo_extra_whitespace,typos
666.0,sched_arr_time,8:22 p.m.,8:2 p.m.,typo_missing_letter,typos
2212.0,sched_arr_time,4:31 p.m.,4:31 p.m.,typo_random_case,typos
1677.0,sched_arr_time,12:10 p.m.,12:100 p.m.,typo_duplicated_letter,typos
395.0,sched_arr_time,2:59 p.m.,  2:59 p.m. ,typo_extra_whitespace,typos
561.0,sched_arr_time,9:20 a.m.,9::20 a.m.,typo_duplicated_letter,typos
556.0,sched_arr_time,12:35 p.m.,  12:35 p.m. ,typo_extra_whitespace,typos
765.0,sched_arr_time,11:10 a.m.,1110 a.m.,typo_missing_letter,typos
836.0,sched_arr_time,1:17 p.m.,1:1 p.m.,typo_missing_letter,typos
301.0,sched_arr_time,5:50 a.m.,  5:50 a.m. ,typo_extra_whitespace,typos
1294.0,sched_arr_time,9:43 a.m.,  9:43 a.m. ,typo_extra_whitespace,typos
1646.0,sched_arr_time,8:00 a.m.,  8:00 a.m. ,typo_extra_whitespace,typos
1146.0,sched_arr_time,7:03 p.m.,  7:03 p.m. ,typo_extra_whitespace,typos
1843.0,sched_arr_time,10:40 a.m.,10:40 .am.,typo_swapped_letters,typos
1339.0,sched_arr_time,12:35 p.m.,12::35 p.m.,typo_duplicated_letter,typos
687.0,sched_arr_time,2:45 p.m.,:45 p.m.,typo_missing_letter,typos
2168.0,sched_arr_time,6:46 p.m.,6:46 p..m,typo_swapped_letters,typos
409.0,sched_arr_time,5:11 a.m.,5:111 a.m.,typo_duplicated_letter,typos
1654.0,sched_arr_time,12:55 p.m.,  12:55 p.m. ,typo_extra_whitespace,typos
1295.0,sched_arr_time,5:11 a.m.,5:11a.m.,typo_missing_letter,typos
363.0,sched_arr_time,9:20 a.m.,920 a.m.,typo_missing_letter,typos
2289.0,sched_arr_time,12:21 a.m.,12:21  a.m.,typo_duplicated_letter,typos
1072.0,sched_arr_time,9:25 a.m.,9:5 a.m.,typo_missing_letter,typos
1703.0,sched_arr_time,4:31 p.m.,4:331 p.m.,typo_duplicated_letter,typos
626.0,sched_arr_time,7:05 p.m.,7:05 p.m.,typo_random_case,typos
477.0,sched_arr_time,5:15 p.m.,5:15p .m.,typo_swapped_letters,typos
1345.0,sched_arr_time,11:35 a.m.,11:35 a..,typo_missing_letter,typos
787.0,sched_arr_time,3:30 p.m.,  3:30 p.m. ,typo_extra_whitespace,typos
1168.0,sched_arr_time,10:45 a.m.,10:45 .am.,typo_swapped_letters,typos
399.0,sched_arr_time,5:50 a.m.,5:05 a.m.,typo_swapped_letters,typos
1218.0,sched_arr_time,7:25 p.m.,7::25 p.m.,typo_duplicated_letter,typos
1815.0,sched_arr_time,4:31 p.m.,  4:31 p.m. ,typo_extra_whitespace,typos
1678.0,sched_arr_time,8:00 a.m.,8:00 a.mm.,typo_duplicated_letter,typos
1284.0,sched_arr_time,4:17 p.m.,4:17p .m.,typo_swapped_letters,typos
1627.0,sched_arr_time,5:55 p.m.,5:555 p.m.,typo_duplicated_letter,typos
2021.0,sched_arr_time,6:40 p.m.,6:40 p.m.,typo_random_case,typos
2204.0,sched_arr_time,9:35 a.m.,  9:35 a.m. ,typo_extra_whitespace,typos
979.0,sched_arr_time,12:21 a.m.,12:21 a.m.,typo_random_case,typos
934.0,sched_arr_time,6:23 p.m.,6:23 p.m.,typo_random_case,typos
567.0,sched_arr_time,8:00 a.m.,8:00 A.m.,typo_random_case,typos
341.0,sched_arr_time,9:54 a.m.,954 a.m.,typo_missing_letter,typos
2037.0,sched_arr_time,8:00 a.m.,88:00 a.m.,typo_duplicated_letter,typos
855.0,sched_arr_time,9:10 p.m.,9:10 p.m.,typo_random_case,typos
10.0,sched_arr_time,2:20 p.m.,2:20 pm..,typo_swapped_letters,typos
1833.0,sched_arr_time,4:53 p.m.,4:5 3p.m.,typo_swapped_letters,typos
426.0,sched_arr_time,8:00 a.m.,8:00 a.m.,typo_swapped_letters,typos
1796.0,sched_arr_time,8:56 p.m.,8:56p.m.,typo_missing_letter,typos
2333.0,sched_arr_time,3:50 p.m.,  3:50 p.m. ,typo_extra_whitespace,typos
134.0,sched_arr_time,11:05 a.m.,11::05 a.m.,typo_duplicated_letter,typos
2275.0,sched_arr_time,2:45 p.m.,  2:45 p.m. ,typo_extra_whitespace,typos
1832.0,sched_arr_time,9:20 p.m.,9:20 .pm.,typo_swapped_letters,typos
76.0,sched_arr_time,9:20 a.m.,9:20 aa.m.,typo_duplicated_letter,typos
615.0,sched_arr_time,11:35 a.m.,1:35 a.m.,typo_missing_letter,typos
698.0,sched_arr_time,9:43 a.m.,  9:43 a.m. ,typo_extra_whitespace,typos
1413.0,sched_arr_time,11:10 a.m.,11:0 a.m.,typo_missing_letter,typos
2329.0,sched_arr_time,6:46 p.m.,6:46 .m.,typo_missing_letter,typos
2160.0,sched_arr_time,10:30 p.m.,10:30 p.m.,typo_random_case,typos
206.0,sched_arr_time,2:59 p.m.,2:599 p.m.,typo_duplicated_letter,typos
1056.0,sched_arr_time,11:53 a.m.,11::53 a.m.,typo_duplicated_letter,typos
641.0,sched_arr_time,5:35 a.m.,5:35 am..,typo_swapped_letters,typos
87.0,sched_arr_time,8:22 p.m.,8:22 P.M.,typo_random_case,typos
2193.0,sched_arr_time,8:56 p.m.,8:56 p.mm.,typo_duplicated_letter,typos
673.0,sched_arr_time,9:10 p.m.,9:10  p.m.,typo_duplicated_letter,typos
1263.0,sched_arr_time,5:15 p.m.,5:15 p..m.,typo_duplicated_letter,typos
798.0,sched_arr_time,2:35 p.m.,2:35 p..m.,typo_duplicated_letter,typos
142.0,sched_arr_time,4:49 p.m.,4:49p.m.,typo_missing_letter,typos
375.0,sched_arr_time,8:56 p.m.,8:56 p..,typo_missing_letter,typos
1875.0,sched_arr_time,10:06 a.m.,10:06 .am.,typo_swapped_letters,typos
2252.0,sched_arr_time,6:40 a.m.,  6:40 a.m. ,typo_extra_whitespace,typos
394.0,sched_arr_time,10:31 a.m.,1:31 a.m.,typo_missing_letter,typos
973.0,sched_arr_time,11:10 a.m.,11:10 a.mm.,typo_duplicated_letter,typos
928.0,sched_arr_time,2:25 p.m.,  2:25 p.m. ,typo_extra_whitespace,typos
684.0,sched_arr_time,10:31 a.m.,  10:31 a.m. ,typo_extra_whitespace,typos
310.0,sched_arr_time,4:48 p.m.,4:48 p.m.,typo_random_case,typos
887.0,sched_arr_time,7:03 p.m.,7:033 p.m.,typo_duplicated_letter,typos
57.0,sched_arr_time,2:50 p.m.,2::50 p.m.,typo_duplicated_letter,typos
2131.0,sched_arr_time,2:15 p.m.,2::15 p.m.,typo_duplicated_letter,typos
1219.0,sched_arr_time,5:25 p.m.,  5:25 p.m. ,typo_extra_whitespace,typos
780.0,sched_arr_time,11:35 a.m.,11:35a.m.,typo_missing_letter,typos
1551.0,sched_arr_time,12:15 a.m.,  12:15 a.m. ,typo_extra_whitespace,typos
769.0,sched_arr_time,4:31 p.m.,  4:31 p.m. ,typo_extra_whitespace,typos
1670.0,sched_arr_time,7:55 p.m.,7:55 p.m.,typo_random_case,typos
118.0,sched_arr_time,9:24 a.m.,9:24 a.mm.,typo_duplicated_letter,typos
1251.0,sched_arr_time,10:20 a.m.,10:20 A.m.,typo_random_case,typos
121.0,sched_arr_time,9:43 a.m.,9:443 a.m.,typo_duplicated_letter,typos
1748.0,sched_arr_time,8:27 a.m.,  8:27 a.m. ,typo_extra_whitespace,typos
376.0,sched_arr_time,2:45 p.m.,2:445 p.m.,typo_duplicated_letter,typos
1035.0,sched_arr_time,5:50 a.m.,  5:50 a.m. ,typo_extra_whitespace,typos
1569.0,sched_arr_time,11:35 a.m.,11:35 .m.,typo_missing_letter,typos
425.0,sched_arr_time,6:30 p.m.,630 p.m.,typo_missing_letter,typos
792.0,sched_arr_time,2:45 p.m.,  2:45 p.m. ,typo_extra_whitespace,typos
1835.0,sched_arr_time,11:45 a.m.,11:45 a.m.,typo_random_case,typos
89.0,sched_arr_time,2:45 p.m.,2:45 pm.,typo_missing_letter,typos
1280.0,sched_arr_time,10:31 a.m.,10:31a.m.,typo_missing_letter,typos
746.0,sched_arr_time,9:20 a.m.,9:220 a.m.,typo_duplicated_letter,typos
1960.0,sched_arr_time,6:55 a.m.,  6:55 a.m. ,typo_extra_whitespace,typos
706.0,sched_arr_time,11:45 a.m.,11:45 a.m.,typo_random_case,typos
1632.0,sched_arr_time,10:40 a.m.,10:40 a.m.,typo_random_case,typos
382.0,sched_arr_time,3:15 p.m.,3:15 p.m.,typo_random_case,typos
713.0,sched_arr_time,2:35 p.m.,2:35 p.m.,typo_random_case,typos
1444.0,sched_arr_time,11:35 a.m.,11:35 a.m.,typo_random_case,typos
2064.0,sched_arr_time,9:21 a.m.,9:221 a.m.,typo_duplicated_letter,typos
1787.0,sched_arr_time,10:54 a.m.,01:54 a.m.,typo_swapped_letters,typos
1001.0,sched_arr_time,6:46 p.m.,:646 p.m.,typo_swapped_letters,typos
1641.0,sched_arr_time,11:35 a.m.,11:5 a.m.,typo_missing_letter,typos
1656.0,sched_arr_time,2:45 p.m.,2:45 p.m.,typo_random_case,typos
1689.0,sched_arr_time,2:45 p.m.,2:455 p.m.,typo_duplicated_letter,typos
2116.0,sched_arr_time,9:24 a.m.,9:24 a..m,typo_swapped_letters,typos
1121.0,sched_arr_time,6:23 p.m.,6:23 p.m.,typo_random_case,typos
2065.0,sched_arr_time,1:16 p.m.,116 p.m.,typo_missing_letter,typos
129.0,sched_arr_time,11:45 a.m.,11:45 a.m.,typo_random_case,typos
2184.0,sched_arr_time,10:54 a.m.,10:54 a.m.,typo_random_case,typos
305.0,sched_arr_time,10:34 a.m.,  10:34 a.m. ,typo_extra_whitespace,typos
1942.0,sched_arr_time,6:40 p.m.,6:40 p.m.,typo_random_case,typos
691.0,sched_arr_time,12:15 a.m.,12:15 A.M.,typo_random_case,typos
1512.0,sched_arr_time,1:17 p.m.,1:17 pm..,typo_swapped_letters,typos
1888.0,sched_arr_time,8:00 a.m.,  8:00 a.m. ,typo_extra_whitespace,typos
8.0,sched_arr_time,3:50 p.m.,  3:50 p.m. ,typo_extra_whitespace,typos
811.0,sched_arr_time,9:40 a.m.,9:40 aa.m.,typo_duplicated_letter,typos
185.0,sched_arr_time,6:15 p.m.,6:15 pm..,typo_swapped_letters,typos
258.0,sched_arr_time,5:25 p.m.,  5:25 p.m. ,typo_extra_whitespace,typos
937.0,sched_arr_time,6:44 p.m.,6:4 4p.m.,typo_swapped_letters,typos
71.0,sched_arr_time,7:03 p.m.,7:03 .m.,typo_missing_letter,typos
1452.0,sched_arr_time,9:54 a.m.,9:54a .m.,typo_swapped_letters,typos
697.0,sched_arr_time,4:48 p.m.,4:48 p.m.,typo_random_case,typos
356.0,sched_arr_time,7:55 p.m.,7:55 .pm.,typo_swapped_letters,typos
455.0,sched_arr_time,9:55 a.m.,  9:55 a.m. ,typo_extra_whitespace,typos
1854.0,sched_arr_time,7:05 p.m.,7:05 P.M.,typo_random_case,typos
1429.0,sched_arr_time,10:20 a.m.,10:20 a.m.,typo_random_case,typos
1269.0,sched_arr_time,12:21 a.m.,12:21 A.m.,typo_random_case,typos
2227.0,sched_arr_time,8:27 a.m.,8:27 a..m,typo_swapped_letters,typos
671.0,sched_arr_time,10:35 a.m.,10:35 a.mm.,typo_duplicated_letter,typos
1183.0,sched_arr_time,12:10 p.m.,12:10p .m.,typo_swapped_letters,typos
1521.0,sched_arr_time,2:00 p.m.,2:00 P.M.,typo_random_case,typos
1804.0,sched_arr_time,7:53 p.m.,7:53 .m.,typo_missing_letter,typos
1227.0,sched_arr_time,9:54 a.m.,  9:54 a.m. ,typo_extra_whitespace,typos
257.0,sched_arr_time,2:50 p.m.,2:500 p.m.,typo_duplicated_letter,typos
1176.0,sched_arr_time,10:06 a.m.,10:06 A.m.,typo_random_case,typos
320.0,sched_arr_time,5:00 p.m.,5:00 P.m.,typo_random_case,typos
1173.0,sched_arr_time,9:54 a.m.,9:544 a.m.,typo_duplicated_letter,typos
2240.0,sched_arr_time,10:40 a.m.,0:40 a.m.,typo_missing_letter,typos
1348.0,sched_arr_time,1:17 p.m.,  1:17 p.m. ,typo_extra_whitespace,typos
638.0,sched_arr_time,11:19 a.m.,11:19 a.m.,typo_swapped_letters,typos
1872.0,sched_arr_time,9:21 a.m.,:21 a.m.,typo_missing_letter,typos
255.0,sched_arr_time,7:25 p.m.,7:25 p.m.,typo_random_case,typos
443.0,sched_arr_time,3:15 p.m.,  3:15 p.m. ,typo_extra_whitespace,typos
1910.0,sched_arr_time,6:23 p.m.,6:23 p.m.,typo_random_case,typos
2091.0,sched_arr_time,4:00 p.m.,4:00 p..m.,typo_duplicated_letter,typos
2206.0,sched_arr_time,6:23 p.m.,6:23 .m.,typo_missing_letter,typos
2270.0,sched_arr_time,11:05 a.m.,11:05 .am.,typo_swapped_letters,typos
1442.0,sched_arr_time,7:05 p.m.,70:5 p.m.,typo_swapped_letters,typos
1342.0,sched_arr_time,7:55 p.m.,7:55 p.m.,typo_random_case,typos
264.0,sched_arr_time,1:16 p.m.,1:116 p.m.,typo_duplicated_letter,typos
2185.0,sched_arr_time,12:10 p.m.,121:0 p.m.,typo_swapped_letters,typos
267.0,sched_arr_time,7:55 p.m.,7:555 p.m.,typo_duplicated_letter,typos
857.0,sched_arr_time,7:53 p.m.,7:53 p..,typo_missing_letter,typos
35.0,sched_arr_time,11:50 a.m.,111:50 a.m.,typo_duplicated_letter,typos
236.0,sched_arr_time,6:30 p.m.,6:30 p..,typo_missing_letter,typos
994.0,sched_arr_time,7:25 p.m.,7:52 p.m.,typo_swapped_letters,typos
571.0,sched_arr_time,3:19 p.m.,:319 p.m.,typo_swapped_letters,typos
1762.0,sched_arr_time,9:54 a.m.,9::54 a.m.,typo_duplicated_letter,typos
923.0,sched_arr_time,2:35 p.m.,  2:35 p.m. ,typo_extra_whitespace,typos
80.0,sched_arr_time,12:10 p.m.,12:10 pm..,typo_swapped_letters,typos
1.0,sched_arr_time,10:30 p.m.,  10:30 p.m. ,typo_extra_whitespace,typos
1283.0,sched_arr_time,2:45 p.m.,2:445 p.m.,typo_duplicated_letter,typos
1893.0,sched_arr_time,1:45 p.m.,1:45 pp.m.,typo_duplicated_letter,typos
782.0,sched_arr_time,11:35 a.m.,11:35  a.m.,typo_duplicated_letter,typos
126.0,sched_arr_time,9:20 p.m.,9:20 p.m.,typo_random_case,typos
524.0,sched_arr_time,8:00 a.m.,  8:00 a.m. ,typo_extra_whitespace,typos
98.0,sched_arr_time,12:18 p.m.,12:18 P.m.,typo_random_case,typos
619.0,sched_arr_time,10:40 a.m.,10:40 am..,typo_swapped_letters,typos
519.0,sched_arr_time,11:05 a.m.,11:055 a.m.,typo_duplicated_letter,typos
333.0,sched_arr_time,7:05 p.m.,7:05 .pm.,typo_swapped_letters,typos
2158.0,sched_arr_time,11:55 a.m.,11:55 A.m.,typo_random_case,typos
2100.0,sched_arr_time,8:05 p.m.,8:05 P.M.,typo_random_case,typos
337.0,sched_arr_time,9:40 a.m.,9:40 a.m.,typo_random_case,typos
1402.0,sched_arr_time,11:35 a.m.,  11:35 a.m. ,typo_extra_whitespace,typos
1940.0,sched_arr_time,10:40 a.m.,  10:40 a.m. ,typo_extra_whitespace,typos
1503.0,sched_arr_time,12:35 p.m.,12:335 p.m.,typo_duplicated_letter,typos
653.0,sched_arr_time,3:50 p.m.,3:50 .pm.,typo_swapped_letters,typos
390.0,sched_arr_time,6:23 p.m.,  6:23 p.m. ,typo_extra_whitespace,typos
1666.0,sched_arr_time,6:55 a.m.,  6:55 a.m. ,typo_extra_whitespace,typos
1603.0,sched_arr_time,8:00 a.m.,8:00 a..,typo_missing_letter,typos
2343.0,sched_arr_time,11:10 a.m.,11:10  a.m.,typo_duplicated_letter,typos
191.0,sched_arr_time,4:00 p.m.,4:00 p.m.,typo_random_case,typos
573.0,sched_arr_time,8:56 p.m.,8:56 p.m.,typo_random_case,typos
1543.0,sched_arr_time,6:44 p.m.,6:44 pm.,typo_missing_letter,typos
1631.0,sched_arr_time,10:45 a.m.,0:45 a.m.,typo_missing_letter,typos
2342.0,sched_arr_time,1:45 p.m.,:145 p.m.,typo_swapped_letters,typos
228.0,sched_arr_time,4:05 p.m.,4:05 P.m.,typo_random_case,typos
1118.0,sched_arr_time,7:30 a.m.,7:30 am..,typo_swapped_letters,typos
149.0,sched_arr_time,3:30 p.m.,3:30 p.m.,typo_random_case,typos
1193.0,sched_arr_time,7:53 p.m.,7::53 p.m.,typo_duplicated_letter,typos
244.0,sched_arr_time,12:55 p.m.,1255 p.m.,typo_missing_letter,typos
109.0,sched_arr_time,4:31 p.m.,44:31 p.m.,typo_duplicated_letter,typos
588.0,sched_arr_time,11:10 a.m.,11:100 a.m.,typo_duplicated_letter,typos
1299.0,sched_arr_time,9:20 p.m.,9:0 p.m.,typo_missing_letter,typos
2260.0,sched_arr_time,6:55 a.m.,:55 a.m.,typo_missing_letter,typos
1805.0,sched_arr_time,12:18 p.m.,12:1 p.m.,typo_missing_letter,typos
2366.0,sched_arr_time,2:15 p.m.,2:15 P.m.,typo_random_case,typos
319.0,sched_arr_time,11:35 a.m.,11:35 a.m.,typo_random_case,typos
1289.0,sched_arr_time,10:34 a.m.,10:34 a.m.,typo_random_case,typos
1505.0,sched_arr_time,9:55 a.m.,  9:55 a.m. ,typo_extra_whitespace,typos
1817.0,sched_arr_time,4:17 p.m.,  4:17 p.m. ,typo_extra_whitespace,typos
535.0,sched_arr_time,10:45 a.m.,110:45 a.m.,typo_duplicated_letter,typos
1773.0,sched_arr_time,1:16 p.m.,1:16 p.m.,typo_random_case,typos
739.0,sched_arr_time,5:35 a.m.,5:35 a.mm.,typo_duplicated_letter,typos
1210.0,sched_arr_time,11:35 a.m.,11:35 a.m.,typo_swapped_letters,typos
1417.0,sched_arr_time,7:45 a.m.,7::45 a.m.,typo_duplicated_letter,typos
1375.0,sched_arr_time,7:35 p.m.,7:35 P.m.,typo_random_case,typos
2292.0,sched_arr_time,9:35 a.m.,9:35 a.m.,typo_random_case,typos
892.0,sched_arr_time,2:15 p.m.,2:15 p.m.,typo_random_case,typos
1924.0,sched_arr_time,11:50 a.m.,11:50 a.m.,typo_swapped_letters,typos
636.0,sched_arr_time,5:05 p.m.,5:05 .pm.,typo_swapped_letters,typos
2057.0,sched_arr_time,5:05 p.m.,5:05  p.m.,typo_duplicated_letter,typos
1484.0,sched_arr_time,10:45 a.m.,10::45 a.m.,typo_duplicated_letter,typos
1933.0,sched_arr_time,7:03 p.m.,7:3 p.m.,typo_missing_letter,typos
683.0,sched_arr_time,6:44 p.m.,  6:44 p.m. ,typo_extra_whitespace,typos
342.0,sched_arr_time,10:30 p.m.,10:30 p.m.,typo_random_case,typos
1511.0,sched_arr_time,3:50 p.m.,3:5 0p.m.,typo_swapped_letters,typos
646.0,sched_arr_time,10:06 a.m.,10:06 a.m.,typo_random_case,typos
1742.0,sched_arr_time,4:31 p.m.,4:3 1p.m.,typo_swapped_letters,typos
472.0,sched_arr_time,6:15 p.m.,6:115 p.m.,typo_duplicated_letter,typos
1540.0,sched_arr_time,6:23 p.m.,6:2 p.m.,typo_missing_letter,typos
642.0,sched_arr_time,6:46 p.m.,6:46 P.M.,typo_random_case,typos
1175.0,sched_arr_time,7:23 a.m.,7:23 am.,typo_missing_letter,typos
1123.0,sched_arr_time,9:45 p.m.,9:45 p.m.,typo_random_case,typos
166.0,sched_arr_time,12:35 p.m.,12:35 pp.m.,typo_duplicated_letter,typos
148.0,sched_arr_time,10:45 a.m.,  10:45 a.m. ,typo_extra_whitespace,typos
1303.0,sched_arr_time,4:05 p.m.,4:05 .pm.,typo_swapped_letters,typos
2314.0,sched_arr_time,6:40 p.m.,6:40p.m.,typo_missing_letter,typos
100.0,sched_arr_time,9:35 a.m.,9:35 a..,typo_missing_letter,typos
259.0,sched_arr_time,11:19 a.m.,  11:19 a.m. ,typo_extra_whitespace,typos
767.0,sched_arr_time,9:45 p.m.,9:45 pp.m.,typo_duplicated_letter,typos
1422.0,sched_arr_time,3:50 p.m.,3:50 p.m.,typo_random_case,typos
553.0,sched_arr_time,9:55 a.m.,99:55 a.m.,typo_duplicated_letter,typos
1970.0,sched_arr_time,2:20 p.m.,2:20  p.m.,typo_duplicated_letter,typos
86.0,sched_arr_time,1:45 p.m.,1:45p .m.,typo_swapped_letters,typos
1887.0,sched_arr_time,12:10 p.m.,12:10 p.mm.,typo_duplicated_letter,typos
263.0,sched_arr_time,6:46 p.m.,6:46 p..m.,typo_duplicated_letter,typos
720.0,sched_arr_time,11:10 a.m.,11:110 a.m.,typo_duplicated_letter,typos
339.0,sched_arr_time,9:25 a.m.,9:25 a.m.,typo_random_case,typos
1469.0,sched_arr_time,4:48 p.m.,4:48 p..m.,typo_duplicated_letter,typos
486.0,sched_arr_time,9:35 a.m.,9:3 a.m.,typo_missing_letter,typos
277.0,sched_arr_time,2:35 p.m.,2:35 p.m.,typo_random_case,typos
176.0,sched_arr_time,9:20 a.m.,:20 a.m.,typo_missing_letter,typos
59.0,sched_arr_time,11:19 a.m.,11:19 am..,typo_swapped_letters,typos
632.0,sched_arr_time,11:55 a.m.,11:55 am.,typo_missing_letter,typos
29.0,sched_arr_time,2:59 p.m.,2:59 p.m.,typo_random_case,typos
1191.0,sched_arr_time,9:10 p.m.,9:10 p.mm.,typo_duplicated_letter,typos
751.0,sched_arr_time,3:19 p.m.,3:91 p.m.,typo_swapped_letters,typos
1537.0,sched_arr_time,9:35 a.m.,9:35  a.m.,typo_duplicated_letter,typos
405.0,sched_arr_time,9:24 a.m.,9:4 a.m.,typo_missing_letter,typos
1216.0,sched_arr_time,1:39 p.m.,1:39p.m.,typo_missing_letter,typos
1371.0,sched_arr_time,7:30 a.m.,7:30 a.m.,typo_random_case,typos
532.0,sched_arr_time,7:45 a.m.,7:45 a..m.,typo_duplicated_letter,typos
498.0,sched_arr_time,12:29 a.m.,122:29 a.m.,typo_duplicated_letter,typos
9.0,sched_arr_time,9:20 a.m.,9:20 am.,typo_missing_letter,typos
2067.0,sched_arr_time,10:06 a.m.,10:06a.m.,typo_missing_letter,typos
1810.0,sched_arr_time,7:35 p.m.,  7:35 p.m. ,typo_extra_whitespace,typos
521.0,sched_arr_time,2:35 p.m.,23:5 p.m.,typo_swapped_letters,typos
304.0,sched_arr_time,11:50 p.m.,1:50 p.m.,typo_missing_letter,typos
393.0,sched_arr_time,6:44 p.m.,  6:44 p.m. ,typo_extra_whitespace,typos
2051.0,sched_arr_time,10:15 p.m.,10:15 pm.,typo_missing_letter,typos
1443.0,sched_arr_time,8:22 p.m.,8:22 p.m.,typo_swapped_letters,typos
379.0,sched_arr_time,10:35 a.m.,10:35 A.M.,typo_random_case,typos
1249.0,sched_arr_time,9:20 a.m.,9:20 .am.,typo_swapped_letters,typos
987.0,sched_arr_time,9:10 p.m.,  9:10 p.m. ,typo_extra_whitespace,typos
95.0,sched_arr_time,3:15 p.m.,3:15 p.mm.,typo_duplicated_letter,typos
2174.0,sched_arr_time,7:55 p.m.,77:55 p.m.,typo_duplicated_letter,typos
1916.0,sched_arr_time,4:31 p.m.,4:31 p..m,typo_swapped_letters,typos
213.0,sched_arr_time,11:50 p.m.,11:50 pm.,typo_missing_letter,typos
47.0,sched_arr_time,3:30 p.m.,  3:30 p.m. ,typo_extra_whitespace,typos
1220.0,act_arr_time,6:15 p.m.,6:15 P.m.,typo_random_case,typos
2284.0,act_arr_time,3:33 p.m.,3:33 p..m,typo_swapped_letters,typos
561.0,act_arr_time,9:05 a.m.,9:0 5a.m.,typo_swapped_letters,typos
651.0,act_arr_time,11:32 a.m.,11:32 am.,typo_missing_letter,typos
1419.0,act_arr_time,6:19 a.m.,6:19 a.m.,typo_random_case,typos
378.0,act_arr_time,3:33 p.m.,3:33 p.mm.,typo_duplicated_letter,typos
1119.0,act_arr_time,9:31 a.m.,9:31a.m.,typo_missing_letter,typos
1466.0,act_arr_time,5:38 p.m.,5:38 p..m,typo_swapped_letters,typos
1433.0,act_arr_time,3:31 p.m.,  3:31 p.m. ,typo_extra_whitespace,typos
1034.0,act_arr_time,4:23 p.m.,4:23  p.m.,typo_duplicated_letter,typos
1410.0,act_arr_time,4:56 p.m.,4:56 p.m.,typo_random_case,typos
1207.0,act_arr_time,4:44 p.m.,  4:44 p.m. ,typo_extra_whitespace,typos
1519.0,act_arr_time,1:30 p.m.,1:30p.m.,typo_missing_letter,typos
1478.0,act_arr_time,3:16 p.m.,3:16 p.m.,typo_random_case,typos
424.0,act_arr_time,10:16 a.m.,  10:16 a.m. ,typo_extra_whitespace,typos
910.0,act_arr_time,3:14 p.m.,3:14 p..,typo_missing_letter,typos
212.0,act_arr_time,12:15 a.m.,  12:15 a.m. ,typo_extra_whitespace,typos
922.0,act_arr_time,11:56 a.m.,11:56  a.m.,typo_duplicated_letter,typos
1734.0,act_arr_time,1:15 p.m.,  1:15 p.m. ,typo_extra_whitespace,typos
1504.0,act_arr_time,9:56 a.m.,9:56 a.m.,typo_random_case,typos
1768.0,act_arr_time,6:55 a.m.,66:55 a.m.,typo_duplicated_letter,typos
360.0,act_arr_time,4:47 p.m.,:47 p.m.,typo_missing_letter,typos
814.0,act_arr_time,11:58 a.m.,11:58 a.m.,typo_random_case,typos
1762.0,act_arr_time,9:43 a.m.,  9:43 a.m. ,typo_extra_whitespace,typos
725.0,act_arr_time,6:36 p.m.,63:6 p.m.,typo_swapped_letters,typos
2357.0,act_arr_time,12:15 a.m.,1:215 a.m.,typo_swapped_letters,typos
951.0,act_arr_time,9:20 p.m.,9:20 p..m,typo_swapped_letters,typos
361.0,act_arr_time,4:09 p.m.,4:90 p.m.,typo_swapped_letters,typos
558.0,act_arr_time,8:03 p.m.,8:03 p.m.,typo_random_case,typos
321.0,act_arr_time,1:43 p.m.,1:43 pp.m.,typo_duplicated_letter,typos
2203.0,act_arr_time,7:51 a.m.,7:51 a..,typo_missing_letter,typos
1636.0,act_arr_time,7:40 a.m.,7:440 a.m.,typo_duplicated_letter,typos
177.0,act_arr_time,5:05 p.m.,5:05 p.m.,typo_random_case,typos
1159.0,act_arr_time,6:15 p.m.,6:1 p.m.,typo_missing_letter,typos
941.0,act_arr_time,4:17 p.m.,41:7 p.m.,typo_swapped_letters,typos
165.0,act_arr_time,1:19 p.m.,1:19 p..m.,typo_duplicated_letter,typos
1662.0,act_arr_time,9:28 a.m.,  9:28 a.m. ,typo_extra_whitespace,typos
1685.0,act_arr_time,8:03 p.m.,8:03 p.m.,typo_random_case,typos
931.0,act_arr_time,3:16 p.m.,  3:16 p.m. ,typo_extra_whitespace,typos
1551.0,act_arr_time,12:15 a.m.,12::15 a.m.,typo_duplicated_letter,typos
2086.0,act_arr_time,1:15 p.m.,1:15 p.m.,typo_random_case,typos
1870.0,act_arr_time,5:26 a.m.,5:2 a.m.,typo_missing_letter,typos
564.0,act_arr_time,10:56 a.m.,10:56 A.M.,typo_random_case,typos
1265.0,act_arr_time,10:36 a.m.,  10:36 a.m. ,typo_extra_whitespace,typos
410.0,act_arr_time,6:40 p.m.,6:40 pm.,typo_missing_letter,typos
640.0,act_arr_time,7:17 a.m.,7:17 a.m.,typo_random_case,typos
1751.0,act_arr_time,7:10 p.m.,  7:10 p.m. ,typo_extra_whitespace,typos
406.0,act_arr_time,3:50 p.m.,:350 p.m.,typo_swapped_letters,typos
737.0,act_arr_time,6:55 a.m.,6:55 a.m.,typo_random_case,typos
2079.0,act_arr_time,10:56 a.m.,  10:56 a.m. ,typo_extra_whitespace,typos
2280.0,act_arr_time,11:06 a.m.,  11:06 a.m. ,typo_extra_whitespace,typos
709.0,act_arr_time,11:06 a.m.,111:06 a.m.,typo_duplicated_letter,typos
430.0,act_arr_time,5:38 p.m.,5:38 .m.,typo_missing_letter,typos
535.0,act_arr_time,11:12 a.m.,11:12 a..m.,typo_duplicated_letter,typos
237.0,act_arr_time,8:06 a.m.,8:06 a.mm.,typo_duplicated_letter,typos
1007.0,act_arr_time,9:05 a.m.,  9:05 a.m. ,typo_extra_whitespace,typos
141.0,act_arr_time,2:27 p.m.,2:27 p.m.,typo_random_case,typos
2352.0,act_arr_time,6:38 p.m.,6:38 p..,typo_missing_letter,typos
2044.0,act_arr_time,12:50 p.m.,21:50 p.m.,typo_swapped_letters,typos
1830.0,act_arr_time,8:02 a.m.,  8:02 a.m. ,typo_extra_whitespace,typos
989.0,act_arr_time,9:32 a.m.,9:2 a.m.,typo_missing_letter,typos
541.0,act_arr_time,9:43 a.m.,9:43 a..,typo_missing_letter,typos
550.0,act_arr_time,6:28 p.m.,6:28 pm.,typo_missing_letter,typos
901.0,act_arr_time,2:27 p.m.,2:27p .m.,typo_swapped_letters,typos
2178.0,act_arr_time,4:47 p.m.,  4:47 p.m. ,typo_extra_whitespace,typos
2368.0,act_arr_time,6:43 p.m.,:43 p.m.,typo_missing_letter,typos
1494.0,act_arr_time,3:31 p.m.,3:31 .m.,typo_missing_letter,typos
2062.0,act_arr_time,5:26 a.m.,:526 a.m.,typo_swapped_letters,typos
1686.0,act_arr_time,11:06 a.m.,11:066 a.m.,typo_duplicated_letter,typos
1063.0,act_arr_time,5:38 p.m.,5:38 P.M.,typo_random_case,typos
1813.0,act_arr_time,10:47 a.m.,  10:47 a.m. ,typo_extra_whitespace,typos
282.0,act_arr_time,11:06 a.m.,11:06 am..,typo_swapped_letters,typos
2049.0,act_arr_time,3:14 p.m.,3:14 p.m.,typo_random_case,typos
1942.0,act_arr_time,6:15 p.m.,  6:15 p.m. ,typo_extra_whitespace,typos
1023.0,act_arr_time,11:32 a.m.,11:32 a..,typo_missing_letter,typos
1375.0,act_arr_time,7:36 p.m.,7:36 .m.,typo_missing_letter,typos
490.0,act_arr_time,9:53 p.m.,9:53 p.m.,typo_random_case,typos
157.0,act_arr_time,5:17 p.m.,5:17 p..m,typo_swapped_letters,typos
501.0,act_arr_time,10:04 a.m.,10:04 aa.m.,typo_duplicated_letter,typos
1507.0,act_arr_time,1:40 p.m.,  1:40 p.m. ,typo_extra_whitespace,typos
1628.0,act_arr_time,8:45 a.m.,8:54 a.m.,typo_swapped_letters,typos
288.0,act_arr_time,3:16 p.m.,3:16 P.m.,typo_random_case,typos
98.0,act_arr_time,12:09 p.m.,12:09 p.m.,typo_random_case,typos
2363.0,act_arr_time,3:43 p.m.,3:43 P.M.,typo_random_case,typos
2172.0,act_arr_time,9:56 a.m.,9:56 A.M.,typo_random_case,typos
2143.0,act_arr_time,5:38 p.m.,  5:38 p.m. ,typo_extra_whitespace,typos
1111.0,act_arr_time,3:33 p.m.,:333 p.m.,typo_swapped_letters,typos
790.0,act_arr_time,6:19 a.m.,6:199 a.m.,typo_duplicated_letter,typos
2312.0,act_arr_time,3:13 p.m.,3:13 p.m.,typo_random_case,typos
1647.0,act_arr_time,4:23 p.m.,4:23 .m.,typo_missing_letter,typos
1270.0,act_arr_time,7:58 p.m.,:758 p.m.,typo_swapped_letters,typos
311.0,act_arr_time,8:45 a.m.,8:45 a.mm.,typo_duplicated_letter,typos
416.0,act_arr_time,11:56 a.m.,11:6 a.m.,typo_missing_letter,typos
134.0,act_arr_time,11:01 a.m.,11:01 a.m.,typo_swapped_letters,typos
2100.0,act_arr_time,7:55 p.m.,7:55 p..,typo_missing_letter,typos
374.0,act_arr_time,8:03 p.m.,80:3 p.m.,typo_swapped_letters,typos
1003.0,act_arr_time,9:56 a.m.,9:5 a.m.,typo_missing_letter,typos
2214.0,act_arr_time,4:17 p.m.,4:17 p.m.,typo_random_case,typos
524.0,act_arr_time,8:06 a.m.,8:06 a.m.,typo_random_case,typos
1638.0,act_arr_time,7:51 a.m.,7:51 a..,typo_missing_letter,typos
847.0,act_arr_time,1:15 p.m.,1:15 pm..,typo_swapped_letters,typos
1724.0,act_arr_time,6:36 p.m.,6:336 p.m.,typo_duplicated_letter,typos
1852.0,act_arr_time,12:50 p.m.,122:50 p.m.,typo_duplicated_letter,typos
1651.0,act_arr_time,4:56 p.m.,:456 p.m.,typo_swapped_letters,typos
428.0,act_arr_time,2:27 p.m.,  2:27 p.m. ,typo_extra_whitespace,typos
1814.0,act_arr_time,3:04 p.m.,  3:04 p.m. ,typo_extra_whitespace,typos
269.0,act_arr_time,4:09 p.m.,4:09  p.m.,typo_duplicated_letter,typos
277.0,act_arr_time,3:30 p.m.,3:30 pm.,typo_missing_letter,typos
671.0,act_arr_time,10:36 a.m.,10:36 a.m.,typo_random_case,typos
885.0,act_arr_time,9:20 p.m.,92:0 p.m.,typo_swapped_letters,typos
146.0,act_arr_time,6:36 p.m.,6:36 pm.,typo_missing_letter,typos
2372.0,act_arr_time,12:50 p.m.,12:500 p.m.,typo_duplicated_letter,typos
752.0,act_arr_time,2:10 p.m.,2:10 pp.m.,typo_duplicated_letter,typos
1188.0,act_arr_time,2:46 p.m.,2:6 p.m.,typo_missing_letter,typos
2225.0,act_arr_time,5:11 a.m.,5:1 1a.m.,typo_swapped_letters,typos
309.0,act_arr_time,3:50 p.m.,3:50 p.m.,typo_random_case,typos
2077.0,act_arr_time,5:05 p.m.,5:05 p.m.,typo_random_case,typos
1853.0,act_arr_time,7:40 a.m.,  7:40 a.m. ,typo_extra_whitespace,typos
124.0,act_arr_time,8:02 a.m.,8:02 A.m.,typo_random_case,typos
75.0,act_arr_time,1:14 p.m.,1:14 p.m.,typo_random_case,typos
828.0,act_arr_time,9:56 a.m.,9:65 a.m.,typo_swapped_letters,typos
489.0,act_arr_time,7:36 p.m.,7:36 P.M.,typo_random_case,typos
2240.0,act_arr_time,10:16 a.m.,10:1 6a.m.,typo_swapped_letters,typos
721.0,act_arr_time,5:26 p.m.,  5:26 p.m. ,typo_extra_whitespace,typos
289.0,act_arr_time,12:21 a.m.,12:221 a.m.,typo_duplicated_letter,typos
1074.0,act_arr_time,9:43 a.m.,  9:43 a.m. ,typo_extra_whitespace,typos
846.0,act_arr_time,5:42 p.m.,5:4 p.m.,typo_missing_letter,typos
192.0,act_arr_time,10:36 a.m.,10:36  a.m.,typo_duplicated_letter,typos
954.0,act_arr_time,11:06 a.m.,11:06 .m.,typo_missing_letter,typos
1474.0,act_arr_time,6:19 a.m.,6:19 a.m.,typo_random_case,typos
1733.0,act_arr_time,3:21 p.m.,3:21 P.M.,typo_random_case,typos
869.0,act_arr_time,2:50 p.m.,2:50 p.m.,typo_random_case,typos
1660.0,act_arr_time,7:58 p.m.,  7:58 p.m. ,typo_extra_whitespace,typos
1299.0,act_arr_time,9:20 p.m.,99:20 p.m.,typo_duplicated_letter,typos
536.0,act_arr_time,3:14 p.m.,3:14 p.m.,typo_random_case,typos
1049.0,act_arr_time,4:44 p.m.,4:44 pp.m.,typo_duplicated_letter,typos
476.0,act_arr_time,2:46 p.m.,2:46p.m.,typo_missing_letter,typos
937.0,act_arr_time,6:34 p.m.,6:34 p.m.,typo_random_case,typos
675.0,act_arr_time,7:58 p.m.,7:58  p.m.,typo_duplicated_letter,typos
1539.0,act_arr_time,11:06 a.m.,11:006 a.m.,typo_duplicated_letter,typos
1269.0,act_arr_time,12:21 a.m.,1:221 a.m.,typo_swapped_letters,typos
95.0,act_arr_time,3:16 p.m.,31:6 p.m.,typo_swapped_letters,typos
1020.0,act_arr_time,2:27 p.m.,227 p.m.,typo_missing_letter,typos
386.0,act_arr_time,7:51 a.m.,77:51 a.m.,typo_duplicated_letter,typos
1238.0,act_arr_time,1:19 p.m.,  1:19 p.m. ,typo_extra_whitespace,typos
458.0,act_arr_time,7:10 p.m.,  7:10 p.m. ,typo_extra_whitespace,typos
1053.0,act_arr_time,11:06 a.m.,  11:06 a.m. ,typo_extra_whitespace,typos
2201.0,act_arr_time,7:58 p.m.,7:8 p.m.,typo_missing_letter,typos
1670.0,act_arr_time,7:39 p.m.,7:39 p.m.,typo_random_case,typos
683.0,act_arr_time,6:34 p.m.,6:34 pm..,typo_swapped_letters,typos
2304.0,act_arr_time,3:50 p.m.,  3:50 p.m. ,typo_extra_whitespace,typos
2058.0,act_arr_time,3:31 p.m.,3:331 p.m.,typo_duplicated_letter,typos
1645.0,act_arr_time,8:53 p.m.,8:553 p.m.,typo_duplicated_letter,typos
413.0,act_arr_time,9:20 p.m.,9:200 p.m.,typo_duplicated_letter,typos
1136.0,act_arr_time,9:13 a.m.,9:3 a.m.,typo_missing_letter,typos
1527.0,act_arr_time,5:34 p.m.,5::34 p.m.,typo_duplicated_letter,typos
1894.0,act_arr_time,9:52 p.m.,  9:52 p.m. ,typo_extra_whitespace,typos
1792.0,act_arr_time,2:10 p.m.,  2:10 p.m. ,typo_extra_whitespace,typos
205.0,act_arr_time,10:47 a.m.,10:47 a..,typo_missing_letter,typos
740.0,act_arr_time,2:50 p.m.,2:50 .pm.,typo_swapped_letters,typos
2281.0,act_arr_time,9:52 p.m.,9:522 p.m.,typo_duplicated_letter,typos
1426.0,act_arr_time,10:29 p.m.,102:9 p.m.,typo_swapped_letters,typos
388.0,act_arr_time,7:55 p.m.,7:55 .pm.,typo_swapped_letters,typos
1271.0,act_arr_time,12:09 p.m.,1:09 p.m.,typo_missing_letter,typos
805.0,act_arr_time,7:25 p.m.,  7:25 p.m. ,typo_extra_whitespace,typos
1528.0,act_arr_time,3:33 p.m.,  3:33 p.m. ,typo_extra_whitespace,typos
1459.0,act_arr_time,12:29 a.m.,12:29 a.m.,typo_random_case,typos
318.0,act_arr_time,5:43 p.m.,5:43  p.m.,typo_duplicated_letter,typos
1731.0,act_arr_time,6:28 p.m.,6:228 p.m.,typo_duplicated_letter,typos
16.0,act_arr_time,2:10 p.m.,2:10 P.m.,typo_random_case,typos
1369.0,act_arr_time,7:58 p.m.,7:85 p.m.,typo_swapped_letters,typos
1780.0,act_arr_time,11:32 a.m.,11:32 .m.,typo_missing_letter,typos
2117.0,act_arr_time,3:50 p.m.,  3:50 p.m. ,typo_extra_whitespace,typos
278.0,act_arr_time,5:26 a.m.,5:26 .am.,typo_swapped_letters,typos
866.0,act_arr_time,10:47 a.m.,10:74 a.m.,typo_swapped_letters,typos
2360.0,act_arr_time,11:44 a.m.,111:44 a.m.,typo_duplicated_letter,typos
1595.0,act_arr_time,6:28 p.m.,  6:28 p.m. ,typo_extra_whitespace,typos
1026.0,act_arr_time,7:58 p.m.,7:58 pm.,typo_missing_letter,typos
150.0,act_arr_time,9:32 a.m.,9:32a.m.,typo_missing_letter,typos
1248.0,act_arr_time,1:14 p.m.,1:4 p.m.,typo_missing_letter,typos
1235.0,act_arr_time,5:26 a.m.,5:26 A.M.,typo_random_case,typos
426.0,act_arr_time,8:06 a.m.,  8:06 a.m. ,typo_extra_whitespace,typos
2106.0,act_arr_time,3:04 p.m.,3:04 p..,typo_missing_letter,typos
2228.0,act_arr_time,2:00 p.m.,  2:00 p.m. ,typo_extra_whitespace,typos
1873.0,act_arr_time,1:19 p.m.,1:19 .m.,typo_missing_letter,typos
1782.0,act_arr_time,4:09 p.m.,:09 p.m.,typo_missing_letter,typos
2325.0,act_arr_time,7:25 p.m.,  7:25 p.m. ,typo_extra_whitespace,typos
590.0,act_arr_time,7:36 p.m.,7:36 .m.,typo_missing_letter,typos
587.0,act_arr_time,7:55 p.m.,7:55  p.m.,typo_duplicated_letter,typos
1882.0,act_arr_time,9:05 a.m.,  9:05 a.m. ,typo_extra_whitespace,typos
1890.0,act_arr_time,7:40 a.m.,7:40 a.m.,typo_random_case,typos
579.0,act_arr_time,11:32 a.m.,  11:32 a.m. ,typo_extra_whitespace,typos
477.0,act_arr_time,5:34 p.m.,5:34 p..m,typo_swapped_letters,typos
795.0,act_arr_time,9:05 a.m.,9:05 A.m.,typo_random_case,typos
1481.0,act_arr_time,11:58 a.m.,11:58 a.m.,typo_random_case,typos
68.0,act_arr_time,9:45 a.m.,  9:45 a.m. ,typo_extra_whitespace,typos
1663.0,act_arr_time,10:29 p.m.,10::29 p.m.,typo_duplicated_letter,typos
2316.0,act_arr_time,5:38 p.m.,5:38 p.m.,typo_random_case,typos
1037.0,act_arr_time,12:15 a.m.,12:15 A.m.,typo_random_case,typos
96.0,act_arr_time,12:21 a.m.,12:21 a..m,typo_swapped_letters,typos
1017.0,act_arr_time,2:10 p.m.,2:10 pm..,typo_swapped_letters,typos
197.0,act_arr_time,12:09 p.m.,  12:09 p.m. ,typo_extra_whitespace,typos
1422.0,act_arr_time,4:09 p.m.,  4:09 p.m. ,typo_extra_whitespace,typos
2189.0,act_arr_time,2:10 p.m.,:10 p.m.,typo_missing_letter,typos
284.0,act_arr_time,2:46 p.m.,22:46 p.m.,typo_duplicated_letter,typos
1979.0,act_arr_time,10:56 a.m.,10:56 a.mm.,typo_duplicated_letter,typos
2262.0,act_arr_time,9:14 a.m.,:914 a.m.,typo_swapped_letters,typos
968.0,act_arr_time,3:14 p.m.,31:4 p.m.,typo_swapped_letters,typos
1164.0,act_arr_time,12:50 p.m.,  12:50 p.m. ,typo_extra_whitespace,typos
196.0,act_arr_time,7:58 p.m.,7:58 p.m.,typo_random_case,typos
1105.0,act_arr_time,5:42 p.m.,5:42 P.m.,typo_random_case,typos
714.0,act_arr_time,10:16 a.m.,10:16 a.m.,typo_random_case,typos
190.0,act_arr_time,5:34 p.m.,534 p.m.,typo_missing_letter,typos
1887.0,act_arr_time,11:56 a.m.,11:65 a.m.,typo_swapped_letters,typos
1590.0,act_arr_time,7:25 p.m.,7:25 P.m.,typo_random_case,typos
961.0,act_arr_time,6:43 p.m.,6:4 p.m.,typo_missing_letter,typos
1860.0,act_arr_time,9:28 a.m.,9:28 a.m.,typo_random_case,typos
1553.0,act_arr_time,10:04 a.m.,10:04 A.m.,typo_random_case,typos
2041.0,act_arr_time,11:06 a.m.,11:06 am..,typo_swapped_letters,typos
1129.0,act_arr_time,4:17 p.m.,  4:17 p.m. ,typo_extra_whitespace,typos
912.0,act_arr_time,7:25 p.m.,7:25p.m.,typo_missing_letter,typos
2000.0,act_arr_time,7:55 p.m.,755 p.m.,typo_missing_letter,typos
625.0,act_arr_time,12:50 p.m.,12:50  p.m.,typo_duplicated_letter,typos
569.0,act_arr_time,7:40 a.m.,7:40 am..,typo_swapped_letters,typos
1194.0,act_arr_time,12:09 p.m.,12:09  p.m.,typo_duplicated_letter,typos
712.0,act_arr_time,12:09 p.m.,12:09 p.m.,typo_random_case,typos
509.0,act_arr_time,8:02 a.m.,8:02 a.m.,typo_random_case,typos
1908.0,act_arr_time,7:55 p.m.,7:55 p..m,typo_swapped_letters,typos
2216.0,act_arr_time,12:29 a.m.,12:29 A.m.,typo_random_case,typos
776.0,act_arr_time,9:13 a.m.,9:13 .am.,typo_swapped_letters,typos
992.0,act_arr_time,9:43 a.m.,9:43a.m.,typo_missing_letter,typos
963.0,act_arr_time,6:15 p.m.,6:15 .m.,typo_missing_letter,typos
1036.0,act_arr_time,12:29 a.m.,  12:29 a.m. ,typo_extra_whitespace,typos
1718.0,act_arr_time,3:13 p.m.,  3:13 p.m. ,typo_extra_whitespace,typos
1341.0,act_arr_time,9:45 a.m.,  9:45 a.m. ,typo_extra_whitespace,typos
443.0,act_arr_time,3:16 p.m.,3:16 P.m.,typo_random_case,typos
2055.0,act_arr_time,10:30 p.m.,10:30  p.m.,typo_duplicated_letter,typos
991.0,act_arr_time,11:58 a.m.,11:58 a.m.,typo_random_case,typos
724.0,act_arr_time,7:40 a.m.,7:40a .m.,typo_swapped_letters,typos
1756.0,act_arr_time,7:17 a.m.,:17 a.m.,typo_missing_letter,typos
1948.0,act_arr_time,6:19 a.m.,6:19 .m.,typo_missing_letter,typos
1109.0,act_arr_time,2:46 p.m.,2:46 pm..,typo_swapped_letters,typos
2163.0,act_arr_time,3:31 p.m.,3:31 p.m.,typo_random_case,typos
1484.0,act_arr_time,11:12 a.m.,11:12 a.mm.,typo_duplicated_letter,typos
1033.0,act_arr_time,3:04 p.m.,304 p.m.,typo_missing_letter,typos
1493.0,act_arr_time,5:17 p.m.,5:1 p.m.,typo_missing_letter,typos
1922.0,act_arr_time,4:47 p.m.,  4:47 p.m. ,typo_extra_whitespace,typos
2132.0,act_arr_time,11:01 a.m.,1:101 a.m.,typo_swapped_letters,typos
283.0,act_arr_time,2:27 p.m.,2:27  p.m.,typo_duplicated_letter,typos
2005.0,act_arr_time,10:47 a.m.,10:47 aa.m.,typo_duplicated_letter,typos
607.0,act_arr_time,5:11 a.m.,  5:11 a.m. ,typo_extra_whitespace,typos
2149.0,act_arr_time,3:14 p.m.,3::14 p.m.,typo_duplicated_letter,typos
927.0,act_arr_time,1:27 p.m.,1:27 p.m.,typo_random_case,typos
2272.0,act_arr_time,8:06 a.m.,88:06 a.m.,typo_duplicated_letter,typos
429.0,act_arr_time,5:26 p.m.,5:26 .pm.,typo_swapped_letters,typos
841.0,act_arr_time,11:56 a.m.,111:56 a.m.,typo_duplicated_letter,typos
613.0,act_arr_time,3:43 p.m.,3:43 .pm.,typo_swapped_letters,typos
2060.0,act_arr_time,6:55 a.m.,6:555 a.m.,typo_duplicated_letter,typos
1585.0,act_arr_time,11:12 a.m.,11:12 .m.,typo_missing_letter,typos
61.0,act_arr_time,7:17 a.m.,  7:17 a.m. ,typo_extra_whitespace,typos
962.0,act_arr_time,4:56 p.m.,4:56 .pm.,typo_swapped_letters,typos
138.0,act_arr_time,6:43 p.m.,66:43 p.m.,typo_duplicated_letter,typos
793.0,act_arr_time,10:04 a.m.,10:04 aa.m.,typo_duplicated_letter,typos
1100.0,act_arr_time,11:56 a.m.,11:56 A.M.,typo_random_case,typos
1263.0,act_arr_time,5:34 p.m.,55:34 p.m.,typo_duplicated_letter,typos
1357.0,act_arr_time,2:10 p.m.,2:10 p.mm.,typo_duplicated_letter,typos
1327.0,act_arr_time,9:43 a.m.,  9:43 a.m. ,typo_extra_whitespace,typos
145.0,act_arr_time,7:40 a.m.,7:40a.m.,typo_missing_letter,typos
2020.0,act_arr_time,5:11 a.m.,5:11 A.m.,typo_random_case,typos
371.0,act_arr_time,2:10 p.m.,22:10 p.m.,typo_duplicated_letter,typos
1425.0,act_arr_time,4:23 p.m.,4:23 P.M.,typo_random_case,typos
1073.0,act_arr_time,11:58 a.m.,11:5 8a.m.,typo_swapped_letters,typos
1571.0,act_arr_time,11:01 a.m.,111:01 a.m.,typo_duplicated_letter,typos
1246.0,act_arr_time,4:47 p.m.,  4:47 p.m. ,typo_extra_whitespace,typos
2168.0,act_arr_time,6:28 p.m.,6:28 .m.,typo_missing_letter,typos
210.0,act_arr_time,5:50 a.m.,5:500 a.m.,typo_duplicated_letter,typos
1938.0,act_arr_time,3:13 p.m.,  3:13 p.m. ,typo_extra_whitespace,typos
303.0,act_arr_time,12:15 a.m.,1215 a.m.,typo_missing_letter,typos
1233.0,act_arr_time,6:55 a.m.,  6:55 a.m. ,typo_extra_whitespace,typos
1141.0,act_arr_time,6:40 p.m.,6:40 pm.,typo_missing_letter,typos
594.0,act_arr_time,3:04 p.m.,3:04p .m.,typo_swapped_letters,typos
340.0,act_arr_time,11:58 a.m.,11:58 .m.,typo_missing_letter,typos
2108.0,act_arr_time,2:50 p.m.,2:50 P.m.,typo_random_case,typos
919.0,act_arr_time,9:45 a.m.,  9:45 a.m. ,typo_extra_whitespace,typos
1489.0,act_arr_time,9:28 a.m.,9:28 A.m.,typo_random_case,typos
1856.0,act_arr_time,11:12 a.m.,11:12 A.m.,typo_random_case,typos
1043.0,act_arr_time,3:50 p.m.,3:50p.m.,typo_missing_letter,typos
1418.0,act_arr_time,6:36 p.m.,6:36 p..m,typo_swapped_letters,typos
1462.0,act_arr_time,6:15 p.m.,6:15 .m.,typo_missing_letter,typos
242.0,act_arr_time,5:26 p.m.,5:26 p..,typo_missing_letter,typos
1764.0,act_arr_time,3:16 p.m.,  3:16 p.m. ,typo_extra_whitespace,typos
1833.0,act_arr_time,4:44 p.m.,  4:44 p.m. ,typo_extra_whitespace,typos
2255.0,act_arr_time,9:32 a.m.,  9:32 a.m. ,typo_extra_whitespace,typos
118.0,act_arr_time,9:13 a.m.,913 a.m.,typo_missing_letter,typos
1022.0,act_arr_time,10:36 a.m.,1:036 a.m.,typo_swapped_letters,typos
1358.0,act_arr_time,5:42 p.m.,5:42 p..,typo_missing_letter,typos
888.0,act_arr_time,11:56 a.m.,  11:56 a.m. ,typo_extra_whitespace,typos
713.0,act_arr_time,3:13 p.m.,3::13 p.m.,typo_duplicated_letter,typos
1131.0,act_arr_time,12:29 a.m.,  12:29 a.m. ,typo_extra_whitespace,typos
849.0,act_arr_time,9:52 p.m.,9:5 p.m.,typo_missing_letter,typos
716.0,act_arr_time,8:06 a.m.,8:06a .m.,typo_swapped_letters,typos
2286.0,act_arr_time,7:25 p.m.,7:25 p.mm.,typo_duplicated_letter,typos
2021.0,act_arr_time,6:40 p.m.,6:40 p.m.,typo_random_case,typos
401.0,act_arr_time,12:15 a.m.,12:15 A.m.,typo_random_case,typos
2175.0,act_arr_time,1:40 p.m.,1:40 P.M.,typo_random_case,typos
661.0,act_arr_time,1:30 p.m.,  1:30 p.m. ,typo_extra_whitespace,typos
1355.0,act_arr_time,1:30 p.m.,1:30 pp.m.,typo_duplicated_letter,typos
1359.0,act_arr_time,1:15 p.m.,:15 p.m.,typo_missing_letter,typos
2233.0,act_arr_time,3:43 p.m.,  3:43 p.m. ,typo_extra_whitespace,typos
390.0,act_arr_time,6:38 p.m.,  6:38 p.m. ,typo_extra_whitespace,typos
1071.0,act_arr_time,10:29 p.m.,110:29 p.m.,typo_duplicated_letter,typos
19.0,act_arr_time,2:27 p.m.,2:27 p.m.,typo_random_case,typos
2144.0,act_arr_time,12:50 p.m.,  12:50 p.m. ,typo_extra_whitespace,typos
1092.0,act_arr_time,11:32 a.m.,113:2 a.m.,typo_swapped_letters,typos
731.0,act_arr_time,10:29 p.m.,1:029 p.m.,typo_swapped_letters,typos
482.0,act_arr_time,12:21 a.m.,12:2 1a.m.,typo_swapped_letters,typos
1523.0,act_arr_time,1:15 p.m.,1:1 5p.m.,typo_swapped_letters,typos
1674.0,act_arr_time,9:05 a.m.,9:05 a.m.,typo_random_case,typos
313.0,act_arr_time,2:00 p.m.,2:00 pp.m.,typo_duplicated_letter,typos
1928.0,act_arr_time,5:11 a.m.,  5:11 a.m. ,typo_extra_whitespace,typos
899.0,act_arr_time,4:56 p.m.,4:56 P.M.,typo_random_case,typos
512.0,act_arr_time,4:44 p.m.,:444 p.m.,typo_swapped_letters,typos
2231.0,act_arr_time,7:10 p.m.,7:10 p.m.,typo_random_case,typos
76.0,act_arr_time,9:05 a.m.,  9:05 a.m. ,typo_extra_whitespace,typos
1199.0,act_arr_time,5:50 a.m.,5:500 a.m.,typo_duplicated_letter,typos
600.0,act_arr_time,11:50 p.m.,1:50 p.m.,typo_missing_letter,typos
759.0,act_arr_time,8:53 p.m.,8:553 p.m.,typo_duplicated_letter,typos
400.0,act_arr_time,12:29 a.m.,122:29 a.m.,typo_duplicated_letter,typos
1222.0,act_arr_time,11:12 a.m.,11:12a .m.,typo_swapped_letters,typos
153.0,act_arr_time,11:58 a.m.,11:588 a.m.,typo_duplicated_letter,typos
195.0,act_arr_time,12:21 a.m.,12:21 aa.m.,typo_duplicated_letter,typos
1429.0,act_arr_time,10:27 a.m.,10:27 a.m.,typo_random_case,typos
114.0,act_arr_time,12:15 a.m.,  12:15 a.m. ,typo_extra_whitespace,typos
2142.0,act_arr_time,5:26 p.m.,5:26 .m.,typo_missing_letter,typos
292.0,act_arr_time,7:51 a.m.,751 a.m.,typo_missing_letter,typos
1024.0,act_arr_time,8:53 p.m.,  8:53 p.m. ,typo_extra_whitespace,typos
2095.0,act_arr_time,12:21 a.m.,1:221 a.m.,typo_swapped_letters,typos
2124.0,act_arr_time,9:20 p.m.,:20 p.m.,typo_missing_letter,typos
1601.0,act_arr_time,5:05 p.m.,5:0 p.m.,typo_missing_letter,typos
1974.0,act_arr_time,4:09 p.m.,:409 p.m.,typo_swapped_letters,typos
2230.0,act_arr_time,4:44 p.m.,4:444 p.m.,typo_duplicated_letter,typos
229.0,act_arr_time,5:43 p.m.,5:43 p..m,typo_swapped_letters,typos
31.0,act_arr_time,5:50 a.m.,5:50 a.m.,typo_random_case,typos
810.0,act_arr_time,12:09 p.m.,12:09 pp.m.,typo_duplicated_letter,typos
1854.0,act_arr_time,6:36 p.m.,6:36 p..m.,typo_duplicated_letter,typos
515.0,act_arr_time,3:43 p.m.,34:3 p.m.,typo_swapped_letters,typos
449.0,act_arr_time,5:26 a.m.,  5:26 a.m. ,typo_extra_whitespace,typos
1906.0,act_arr_time,7:51 a.m.,  7:51 a.m. ,typo_extra_whitespace,typos
1549.0,act_arr_time,5:50 a.m.,5:50 .m.,typo_missing_letter,typos
364.0,act_arr_time,5:05 p.m.,5:05 .m.,typo_missing_letter,typos
1787.0,act_arr_time,10:56 a.m.,10:56 am..,typo_swapped_letters,typos
194.0,act_arr_time,8:53 p.m.,  8:53 p.m. ,typo_extra_whitespace,typos
718.0,act_arr_time,6:15 p.m.,  6:15 p.m. ,typo_extra_whitespace,typos
2155.0,act_arr_time,9:32 a.m.,9:32 a..,typo_missing_letter,typos
1806.0,act_arr_time,7:51 a.m.,7:5 1a.m.,typo_swapped_letters,typos
437.0,act_arr_time,9:32 a.m.,9:2 a.m.,typo_missing_letter,typos
932.0,act_arr_time,12:21 a.m.,12:21 A.M.,typo_random_case,typos
2374.0,act_arr_time,6:19 a.m.,6:1 9a.m.,typo_swapped_letters,typos
1362.0,act_arr_time,2:46 p.m.,:46 p.m.,typo_missing_letter,typos
1370.0,act_arr_time,12:09 p.m.,12:09p .m.,typo_swapped_letters,typos
1534.0,act_arr_time,7:58 p.m.,7:5 p.m.,typo_missing_letter,typos
1064.0,act_arr_time,12:50 p.m.,12:50 P.M.,typo_random_case,typos
1589.0,act_arr_time,9:43 a.m.,9:433 a.m.,typo_duplicated_letter,typos
1427.0,act_arr_time,9:14 a.m.,  9:14 a.m. ,typo_extra_whitespace,typos
294.0,act_arr_time,6:38 p.m.,6:38 pp.m.,typo_duplicated_letter,typos
682.0,act_arr_time,9:53 p.m.,9:5 p.m.,typo_missing_letter,typos
276.0,act_arr_time,8:06 a.m.,8:06 a.mm.,typo_duplicated_letter,typos
419.0,act_arr_time,11:06 a.m.,11:06 am.,typo_missing_letter,typos
2195.0,act_arr_time,5:34 p.m.,55:34 p.m.,typo_duplicated_letter,typos
439.0,act_arr_time,9:28 a.m.,9:28 a.m.,typo_random_case,typos
679.0,act_arr_time,7:55 p.m.,:55 p.m.,typo_missing_letter,typos
1113.0,act_arr_time,7:25 p.m.,72:5 p.m.,typo_swapped_letters,typos
576.0,act_arr_time,5:34 p.m.,5:34 P.m.,typo_random_case,typos
1281.0,act_arr_time,3:04 p.m.,  3:04 p.m. ,typo_extra_whitespace,typos
755.0,act_arr_time,2:46 p.m.,  2:46 p.m. ,typo_extra_whitespace,typos
2035.0,act_arr_time,10:16 a.m.,10:6 a.m.,typo_missing_letter,typos
226.0,act_arr_time,7:10 p.m.,7:10 P.m.,typo_random_case,typos
448.0,act_arr_time,7:17 a.m.,7:17 a.m.,typo_random_case,typos
1253.0,act_arr_time,11:56 a.m.,111:56 a.m.,typo_duplicated_letter,typos
1544.0,act_arr_time,10:47 a.m.,10::47 a.m.,typo_duplicated_letter,typos
