row_id,column,original_value,injected_value,error_type,error_family
51,sched_dep_time,7:10 a.m.,,real_world,missing_values
53,sched_dep_time,6:40 a.m.,,real_world,missing_values
54,sched_dep_time,8:00 a.m.,,real_world,missing_values
55,sched_dep_time,8:41 a.m.,,real_world,missing_values
56,sched_dep_time,7:45 p.m.,,real_world,missing_values
57,sched_dep_time,3:27 p.m.,,real_world,missing_values
59,sched_dep_time,11:25 a.m.,,real_world,missing_values
60,sched_dep_time,10:39 a.m.,,real_world,missing_values
61,sched_dep_time,11:25 p.m.,,real_world,missing_values
62,sched_dep_time,6:00 a.m.,,real_world,missing_values
64,sched_dep_time,4:00 p.m.,,real_world,missing_values
67,sched_dep_time,9:05 a.m.,,real_world,missing_values
68,sched_dep_time,8:15 a.m.,,real_world,missing_values
69,sched_dep_time,7:00 a.m.,,real_world,missing_values
70,sched_dep_time,4:15 p.m.,,real_world,missing_values
71,sched_dep_time,10:45 a.m.,,real_world,missing_values
74,sched_dep_time,2:55 p.m.,,real_world,missing_values
75,sched_dep_time,11:50 a.m.,,real_world,missing_values
77,sched_dep_time,6:00 a.m.,,real_world,missing_values
78,sched_dep_time,11:05 a.m.,,real_world,missing_values
81,sched_dep_time,10:15 a.m.,,real_world,missing_values
82,sched_dep_time,1:00 p.m.,,real_world,missing_values
83,sched_dep_time,7:53 a.m.,,real_world,missing_values
84,sched_dep_time,12:30 p.m.,,real_world,missing_values
85,sched_dep_time,11:45 a.m.,,real_world,missing_values
86,sched_dep_time,2:30 p.m.,,real_world,missing_values
87,sched_dep_time,12:00 a.m.,,real_world,missing_values
90,sched_dep_time,10:40 a.m.,,real_world,missing_values
91,sched_dep_time,12:57 p.m.,,real_world,missing_values
93,sched_dep_time,7:15 a.m.,,real_world,missing_values
94,sched_dep_time,6:30 p.m.,,real_world,missing_values
95,sched_dep_time,6:45 p.m.,,real_world,missing_values
96,sched_dep_time,12:00 p.m.,,real_world,missing_values
98,sched_dep_time,1:55 p.m.,,real_world,missing_values
100,sched_dep_time,6:00 a.m.,,real_world,missing_values
101,sched_dep_time,7:10 a.m.,,real_world,missing_values
102,sched_dep_time,4:55 p.m.,,real_world,missing_values
103,sched_dep_time,7:25 a.m.,,real_world,missing_values
104,sched_dep_time,3:50 p.m.,,real_world,missing_values
105,sched_dep_time,4:16 p.m.,,real_world,missing_values
106,sched_dep_time,8:00 p.m.,,real_world,missing_values
108,sched_dep_time,7:05 a.m.,,real_world,missing_values
109,sched_dep_time,10:40 a.m.,,real_world,missing_values
110,sched_dep_time,1:33 p.m.,,real_world,missing_values
111,sched_dep_time,12:15 p.m.,,real_world,missing_values
113,sched_dep_time,11:55 p.m.,,real_world,missing_values
114,sched_dep_time,4:25 p.m.,,real_world,missing_values
115,sched_dep_time,9:00 p.m.,,real_world,missing_values
116,sched_dep_time,8:25 p.m.,,real_world,missing_values
117,sched_dep_time,6:59 a.m.,,real_world,missing_values
118,sched_dep_time,8:35 a.m.,,real_world,missing_values
119,sched_dep_time,8:29 a.m.,,real_world,missing_values
120,sched_dep_time,1:30 p.m.,,real_world,missing_values
122,sched_dep_time,7:35 a.m.,,real_world,missing_values
124,sched_dep_time,5:30 p.m.,,real_world,missing_values
125,sched_dep_time,1:45 p.m.,,real_world,missing_values
126,sched_dep_time,11:15 a.m.,,real_world,missing_values
127,sched_dep_time,8:20 p.m.,,real_world,missing_values
128,sched_dep_time,2:55 p.m.,,real_world,missing_values
131,sched_dep_time,2:35 p.m.,,real_world,missing_values
132,sched_dep_time,2:55 p.m.,,real_world,missing_values
133,sched_dep_time,7:15 a.m.,,real_world,missing_values
134,sched_dep_time,12:10 p.m.,,real_world,missing_values
135,sched_dep_time,7:55 a.m.,,real_world,missing_values
136,sched_dep_time,9:05 a.m.,9:05 a.m. (-00:00),real_world,typos
137,sched_dep_time,1:05 p.m.,,real_world,missing_values
138,sched_dep_time,8:35 a.m.,,real_world,missing_values
139,sched_dep_time,3:05 p.m.,,real_world,missing_values
140,sched_dep_time,7:30 a.m.,,real_world,missing_values
141,sched_dep_time,4:00 p.m.,,real_world,missing_values
142,sched_dep_time,11:35 a.m.,,real_world,missing_values
144,sched_dep_time,11:55 a.m.,,real_world,missing_values
145,sched_dep_time,10:40 a.m.,,real_world,missing_values
146,sched_dep_time,6:45 a.m.,,real_world,missing_values
148,sched_dep_time,6:00 a.m.,,real_world,missing_values
149,sched_dep_time,7:10 a.m.,,real_world,missing_values
150,sched_dep_time,7:10 a.m.,,real_world,missing_values
152,sched_dep_time,7:00 p.m.,,real_world,missing_values
155,sched_dep_time,8:41 a.m.,,real_world,missing_values
159,sched_dep_time,11:25 a.m.,,real_world,missing_values
160,sched_dep_time,10:39 a.m.,,real_world,missing_values
162,sched_dep_time,6:00 a.m.,,real_world,missing_values
163,sched_dep_time,12:30 a.m.,,real_world,missing_values
165,sched_dep_time,7:35 a.m.,,real_world,missing_values
166,sched_dep_time,9:45 a.m.,,real_world,missing_values
168,sched_dep_time,8:15 a.m.,,real_world,missing_values
171,sched_dep_time,10:45 a.m.,,real_world,missing_values
172,sched_dep_time,2:30 p.m.,,real_world,missing_values
173,sched_dep_time,8:05 a.m.,,real_world,missing_values
174,sched_dep_time,2:55 p.m.,,real_world,missing_values
176,sched_dep_time,11:40 a.m.,,real_world,missing_values
179,sched_dep_time,6:00 a.m.,,real_world,missing_values
180,sched_dep_time,8:40 a.m.,,real_world,missing_values
183,sched_dep_time,7:53 a.m.,,real_world,missing_values
184,sched_dep_time,12:30 p.m.,,real_world,missing_values
185,sched_dep_time,11:45 a.m.,,real_world,missing_values
187,sched_dep_time,12:00 a.m.,12:00 p.m.,real_world,typos
188,sched_dep_time,5:25 p.m.,,real_world,missing_values
189,sched_dep_time,7:10 p.m.,,real_world,missing_values
192,sched_dep_time,3:35 p.m.,,real_world,missing_values
197,sched_dep_time,1:55 p.m.,,real_world,missing_values
201,sched_dep_time,4:55 p.m.,,real_world,missing_values
203,sched_dep_time,4:16 p.m.,,real_world,missing_values
205,sched_dep_time,10:25 a.m.,,real_world,missing_values
206,sched_dep_time,7:05 a.m.,,real_world,missing_values
210,sched_dep_time,1:29 p.m.,,real_world,missing_values
217,sched_dep_time,8:29 a.m.,,real_world,missing_values
219,sched_dep_time,2:53 p.m.,,real_world,missing_values
220,sched_dep_time,7:35 a.m.,,real_world,missing_values
223,sched_dep_time,1:45 p.m.,,real_world,missing_values
224,sched_dep_time,11:15 a.m.,,real_world,missing_values
225,sched_dep_time,8:20 p.m.,,real_world,missing_values
226,sched_dep_time,2:55 p.m.,,real_world,missing_values
227,sched_dep_time,2:30 p.m.,,real_world,missing_values
228,sched_dep_time,8:55 a.m.,,real_world,missing_values
234,sched_dep_time,9:05 a.m.,,real_world,missing_values
236,sched_dep_time,8:35 a.m.,,real_world,missing_values
239,sched_dep_time,11:25 a.m.,,real_world,missing_values
243,sched_dep_time,2:55 p.m.,,real_world,missing_values
282,sched_dep_time,12:00 a.m.,12:00 p.m.,real_world,typos
338,sched_dep_time,7:10 a.m.,,real_world,missing_values
340,sched_dep_time,6:40 a.m.,,real_world,missing_values
341,sched_dep_time,8:00 a.m.,,real_world,missing_values
342,sched_dep_time,8:41 a.m.,,real_world,missing_values
343,sched_dep_time,7:45 p.m.,,real_world,missing_values
344,sched_dep_time,3:27 p.m.,,real_world,missing_values
346,sched_dep_time,11:25 a.m.,,real_world,missing_values
347,sched_dep_time,10:39 a.m.,,real_world,missing_values
348,sched_dep_time,11:25 p.m.,,real_world,missing_values
349,sched_dep_time,6:00 a.m.,,real_world,missing_values
351,sched_dep_time,4:00 p.m.,,real_world,missing_values
354,sched_dep_time,9:05 a.m.,,real_world,missing_values
355,sched_dep_time,8:15 a.m.,,real_world,missing_values
356,sched_dep_time,7:00 a.m.,,real_world,missing_values
357,sched_dep_time,4:15 p.m.,,real_world,missing_values
358,sched_dep_time,10:45 a.m.,,real_world,missing_values
361,sched_dep_time,2:55 p.m.,,real_world,missing_values
362,sched_dep_time,11:50 a.m.,,real_world,missing_values
364,sched_dep_time,6:00 a.m.,,real_world,missing_values
365,sched_dep_time,11:05 a.m.,,real_world,missing_values
368,sched_dep_time,10:15 a.m.,,real_world,missing_values
369,sched_dep_time,1:00 p.m.,,real_world,missing_values
370,sched_dep_time,7:53 a.m.,,real_world,missing_values
371,sched_dep_time,12:30 p.m.,,real_world,missing_values
372,sched_dep_time,11:45 a.m.,,real_world,missing_values
373,sched_dep_time,2:30 p.m.,,real_world,missing_values
374,sched_dep_time,12:00 a.m.,,real_world,missing_values
377,sched_dep_time,10:40 a.m.,,real_world,missing_values
378,sched_dep_time,12:57 p.m.,,real_world,missing_values
380,sched_dep_time,7:15 a.m.,,real_world,missing_values
381,sched_dep_time,6:30 p.m.,,real_world,missing_values
382,sched_dep_time,6:45 p.m.,,real_world,missing_values
383,sched_dep_time,12:00 p.m.,,real_world,missing_values
385,sched_dep_time,1:55 p.m.,,real_world,missing_values
387,sched_dep_time,6:00 a.m.,,real_world,missing_values
388,sched_dep_time,7:10 a.m.,,real_world,missing_values
389,sched_dep_time,4:55 p.m.,,real_world,missing_values
390,sched_dep_time,7:25 a.m.,,real_world,missing_values
391,sched_dep_time,3:50 p.m.,,real_world,missing_values
392,sched_dep_time,4:16 p.m.,,real_world,missing_values
393,sched_dep_time,8:00 p.m.,,real_world,missing_values
395,sched_dep_time,7:05 a.m.,,real_world,missing_values
396,sched_dep_time,10:40 a.m.,,real_world,missing_values
397,sched_dep_time,1:33 p.m.,,real_world,missing_values
398,sched_dep_time,12:15 p.m.,,real_world,missing_values
400,sched_dep_time,11:55 p.m.,,real_world,missing_values
401,sched_dep_time,4:25 p.m.,,real_world,missing_values
402,sched_dep_time,9:00 p.m.,,real_world,missing_values
403,sched_dep_time,8:25 p.m.,,real_world,missing_values
404,sched_dep_time,6:59 a.m.,,real_world,missing_values
405,sched_dep_time,8:35 a.m.,,real_world,missing_values
406,sched_dep_time,8:29 a.m.,,real_world,missing_values
407,sched_dep_time,1:30 p.m.,,real_world,missing_values
409,sched_dep_time,7:35 a.m.,,real_world,missing_values
411,sched_dep_time,5:30 p.m.,,real_world,missing_values
412,sched_dep_time,1:45 p.m.,,real_world,missing_values
413,sched_dep_time,11:15 a.m.,,real_world,missing_values
414,sched_dep_time,8:20 p.m.,,real_world,missing_values
415,sched_dep_time,2:55 p.m.,,real_world,missing_values
418,sched_dep_time,2:35 p.m.,,real_world,missing_values
419,sched_dep_time,2:55 p.m.,,real_world,missing_values
420,sched_dep_time,7:15 a.m.,,real_world,missing_values
421,sched_dep_time,12:10 p.m.,,real_world,missing_values
422,sched_dep_time,7:55 a.m.,,real_world,missing_values
423,sched_dep_time,9:05 a.m.,9:05 a.m. (-00:00),real_world,typos
424,sched_dep_time,1:05 p.m.,,real_world,missing_values
425,sched_dep_time,8:35 a.m.,,real_world,missing_values
426,sched_dep_time,3:05 p.m.,,real_world,missing_values
427,sched_dep_time,7:30 a.m.,,real_world,missing_values
428,sched_dep_time,4:00 p.m.,,real_world,missing_values
429,sched_dep_time,11:35 a.m.,,real_world,missing_values
431,sched_dep_time,11:55 a.m.,,real_world,missing_values
432,sched_dep_time,10:40 a.m.,,real_world,missing_values
433,sched_dep_time,6:45 a.m.,,real_world,missing_values
435,sched_dep_time,6:00 a.m.,,real_world,missing_values
436,sched_dep_time,7:10 a.m.,,real_world,missing_values
437,sched_dep_time,7:10 a.m.,,real_world,missing_values
439,sched_dep_time,7:00 p.m.,,real_world,missing_values
442,sched_dep_time,8:41 a.m.,,real_world,missing_values
446,sched_dep_time,11:25 a.m.,,real_world,missing_values
447,sched_dep_time,10:39 a.m.,,real_world,missing_values
449,sched_dep_time,6:00 a.m.,,real_world,missing_values
450,sched_dep_time,12:30 a.m.,,real_world,missing_values
452,sched_dep_time,7:35 a.m.,,real_world,missing_values
453,sched_dep_time,9:45 a.m.,,real_world,missing_values
455,sched_dep_time,8:15 a.m.,,real_world,missing_values
458,sched_dep_time,10:45 a.m.,,real_world,missing_values
459,sched_dep_time,2:30 p.m.,,real_world,missing_values
460,sched_dep_time,8:05 a.m.,,real_world,missing_values
461,sched_dep_time,2:55 p.m.,,real_world,missing_values
463,sched_dep_time,11:40 a.m.,,real_world,missing_values
466,sched_dep_time,6:00 a.m.,,real_world,missing_values
467,sched_dep_time,8:40 a.m.,,real_world,missing_values
470,sched_dep_time,7:53 a.m.,,real_world,missing_values
471,sched_dep_time,12:30 p.m.,,real_world,missing_values
472,sched_dep_time,11:45 a.m.,,real_world,missing_values
474,sched_dep_time,12:00 a.m.,12:00 p.m.,real_world,typos
475,sched_dep_time,5:25 p.m.,,real_world,missing_values
476,sched_dep_time,7:10 p.m.,,real_world,missing_values
478,sched_dep_time,12:57 p.m.,,real_world,missing_values
479,sched_dep_time,3:35 p.m.,,real_world,missing_values
484,sched_dep_time,1:55 p.m.,,real_world,missing_values
488,sched_dep_time,4:55 p.m.,,real_world,missing_values
490,sched_dep_time,4:16 p.m.,,real_world,missing_values
492,sched_dep_time,10:25 a.m.,,real_world,missing_values
493,sched_dep_time,7:05 a.m.,,real_world,missing_values
497,sched_dep_time,1:29 p.m.,,real_world,missing_values
504,sched_dep_time,8:29 a.m.,,real_world,missing_values
506,sched_dep_time,2:53 p.m.,,real_world,missing_values
507,sched_dep_time,7:35 a.m.,,real_world,missing_values
510,sched_dep_time,1:45 p.m.,,real_world,missing_values
511,sched_dep_time,11:15 a.m.,,real_world,missing_values
512,sched_dep_time,8:20 p.m.,,real_world,missing_values
513,sched_dep_time,2:55 p.m.,,real_world,missing_values
514,sched_dep_time,2:30 p.m.,,real_world,missing_values
515,sched_dep_time,8:55 a.m.,,real_world,missing_values
521,sched_dep_time,9:05 a.m.,,real_world,missing_values
523,sched_dep_time,8:35 a.m.,,real_world,missing_values
526,sched_dep_time,11:25 a.m.,,real_world,missing_values
530,sched_dep_time,2:55 p.m.,,real_world,missing_values
573,sched_dep_time,12:00 a.m.,12:00 p.m.,real_world,typos
631,sched_dep_time,7:00 p.m.,,real_world,missing_values
634,sched_dep_time,8:41 a.m.,,real_world,missing_values
638,sched_dep_time,11:25 a.m.,,real_world,missing_values
639,sched_dep_time,10:39 a.m.,,real_world,missing_values
641,sched_dep_time,6:00 a.m.,,real_world,missing_values
642,sched_dep_time,12:30 a.m.,,real_world,missing_values
644,sched_dep_time,7:35 a.m.,,real_world,missing_values
645,sched_dep_time,9:45 a.m.,,real_world,missing_values
647,sched_dep_time,8:15 a.m.,,real_world,missing_values
650,sched_dep_time,10:45 a.m.,,real_world,missing_values
651,sched_dep_time,2:30 p.m.,,real_world,missing_values
652,sched_dep_time,8:05 a.m.,,real_world,missing_values
653,sched_dep_time,2:55 p.m.,,real_world,missing_values
655,sched_dep_time,11:40 a.m.,,real_world,missing_values
658,sched_dep_time,6:00 a.m.,,real_world,missing_values
659,sched_dep_time,8:40 a.m.,,real_world,missing_values
662,sched_dep_time,7:53 a.m.,,real_world,missing_values
663,sched_dep_time,12:30 p.m.,,real_world,missing_values
664,sched_dep_time,11:45 a.m.,,real_world,missing_values
666,sched_dep_time,12:00 a.m.,12:00 p.m.,real_world,typos
667,sched_dep_time,5:25 p.m.,,real_world,missing_values
668,sched_dep_time,7:10 p.m.,,real_world,missing_values
670,sched_dep_time,12:57 p.m.,,real_world,missing_values
671,sched_dep_time,3:35 p.m.,,real_world,missing_values
676,sched_dep_time,1:55 p.m.,,real_world,missing_values
680,sched_dep_time,4:55 p.m.,,real_world,missing_values
682,sched_dep_time,4:16 p.m.,,real_world,missing_values
684,sched_dep_time,10:25 a.m.,,real_world,missing_values
685,sched_dep_time,7:05 a.m.,,real_world,missing_values
689,sched_dep_time,1:29 p.m.,,real_world,missing_values
696,sched_dep_time,8:29 a.m.,,real_world,missing_values
698,sched_dep_time,2:53 p.m.,,real_world,missing_values
699,sched_dep_time,7:35 a.m.,,real_world,missing_values
702,sched_dep_time,1:45 p.m.,,real_world,missing_values
703,sched_dep_time,11:15 a.m.,,real_world,missing_values
704,sched_dep_time,8:20 p.m.,,real_world,missing_values
705,sched_dep_time,2:55 p.m.,,real_world,missing_values
706,sched_dep_time,2:30 p.m.,,real_world,missing_values
707,sched_dep_time,8:55 a.m.,,real_world,missing_values
713,sched_dep_time,9:05 a.m.,,real_world,missing_values
715,sched_dep_time,8:35 a.m.,,real_world,missing_values
718,sched_dep_time,11:25 a.m.,,real_world,missing_values
722,sched_dep_time,2:55 p.m.,,real_world,missing_values
730,sched_dep_time,7:10 a.m.,,real_world,missing_values
731,sched_dep_time,7:45 p.m.,,real_world,missing_values
732,sched_dep_time,7:00 p.m.,,real_world,missing_values
733,sched_dep_time,8:00 a.m.,,real_world,missing_values
734,sched_dep_time,8:41 a.m.,,real_world,missing_values
736,sched_dep_time,11:25 a.m.,,real_world,missing_values
737,sched_dep_time,10:39 a.m.,,real_world,missing_values
739,sched_dep_time,6:00 a.m.,,real_world,missing_values
740,sched_dep_time,12:30 a.m.,,real_world,missing_values
741,sched_dep_time,12:15 p.m.,,real_world,missing_values
742,sched_dep_time,7:00 a.m.,,real_world,missing_values
743,sched_dep_time,4:15 p.m.,,real_world,missing_values
744,sched_dep_time,9:05 a.m.,,real_world,missing_values
745,sched_dep_time,11:50 a.m.,,real_world,missing_values
746,sched_dep_time,11:40 a.m.,,real_world,missing_values
747,sched_dep_time,6:00 a.m.,,real_world,missing_values
748,sched_dep_time,7:55 a.m.,,real_world,missing_values
749,sched_dep_time,10:15 a.m.,,real_world,missing_values
750,sched_dep_time,7:30 a.m.,,real_world,missing_values
751,sched_dep_time,1:00 p.m.,,real_world,missing_values
752,sched_dep_time,12:30 p.m.,,real_world,missing_values
753,sched_dep_time,11:45 a.m.,,real_world,missing_values
754,sched_dep_time,2:30 p.m.,,real_world,missing_values
755,sched_dep_time,11:35 a.m.,,real_world,missing_values
756,sched_dep_time,10:40 a.m.,,real_world,missing_values
757,sched_dep_time,12:57 p.m.,1:09 p.m.,real_world,typos
758,sched_dep_time,3:35 p.m.,,real_world,missing_values
759,sched_dep_time,7:15 a.m.,,real_world,missing_values
760,sched_dep_time,6:45 p.m.,,real_world,missing_values
761,sched_dep_time,12:00 p.m.,,real_world,missing_values
762,sched_dep_time,9:15 a.m.,,real_world,missing_values
763,sched_dep_time,6:00 a.m.,,real_world,missing_values
764,sched_dep_time,7:10 a.m.,,real_world,missing_values
765,sched_dep_time,4:55 p.m.,,real_world,missing_values
766,sched_dep_time,7:25 a.m.,,real_world,missing_values
767,sched_dep_time,4:16 p.m.,,real_world,missing_values
768,sched_dep_time,8:00 p.m.,,real_world,missing_values
769,sched_dep_time,10:45 a.m.,,real_world,missing_values
770,sched_dep_time,1:33 p.m.,,real_world,missing_values
771,sched_dep_time,1:29 p.m.,,real_world,missing_values
775,sched_dep_time,6:59 a.m.,,real_world,missing_values
776,sched_dep_time,8:35 a.m.,,real_world,missing_values
777,sched_dep_time,8:29 a.m.,,real_world,missing_values
779,sched_dep_time,11:08 p.m.,,real_world,missing_values
781,sched_dep_time,8:05 a.m.,,real_world,missing_values
782,sched_dep_time,2:35 p.m.,,real_world,missing_values
783,sched_dep_time,7:15 a.m.,,real_world,missing_values
785,sched_dep_time,7:35 a.m.,,real_world,missing_values
786,sched_dep_time,12:10 p.m.,,real_world,missing_values
787,sched_dep_time,1:05 p.m.,,real_world,missing_values
788,sched_dep_time,7:10 a.m.,,real_world,missing_values
789,sched_dep_time,10:40 a.m.,,real_world,missing_values
790,sched_dep_time,6:45 a.m.,,real_world,missing_values
791,sched_dep_time,6:00 a.m.,,real_world,missing_values
792,sched_dep_time,7:10 a.m.,,real_world,missing_values
793,sched_dep_time,10:40 a.m.,,real_world,missing_values
794,sched_dep_time,6:59 a.m.,,real_world,missing_values
795,sched_dep_time,4:15 p.m.,,real_world,missing_values
796,sched_dep_time,6:00 a.m.,,real_world,missing_values
797,sched_dep_time,7:25 a.m.,,real_world,missing_values
798,sched_dep_time,12:30 p.m.,12:30,real_world,typos
804,sched_dep_time,7:00 p.m.,,real_world,missing_values
805,sched_dep_time,2:55 p.m.,,real_world,missing_values
806,sched_dep_time,6:30 p.m.,,real_world,missing_values
807,sched_dep_time,6:45 a.m.,,real_world,missing_values
808,sched_dep_time,11:25 p.m.,,real_world,missing_values
809,sched_dep_time,8:00 p.m.,Thu  20:00,real_world,typos
810,sched_dep_time,7:15 a.m.,,real_world,missing_values
811,sched_dep_time,9:15 a.m.,,real_world,missing_values
813,sched_dep_time,7:00 p.m.,,real_world,missing_values
816,sched_dep_time,8:41 a.m.,,real_world,missing_values
820,sched_dep_time,11:25 a.m.,,real_world,missing_values
821,sched_dep_time,10:39 a.m.,,real_world,missing_values
823,sched_dep_time,6:00 a.m.,,real_world,missing_values
824,sched_dep_time,12:30 a.m.,,real_world,missing_values
826,sched_dep_time,7:35 a.m.,,real_world,missing_values
827,sched_dep_time,9:45 a.m.,,real_world,missing_values
829,sched_dep_time,8:15 a.m.,,real_world,missing_values
832,sched_dep_time,10:45 a.m.,,real_world,missing_values
833,sched_dep_time,2:30 p.m.,,real_world,missing_values
834,sched_dep_time,8:05 a.m.,,real_world,missing_values
835,sched_dep_time,2:55 p.m.,,real_world,missing_values
837,sched_dep_time,11:40 a.m.,,real_world,missing_values
840,sched_dep_time,6:00 a.m.,,real_world,missing_values
841,sched_dep_time,8:40 a.m.,,real_world,missing_values
844,sched_dep_time,7:53 a.m.,,real_world,missing_values
845,sched_dep_time,12:30 p.m.,,real_world,missing_values
846,sched_dep_time,11:45 a.m.,,real_world,missing_values
848,sched_dep_time,12:00 a.m.,12:00 p.m.,real_world,typos
849,sched_dep_time,5:25 p.m.,,real_world,missing_values
850,sched_dep_time,7:10 p.m.,,real_world,missing_values
852,sched_dep_time,12:57 p.m.,,real_world,missing_values
853,sched_dep_time,3:35 p.m.,,real_world,missing_values
858,sched_dep_time,1:55 p.m.,,real_world,missing_values
862,sched_dep_time,4:55 p.m.,,real_world,missing_values
864,sched_dep_time,4:16 p.m.,,real_world,missing_values
866,sched_dep_time,10:25 a.m.,,real_world,missing_values
867,sched_dep_time,7:05 a.m.,,real_world,missing_values
868,sched_dep_time,10:40 a.m.,,real_world,missing_values
871,sched_dep_time,1:29 p.m.,,real_world,missing_values
878,sched_dep_time,8:29 a.m.,,real_world,missing_values
880,sched_dep_time,2:53 p.m.,,real_world,missing_values
881,sched_dep_time,7:35 a.m.,,real_world,missing_values
884,sched_dep_time,1:45 p.m.,,real_world,missing_values
885,sched_dep_time,11:15 a.m.,,real_world,missing_values
886,sched_dep_time,8:20 p.m.,,real_world,missing_values
887,sched_dep_time,2:55 p.m.,,real_world,missing_values
888,sched_dep_time,2:30 p.m.,,real_world,missing_values
889,sched_dep_time,8:55 a.m.,,real_world,missing_values
895,sched_dep_time,9:05 a.m.,,real_world,missing_values
897,sched_dep_time,8:35 a.m.,,real_world,missing_values
900,sched_dep_time,11:25 a.m.,,real_world,missing_values
904,sched_dep_time,2:55 p.m.,,real_world,missing_values
915,sched_dep_time,11:45 a.m.,,real_world,missing_values
918,sched_dep_time,7:35 a.m.,,real_world,missing_values
926,sched_dep_time,12:30 p.m.,,real_world,missing_values
927,sched_dep_time,2:55 p.m.,,real_world,missing_values
936,sched_dep_time,4:16 p.m.,,real_world,missing_values
939,sched_dep_time,7:05 a.m.,,real_world,missing_values
951,sched_dep_time,11:15 a.m.,,real_world,missing_values
953,sched_dep_time,8:55 a.m.,,real_world,missing_values
954,sched_dep_time,8:05 a.m.,,real_world,missing_values
961,sched_dep_time,7:53 a.m.,,real_world,missing_values
965,sched_dep_time,8:40 a.m.,,real_world,missing_values
983,sched_dep_time,7:10 p.m.,7:27 p.m.,real_world,typos
992,sched_dep_time,8:00 a.m.,Not Available,real_world,typos
993,sched_dep_time,8:41 a.m.,Not Available,real_world,typos
996,sched_dep_time,12:00 p.m.,12:00noon,real_world,typos
1000,sched_dep_time,6:00 a.m.,Not Available,real_world,typos
1004,sched_dep_time,8:15 a.m.,Not Available,real_world,typos
1019,sched_dep_time,12:00 a.m.,12:00noon,real_world,typos
1027,sched_dep_time,1:55 p.m.,Not Available,real_world,typos
1035,sched_dep_time,1:33 p.m.,Not Available,real_world,typos
1042,sched_dep_time,2:30 p.m.,Not Available,real_world,typos
1043,sched_dep_time,8:29 a.m.,Not Available,real_world,typos
1046,sched_dep_time,7:35 a.m.,Not Available,real_world,typos
1047,sched_dep_time,1:45 p.m.,Not Available,real_world,typos
1059,sched_dep_time,7:53 a.m.,Not Available,real_world,typos
1072,sched_dep_time,7:00 p.m.,,real_world,missing_values
1075,sched_dep_time,8:41 a.m.,,real_world,missing_values
1079,sched_dep_time,11:25 a.m.,,real_world,missing_values
1080,sched_dep_time,10:39 a.m.,,real_world,missing_values
1082,sched_dep_time,6:00 a.m.,,real_world,missing_values
1083,sched_dep_time,12:30 a.m.,,real_world,missing_values
1085,sched_dep_time,7:35 a.m.,,real_world,missing_values
1086,sched_dep_time,9:45 a.m.,,real_world,missing_values
1088,sched_dep_time,8:15 a.m.,,real_world,missing_values
1091,sched_dep_time,10:45 a.m.,,real_world,missing_values
1092,sched_dep_time,2:30 p.m.,,real_world,missing_values
1093,sched_dep_time,8:05 a.m.,,real_world,missing_values
1094,sched_dep_time,2:55 p.m.,,real_world,missing_values
1096,sched_dep_time,11:40 a.m.,,real_world,missing_values
1099,sched_dep_time,6:00 a.m.,,real_world,missing_values
1100,sched_dep_time,8:40 a.m.,,real_world,missing_values
1103,sched_dep_time,7:53 a.m.,,real_world,missing_values
1104,sched_dep_time,12:30 p.m.,,real_world,missing_values
1105,sched_dep_time,11:45 a.m.,,real_world,missing_values
1107,sched_dep_time,12:00 a.m.,12:00 p.m.,real_world,typos
1108,sched_dep_time,5:25 p.m.,,real_world,missing_values
1109,sched_dep_time,7:10 p.m.,,real_world,missing_values
1111,sched_dep_time,12:57 p.m.,,real_world,missing_values
1112,sched_dep_time,3:35 p.m.,,real_world,missing_values
1117,sched_dep_time,1:55 p.m.,,real_world,missing_values
1121,sched_dep_time,4:55 p.m.,,real_world,missing_values
1123,sched_dep_time,4:16 p.m.,,real_world,missing_values
1125,sched_dep_time,10:25 a.m.,,real_world,missing_values
1126,sched_dep_time,7:05 a.m.,,real_world,missing_values
1130,sched_dep_time,1:29 p.m.,,real_world,missing_values
1137,sched_dep_time,8:29 a.m.,,real_world,missing_values
1139,sched_dep_time,2:53 p.m.,,real_world,missing_values
1140,sched_dep_time,7:35 a.m.,,real_world,missing_values
1143,sched_dep_time,1:45 p.m.,,real_world,missing_values
1144,sched_dep_time,11:15 a.m.,,real_world,missing_values
1145,sched_dep_time,8:20 p.m.,,real_world,missing_values
1146,sched_dep_time,2:55 p.m.,,real_world,missing_values
1147,sched_dep_time,2:30 p.m.,,real_world,missing_values
1148,sched_dep_time,8:55 a.m.,,real_world,missing_values
1154,sched_dep_time,9:05 a.m.,,real_world,missing_values
1156,sched_dep_time,8:35 a.m.,,real_world,missing_values
1159,sched_dep_time,11:25 a.m.,,real_world,missing_values
1163,sched_dep_time,2:55 p.m.,,real_world,missing_values
1173,sched_dep_time,7:00 p.m.,,real_world,missing_values
1176,sched_dep_time,6:00 a.m.,,real_world,missing_values
1177,sched_dep_time,8:15 a.m.,,real_world,missing_values
1180,sched_dep_time,5:25 p.m.,,real_world,missing_values
1187,sched_dep_time,12:30 p.m.,,real_world,missing_values
1188,sched_dep_time,12:00 a.m.,12:00 p.m.,real_world,typos
1194,sched_dep_time,1:55 p.m.,,real_world,missing_values
1203,sched_dep_time,2:53 p.m.,,real_world,missing_values
1204,sched_dep_time,7:35 a.m.,,real_world,missing_values
1207,sched_dep_time,11:15 a.m.,,real_world,missing_values
1208,sched_dep_time,2:55 p.m.,,real_world,missing_values
1209,sched_dep_time,8:55 a.m.,,real_world,missing_values
1224,sched_dep_time,7:10 a.m.,,real_world,missing_values
1226,sched_dep_time,6:40 a.m.,,real_world,missing_values
1227,sched_dep_time,8:00 a.m.,,real_world,missing_values
1228,sched_dep_time,8:41 a.m.,,real_world,missing_values
1229,sched_dep_time,7:45 p.m.,,real_world,missing_values
1230,sched_dep_time,3:27 p.m.,,real_world,missing_values
1232,sched_dep_time,11:25 a.m.,,real_world,missing_values
1233,sched_dep_time,10:39 a.m.,,real_world,missing_values
1234,sched_dep_time,11:25 p.m.,,real_world,missing_values
1235,sched_dep_time,6:00 a.m.,,real_world,missing_values
1237,sched_dep_time,4:00 p.m.,,real_world,missing_values
1240,sched_dep_time,9:05 a.m.,,real_world,missing_values
1241,sched_dep_time,8:15 a.m.,,real_world,missing_values
1242,sched_dep_time,7:00 a.m.,,real_world,missing_values
1243,sched_dep_time,4:15 p.m.,,real_world,missing_values
1244,sched_dep_time,10:45 a.m.,,real_world,missing_values
1247,sched_dep_time,2:55 p.m.,,real_world,missing_values
1248,sched_dep_time,11:50 a.m.,,real_world,missing_values
1250,sched_dep_time,6:00 a.m.,,real_world,missing_values
1251,sched_dep_time,11:05 a.m.,,real_world,missing_values
1254,sched_dep_time,10:15 a.m.,,real_world,missing_values
1255,sched_dep_time,1:00 p.m.,,real_world,missing_values
1256,sched_dep_time,7:53 a.m.,,real_world,missing_values
1257,sched_dep_time,12:30 p.m.,,real_world,missing_values
1258,sched_dep_time,11:45 a.m.,,real_world,missing_values
1259,sched_dep_time,2:30 p.m.,,real_world,missing_values
1260,sched_dep_time,12:00 a.m.,,real_world,missing_values
1263,sched_dep_time,10:40 a.m.,,real_world,missing_values
1264,sched_dep_time,12:57 p.m.,,real_world,missing_values
1266,sched_dep_time,7:15 a.m.,,real_world,missing_values
1267,sched_dep_time,6:30 p.m.,,real_world,missing_values
1268,sched_dep_time,6:45 p.m.,,real_world,missing_values
1269,sched_dep_time,12:00 p.m.,,real_world,missing_values
1271,sched_dep_time,1:55 p.m.,,real_world,missing_values
1273,sched_dep_time,6:00 a.m.,,real_world,missing_values
1274,sched_dep_time,7:10 a.m.,,real_world,missing_values
1275,sched_dep_time,4:55 p.m.,,real_world,missing_values
1276,sched_dep_time,7:25 a.m.,,real_world,missing_values
1277,sched_dep_time,3:50 p.m.,,real_world,missing_values
1278,sched_dep_time,4:16 p.m.,,real_world,missing_values
1279,sched_dep_time,8:00 p.m.,,real_world,missing_values
1281,sched_dep_time,7:05 a.m.,,real_world,missing_values
1282,sched_dep_time,10:40 a.m.,,real_world,missing_values
1283,sched_dep_time,1:33 p.m.,,real_world,missing_values
1284,sched_dep_time,12:15 p.m.,,real_world,missing_values
1286,sched_dep_time,11:55 p.m.,,real_world,missing_values
1287,sched_dep_time,4:25 p.m.,,real_world,missing_values
1288,sched_dep_time,9:00 p.m.,,real_world,missing_values
1289,sched_dep_time,8:25 p.m.,,real_world,missing_values
1290,sched_dep_time,6:59 a.m.,,real_world,missing_values
1291,sched_dep_time,8:35 a.m.,,real_world,missing_values
1292,sched_dep_time,8:29 a.m.,,real_world,missing_values
1293,sched_dep_time,1:30 p.m.,,real_world,missing_values
1295,sched_dep_time,7:35 a.m.,,real_world,missing_values
1297,sched_dep_time,5:30 p.m.,,real_world,missing_values
1298,sched_dep_time,1:45 p.m.,,real_world,missing_values
1299,sched_dep_time,11:15 a.m.,,real_world,missing_values
1300,sched_dep_time,8:20 p.m.,,real_world,missing_values
1301,sched_dep_time,2:55 p.m.,,real_world,missing_values
1304,sched_dep_time,2:35 p.m.,,real_world,missing_values
1305,sched_dep_time,2:55 p.m.,,real_world,missing_values
1306,sched_dep_time,7:15 a.m.,,real_world,missing_values
1307,sched_dep_time,12:10 p.m.,,real_world,missing_values
1308,sched_dep_time,7:55 a.m.,,real_world,missing_values
1309,sched_dep_time,9:05 a.m.,9:05 a.m. (-00:00),real_world,typos
1310,sched_dep_time,1:05 p.m.,,real_world,missing_values
1311,sched_dep_time,8:35 a.m.,,real_world,missing_values
1312,sched_dep_time,3:05 p.m.,,real_world,missing_values
1313,sched_dep_time,7:30 a.m.,,real_world,missing_values
1314,sched_dep_time,4:00 p.m.,,real_world,missing_values
1315,sched_dep_time,11:35 a.m.,,real_world,missing_values
1317,sched_dep_time,11:55 a.m.,,real_world,missing_values
1318,sched_dep_time,10:40 a.m.,,real_world,missing_values
1319,sched_dep_time,6:45 a.m.,,real_world,missing_values
1321,sched_dep_time,6:00 a.m.,,real_world,missing_values
1322,sched_dep_time,7:10 a.m.,,real_world,missing_values
1323,sched_dep_time,7:10 a.m.,,real_world,missing_values
1324,sched_dep_time,7:10 a.m.,7:10aDec 1,real_world,typos
1326,sched_dep_time,6:40 a.m.,6:40aDec 1,real_world,typos
1327,sched_dep_time,8:00 a.m.,8:19aDec 1,real_world,typos
1328,sched_dep_time,8:41 a.m.,8:41aDec 1,real_world,typos
1332,sched_dep_time,11:25 a.m.,11:25aDec 1,real_world,typos
1333,sched_dep_time,10:39 a.m.,10:39aDec 1,real_world,typos
1335,sched_dep_time,6:00 a.m.,6:14aDec 1,real_world,typos
1336,sched_dep_time,12:30 a.m.,12:30aDec 1,real_world,typos
1338,sched_dep_time,7:35 a.m.,7:35aDec 1,real_world,typos
1339,sched_dep_time,9:45 a.m.,9:45aDec 1,real_world,typos
1340,sched_dep_time,9:05 a.m.,10:00aDec 1,real_world,typos
1341,sched_dep_time,8:15 a.m.,8:15aDec 1,real_world,typos
1342,sched_dep_time,7:00 a.m.,7:00aDec 1,real_world,typos
1344,sched_dep_time,10:45 a.m.,10:45aDec 1,real_world,typos
1346,sched_dep_time,8:05 a.m.,8:05aDec 1,real_world,typos
1348,sched_dep_time,11:50 a.m.,11:50aDec 1,real_world,typos
1349,sched_dep_time,11:40 a.m.,11:40aDec 1,real_world,typos
1350,sched_dep_time,6:00 a.m.,6:00aDec 1,real_world,typos
1351,sched_dep_time,11:05 a.m.,11:05aDec 1,real_world,typos
1352,sched_dep_time,6:00 a.m.,6:00aDec 1,real_world,typos
1353,sched_dep_time,8:40 a.m.,8:40aDec 1,real_world,typos
1354,sched_dep_time,10:15 a.m.,10:15aDec 1,real_world,typos
1356,sched_dep_time,7:53 a.m.,7:53aDec 1,real_world,typos
1358,sched_dep_time,11:45 a.m.,11:45aDec 1,real_world,typos
1359,sched_dep_time,2:30 p.m.,2:46 p.m.,real_world,typos
1360,sched_dep_time,12:00 a.m.,12:00 p.m.,real_world,typos
1363,sched_dep_time,10:40 a.m.,10:40aDec 1,real_world,typos
1366,sched_dep_time,7:15 a.m.,7:15aDec 1,real_world,typos
1370,sched_dep_time,1:55 p.m.,2:22 p.m.,real_world,typos
1371,sched_dep_time,9:15 a.m.,9:15aDec 1,real_world,typos
1372,sched_dep_time,6:00 a.m.,6:00aDec 1,real_world,typos
1373,sched_dep_time,7:10 a.m.,7:10aDec 1,real_world,typos
1378,sched_dep_time,10:25 a.m.,10:25aDec 1,real_world,typos
1379,sched_dep_time,7:05 a.m.,7:05aDec 1,real_world,typos
1380,sched_dep_time,10:40 a.m.,10:40aDec 1,real_world,typos
1388,sched_dep_time,6:59 a.m.,6:59aDec 1,real_world,typos
1389,sched_dep_time,8:35 a.m.,8:35aDec 1,real_world,typos
1392,sched_dep_time,7:35 a.m.,7:35aDec 1,real_world,typos
1396,sched_dep_time,11:15 a.m.,11:15aDec 1,real_world,typos
1400,sched_dep_time,8:55 a.m.,8:55aDec 1,real_world,typos
1403,sched_dep_time,7:15 a.m.,7:15aDec 1,real_world,typos
1405,sched_dep_time,7:55 a.m.,7:55aDec 1,real_world,typos
1406,sched_dep_time,9:05 a.m.,9:05aDec 1,real_world,typos
1408,sched_dep_time,8:35 a.m.,8:35aDec 1,real_world,typos
1410,sched_dep_time,7:30 a.m.,7:30aDec 1,real_world,typos
1411,sched_dep_time,11:25 a.m.,11:25aDec 1,real_world,typos
1413,sched_dep_time,11:35 a.m.,11:35aDec 1,real_world,typos
1414,sched_dep_time,7:25 a.m.,7:25aDec 1,real_world,typos
1416,sched_dep_time,11:55 a.m.,11:55aDec 1,real_world,typos
1417,sched_dep_time,10:40 a.m.,10:40aDec 1,real_world,typos
1418,sched_dep_time,6:45 a.m.,6:45aDec 1,real_world,typos
1420,sched_dep_time,6:00 a.m.,6:00aDec 1,real_world,typos
1421,sched_dep_time,7:10 a.m.,7:10aDec 1,real_world,typos
1422,sched_dep_time,7:10 a.m.,7:10aDec 1,real_world,typos
1423,sched_dep_time,11:50 a.m.,,real_world,missing_values
1424,sched_dep_time,8:29 a.m.,,real_world,missing_values
1426,sched_dep_time,1:33 p.m.,,real_world,missing_values
1482,sched_dep_time,8:00 a.m.,,real_world,missing_values
1483,sched_dep_time,3:05 p.m.,,real_world,missing_values
1484,sched_dep_time,8:35 a.m.,,real_world,missing_values
1485,sched_dep_time,7:10 a.m.,,real_world,missing_values
1486,sched_dep_time,2:30 p.m.,,real_world,missing_values
1487,sched_dep_time,6:00 a.m.,,real_world,missing_values
1488,sched_dep_time,7:10 a.m.,,real_world,missing_values
1490,sched_dep_time,6:40 a.m.,,real_world,missing_values
1491,sched_dep_time,8:00 a.m.,,real_world,missing_values
1492,sched_dep_time,8:41 a.m.,,real_world,missing_values
1493,sched_dep_time,7:45 p.m.,,real_world,missing_values
1494,sched_dep_time,3:27 p.m.,,real_world,missing_values
1496,sched_dep_time,11:25 a.m.,,real_world,missing_values
1497,sched_dep_time,10:39 a.m.,,real_world,missing_values
1498,sched_dep_time,11:25 p.m.,,real_world,missing_values
1499,sched_dep_time,6:00 a.m.,,real_world,missing_values
1501,sched_dep_time,4:00 p.m.,,real_world,missing_values
1504,sched_dep_time,9:05 a.m.,,real_world,missing_values
1505,sched_dep_time,8:15 a.m.,,real_world,missing_values
1506,sched_dep_time,7:00 a.m.,,real_world,missing_values
1507,sched_dep_time,4:15 p.m.,,real_world,missing_values
1508,sched_dep_time,10:45 a.m.,,real_world,missing_values
1511,sched_dep_time,2:55 p.m.,,real_world,missing_values
1512,sched_dep_time,11:50 a.m.,,real_world,missing_values
1514,sched_dep_time,6:00 a.m.,,real_world,missing_values
1515,sched_dep_time,11:05 a.m.,,real_world,missing_values
1518,sched_dep_time,10:15 a.m.,,real_world,missing_values
1519,sched_dep_time,1:00 p.m.,,real_world,missing_values
1520,sched_dep_time,7:53 a.m.,,real_world,missing_values
1521,sched_dep_time,12:30 p.m.,,real_world,missing_values
1522,sched_dep_time,11:45 a.m.,,real_world,missing_values
1523,sched_dep_time,2:30 p.m.,,real_world,missing_values
1524,sched_dep_time,12:00 a.m.,,real_world,missing_values
1527,sched_dep_time,10:40 a.m.,,real_world,missing_values
1528,sched_dep_time,12:57 p.m.,,real_world,missing_values
1530,sched_dep_time,7:15 a.m.,,real_world,missing_values
1531,sched_dep_time,6:30 p.m.,,real_world,missing_values
1532,sched_dep_time,6:45 p.m.,,real_world,missing_values
1533,sched_dep_time,12:00 p.m.,,real_world,missing_values
1535,sched_dep_time,1:55 p.m.,,real_world,missing_values
1537,sched_dep_time,6:00 a.m.,,real_world,missing_values
1538,sched_dep_time,7:10 a.m.,,real_world,missing_values
1539,sched_dep_time,4:55 p.m.,,real_world,missing_values
1540,sched_dep_time,7:25 a.m.,,real_world,missing_values
1541,sched_dep_time,3:50 p.m.,,real_world,missing_values
1542,sched_dep_time,4:16 p.m.,,real_world,missing_values
1543,sched_dep_time,8:00 p.m.,,real_world,missing_values
1545,sched_dep_time,7:05 a.m.,,real_world,missing_values
1546,sched_dep_time,10:40 a.m.,,real_world,missing_values
1547,sched_dep_time,1:33 p.m.,,real_world,missing_values
1548,sched_dep_time,12:15 p.m.,,real_world,missing_values
1550,sched_dep_time,11:55 p.m.,,real_world,missing_values
1551,sched_dep_time,4:25 p.m.,,real_world,missing_values
1552,sched_dep_time,9:00 p.m.,,real_world,missing_values
1553,sched_dep_time,8:25 p.m.,,real_world,missing_values
1554,sched_dep_time,6:59 a.m.,,real_world,missing_values
1555,sched_dep_time,8:35 a.m.,,real_world,missing_values
1556,sched_dep_time,8:29 a.m.,,real_world,missing_values
1557,sched_dep_time,1:30 p.m.,,real_world,missing_values
1559,sched_dep_time,7:35 a.m.,,real_world,missing_values
1561,sched_dep_time,5:30 p.m.,,real_world,missing_values
1562,sched_dep_time,1:45 p.m.,,real_world,missing_values
1563,sched_dep_time,11:15 a.m.,,real_world,missing_values
1564,sched_dep_time,8:20 p.m.,,real_world,missing_values
1565,sched_dep_time,2:55 p.m.,,real_world,missing_values
1568,sched_dep_time,2:35 p.m.,,real_world,missing_values
1569,sched_dep_time,2:55 p.m.,,real_world,missing_values
1570,sched_dep_time,7:15 a.m.,,real_world,missing_values
1571,sched_dep_time,12:10 p.m.,,real_world,missing_values
1572,sched_dep_time,7:55 a.m.,,real_world,missing_values
1573,sched_dep_time,9:05 a.m.,9:05 a.m. (-00:00),real_world,typos
1574,sched_dep_time,1:05 p.m.,,real_world,missing_values
1575,sched_dep_time,8:35 a.m.,,real_world,missing_values
1576,sched_dep_time,3:05 p.m.,,real_world,missing_values
1577,sched_dep_time,7:30 a.m.,,real_world,missing_values
1578,sched_dep_time,4:00 p.m.,,real_world,missing_values
1579,sched_dep_time,11:35 a.m.,,real_world,missing_values
1581,sched_dep_time,11:55 a.m.,,real_world,missing_values
1582,sched_dep_time,10:40 a.m.,,real_world,missing_values
1583,sched_dep_time,6:45 a.m.,,real_world,missing_values
1585,sched_dep_time,6:00 a.m.,,real_world,missing_values
1586,sched_dep_time,7:10 a.m.,,real_world,missing_values
1587,sched_dep_time,7:10 a.m.,,real_world,missing_values
1590,sched_dep_time,8:41 a.m.,8:41aDec 1,real_world,typos
1593,sched_dep_time,10:39 a.m.,10:39aDec 1,real_world,typos
1595,sched_dep_time,12:30 a.m.,12:30aDec 1,real_world,typos
1597,sched_dep_time,9:45 a.m.,9:45aDec 1,real_world,typos
1598,sched_dep_time,7:00 a.m.,7:00aDec 1,real_world,typos
1600,sched_dep_time,11:40 a.m.,11:40aDec 1,real_world,typos
1601,sched_dep_time,6:00 a.m.,6:00aDec 1,real_world,typos
1602,sched_dep_time,11:05 a.m.,11:05aDec 1,real_world,typos
1604,sched_dep_time,7:30 a.m.,7:30aDec 1,real_world,typos
1607,sched_dep_time,11:45 a.m.,11:45aDec 1,real_world,typos
1608,sched_dep_time,12:00 a.m.,12:00 p.m.,real_world,typos
1611,sched_dep_time,6:00 a.m.,6:00aDec 1,real_world,typos
1612,sched_dep_time,7:10 a.m.,7:10aDec 1,real_world,typos
1614,sched_dep_time,7:25 a.m.,7:25aDec 1,real_world,typos
1616,sched_dep_time,7:05 a.m.,7:05aDec 1,real_world,typos
1621,sched_dep_time,6:59 a.m.,6:59aDec 1,real_world,typos
1622,sched_dep_time,8:35 a.m.,8:35aDec 1,real_world,typos
1623,sched_dep_time,2:30 p.m.,Not Available,real_world,typos
1629,sched_dep_time,7:35 a.m.,Not Available,real_world,typos
1631,sched_dep_time,9:05 a.m.,9:05aDec 1,real_world,typos
1632,sched_dep_time,7:10 a.m.,7:10aDec 1,real_world,typos
1633,sched_dep_time,8:35 a.m.,8:35aDec 1,real_world,typos
1634,sched_dep_time,11:25 a.m.,11:25aDec 1,real_world,typos
1637,sched_dep_time,6:45 a.m.,6:45aDec 1,real_world,typos
1643,sched_dep_time,8:00 p.m.,11/30 8:00 p.m.,real_world,typos
1644,sched_dep_time,4:16 p.m.,11/30 4:16 p.m.,real_world,typos
1646,sched_dep_time,6:45 p.m.,11/30 6:45 p.m.,real_world,typos
1650,sched_dep_time,4:00 p.m.,11/30 4:00 p.m.,real_world,typos
1651,sched_dep_time,11:55 p.m.,11/30 11:55 p.m.,real_world,typos
1652,sched_dep_time,11:25 a.m.,11/30 11:25 a.m.,real_world,typos
1654,sched_dep_time,7:45 p.m.,11/30 7:45 p.m.,real_world,typos
1656,sched_dep_time,11:08 p.m.,11/30 11:08 p.m.,real_world,typos
1658,sched_dep_time,12:57 p.m.,11/30 12:57 p.m.,real_world,typos
1661,sched_dep_time,1:55 p.m.,11/30 1:55 p.m.,real_world,typos
1685,sched_dep_time,12:00 a.m.,12:00 p.m.,real_world,typos
1688,sched_dep_time,7:10 p.m.,7:27 p.m.,real_world,typos
1760,sched_dep_time,7:00 p.m.,,real_world,missing_values
1763,sched_dep_time,8:41 a.m.,,real_world,missing_values
1767,sched_dep_time,11:25 a.m.,,real_world,missing_values
1768,sched_dep_time,10:39 a.m.,,real_world,missing_values
1770,sched_dep_time,6:00 a.m.,,real_world,missing_values
1771,sched_dep_time,12:30 a.m.,,real_world,missing_values
1773,sched_dep_time,7:35 a.m.,,real_world,missing_values
1774,sched_dep_time,9:45 a.m.,,real_world,missing_values
1776,sched_dep_time,8:15 a.m.,,real_world,missing_values
1779,sched_dep_time,10:45 a.m.,,real_world,missing_values
1780,sched_dep_time,2:30 p.m.,,real_world,missing_values
1781,sched_dep_time,8:05 a.m.,,real_world,missing_values
1782,sched_dep_time,2:55 p.m.,,real_world,missing_values
1784,sched_dep_time,11:40 a.m.,,real_world,missing_values
1787,sched_dep_time,6:00 a.m.,,real_world,missing_values
1788,sched_dep_time,8:40 a.m.,,real_world,missing_values
1791,sched_dep_time,7:53 a.m.,,real_world,missing_values
1792,sched_dep_time,12:30 p.m.,,real_world,missing_values
1793,sched_dep_time,11:45 a.m.,,real_world,missing_values
1795,sched_dep_time,12:00 a.m.,12:00 p.m.,real_world,typos
1796,sched_dep_time,5:25 p.m.,,real_world,missing_values
1797,sched_dep_time,7:10 p.m.,,real_world,missing_values
1799,sched_dep_time,12:57 p.m.,,real_world,missing_values
1800,sched_dep_time,3:35 p.m.,,real_world,missing_values
1805,sched_dep_time,1:55 p.m.,,real_world,missing_values
1809,sched_dep_time,4:55 p.m.,,real_world,missing_values
1811,sched_dep_time,4:16 p.m.,,real_world,missing_values
1813,sched_dep_time,10:25 a.m.,,real_world,missing_values
1814,sched_dep_time,7:05 a.m.,,real_world,missing_values
1815,sched_dep_time,10:40 a.m.,,real_world,missing_values
1818,sched_dep_time,1:29 p.m.,,real_world,missing_values
1825,sched_dep_time,8:29 a.m.,,real_world,missing_values
1827,sched_dep_time,2:53 p.m.,,real_world,missing_values
1828,sched_dep_time,7:35 a.m.,,real_world,missing_values
1831,sched_dep_time,1:45 p.m.,,real_world,missing_values
1832,sched_dep_time,11:15 a.m.,,real_world,missing_values
1833,sched_dep_time,8:20 p.m.,,real_world,missing_values
1834,sched_dep_time,2:55 p.m.,,real_world,missing_values
1835,sched_dep_time,2:30 p.m.,,real_world,missing_values
1836,sched_dep_time,8:55 a.m.,,real_world,missing_values
1842,sched_dep_time,9:05 a.m.,,real_world,missing_values
1844,sched_dep_time,8:35 a.m.,,real_world,missing_values
1847,sched_dep_time,11:25 a.m.,,real_world,missing_values
1851,sched_dep_time,2:55 p.m.,,real_world,missing_values
1894,sched_dep_time,12:00 a.m.,12:00 p.m.,real_world,typos
1952,sched_dep_time,7:00 p.m.,,real_world,missing_values
1955,sched_dep_time,8:41 a.m.,,real_world,missing_values
1959,sched_dep_time,11:25 a.m.,,real_world,missing_values
1960,sched_dep_time,10:39 a.m.,,real_world,missing_values
1962,sched_dep_time,6:00 a.m.,,real_world,missing_values
1963,sched_dep_time,12:30 a.m.,,real_world,missing_values
1965,sched_dep_time,7:35 a.m.,,real_world,missing_values
1966,sched_dep_time,9:45 a.m.,,real_world,missing_values
1968,sched_dep_time,8:15 a.m.,,real_world,missing_values
1971,sched_dep_time,10:45 a.m.,,real_world,missing_values
1972,sched_dep_time,2:30 p.m.,,real_world,missing_values
1973,sched_dep_time,8:05 a.m.,,real_world,missing_values
1974,sched_dep_time,2:55 p.m.,,real_world,missing_values
1976,sched_dep_time,11:40 a.m.,,real_world,missing_values
1979,sched_dep_time,6:00 a.m.,,real_world,missing_values
1980,sched_dep_time,8:40 a.m.,,real_world,missing_values
1983,sched_dep_time,7:53 a.m.,,real_world,missing_values
1984,sched_dep_time,12:30 p.m.,,real_world,missing_values
1985,sched_dep_time,11:45 a.m.,,real_world,missing_values
1987,sched_dep_time,12:00 a.m.,12:00 p.m.,real_world,typos
1988,sched_dep_time,5:25 p.m.,,real_world,missing_values
1989,sched_dep_time,7:10 p.m.,,real_world,missing_values
1991,sched_dep_time,12:57 p.m.,,real_world,missing_values
1992,sched_dep_time,3:35 p.m.,,real_world,missing_values
1997,sched_dep_time,1:55 p.m.,,real_world,missing_values
2001,sched_dep_time,4:55 p.m.,,real_world,missing_values
2003,sched_dep_time,4:16 p.m.,,real_world,missing_values
2005,sched_dep_time,10:25 a.m.,,real_world,missing_values
2006,sched_dep_time,7:05 a.m.,,real_world,missing_values
2010,sched_dep_time,1:29 p.m.,,real_world,missing_values
2017,sched_dep_time,8:29 a.m.,,real_world,missing_values
2019,sched_dep_time,2:53 p.m.,,real_world,missing_values
2020,sched_dep_time,7:35 a.m.,,real_world,missing_values
2023,sched_dep_time,1:45 p.m.,,real_world,missing_values
2024,sched_dep_time,11:15 a.m.,,real_world,missing_values
2025,sched_dep_time,8:20 p.m.,,real_world,missing_values
2026,sched_dep_time,2:55 p.m.,,real_world,missing_values
2027,sched_dep_time,2:30 p.m.,,real_world,missing_values
2028,sched_dep_time,8:55 a.m.,,real_world,missing_values
2034,sched_dep_time,9:05 a.m.,,real_world,missing_values
2036,sched_dep_time,8:35 a.m.,,real_world,missing_values
2039,sched_dep_time,11:25 a.m.,,real_world,missing_values
2043,sched_dep_time,2:55 p.m.,,real_world,missing_values
2052,sched_dep_time,7:00 p.m.,,real_world,missing_values
2055,sched_dep_time,8:41 a.m.,,real_world,missing_values
2059,sched_dep_time,11:25 a.m.,,real_world,missing_values
2060,sched_dep_time,10:39 a.m.,,real_world,missing_values
2062,sched_dep_time,6:00 a.m.,,real_world,missing_values
2063,sched_dep_time,12:30 a.m.,,real_world,missing_values
2065,sched_dep_time,7:35 a.m.,,real_world,missing_values
2066,sched_dep_time,9:45 a.m.,,real_world,missing_values
2068,sched_dep_time,8:15 a.m.,,real_world,missing_values
2071,sched_dep_time,10:45 a.m.,,real_world,missing_values
2072,sched_dep_time,2:30 p.m.,,real_world,missing_values
2073,sched_dep_time,8:05 a.m.,,real_world,missing_values
2074,sched_dep_time,2:55 p.m.,,real_world,missing_values
2076,sched_dep_time,11:40 a.m.,,real_world,missing_values
2079,sched_dep_time,6:00 a.m.,,real_world,missing_values
2080,sched_dep_time,8:40 a.m.,,real_world,missing_values
2083,sched_dep_time,7:53 a.m.,,real_world,missing_values
2084,sched_dep_time,12:30 p.m.,,real_world,missing_values
2085,sched_dep_time,11:45 a.m.,,real_world,missing_values
2087,sched_dep_time,12:00 a.m.,12:00 p.m.,real_world,typos
2088,sched_dep_time,5:25 p.m.,,real_world,missing_values
2089,sched_dep_time,7:10 p.m.,,real_world,missing_values
2091,sched_dep_time,12:57 p.m.,,real_world,missing_values
2092,sched_dep_time,3:35 p.m.,,real_world,missing_values
2097,sched_dep_time,1:55 p.m.,,real_world,missing_values
2101,sched_dep_time,4:55 p.m.,,real_world,missing_values
2103,sched_dep_time,4:16 p.m.,,real_world,missing_values
2105,sched_dep_time,10:25 a.m.,,real_world,missing_values
2106,sched_dep_time,7:05 a.m.,,real_world,missing_values
2107,sched_dep_time,10:40 a.m.,,real_world,missing_values
2110,sched_dep_time,1:29 p.m.,,real_world,missing_values
2117,sched_dep_time,8:29 a.m.,,real_world,missing_values
2119,sched_dep_time,2:53 p.m.,,real_world,missing_values
2120,sched_dep_time,7:35 a.m.,,real_world,missing_values
2123,sched_dep_time,1:45 p.m.,,real_world,missing_values
2124,sched_dep_time,11:15 a.m.,,real_world,missing_values
2125,sched_dep_time,8:20 p.m.,,real_world,missing_values
2126,sched_dep_time,2:55 p.m.,,real_world,missing_values
2127,sched_dep_time,2:30 p.m.,,real_world,missing_values
2128,sched_dep_time,8:55 a.m.,,real_world,missing_values
2134,sched_dep_time,9:05 a.m.,,real_world,missing_values
2136,sched_dep_time,8:35 a.m.,,real_world,missing_values
2139,sched_dep_time,11:25 a.m.,,real_world,missing_values
2143,sched_dep_time,2:55 p.m.,,real_world,missing_values
2152,sched_dep_time,11:40 a.m.,,real_world,missing_values
2153,sched_dep_time,9:00 p.m.,,real_world,missing_values
2155,sched_dep_time,1:05 p.m.,,real_world,missing_values
2157,sched_dep_time,7:00 p.m.,,real_world,missing_values
2160,sched_dep_time,8:41 a.m.,,real_world,missing_values
2164,sched_dep_time,11:25 a.m.,,real_world,missing_values
2165,sched_dep_time,10:39 a.m.,,real_world,missing_values
2167,sched_dep_time,6:00 a.m.,,real_world,missing_values
2168,sched_dep_time,12:30 a.m.,,real_world,missing_values
2170,sched_dep_time,7:35 a.m.,,real_world,missing_values
2171,sched_dep_time,9:45 a.m.,,real_world,missing_values
2173,sched_dep_time,8:15 a.m.,,real_world,missing_values
2176,sched_dep_time,10:45 a.m.,,real_world,missing_values
2177,sched_dep_time,2:30 p.m.,,real_world,missing_values
2178,sched_dep_time,8:05 a.m.,,real_world,missing_values
2179,sched_dep_time,2:55 p.m.,,real_world,missing_values
2181,sched_dep_time,11:40 a.m.,,real_world,missing_values
2184,sched_dep_time,6:00 a.m.,,real_world,missing_values
2185,sched_dep_time,8:40 a.m.,,real_world,missing_values
2188,sched_dep_time,7:53 a.m.,,real_world,missing_values
2189,sched_dep_time,12:30 p.m.,,real_world,missing_values
2190,sched_dep_time,11:45 a.m.,,real_world,missing_values
2192,sched_dep_time,12:00 a.m.,12:00 p.m.,real_world,typos
2193,sched_dep_time,5:25 p.m.,,real_world,missing_values
2194,sched_dep_time,7:10 p.m.,,real_world,missing_values
2196,sched_dep_time,12:57 p.m.,,real_world,missing_values
2197,sched_dep_time,3:35 p.m.,,real_world,missing_values
2202,sched_dep_time,1:55 p.m.,,real_world,missing_values
2206,sched_dep_time,4:55 p.m.,,real_world,missing_values
2208,sched_dep_time,4:16 p.m.,,real_world,missing_values
2210,sched_dep_time,10:25 a.m.,,real_world,missing_values
2211,sched_dep_time,7:05 a.m.,,real_world,missing_values
2215,sched_dep_time,1:29 p.m.,,real_world,missing_values
2222,sched_dep_time,8:29 a.m.,,real_world,missing_values
2224,sched_dep_time,2:53 p.m.,,real_world,missing_values
2225,sched_dep_time,7:35 a.m.,,real_world,missing_values
2228,sched_dep_time,1:45 p.m.,,real_world,missing_values
2229,sched_dep_time,11:15 a.m.,,real_world,missing_values
2230,sched_dep_time,8:20 p.m.,,real_world,missing_values
2231,sched_dep_time,2:55 p.m.,,real_world,missing_values
2232,sched_dep_time,2:30 p.m.,,real_world,missing_values
2233,sched_dep_time,8:55 a.m.,,real_world,missing_values
2239,sched_dep_time,9:05 a.m.,,real_world,missing_values
2241,sched_dep_time,8:35 a.m.,,real_world,missing_values
2244,sched_dep_time,11:25 a.m.,,real_world,missing_values
2248,sched_dep_time,2:55 p.m.,,real_world,missing_values
2279,sched_dep_time,12:00 a.m.,12:00 p.m.,real_world,typos
2282,sched_dep_time,7:10 p.m.,7:27 p.m.,real_world,typos
2343,sched_dep_time,12:00 a.m.,12:00 p.m.,real_world,typos
3,act_dep_time,6:30 p.m.,,real_world,missing_values
6,act_dep_time,11:25 p.m.,,real_world,missing_values
32,act_dep_time,11:55 p.m.,,real_world,missing_values
33,act_dep_time,9:00 p.m.,,real_world,missing_values
34,act_dep_time,8:25 p.m.,,real_world,missing_values
37,act_dep_time,1:30 p.m.,,real_world,missing_values
52,act_dep_time,7:14 p.m.,,real_world,missing_values
54,act_dep_time,8:29 a.m.,8:48 a.m.,real_world,typos
55,act_dep_time,8:42 a.m.,9:00 a.m.,real_world,typos
56,act_dep_time,7:58 p.m.,7:59 p.m.,real_world,typos
57,act_dep_time,3:27 p.m.,3:50 p.m.,real_world,typos
58,act_dep_time,11:32 a.m.,,real_world,missing_values
59,act_dep_time,11:40 a.m.,11:41 a.m.,real_world,typos
60,act_dep_time,10:33 a.m.,10:53 a.m.,real_world,typos
61,act_dep_time,11:25 p.m.,11:29 p.m.,real_world,typos
62,act_dep_time,5:56 a.m.,6:10 a.m.,real_world,typos
63,act_dep_time,12:41 a.m.,,real_world,missing_values
64,act_dep_time,4:00 p.m.,4:10 p.m.,real_world,typos
65,act_dep_time,7:29 a.m.,,real_world,missing_values
66,act_dep_time,10:19 a.m.,,real_world,missing_values
67,act_dep_time,10:10 a.m.,10:11 a.m.,real_world,typos
68,act_dep_time,8:12 a.m.,8:26 a.m.,real_world,typos
71,act_dep_time,10:55 a.m.,10:54 a.m.,real_world,typos
72,act_dep_time,2:48 p.m.,,real_world,missing_values
73,act_dep_time,8:00 a.m.,,real_world,missing_values
74,act_dep_time,2:55 p.m.,3:04 p.m.,real_world,typos
75,act_dep_time,12:12 p.m.,12:13 p.m.,real_world,typos
76,act_dep_time,11:56 a.m.,,real_world,missing_values
77,act_dep_time,6:08 a.m.,6:09 a.m.,real_world,typos
78,act_dep_time,11:30 a.m.,11:45 a.m.,real_world,typos
79,act_dep_time,6:02 a.m.,,real_world,missing_values
80,act_dep_time,8:40 a.m.,,real_world,missing_values
81,act_dep_time,10:18 a.m.,10:19 a.m.,real_world,typos
82,act_dep_time,2:04 p.m.,2:03 p.m.,real_world,typos
83,act_dep_time,7:49 a.m.,8:07 a.m.,real_world,typos
84,act_dep_time,12:35 p.m.,12:56 p.m.,real_world,typos
85,act_dep_time,12:13 p.m.,12:14 p.m.,real_world,typos
86,act_dep_time,2:26 p.m.,2:43 p.m.,real_world,typos
87,act_dep_time,3:11 a.m.,12:07 p.m.,real_world,typos
88,act_dep_time,5:22 p.m.,,real_world,missing_values
89,act_dep_time,8:25 p.m.,,real_world,missing_values
90,act_dep_time,11:05 a.m.,11:06 a.m.,real_world,typos
91,act_dep_time,1:32 p.m.,1:43 p.m.,real_world,typos
92,act_dep_time,3:36 p.m.,,real_world,missing_values
93,act_dep_time,7:21 a.m.,7:22 a.m.,real_world,typos
94,act_dep_time,6:30 p.m.,6:47 p.m.,real_world,typos
95,act_dep_time,6:55 p.m.,6:56 p.m.,real_world,typos
96,act_dep_time,12:11 p.m.,12:12 p.m.,real_world,typos
97,act_dep_time,7:15 p.m.,,real_world,missing_values
98,act_dep_time,2:10 p.m.,2:04 p.m.,real_world,typos
99,act_dep_time,9:14 a.m.,,real_world,missing_values
100,act_dep_time,6:56 a.m.,6:57 a.m.,real_world,typos
101,act_dep_time,7:30 a.m.,7:31 a.m.,real_world,typos
102,act_dep_time,5:08 p.m.,5:09 p.m.,real_world,typos
104,act_dep_time,4:28 p.m.,4:44 p.m.,real_world,typos
105,act_dep_time,4:15 p.m.,4:37 p.m.,real_world,typos
107,act_dep_time,10:20 a.m.,,real_world,missing_values
108,act_dep_time,7:05 a.m.,7:30 a.m.,real_world,typos
109,act_dep_time,11:01 a.m.,11:02 a.m.,real_world,typos
110,act_dep_time,1:31 p.m.,1:48 p.m.,real_world,typos
111,act_dep_time,12:41 p.m.,12:42 p.m.,real_world,typos
112,act_dep_time,1:48 p.m.,,real_world,missing_values
113,act_dep_time,11:55 p.m.,12:11 a.m.,real_world,typos
114,act_dep_time,4:25 p.m.,4:28 p.m.,real_world,typos
115,act_dep_time,9:00 p.m.,9:06 p.m.,real_world,typos
116,act_dep_time,8:25 p.m.,8:29 p.m.,real_world,typos
117,act_dep_time,7:22 a.m.,7:23 a.m.,real_world,typos
118,act_dep_time,8:51 a.m.,8:52 a.m.,real_world,typos
119,act_dep_time,8:26 a.m.,8:37 a.m.,real_world,typos
120,act_dep_time,1:30 p.m.,1:41 p.m.,real_world,typos
121,act_dep_time,3:01 p.m.,,real_world,missing_values
122,act_dep_time,7:27 a.m.,7:41 a.m.,real_world,typos
123,act_dep_time,11:08 p.m.,,real_world,missing_values
124,act_dep_time,5:30 p.m.,5:38 p.m.,real_world,typos
125,act_dep_time,1:32 p.m.,1:50 p.m. (+8:00),real_world,typos
126,act_dep_time,11:15 a.m.,11:47 a.m.,real_world,typos
127,act_dep_time,8:39 p.m.,8:40 p.m.,real_world,typos
128,act_dep_time,2:55 p.m.,3:04 p.m.,real_world,typos
129,act_dep_time,2:48 p.m.,,real_world,missing_values
130,act_dep_time,9:16 a.m.,,real_world,missing_values
132,act_dep_time,3:27 p.m.,3:28 p.m.,real_world,typos
134,act_dep_time,12:10 p.m.,12:11 p.m.,real_world,typos
136,act_dep_time,8:52 a.m.,,real_world,missing_values
137,act_dep_time,1:19 p.m.,1:20 p.m.,real_world,typos
138,act_dep_time,8:56 a.m.,8:55 a.m.,real_world,typos
139,act_dep_time,3:36 p.m.,3:38 p.m.,real_world,typos
143,act_dep_time,3:31 p.m.,,real_world,missing_values
145,act_dep_time,10:54 a.m.,10:55 a.m.,real_world,typos
146,act_dep_time,6:57 a.m.,6:58 a.m.,real_world,typos
147,act_dep_time,3:58 p.m.,,real_world,missing_values
148,act_dep_time,6:10 a.m.,6:11 a.m.,real_world,typos
149,act_dep_time,7:39 a.m.,7:40 a.m.,real_world,typos
150,act_dep_time,7:31 a.m.,7:32 a.m.,real_world,typos
152,act_dep_time,7:14 p.m.,7:42 p.m.,real_world,typos
154,act_dep_time,8:29 a.m.,8:49 a.m.,real_world,typos
155,act_dep_time,8:42 a.m.,9:01 a.m.,real_world,typos
156,act_dep_time,7:58 p.m.,7:59 p.m.,real_world,typos
157,act_dep_time,12:11 p.m.,12:12 p.m.,real_world,typos
158,act_dep_time,3:27 p.m.,3:50 p.m.,real_world,typos
159,act_dep_time,11:32 a.m.,12:37 p.m.,real_world,typos
160,act_dep_time,10:33 a.m.,10:53 a.m.,real_world,typos
161,act_dep_time,11:25 p.m.,Not Available,real_world,typos
162,act_dep_time,5:56 a.m.,6:10 a.m.,real_world,typos
163,act_dep_time,12:41 a.m.,12:58 a.m.,real_world,typos
164,act_dep_time,4:00 p.m.,4:10 p.m.,real_world,typos
165,act_dep_time,7:29 a.m.,7:56 a.m.,real_world,typos
166,act_dep_time,10:19 a.m.,10:35 a.m.,real_world,typos
167,act_dep_time,10:10 a.m.,10:11 a.m.,real_world,typos
168,act_dep_time,8:12 a.m.,8:26 a.m.,real_world,typos
170,act_dep_time,4:29 p.m.,4:30 p.m.,real_world,typos
172,act_dep_time,2:48 p.m.,2:59 p.m.,real_world,typos
173,act_dep_time,8:00 a.m.,8:18 a.m.,real_world,typos
174,act_dep_time,2:55 p.m.,3:04 p.m.,real_world,typos
175,act_dep_time,12:12 p.m.,12:13 p.m.,real_world,typos
176,act_dep_time,11:56 a.m.,12:06 p.m.,real_world,typos
177,act_dep_time,6:08 a.m.,6:09 a.m.,real_world,typos
178,act_dep_time,11:30 a.m.,11:45 a.m.,real_world,typos
179,act_dep_time,6:02 a.m.,6:17 a.m.,real_world,typos
180,act_dep_time,8:40 a.m.,9:01 a.m.,real_world,typos
181,act_dep_time,10:18 a.m.,10:19 a.m.,real_world,typos
183,act_dep_time,7:49 a.m.,8:07 a.m.,real_world,typos
184,act_dep_time,12:35 p.m.,12:56 p.m.,real_world,typos
185,act_dep_time,12:13 p.m.,12:14 p.m.,real_world,typos
186,act_dep_time,2:26 p.m.,2:43 p.m.,real_world,typos
187,act_dep_time,3:11 a.m.,12:08 p.m.,real_world,typos
188,act_dep_time,5:22 p.m.,5:38 p.m.,real_world,typos
189,act_dep_time,8:25 p.m.,8:36 p.m.,real_world,typos
190,act_dep_time,11:05 a.m.,11:06 a.m.,real_world,typos
191,act_dep_time,1:32 p.m.,,real_world,missing_values
193,act_dep_time,7:21 a.m.,7:22 a.m.,real_world,typos
194,act_dep_time,6:30 p.m.,Not Available,real_world,typos
195,act_dep_time,6:55 p.m.,6:56 p.m.,real_world,typos
196,act_dep_time,7:15 p.m.,Not Available,real_world,typos
197,act_dep_time,2:10 p.m.,2:38 p.m.,real_world,typos
198,act_dep_time,9:14 a.m.,9:58 a.m.,real_world,typos
199,act_dep_time,6:56 a.m.,6:57 a.m.,real_world,typos
200,act_dep_time,7:30 a.m.,7:31 a.m.,real_world,typos
201,act_dep_time,5:08 p.m.,5:09 p.m.,real_world,typos
202,act_dep_time,4:28 p.m.,4:46 p.m.,real_world,typos
203,act_dep_time,4:15 p.m.,4:37 p.m.,real_world,typos
205,act_dep_time,10:20 a.m.,10:37 a.m.,real_world,typos
206,act_dep_time,7:05 a.m.,7:31 a.m.,real_world,typos
207,act_dep_time,11:01 a.m.,11:02 a.m.,real_world,typos
208,act_dep_time,1:31 p.m.,1:48 p.m.,real_world,typos
209,act_dep_time,12:41 p.m.,12:42 p.m.,real_world,typos
210,act_dep_time,1:48 p.m.,2:01 p.m.,real_world,typos
211,act_dep_time,11:55 p.m.,,real_world,missing_values
212,act_dep_time,4:25 p.m.,Not Available,real_world,typos
213,act_dep_time,9:00 p.m.,Not Available,real_world,typos
214,act_dep_time,8:25 p.m.,Not Available,real_world,typos
215,act_dep_time,7:22 a.m.,7:23 a.m.,real_world,typos
216,act_dep_time,8:51 a.m.,8:52 a.m.,real_world,typos
217,act_dep_time,8:26 a.m.,8:37 a.m.,real_world,typos
218,act_dep_time,1:30 p.m.,Not Available,real_world,typos
219,act_dep_time,3:01 p.m.,3:17 p.m.,real_world,typos
220,act_dep_time,7:27 a.m.,7:41 a.m.,real_world,typos
221,act_dep_time,11:08 p.m.,,real_world,missing_values
222,act_dep_time,5:30 p.m.,,real_world,missing_values
223,act_dep_time,1:32 p.m.,12:45 a.m.,real_world,typos
224,act_dep_time,11:15 a.m.,11:47 a.m.,real_world,typos
225,act_dep_time,8:39 p.m.,8:40 p.m.,real_world,typos
226,act_dep_time,2:55 p.m.,3:04 p.m.,real_world,typos
227,act_dep_time,2:48 p.m.,2:59 p.m.,real_world,typos
228,act_dep_time,9:16 a.m.,9:43 a.m.,real_world,typos
230,act_dep_time,3:27 p.m.,3:28 p.m.,real_world,typos
231,act_dep_time,7:22 a.m.,7:23 a.m.,real_world,typos
232,act_dep_time,12:10 p.m.,12:11 p.m.,real_world,typos
233,act_dep_time,8:04 a.m.,8:05 a.m.,real_world,typos
234,act_dep_time,8:52 a.m.,9:05 a.m.,real_world,typos
235,act_dep_time,1:19 p.m.,1:20 p.m.,real_world,typos
237,act_dep_time,3:36 p.m.,3:38 p.m.,real_world,typos
239,act_dep_time,11:40 a.m.,11:41 a.m.,real_world,typos
242,act_dep_time,7:39 a.m.,7:40 a.m.,real_world,typos
243,act_dep_time,3:31 p.m.,4:02 p.m.,real_world,typos
245,act_dep_time,10:54 a.m.,10:55 a.m.,real_world,typos
246,act_dep_time,6:57 a.m.,6:58 a.m.,real_world,typos
247,act_dep_time,3:58 p.m.,4:15 p.m.,real_world,typos
248,act_dep_time,6:10 a.m.,6:11 a.m.,real_world,typos
249,act_dep_time,7:39 a.m.,7:40 a.m.,real_world,typos
250,act_dep_time,7:31 a.m.,7:32 a.m.,real_world,typos
251,act_dep_time,7:16 a.m.,,real_world,missing_values
253,act_dep_time,8:29 a.m.,8:49 a.m.,real_world,typos
254,act_dep_time,8:42 a.m.,,real_world,missing_values
255,act_dep_time,7:58 p.m.,,real_world,missing_values
256,act_dep_time,6:30 p.m.,6:56 p.m.,real_world,typos
257,act_dep_time,3:27 p.m.,,real_world,missing_values
258,act_dep_time,11:32 a.m.,,real_world,missing_values
259,act_dep_time,11:40 a.m.,,real_world,missing_values
260,act_dep_time,10:33 a.m.,,real_world,missing_values
261,act_dep_time,11:25 p.m.,11:58 p.m.,real_world,typos
262,act_dep_time,5:56 a.m.,,real_world,missing_values
263,act_dep_time,12:41 p.m.,,real_world,missing_values
264,act_dep_time,4:00 p.m.,,real_world,missing_values
265,act_dep_time,10:19 a.m.,,real_world,missing_values
266,act_dep_time,7:25 a.m.,,real_world,missing_values
267,act_dep_time,8:12 a.m.,,real_world,missing_values
268,act_dep_time,4:29 p.m.,,real_world,missing_values
269,act_dep_time,2:48 p.m.,,real_world,missing_values
270,act_dep_time,12:12 p.m.,,real_world,missing_values
271,act_dep_time,6:08 a.m.,6:09 a.m.,real_world,typos
272,act_dep_time,11:30 a.m.,,real_world,missing_values
273,act_dep_time,6:02 a.m.,,real_world,missing_values
274,act_dep_time,8:40 a.m.,,real_world,missing_values
275,act_dep_time,10:55 a.m.,,real_world,missing_values
276,act_dep_time,10:18 a.m.,10:19 a.m.,real_world,typos
277,act_dep_time,8:04 a.m.,,real_world,missing_values
279,act_dep_time,12:41 a.m.,,real_world,missing_values
280,act_dep_time,10:10 a.m.,10:11 a.m.,real_world,typos
281,act_dep_time,12:13 p.m.,,real_world,missing_values
282,act_dep_time,3:11 a.m.,,real_world,missing_values
283,act_dep_time,7:39 a.m.,7:40 a.m.,real_world,typos
285,act_dep_time,11:05 a.m.,11:06 a.m.,real_world,typos
286,act_dep_time,7:21 a.m.,7:22 a.m.,real_world,typos
287,act_dep_time,8:00 a.m.,,real_world,missing_values
288,act_dep_time,6:55 p.m.,,real_world,missing_values
289,act_dep_time,12:11 p.m.,12:12 p.m.,real_world,typos
290,act_dep_time,7:15 p.m.,,real_world,missing_values
291,act_dep_time,2:10 p.m.,,real_world,missing_values
292,act_dep_time,9:14 a.m.,,real_world,missing_values
293,act_dep_time,6:56 a.m.,,real_world,missing_values
294,act_dep_time,7:30 a.m.,7:31 a.m.,real_world,typos
295,act_dep_time,4:28 p.m.,,real_world,missing_values
296,act_dep_time,4:15 p.m.,,real_world,missing_values
297,act_dep_time,8:23 p.m.,,real_world,missing_values
298,act_dep_time,10:20 a.m.,,real_world,missing_values
299,act_dep_time,7:05 a.m.,,real_world,missing_values
300,act_dep_time,11:01 a.m.,11:02 a.m.,real_world,typos
301,act_dep_time,1:31 p.m.,,real_world,missing_values
302,act_dep_time,11:55 p.m.,12:11 a.m.,real_world,typos
303,act_dep_time,4:25 p.m.,4:30 p.m.,real_world,typos
304,act_dep_time,9:00 p.m.,,real_world,missing_values
305,act_dep_time,8:25 p.m.,8:44 p.m.,real_world,typos
306,act_dep_time,7:22 a.m.,7:23 a.m.,real_world,typos
307,act_dep_time,8:51 a.m.,8:52 a.m.,real_world,typos
308,act_dep_time,2:26 p.m.,,real_world,missing_values
309,act_dep_time,8:26 a.m.,,real_world,missing_values
310,act_dep_time,1:30 p.m.,,real_world,missing_values
311,act_dep_time,3:01 p.m.,,real_world,missing_values
312,act_dep_time,7:27 a.m.,,real_world,missing_values
313,act_dep_time,1:32 p.m.,,real_world,missing_values
314,act_dep_time,11:15 a.m.,,real_world,missing_values
315,act_dep_time,8:39 p.m.,,real_world,missing_values
316,act_dep_time,2:55 p.m.,,real_world,missing_values
317,act_dep_time,2:48 p.m.,,real_world,missing_values
318,act_dep_time,2:44 p.m.,,real_world,missing_values
319,act_dep_time,3:27 p.m.,,real_world,missing_values
320,act_dep_time,7:22 a.m.,7:23 a.m.,real_world,typos
321,act_dep_time,2:55 p.m.,,real_world,missing_values
322,act_dep_time,12:10 p.m.,,real_world,missing_values
323,act_dep_time,8:04 a.m.,,real_world,missing_values
324,act_dep_time,8:52 a.m.,,real_world,missing_values
325,act_dep_time,1:19 p.m.,1:20 p.m.,real_world,typos
326,act_dep_time,7:49 a.m.,8:07 a.m.,real_world,typos
327,act_dep_time,8:56 a.m.,,real_world,missing_values
328,act_dep_time,3:36 p.m.,,real_world,missing_values
329,act_dep_time,4:12 p.m.,,real_world,missing_values
330,act_dep_time,3:31 p.m.,,real_world,missing_values
331,act_dep_time,11:55 a.m.,,real_world,missing_values
332,act_dep_time,10:54 a.m.,,real_world,missing_values
333,act_dep_time,6:57 a.m.,6:58 a.m.,real_world,typos
334,act_dep_time,3:58 p.m.,,real_world,missing_values
335,act_dep_time,6:10 a.m.,,real_world,missing_values
336,act_dep_time,7:39 a.m.,7:40 a.m.,real_world,typos
337,act_dep_time,7:31 a.m.,,real_world,missing_values
339,act_dep_time,7:14 p.m.,,real_world,missing_values
341,act_dep_time,8:29 a.m.,8:48 a.m.,real_world,typos
342,act_dep_time,8:42 a.m.,9:00 a.m.,real_world,typos
343,act_dep_time,7:58 p.m.,7:59 p.m.,real_world,typos
344,act_dep_time,3:27 p.m.,3:50 p.m.,real_world,typos
345,act_dep_time,11:32 a.m.,,real_world,missing_values
346,act_dep_time,11:40 a.m.,11:41 a.m.,real_world,typos
347,act_dep_time,10:33 a.m.,10:53 a.m.,real_world,typos
348,act_dep_time,11:25 p.m.,11:29 p.m.,real_world,typos
349,act_dep_time,5:56 a.m.,6:10 a.m.,real_world,typos
350,act_dep_time,12:41 a.m.,,real_world,missing_values
351,act_dep_time,4:00 p.m.,4:10 p.m.,real_world,typos
352,act_dep_time,7:29 a.m.,,real_world,missing_values
353,act_dep_time,10:19 a.m.,,real_world,missing_values
354,act_dep_time,10:10 a.m.,10:11 a.m.,real_world,typos
355,act_dep_time,8:12 a.m.,8:26 a.m.,real_world,typos
358,act_dep_time,10:55 a.m.,10:54 a.m.,real_world,typos
359,act_dep_time,2:48 p.m.,,real_world,missing_values
360,act_dep_time,8:00 a.m.,,real_world,missing_values
361,act_dep_time,2:55 p.m.,3:04 p.m.,real_world,typos
362,act_dep_time,12:12 p.m.,12:13 p.m.,real_world,typos
363,act_dep_time,11:56 a.m.,,real_world,missing_values
364,act_dep_time,6:08 a.m.,6:09 a.m.,real_world,typos
365,act_dep_time,11:30 a.m.,11:45 a.m.,real_world,typos
366,act_dep_time,6:02 a.m.,,real_world,missing_values
367,act_dep_time,8:40 a.m.,,real_world,missing_values
368,act_dep_time,10:18 a.m.,10:19 a.m.,real_world,typos
369,act_dep_time,2:04 p.m.,2:03 p.m.,real_world,typos
370,act_dep_time,7:49 a.m.,8:07 a.m.,real_world,typos
371,act_dep_time,12:35 p.m.,12:56 p.m.,real_world,typos
372,act_dep_time,12:13 p.m.,12:14 p.m.,real_world,typos
373,act_dep_time,2:26 p.m.,2:43 p.m.,real_world,typos
374,act_dep_time,3:11 a.m.,12:07 p.m.,real_world,typos
375,act_dep_time,5:22 p.m.,,real_world,missing_values
376,act_dep_time,8:25 p.m.,,real_world,missing_values
377,act_dep_time,11:05 a.m.,11:06 a.m.,real_world,typos
378,act_dep_time,1:32 p.m.,1:43 p.m.,real_world,typos
379,act_dep_time,3:36 p.m.,,real_world,missing_values
380,act_dep_time,7:21 a.m.,7:22 a.m.,real_world,typos
381,act_dep_time,6:30 p.m.,6:47 p.m.,real_world,typos
382,act_dep_time,6:55 p.m.,6:56 p.m.,real_world,typos
383,act_dep_time,12:11 p.m.,12:12 p.m.,real_world,typos
384,act_dep_time,7:15 p.m.,,real_world,missing_values
385,act_dep_time,2:10 p.m.,2:04 p.m.,real_world,typos
386,act_dep_time,9:14 a.m.,,real_world,missing_values
387,act_dep_time,6:56 a.m.,6:57 a.m.,real_world,typos
388,act_dep_time,7:30 a.m.,7:31 a.m.,real_world,typos
389,act_dep_time,5:08 p.m.,5:09 p.m.,real_world,typos
391,act_dep_time,4:28 p.m.,4:44 p.m.,real_world,typos
392,act_dep_time,4:15 p.m.,4:37 p.m.,real_world,typos
394,act_dep_time,10:20 a.m.,,real_world,missing_values
395,act_dep_time,7:05 a.m.,7:30 a.m.,real_world,typos
396,act_dep_time,11:01 a.m.,11:02 a.m.,real_world,typos
397,act_dep_time,1:31 p.m.,1:48 p.m.,real_world,typos
398,act_dep_time,12:41 p.m.,12:42 p.m.,real_world,typos
399,act_dep_time,1:48 p.m.,,real_world,missing_values
400,act_dep_time,11:55 p.m.,12:11 a.m.,real_world,typos
401,act_dep_time,4:25 p.m.,4:28 p.m.,real_world,typos
402,act_dep_time,9:00 p.m.,9:06 p.m.,real_world,typos
403,act_dep_time,8:25 p.m.,8:29 p.m.,real_world,typos
404,act_dep_time,7:22 a.m.,7:23 a.m.,real_world,typos
405,act_dep_time,8:51 a.m.,8:52 a.m.,real_world,typos
406,act_dep_time,8:26 a.m.,8:37 a.m.,real_world,typos
407,act_dep_time,1:30 p.m.,1:41 p.m.,real_world,typos
408,act_dep_time,3:01 p.m.,,real_world,missing_values
409,act_dep_time,7:27 a.m.,7:41 a.m.,real_world,typos
410,act_dep_time,11:08 p.m.,,real_world,missing_values
411,act_dep_time,5:30 p.m.,5:38 p.m.,real_world,typos
412,act_dep_time,1:32 p.m.,1:50 p.m. (+8:00),real_world,typos
413,act_dep_time,11:15 a.m.,11:47 a.m.,real_world,typos
414,act_dep_time,8:39 p.m.,8:40 p.m.,real_world,typos
415,act_dep_time,2:55 p.m.,3:04 p.m.,real_world,typos
416,act_dep_time,2:48 p.m.,,real_world,missing_values
417,act_dep_time,9:16 a.m.,,real_world,missing_values
419,act_dep_time,3:27 p.m.,3:28 p.m.,real_world,typos
421,act_dep_time,12:10 p.m.,12:11 p.m.,real_world,typos
423,act_dep_time,8:52 a.m.,,real_world,missing_values
424,act_dep_time,1:19 p.m.,1:20 p.m.,real_world,typos
425,act_dep_time,8:56 a.m.,8:55 a.m.,real_world,typos
426,act_dep_time,3:36 p.m.,3:38 p.m.,real_world,typos
430,act_dep_time,3:31 p.m.,,real_world,missing_values
432,act_dep_time,10:54 a.m.,10:55 a.m.,real_world,typos
433,act_dep_time,6:57 a.m.,6:58 a.m.,real_world,typos
434,act_dep_time,3:58 p.m.,,real_world,missing_values
435,act_dep_time,6:10 a.m.,6:11 a.m.,real_world,typos
436,act_dep_time,7:39 a.m.,7:40 a.m.,real_world,typos
437,act_dep_time,7:31 a.m.,7:32 a.m.,real_world,typos
439,act_dep_time,7:14 p.m.,7:42 p.m.,real_world,typos
441,act_dep_time,8:29 a.m.,8:49 a.m.,real_world,typos
442,act_dep_time,8:42 a.m.,9:01 a.m.,real_world,typos
443,act_dep_time,7:58 p.m.,7:59 p.m.,real_world,typos
444,act_dep_time,12:11 p.m.,12:12 p.m.,real_world,typos
445,act_dep_time,3:27 p.m.,3:50 p.m.,real_world,typos
446,act_dep_time,11:32 a.m.,12:37 p.m.,real_world,typos
447,act_dep_time,10:33 a.m.,10:53 a.m.,real_world,typos
448,act_dep_time,11:25 p.m.,,real_world,missing_values
449,act_dep_time,5:56 a.m.,6:10 a.m.,real_world,typos
450,act_dep_time,12:41 a.m.,12:58 a.m.,real_world,typos
451,act_dep_time,4:00 p.m.,4:10 p.m.,real_world,typos
452,act_dep_time,7:29 a.m.,7:56 a.m.,real_world,typos
453,act_dep_time,10:19 a.m.,10:35 a.m.,real_world,typos
454,act_dep_time,10:10 a.m.,10:11 a.m.,real_world,typos
455,act_dep_time,8:12 a.m.,8:26 a.m.,real_world,typos
457,act_dep_time,4:29 p.m.,4:30 p.m.,real_world,typos
459,act_dep_time,2:48 p.m.,2:59 p.m.,real_world,typos
460,act_dep_time,8:00 a.m.,8:18 a.m.,real_world,typos
461,act_dep_time,2:55 p.m.,3:04 p.m.,real_world,typos
462,act_dep_time,12:12 p.m.,12:13 p.m.,real_world,typos
463,act_dep_time,11:56 a.m.,12:06 p.m.,real_world,typos
464,act_dep_time,6:08 a.m.,6:09 a.m.,real_world,typos
465,act_dep_time,11:30 a.m.,11:45 a.m.,real_world,typos
466,act_dep_time,6:02 a.m.,6:17 a.m.,real_world,typos
467,act_dep_time,8:40 a.m.,9:01 a.m.,real_world,typos
468,act_dep_time,10:18 a.m.,10:19 a.m.,real_world,typos
470,act_dep_time,7:49 a.m.,8:07 a.m.,real_world,typos
471,act_dep_time,12:35 p.m.,12:56 p.m.,real_world,typos
472,act_dep_time,12:13 p.m.,12:14 p.m.,real_world,typos
473,act_dep_time,2:26 p.m.,2:43 p.m.,real_world,typos
474,act_dep_time,3:11 a.m.,12:08 p.m.,real_world,typos
475,act_dep_time,5:22 p.m.,5:38 p.m.,real_world,typos
476,act_dep_time,8:25 p.m.,8:36 p.m.,real_world,typos
477,act_dep_time,11:05 a.m.,11:06 a.m.,real_world,typos
478,act_dep_time,1:32 p.m.,1:43 p.m.,real_world,typos
480,act_dep_time,7:21 a.m.,7:22 a.m.,real_world,typos
481,act_dep_time,6:30 p.m.,,real_world,missing_values
482,act_dep_time,6:55 p.m.,6:56 p.m.,real_world,typos
483,act_dep_time,7:15 p.m.,,real_world,missing_values
484,act_dep_time,2:10 p.m.,2:38 p.m.,real_world,typos
485,act_dep_time,9:14 a.m.,9:58 a.m.,real_world,typos
486,act_dep_time,6:56 a.m.,6:57 a.m.,real_world,typos
487,act_dep_time,7:30 a.m.,7:31 a.m.,real_world,typos
488,act_dep_time,5:08 p.m.,5:09 p.m.,real_world,typos
489,act_dep_time,4:28 p.m.,4:46 p.m.,real_world,typos
490,act_dep_time,4:15 p.m.,4:37 p.m.,real_world,typos
492,act_dep_time,10:20 a.m.,10:37 a.m.,real_world,typos
493,act_dep_time,7:05 a.m.,7:31 a.m.,real_world,typos
494,act_dep_time,11:01 a.m.,11:02 a.m.,real_world,typos
495,act_dep_time,1:31 p.m.,1:48 p.m.,real_world,typos
496,act_dep_time,12:41 p.m.,12:42 p.m.,real_world,typos
497,act_dep_time,1:48 p.m.,2:01 p.m.,real_world,typos
498,act_dep_time,11:55 p.m.,,real_world,missing_values
499,act_dep_time,4:25 p.m.,,real_world,missing_values
500,act_dep_time,9:00 p.m.,,real_world,missing_values
501,act_dep_time,8:25 p.m.,,real_world,missing_values
502,act_dep_time,7:22 a.m.,7:23 a.m.,real_world,typos
503,act_dep_time,8:51 a.m.,8:52 a.m.,real_world,typos
504,act_dep_time,8:26 a.m.,8:37 a.m.,real_world,typos
505,act_dep_time,1:30 p.m.,,real_world,missing_values
506,act_dep_time,3:01 p.m.,3:17 p.m.,real_world,typos
507,act_dep_time,7:27 a.m.,7:41 a.m.,real_world,typos
508,act_dep_time,11:08 p.m.,,real_world,missing_values
509,act_dep_time,5:30 p.m.,,real_world,missing_values
510,act_dep_time,1:32 p.m.,1:45 p.m.,real_world,typos
511,act_dep_time,11:15 a.m.,11:47 a.m.,real_world,typos
512,act_dep_time,8:39 p.m.,8:40 p.m.,real_world,typos
513,act_dep_time,2:55 p.m.,3:04 p.m.,real_world,typos
514,act_dep_time,2:48 p.m.,2:59 p.m.,real_world,typos
515,act_dep_time,9:16 a.m.,9:43 a.m.,real_world,typos
517,act_dep_time,3:27 p.m.,3:28 p.m.,real_world,typos
518,act_dep_time,7:22 a.m.,7:23 a.m.,real_world,typos
519,act_dep_time,12:10 p.m.,12:11 p.m.,real_world,typos
520,act_dep_time,8:04 a.m.,8:05 a.m.,real_world,typos
521,act_dep_time,8:52 a.m.,9:05 a.m.,real_world,typos
522,act_dep_time,1:19 p.m.,1:20 p.m.,real_world,typos
524,act_dep_time,3:36 p.m.,3:38 p.m.,real_world,typos
526,act_dep_time,11:40 a.m.,11:41 a.m.,real_world,typos
529,act_dep_time,7:39 a.m.,7:40 a.m.,real_world,typos
530,act_dep_time,3:31 p.m.,4:02 p.m.,real_world,typos
532,act_dep_time,10:54 a.m.,10:55 a.m.,real_world,typos
533,act_dep_time,6:57 a.m.,6:58 a.m.,real_world,typos
534,act_dep_time,3:58 p.m.,4:15 p.m.,real_world,typos
535,act_dep_time,6:10 a.m.,6:11 a.m.,real_world,typos
536,act_dep_time,7:39 a.m.,7:40 a.m.,real_world,typos
537,act_dep_time,7:31 a.m.,7:32 a.m.,real_world,typos
545,act_dep_time,6:30 p.m.,6:47 p.m. (Estimated runway),real_world,typos
546,act_dep_time,3:27 p.m.,3:28 p.m.,real_world,typos
548,act_dep_time,11:25 p.m.,11:29 p.m. (Estimated runway),real_world,typos
551,act_dep_time,4:00 p.m.,3:58 p.m.,real_world,typos
573,act_dep_time,3:11 a.m.,11:51 a.m.,real_world,typos
583,act_dep_time,7:15 p.m.,7:15 p.m. (Estimated),real_world,typos
594,act_dep_time,7:05 a.m.,7:07 a.m.,real_world,typos
598,act_dep_time,11:55 p.m.,12:10 a.m. (Estimated runway),real_world,typos
599,act_dep_time,4:25 p.m.,4:28 p.m. (Estimated runway),real_world,typos
600,act_dep_time,9:00 p.m.,9:06 p.m. (Estimated runway),real_world,typos
601,act_dep_time,8:25 p.m.,8:29 p.m. (Estimated runway),real_world,typos
602,act_dep_time,2:55 p.m.,2:46 p.m.,real_world,typos
608,act_dep_time,11:08 p.m.,,real_world,missing_values
609,act_dep_time,5:30 p.m.,5:30 p.m. (Estimated),real_world,typos
612,act_dep_time,2:55 p.m.,2:52 p.m.,real_world,typos
625,act_dep_time,11:55 a.m.,11:43 a.m.,real_world,typos
631,act_dep_time,7:14 p.m.,7:42 p.m.,real_world,typos
633,act_dep_time,8:29 a.m.,8:49 a.m.,real_world,typos
634,act_dep_time,8:42 a.m.,9:01 a.m.,real_world,typos
635,act_dep_time,7:58 p.m.,7:59 p.m.,real_world,typos
636,act_dep_time,12:11 p.m.,12:12 p.m.,real_world,typos
637,act_dep_time,3:27 p.m.,3:50 p.m.,real_world,typos
638,act_dep_time,11:32 a.m.,12:37 p.m.,real_world,typos
639,act_dep_time,10:33 a.m.,10:53 a.m.,real_world,typos
640,act_dep_time,11:25 p.m.,,real_world,missing_values
641,act_dep_time,5:56 a.m.,6:10 a.m.,real_world,typos
642,act_dep_time,12:41 a.m.,12:58 a.m.,real_world,typos
643,act_dep_time,4:00 p.m.,4:10 p.m.,real_world,typos
644,act_dep_time,7:29 a.m.,7:56 a.m.,real_world,typos
645,act_dep_time,10:19 a.m.,10:35 a.m.,real_world,typos
646,act_dep_time,10:10 a.m.,10:11 a.m.,real_world,typos
647,act_dep_time,8:12 a.m.,8:26 a.m.,real_world,typos
649,act_dep_time,4:29 p.m.,4:30 p.m.,real_world,typos
651,act_dep_time,2:48 p.m.,2:59 p.m.,real_world,typos
652,act_dep_time,8:00 a.m.,8:18 a.m.,real_world,typos
653,act_dep_time,2:55 p.m.,3:04 p.m.,real_world,typos
654,act_dep_time,12:12 p.m.,12:13 p.m.,real_world,typos
655,act_dep_time,11:56 a.m.,12:06 p.m.,real_world,typos
656,act_dep_time,6:08 a.m.,6:09 a.m.,real_world,typos
657,act_dep_time,11:30 a.m.,11:45 a.m.,real_world,typos
658,act_dep_time,6:02 a.m.,6:17 a.m.,real_world,typos
659,act_dep_time,8:40 a.m.,9:01 a.m.,real_world,typos
660,act_dep_time,10:18 a.m.,10:19 a.m.,real_world,typos
662,act_dep_time,7:49 a.m.,8:07 a.m.,real_world,typos
663,act_dep_time,12:35 p.m.,12:56 p.m.,real_world,typos
664,act_dep_time,12:13 p.m.,12:14 p.m.,real_world,typos
665,act_dep_time,2:26 p.m.,2:43 p.m.,real_world,typos
666,act_dep_time,3:11 a.m.,12:08 p.m.,real_world,typos
667,act_dep_time,5:22 p.m.,5:38 p.m.,real_world,typos
668,act_dep_time,8:25 p.m.,8:36 p.m.,real_world,typos
669,act_dep_time,11:05 a.m.,11:06 a.m.,real_world,typos
670,act_dep_time,1:32 p.m.,1:43 p.m.,real_world,typos
672,act_dep_time,7:21 a.m.,7:22 a.m.,real_world,typos
673,act_dep_time,6:30 p.m.,,real_world,missing_values
674,act_dep_time,6:55 p.m.,6:56 p.m.,real_world,typos
675,act_dep_time,7:15 p.m.,,real_world,missing_values
676,act_dep_time,2:10 p.m.,2:38 p.m.,real_world,typos
677,act_dep_time,9:14 a.m.,9:58 a.m.,real_world,typos
678,act_dep_time,6:56 a.m.,6:57 a.m.,real_world,typos
679,act_dep_time,7:30 a.m.,7:31 a.m.,real_world,typos
680,act_dep_time,5:08 p.m.,5:09 p.m.,real_world,typos
681,act_dep_time,4:28 p.m.,4:46 p.m.,real_world,typos
682,act_dep_time,4:15 p.m.,4:37 p.m.,real_world,typos
684,act_dep_time,10:20 a.m.,10:37 a.m.,real_world,typos
685,act_dep_time,7:05 a.m.,7:31 a.m.,real_world,typos
686,act_dep_time,11:01 a.m.,11:02 a.m.,real_world,typos
687,act_dep_time,1:31 p.m.,1:48 p.m.,real_world,typos
688,act_dep_time,12:41 p.m.,12:42 p.m.,real_world,typos
689,act_dep_time,1:48 p.m.,2:01 p.m.,real_world,typos
690,act_dep_time,11:55 p.m.,,real_world,missing_values
691,act_dep_time,4:25 p.m.,,real_world,missing_values
692,act_dep_time,9:00 p.m.,,real_world,missing_values
693,act_dep_time,8:25 p.m.,,real_world,missing_values
694,act_dep_time,7:22 a.m.,7:23 a.m.,real_world,typos
695,act_dep_time,8:51 a.m.,8:52 a.m.,real_world,typos
696,act_dep_time,8:26 a.m.,8:37 a.m.,real_world,typos
697,act_dep_time,1:30 p.m.,,real_world,missing_values
698,act_dep_time,3:01 p.m.,3:17 p.m.,real_world,typos
699,act_dep_time,7:27 a.m.,7:41 a.m.,real_world,typos
700,act_dep_time,11:08 p.m.,,real_world,missing_values
701,act_dep_time,5:30 p.m.,,real_world,missing_values
702,act_dep_time,1:32 p.m.,1:45 p.m.,real_world,typos
703,act_dep_time,11:15 a.m.,11:47 a.m.,real_world,typos
704,act_dep_time,8:39 p.m.,8:40 p.m.,real_world,typos
705,act_dep_time,2:55 p.m.,3:04 p.m.,real_world,typos
706,act_dep_time,2:48 p.m.,2:59 p.m.,real_world,typos
707,act_dep_time,9:16 a.m.,9:43 a.m.,real_world,typos
709,act_dep_time,3:27 p.m.,3:28 p.m.,real_world,typos
710,act_dep_time,7:22 a.m.,7:23 a.m.,real_world,typos
711,act_dep_time,12:10 p.m.,12:11 p.m.,real_world,typos
712,act_dep_time,8:04 a.m.,8:05 a.m.,real_world,typos
713,act_dep_time,8:52 a.m.,9:05 a.m.,real_world,typos
714,act_dep_time,1:19 p.m.,1:20 p.m.,real_world,typos
716,act_dep_time,3:36 p.m.,3:38 p.m.,real_world,typos
718,act_dep_time,11:40 a.m.,11:41 a.m.,real_world,typos
721,act_dep_time,7:39 a.m.,7:40 a.m.,real_world,typos
722,act_dep_time,3:31 p.m.,4:02 p.m.,real_world,typos
724,act_dep_time,10:54 a.m.,10:55 a.m.,real_world,typos
725,act_dep_time,6:57 a.m.,6:58 a.m.,real_world,typos
726,act_dep_time,3:58 p.m.,4:15 p.m.,real_world,typos
727,act_dep_time,6:10 a.m.,6:11 a.m.,real_world,typos
728,act_dep_time,7:39 a.m.,7:40 a.m.,real_world,typos
729,act_dep_time,7:31 a.m.,7:32 a.m.,real_world,typos
731,act_dep_time,7:58 p.m.,7:59 p.m.,real_world,typos
732,act_dep_time,7:14 p.m.,7:41 p.m.,real_world,typos
733,act_dep_time,8:29 a.m.,8:47 a.m.,real_world,typos
734,act_dep_time,8:42 a.m.,9:01 a.m.,real_world,typos
735,act_dep_time,6:30 p.m.,,real_world,missing_values
736,act_dep_time,11:40 a.m.,11:41 a.m.,real_world,typos
737,act_dep_time,10:33 a.m.,10:53 a.m.,real_world,typos
738,act_dep_time,11:25 p.m.,,real_world,missing_values
739,act_dep_time,5:56 a.m.,6:09 a.m.,real_world,typos
740,act_dep_time,12:41 a.m.,12:57 a.m.,real_world,typos
741,act_dep_time,12:41 p.m.,12:42 p.m.,real_world,typos
743,act_dep_time,4:29 p.m.,4:30 p.m.,real_world,typos
744,act_dep_time,10:10 a.m.,10:11 a.m.,real_world,typos
745,act_dep_time,12:12 p.m.,12:13 p.m.,real_world,typos
746,act_dep_time,11:56 a.m.,12:05 p.m.,real_world,typos
747,act_dep_time,6:08 a.m.,6:09 a.m.,real_world,typos
748,act_dep_time,8:04 a.m.,8:05 a.m.,real_world,typos
749,act_dep_time,10:18 a.m.,10:19 a.m.,real_world,typos
752,act_dep_time,12:35 p.m.,12:55 p.m.,real_world,typos
753,act_dep_time,12:13 p.m.,12:14 p.m.,real_world,typos
754,act_dep_time,2:26 p.m.,2:41 p.m.,real_world,typos
756,act_dep_time,11:05 a.m.,11:06 a.m.,real_world,typos
757,act_dep_time,1:32 p.m.,,real_world,missing_values
759,act_dep_time,7:21 a.m.,7:22 a.m.,real_world,typos
760,act_dep_time,6:55 p.m.,6:56 p.m.,real_world,typos
761,act_dep_time,12:11 p.m.,12:12 p.m.,real_world,typos
762,act_dep_time,9:14 a.m.,9:56 a.m.,real_world,typos
763,act_dep_time,6:56 a.m.,6:57 a.m.,real_world,typos
764,act_dep_time,7:30 a.m.,7:31 a.m.,real_world,typos
765,act_dep_time,5:08 p.m.,5:09 p.m.,real_world,typos
766,act_dep_time,7:39 a.m.,7:40 a.m.,real_world,typos
767,act_dep_time,4:15 p.m.,4:35 p.m.,real_world,typos
770,act_dep_time,1:31 p.m.,1:46 p.m.,real_world,typos
771,act_dep_time,1:48 p.m.,1:59 p.m.,real_world,typos
772,act_dep_time,11:55 p.m.,,real_world,missing_values
773,act_dep_time,9:00 p.m.,,real_world,missing_values
774,act_dep_time,8:25 p.m.,,real_world,missing_values
775,act_dep_time,7:22 a.m.,7:23 a.m.,real_world,typos
776,act_dep_time,8:51 a.m.,8:52 a.m.,real_world,typos
777,act_dep_time,8:26 a.m.,8:37 a.m.,real_world,typos
778,act_dep_time,1:30 p.m.,,real_world,missing_values
779,act_dep_time,11:08 p.m.,11/30/2011 11:34 p.m.,real_world,format_errors
780,act_dep_time,5:30 p.m.,,real_world,missing_values
781,act_dep_time,8:00 a.m.,8:17 a.m.,real_world,typos
783,act_dep_time,7:22 a.m.,7:23 a.m.,real_world,typos
784,act_dep_time,4:25 p.m.,,real_world,missing_values
785,act_dep_time,7:27 a.m.,7:41 a.m.,real_world,typos
786,act_dep_time,12:10 p.m.,12:11 p.m.,real_world,typos
787,act_dep_time,1:19 p.m.,1:20 p.m.,real_world,typos
788,act_dep_time,7:31 a.m.,7:32 a.m.,real_world,typos
789,act_dep_time,10:54 a.m.,10:55 a.m.,real_world,typos
790,act_dep_time,6:57 a.m.,6:58 a.m.,real_world,typos
791,act_dep_time,6:10 a.m.,6:11 a.m.,real_world,typos
792,act_dep_time,7:39 a.m.,7:40 a.m.,real_world,typos
793,act_dep_time,11:05 a.m.,,real_world,missing_values
794,act_dep_time,7:22 a.m.,,real_world,missing_values
795,act_dep_time,4:29 p.m.,,real_world,missing_values
796,act_dep_time,6:08 a.m.,,real_world,missing_values
797,act_dep_time,7:39 a.m.,,real_world,missing_values
798,act_dep_time,12:35 p.m.,12:30,real_world,typos
799,act_dep_time,2:04 p.m.,,real_world,missing_values
800,act_dep_time,8:25 p.m.,,real_world,missing_values
801,act_dep_time,12:12 p.m.,,real_world,missing_values
802,act_dep_time,11:01 a.m.,,real_world,missing_values
803,act_dep_time,4:29 p.m.,,real_world,missing_values
804,act_dep_time,7:14 p.m.,,real_world,missing_values
805,act_dep_time,3:27 p.m.,,real_world,missing_values
806,act_dep_time,6:30 p.m.,,real_world,missing_values
807,act_dep_time,6:57 a.m.,,real_world,missing_values
808,act_dep_time,11:25 p.m.,,real_world,missing_values
809,act_dep_time,8:23 p.m.,,real_world,missing_values
810,act_dep_time,7:21 a.m.,,real_world,missing_values
811,act_dep_time,9:14 a.m.,,real_world,missing_values
817,act_dep_time,7:58 p.m.,,real_world,missing_values
819,act_dep_time,3:27 p.m.,3:28 p.m.,real_world,typos
822,act_dep_time,11:25 p.m.,,real_world,missing_values
825,act_dep_time,4:00 p.m.,3:58 p.m.,real_world,typos
835,act_dep_time,2:55 p.m.,2:46 p.m.,real_world,typos
848,act_dep_time,3:11 a.m.,11:51 a.m.,real_world,typos
855,act_dep_time,6:30 p.m.,,real_world,missing_values
857,act_dep_time,7:15 p.m.,,real_world,missing_values
867,act_dep_time,7:05 a.m.,7:07 a.m.,real_world,typos
872,act_dep_time,11:55 p.m.,,real_world,missing_values
873,act_dep_time,4:25 p.m.,,real_world,missing_values
874,act_dep_time,9:00 p.m.,,real_world,missing_values
875,act_dep_time,8:25 p.m.,,real_world,missing_values
879,act_dep_time,1:30 p.m.,,real_world,missing_values
882,act_dep_time,11:08 p.m.,,real_world,missing_values
883,act_dep_time,5:30 p.m.,,real_world,missing_values
887,act_dep_time,2:55 p.m.,2:52 p.m.,real_world,typos
905,act_dep_time,11:55 a.m.,11:43 a.m.,real_world,typos
913,act_dep_time,6:30 p.m.,6:56 p.m.,real_world,typos
914,act_dep_time,8:42 a.m.,,real_world,missing_values
915,act_dep_time,12:13 p.m.,12:14 p.m.,real_world,typos
916,act_dep_time,5:56 a.m.,,real_world,missing_values
917,act_dep_time,12:41 a.m.,,real_world,missing_values
918,act_dep_time,7:29 a.m.,7:56 a.m.,real_world,typos
919,act_dep_time,10:19 a.m.,,real_world,missing_values
920,act_dep_time,7:25 a.m.,,real_world,missing_values
921,act_dep_time,2:48 p.m.,,real_world,missing_values
922,act_dep_time,6:08 a.m.,6:09 a.m.,real_world,typos
923,act_dep_time,10:18 a.m.,10:19 a.m.,real_world,typos
926,act_dep_time,12:35 p.m.,12:56 p.m.,real_world,typos
927,act_dep_time,3:31 p.m.,4:02 p.m.,real_world,typos
928,act_dep_time,10:10 a.m.,10:11 a.m.,real_world,typos
930,act_dep_time,11:05 a.m.,11:06 a.m.,real_world,typos
932,act_dep_time,12:11 p.m.,12:12 p.m.,real_world,typos
933,act_dep_time,7:15 p.m.,7:15 p.m. (Estimated),real_world,typos
934,act_dep_time,9:14 a.m.,,real_world,missing_values
935,act_dep_time,4:28 p.m.,4:46 p.m.,real_world,typos
936,act_dep_time,4:15 p.m.,4:37 p.m.,real_world,typos
937,act_dep_time,8:23 p.m.,,real_world,missing_values
938,act_dep_time,10:20 a.m.,,real_world,missing_values
939,act_dep_time,7:05 a.m.,7:31 a.m.,real_world,typos
940,act_dep_time,11:01 a.m.,11:02 a.m.,real_world,typos
941,act_dep_time,1:31 p.m.,1:48 p.m.,real_world,typos
943,act_dep_time,4:25 p.m.,4:28 p.m. (Estimated runway),real_world,typos
944,act_dep_time,8:25 p.m.,8:29 p.m. (Estimated runway),real_world,typos
945,act_dep_time,8:51 a.m.,8:52 a.m.,real_world,typos
946,act_dep_time,2:26 p.m.,2:43 p.m.,real_world,typos
947,act_dep_time,8:26 a.m.,,real_world,missing_values
948,act_dep_time,11:08 p.m.,,real_world,missing_values
949,act_dep_time,5:30 p.m.,,real_world,missing_values
950,act_dep_time,1:32 p.m.,,real_world,missing_values
951,act_dep_time,11:15 a.m.,11:47 a.m.,real_world,typos
953,act_dep_time,9:16 a.m.,9:43 a.m.,real_world,typos
954,act_dep_time,8:00 a.m.,8:18 a.m.,real_world,typos
955,act_dep_time,7:22 a.m.,7:23 a.m.,real_world,typos
956,act_dep_time,2:55 p.m.,,real_world,missing_values
957,act_dep_time,7:27 a.m.,,real_world,missing_values
958,act_dep_time,12:10 p.m.,12:11 p.m.,real_world,typos
959,act_dep_time,8:04 a.m.,,real_world,missing_values
960,act_dep_time,8:52 a.m.,,real_world,missing_values
961,act_dep_time,7:49 a.m.,8:07 a.m.,real_world,typos
962,act_dep_time,3:36 p.m.,3:38 p.m.,real_world,typos
963,act_dep_time,11:40 a.m.,,real_world,missing_values
964,act_dep_time,4:12 p.m.,,real_world,missing_values
965,act_dep_time,8:40 a.m.,9:01 a.m.,real_world,typos
966,act_dep_time,10:54 a.m.,10:55 a.m.,real_world,typos
968,act_dep_time,7:39 a.m.,7:40 a.m.,real_world,typos
969,act_dep_time,7:31 a.m.,7:32 a.m.,real_world,typos
972,act_dep_time,7:30 a.m.,7:31 a.m.,real_world,typos
973,act_dep_time,6:30 p.m.,6:47 p.m.,real_world,typos
975,act_dep_time,11:30 a.m.,11:45 a.m.,real_world,typos
976,act_dep_time,8:42 a.m.,8:51 a.m.,real_world,typos
977,act_dep_time,1:31 p.m.,1:48 p.m.,real_world,typos
979,act_dep_time,8:25 p.m.,8:29 p.m.,real_world,typos
980,act_dep_time,7:15 p.m.,7:25 p.m.,real_world,typos
981,act_dep_time,5:22 p.m.,5:38 p.m.,real_world,typos
983,act_dep_time,8:25 p.m.,7:27 p.m.,real_world,typos
988,act_dep_time,6:55 p.m.,6:56 p.m.,real_world,typos
990,act_dep_time,7:16 a.m.,7:02 a.m.,real_world,typos
991,act_dep_time,6:54 a.m.,6:40 a.m.,real_world,typos
992,act_dep_time,8:29 a.m.,8:48 a.m.,real_world,typos
993,act_dep_time,8:42 a.m.,9:00 a.m.,real_world,typos
994,act_dep_time,7:58 p.m.,7:45 p.m.,real_world,typos
995,act_dep_time,6:30 p.m.,Not Available,real_world,typos
996,act_dep_time,12:11 p.m.,11:54 a.m.,real_world,typos
997,act_dep_time,3:27 p.m.,Contact Airline,real_world,typos
998,act_dep_time,11:40 a.m.,11:20 a.m.,real_world,typos
999,act_dep_time,11:25 p.m.,Not Available,real_world,typos
1000,act_dep_time,5:56 a.m.,6:09 a.m.,real_world,typos
1001,act_dep_time,12:41 p.m.,12:10 p.m.,real_world,typos
1002,act_dep_time,4:00 p.m.,Contact Airline,real_world,typos
1003,act_dep_time,7:25 a.m.,7:04 a.m.,real_world,typos
1004,act_dep_time,8:12 a.m.,8:24 a.m.,real_world,typos
1005,act_dep_time,4:29 p.m.,4:16 p.m.,real_world,typos
1007,act_dep_time,12:12 p.m.,11:54 a.m.,real_world,typos
1008,act_dep_time,6:08 a.m.,5:58 a.m.,real_world,typos
1009,act_dep_time,11:30 a.m.,Contact Airline,real_world,typos
1012,act_dep_time,10:55 a.m.,10:42 a.m.,real_world,typos
1013,act_dep_time,8:04 a.m.,7:51 a.m.,real_world,typos
1014,act_dep_time,10:18 a.m.,10:10 a.m.,real_world,typos
1015,act_dep_time,8:04 a.m.,7:28 a.m.,real_world,typos
1016,act_dep_time,2:04 p.m.,1:48 p.m.,real_world,typos
1017,act_dep_time,10:10 a.m.,9:59 a.m.,real_world,typos
1018,act_dep_time,12:13 p.m.,11:47 a.m.,real_world,typos
1019,act_dep_time,3:11 a.m.,Contact Airline,real_world,typos
1020,act_dep_time,7:39 a.m.,7:22 a.m.,real_world,typos
1021,act_dep_time,11:52 a.m.,11:33 a.m.,real_world,typos
1022,act_dep_time,11:05 a.m.,10:46 a.m.,real_world,typos
1023,act_dep_time,7:21 a.m.,7:08 a.m.,real_world,typos
1025,act_dep_time,6:55 p.m.,6:40 p.m.,real_world,typos
1026,act_dep_time,7:15 p.m.,Contact Airline,real_world,typos
1027,act_dep_time,2:10 p.m.,2:37 p.m.,real_world,typos
1029,act_dep_time,6:56 a.m.,5:59 a.m.,real_world,typos
1030,act_dep_time,7:30 a.m.,7:10 a.m.,real_world,typos
1031,act_dep_time,4:28 p.m.,Contact Airline,real_world,typos
1032,act_dep_time,8:23 p.m.,8:01 p.m.,real_world,typos
1033,act_dep_time,7:05 a.m.,Contact Airline,real_world,typos
1034,act_dep_time,11:01 a.m.,10:47 a.m.,real_world,typos
1035,act_dep_time,1:31 p.m.,1:47 p.m.,real_world,typos
1036,act_dep_time,11:55 p.m.,Not Available,real_world,typos
1037,act_dep_time,4:25 p.m.,Not Available,real_world,typos
1038,act_dep_time,9:00 p.m.,Not Available,real_world,typos
1039,act_dep_time,8:25 p.m.,Not Available,real_world,typos
1040,act_dep_time,7:22 a.m.,6:56 a.m.,real_world,typos
1041,act_dep_time,8:51 a.m.,8:31 a.m.,real_world,typos
1042,act_dep_time,2:26 p.m.,2:42 p.m.,real_world,typos
1043,act_dep_time,8:26 a.m.,8:35 a.m.,real_world,typos
1044,act_dep_time,1:30 p.m.,Not Available,real_world,typos
1046,act_dep_time,7:27 a.m.,7:41 a.m.,real_world,typos
1047,act_dep_time,1:32 p.m.,1:50 p.m.,real_world,typos
1048,act_dep_time,11:15 a.m.,Contact Airline,real_world,typos
1049,act_dep_time,8:39 p.m.,8:30 p.m.,real_world,typos
1050,act_dep_time,2:55 p.m.,Contact Airline,real_world,typos
1051,act_dep_time,2:48 p.m.,Contact Airline,real_world,typos
1052,act_dep_time,2:44 p.m.,2:32 p.m.,real_world,typos
1053,act_dep_time,3:27 p.m.,3:00 p.m.,real_world,typos
1054,act_dep_time,7:22 a.m.,7:10 a.m.,real_world,typos
1055,act_dep_time,2:55 p.m.,Contact Airline,real_world,typos
1056,act_dep_time,12:10 p.m.,12:01 p.m.,real_world,typos
1057,act_dep_time,8:52 a.m.,Contact Airline,real_world,typos
1058,act_dep_time,1:19 p.m.,1:06 p.m.,real_world,typos
1059,act_dep_time,7:49 a.m.,8:07 a.m.,real_world,typos
1060,act_dep_time,8:56 a.m.,8:32 a.m.,real_world,typos
1061,act_dep_time,3:36 p.m.,3:09 p.m.,real_world,typos
1062,act_dep_time,4:12 p.m.,3:52 p.m.,real_world,typos
1064,act_dep_time,11:55 a.m.,Contact Airline,real_world,typos
1065,act_dep_time,10:54 a.m.,10:35 a.m.,real_world,typos
1066,act_dep_time,7:31 a.m.,7:05 a.m.,real_world,typos
1067,act_dep_time,6:57 a.m.,6:41 a.m.,real_world,typos
1069,act_dep_time,6:10 a.m.,5:56 a.m.,real_world,typos
1070,act_dep_time,7:39 a.m.,7:14 a.m.,real_world,typos
1072,act_dep_time,7:14 p.m.,7:42 p.m.,real_world,typos
1074,act_dep_time,8:29 a.m.,8:49 a.m.,real_world,typos
1075,act_dep_time,8:42 a.m.,9:01 a.m.,real_world,typos
1076,act_dep_time,7:58 p.m.,7:59 p.m.,real_world,typos
1077,act_dep_time,12:11 p.m.,12:12 p.m.,real_world,typos
1078,act_dep_time,3:27 p.m.,3:50 p.m.,real_world,typos
1079,act_dep_time,11:32 a.m.,12:37 p.m.,real_world,typos
1080,act_dep_time,10:33 a.m.,10:53 a.m.,real_world,typos
1081,act_dep_time,11:25 p.m.,,real_world,missing_values
1082,act_dep_time,5:56 a.m.,6:10 a.m.,real_world,typos
1083,act_dep_time,12:41 a.m.,12:58 a.m.,real_world,typos
1084,act_dep_time,4:00 p.m.,4:10 p.m.,real_world,typos
1085,act_dep_time,7:29 a.m.,7:56 a.m.,real_world,typos
1086,act_dep_time,10:19 a.m.,10:35 a.m.,real_world,typos
1087,act_dep_time,10:10 a.m.,10:11 a.m.,real_world,typos
1088,act_dep_time,8:12 a.m.,8:26 a.m.,real_world,typos
1090,act_dep_time,4:29 p.m.,4:30 p.m.,real_world,typos
1092,act_dep_time,2:48 p.m.,2:59 p.m.,real_world,typos
1093,act_dep_time,8:00 a.m.,8:18 a.m.,real_world,typos
1094,act_dep_time,2:55 p.m.,3:04 p.m.,real_world,typos
1095,act_dep_time,12:12 p.m.,12:13 p.m.,real_world,typos
1096,act_dep_time,11:56 a.m.,12:06 p.m.,real_world,typos
1097,act_dep_time,6:08 a.m.,6:09 a.m.,real_world,typos
1098,act_dep_time,11:30 a.m.,11:45 a.m.,real_world,typos
1099,act_dep_time,6:02 a.m.,6:17 a.m.,real_world,typos
1100,act_dep_time,8:40 a.m.,9:01 a.m.,real_world,typos
1101,act_dep_time,10:18 a.m.,10:19 a.m.,real_world,typos
1103,act_dep_time,7:49 a.m.,8:07 a.m.,real_world,typos
1104,act_dep_time,12:35 p.m.,12:56 p.m.,real_world,typos
1105,act_dep_time,12:13 p.m.,12:14 p.m.,real_world,typos
1106,act_dep_time,2:26 p.m.,2:43 p.m.,real_world,typos
1107,act_dep_time,3:11 a.m.,12:08 p.m.,real_world,typos
1108,act_dep_time,5:22 p.m.,5:38 p.m.,real_world,typos
1109,act_dep_time,8:25 p.m.,8:36 p.m.,real_world,typos
1110,act_dep_time,11:05 a.m.,11:06 a.m.,real_world,typos
1111,act_dep_time,1:32 p.m.,1:43 p.m.,real_world,typos
1113,act_dep_time,7:21 a.m.,7:22 a.m.,real_world,typos
1114,act_dep_time,6:30 p.m.,,real_world,missing_values
1115,act_dep_time,6:55 p.m.,6:56 p.m.,real_world,typos
1116,act_dep_time,7:15 p.m.,,real_world,missing_values
1117,act_dep_time,2:10 p.m.,2:38 p.m.,real_world,typos
1118,act_dep_time,9:14 a.m.,9:58 a.m.,real_world,typos
1119,act_dep_time,6:56 a.m.,6:57 a.m.,real_world,typos
1120,act_dep_time,7:30 a.m.,7:31 a.m.,real_world,typos
1121,act_dep_time,5:08 p.m.,5:09 p.m.,real_world,typos
1122,act_dep_time,4:28 p.m.,4:46 p.m.,real_world,typos
1123,act_dep_time,4:15 p.m.,4:37 p.m.,real_world,typos
1125,act_dep_time,10:20 a.m.,10:37 a.m.,real_world,typos
1126,act_dep_time,7:05 a.m.,7:31 a.m.,real_world,typos
1127,act_dep_time,11:01 a.m.,11:02 a.m.,real_world,typos
1128,act_dep_time,1:31 p.m.,1:48 p.m.,real_world,typos
1129,act_dep_time,12:41 p.m.,12:42 p.m.,real_world,typos
1130,act_dep_time,1:48 p.m.,2:01 p.m.,real_world,typos
1131,act_dep_time,11:55 p.m.,,real_world,missing_values
1132,act_dep_time,4:25 p.m.,,real_world,missing_values
1133,act_dep_time,9:00 p.m.,,real_world,missing_values
1134,act_dep_time,8:25 p.m.,,real_world,missing_values
1135,act_dep_time,7:22 a.m.,7:23 a.m.,real_world,typos
1136,act_dep_time,8:51 a.m.,8:52 a.m.,real_world,typos
1137,act_dep_time,8:26 a.m.,8:37 a.m.,real_world,typos
1138,act_dep_time,1:30 p.m.,,real_world,missing_values
1139,act_dep_time,3:01 p.m.,3:17 p.m.,real_world,typos
1140,act_dep_time,7:27 a.m.,7:41 a.m.,real_world,typos
1141,act_dep_time,11:08 p.m.,,real_world,missing_values
1142,act_dep_time,5:30 p.m.,,real_world,missing_values
1143,act_dep_time,1:32 p.m.,1:45 p.m.,real_world,typos
1144,act_dep_time,11:15 a.m.,11:47 a.m.,real_world,typos
1145,act_dep_time,8:39 p.m.,8:40 p.m.,real_world,typos
1146,act_dep_time,2:55 p.m.,3:04 p.m.,real_world,typos
1147,act_dep_time,2:48 p.m.,2:59 p.m.,real_world,typos
1148,act_dep_time,9:16 a.m.,9:43 a.m.,real_world,typos
1150,act_dep_time,3:27 p.m.,3:28 p.m.,real_world,typos
1151,act_dep_time,7:22 a.m.,7:23 a.m.,real_world,typos
1152,act_dep_time,12:10 p.m.,12:11 p.m.,real_world,typos
1153,act_dep_time,8:04 a.m.,8:05 a.m.,real_world,typos
1154,act_dep_time,8:52 a.m.,9:05 a.m.,real_world,typos
1155,act_dep_time,1:19 p.m.,1:20 p.m.,real_world,typos
1157,act_dep_time,3:36 p.m.,3:38 p.m.,real_world,typos
1159,act_dep_time,11:40 a.m.,11:41 a.m.,real_world,typos
1162,act_dep_time,7:39 a.m.,7:40 a.m.,real_world,typos
1163,act_dep_time,3:31 p.m.,4:02 p.m.,real_world,typos
1165,act_dep_time,10:54 a.m.,10:55 a.m.,real_world,typos
1166,act_dep_time,6:57 a.m.,6:58 a.m.,real_world,typos
1167,act_dep_time,3:58 p.m.,4:15 p.m.,real_world,typos
1168,act_dep_time,6:10 a.m.,6:11 a.m.,real_world,typos
1169,act_dep_time,7:39 a.m.,7:40 a.m.,real_world,typos
1170,act_dep_time,7:31 a.m.,7:32 a.m.,real_world,typos
1171,act_dep_time,7:16 a.m.,,real_world,missing_values
1173,act_dep_time,7:14 p.m.,7:42 p.m.,real_world,typos
1174,act_dep_time,8:42 a.m.,,real_world,missing_values
1175,act_dep_time,7:58 p.m.,,real_world,missing_values
1176,act_dep_time,5:56 a.m.,6:10 a.m.,real_world,typos
1177,act_dep_time,8:12 a.m.,8:26 a.m.,real_world,typos
1179,act_dep_time,4:29 p.m.,,real_world,missing_values
1180,act_dep_time,5:22 p.m.,5:38 p.m.,real_world,typos
1181,act_dep_time,6:08 a.m.,6:09 a.m.,real_world,typos
1182,act_dep_time,11:30 a.m.,,real_world,missing_values
1183,act_dep_time,10:55 a.m.,,real_world,missing_values
1184,act_dep_time,10:18 a.m.,10:19 a.m.,real_world,typos
1186,act_dep_time,12:41 p.m.,12:42 p.m.,real_world,typos
1187,act_dep_time,12:35 p.m.,12:56 p.m.,real_world,typos
1188,act_dep_time,3:11 a.m.,12:08 p.m.,real_world,typos
1189,act_dep_time,11:05 a.m.,11:06 a.m.,real_world,typos
1190,act_dep_time,1:32 p.m.,,real_world,missing_values
1192,act_dep_time,6:55 p.m.,,real_world,missing_values
1193,act_dep_time,7:15 p.m.,Not Available,real_world,typos
1194,act_dep_time,2:10 p.m.,2:38 p.m.,real_world,typos
1197,act_dep_time,10:20 a.m.,,real_world,missing_values
1199,act_dep_time,1:31 p.m.,,real_world,missing_values
1200,act_dep_time,11:55 p.m.,12:10 a.m. (Estimated runway),real_world,typos
1201,act_dep_time,2:26 p.m.,2:43 p.m.,real_world,typos
1203,act_dep_time,3:01 p.m.,3:17 p.m.,real_world,typos
1204,act_dep_time,7:27 a.m.,7:41 a.m.,real_world,typos
1205,act_dep_time,11:08 p.m.,,real_world,missing_values
1206,act_dep_time,5:30 p.m.,,real_world,missing_values
1207,act_dep_time,11:15 a.m.,11:47 a.m.,real_world,typos
1208,act_dep_time,2:55 p.m.,3:04 p.m.,real_world,typos
1209,act_dep_time,9:16 a.m.,9:43 a.m.,real_world,typos
1211,act_dep_time,7:22 a.m.,7:23 a.m.,real_world,typos
1212,act_dep_time,4:25 p.m.,Not Available,real_world,typos
1213,act_dep_time,12:10 p.m.,,real_world,missing_values
1214,act_dep_time,8:04 a.m.,,real_world,missing_values
1215,act_dep_time,8:52 a.m.,,real_world,missing_values
1218,act_dep_time,3:36 p.m.,3:38 p.m.,real_world,typos
1219,act_dep_time,6:30 p.m.,6:56 p.m.,real_world,typos
1220,act_dep_time,11:40 a.m.,,real_world,missing_values
1221,act_dep_time,4:12 p.m.,,real_world,missing_values
1222,act_dep_time,6:10 a.m.,,real_world,missing_values
1223,act_dep_time,7:39 a.m.,7:40 a.m.,real_world,typos
1225,act_dep_time,7:14 p.m.,,real_world,missing_values
1227,act_dep_time,8:29 a.m.,8:48 a.m.,real_world,typos
1228,act_dep_time,8:42 a.m.,9:00 a.m.,real_world,typos
1229,act_dep_time,7:58 p.m.,7:59 p.m.,real_world,typos
1230,act_dep_time,3:27 p.m.,3:50 p.m.,real_world,typos
1231,act_dep_time,11:32 a.m.,,real_world,missing_values
1232,act_dep_time,11:40 a.m.,11:41 a.m.,real_world,typos
1233,act_dep_time,10:33 a.m.,10:53 a.m.,real_world,typos
1234,act_dep_time,11:25 p.m.,11:29 p.m.,real_world,typos
1235,act_dep_time,5:56 a.m.,6:10 a.m.,real_world,typos
1236,act_dep_time,12:41 a.m.,,real_world,missing_values
1237,act_dep_time,4:00 p.m.,4:10 p.m.,real_world,typos
1238,act_dep_time,7:29 a.m.,,real_world,missing_values
1239,act_dep_time,10:19 a.m.,,real_world,missing_values
1240,act_dep_time,10:10 a.m.,10:11 a.m.,real_world,typos
1241,act_dep_time,8:12 a.m.,8:26 a.m.,real_world,typos
1244,act_dep_time,10:55 a.m.,10:54 a.m.,real_world,typos
1245,act_dep_time,2:48 p.m.,,real_world,missing_values
1246,act_dep_time,8:00 a.m.,,real_world,missing_values
1247,act_dep_time,2:55 p.m.,3:04 p.m.,real_world,typos
1248,act_dep_time,12:12 p.m.,12:13 p.m.,real_world,typos
1249,act_dep_time,11:56 a.m.,,real_world,missing_values
1250,act_dep_time,6:08 a.m.,6:09 a.m.,real_world,typos
1251,act_dep_time,11:30 a.m.,11:45 a.m.,real_world,typos
1252,act_dep_time,6:02 a.m.,,real_world,missing_values
1253,act_dep_time,8:40 a.m.,,real_world,missing_values
1254,act_dep_time,10:18 a.m.,10:19 a.m.,real_world,typos
1255,act_dep_time,2:04 p.m.,2:03 p.m.,real_world,typos
1256,act_dep_time,7:49 a.m.,8:07 a.m.,real_world,typos
1257,act_dep_time,12:35 p.m.,12:56 p.m.,real_world,typos
1258,act_dep_time,12:13 p.m.,12:14 p.m.,real_world,typos
1259,act_dep_time,2:26 p.m.,2:43 p.m.,real_world,typos
1260,act_dep_time,3:11 a.m.,12:07 p.m.,real_world,typos
1261,act_dep_time,5:22 p.m.,,real_world,missing_values
1262,act_dep_time,8:25 p.m.,,real_world,missing_values
1263,act_dep_time,11:05 a.m.,11:06 a.m.,real_world,typos
1264,act_dep_time,1:32 p.m.,1:43 p.m.,real_world,typos
1265,act_dep_time,3:36 p.m.,,real_world,missing_values
1266,act_dep_time,7:21 a.m.,7:22 a.m.,real_world,typos
1267,act_dep_time,6:30 p.m.,6:47 p.m.,real_world,typos
1268,act_dep_time,6:55 p.m.,6:56 p.m.,real_world,typos
1269,act_dep_time,12:11 p.m.,12:12 p.m.,real_world,typos
1270,act_dep_time,7:15 p.m.,,real_world,missing_values
1271,act_dep_time,2:10 p.m.,2:04 p.m.,real_world,typos
1272,act_dep_time,9:14 a.m.,,real_world,missing_values
1273,act_dep_time,6:56 a.m.,6:57 a.m.,real_world,typos
1274,act_dep_time,7:30 a.m.,7:31 a.m.,real_world,typos
1275,act_dep_time,5:08 p.m.,5:09 p.m.,real_world,typos
1277,act_dep_time,4:28 p.m.,4:44 p.m.,real_world,typos
1278,act_dep_time,4:15 p.m.,4:37 p.m.,real_world,typos
1280,act_dep_time,10:20 a.m.,,real_world,missing_values
1281,act_dep_time,7:05 a.m.,7:30 a.m.,real_world,typos
1282,act_dep_time,11:01 a.m.,11:02 a.m.,real_world,typos
1283,act_dep_time,1:31 p.m.,1:48 p.m.,real_world,typos
1284,act_dep_time,12:41 p.m.,12:42 p.m.,real_world,typos
1285,act_dep_time,1:48 p.m.,,real_world,missing_values
1286,act_dep_time,11:55 p.m.,12:11 a.m.,real_world,typos
1287,act_dep_time,4:25 p.m.,4:28 p.m.,real_world,typos
1288,act_dep_time,9:00 p.m.,9:06 p.m.,real_world,typos
1289,act_dep_time,8:25 p.m.,8:29 p.m.,real_world,typos
1290,act_dep_time,7:22 a.m.,7:23 a.m.,real_world,typos
1291,act_dep_time,8:51 a.m.,8:52 a.m.,real_world,typos
1292,act_dep_time,8:26 a.m.,8:37 a.m.,real_world,typos
1293,act_dep_time,1:30 p.m.,1:41 p.m.,real_world,typos
1294,act_dep_time,3:01 p.m.,,real_world,missing_values
1295,act_dep_time,7:27 a.m.,7:41 a.m.,real_world,typos
1296,act_dep_time,11:08 p.m.,,real_world,missing_values
1297,act_dep_time,5:30 p.m.,5:38 p.m.,real_world,typos
1298,act_dep_time,1:32 p.m.,1:50 p.m. (+8:00),real_world,typos
1299,act_dep_time,11:15 a.m.,11:47 a.m.,real_world,typos
1300,act_dep_time,8:39 p.m.,8:40 p.m.,real_world,typos
1301,act_dep_time,2:55 p.m.,3:04 p.m.,real_world,typos
1302,act_dep_time,2:48 p.m.,,real_world,missing_values
1303,act_dep_time,9:16 a.m.,,real_world,missing_values
1305,act_dep_time,3:27 p.m.,3:28 p.m.,real_world,typos
1307,act_dep_time,12:10 p.m.,12:11 p.m.,real_world,typos
1309,act_dep_time,8:52 a.m.,,real_world,missing_values
1310,act_dep_time,1:19 p.m.,1:20 p.m.,real_world,typos
1311,act_dep_time,8:56 a.m.,8:55 a.m.,real_world,typos
1312,act_dep_time,3:36 p.m.,3:38 p.m.,real_world,typos
1316,act_dep_time,3:31 p.m.,,real_world,missing_values
1318,act_dep_time,10:54 a.m.,10:55 a.m.,real_world,typos
1319,act_dep_time,6:57 a.m.,6:58 a.m.,real_world,typos
1320,act_dep_time,3:58 p.m.,,real_world,missing_values
1321,act_dep_time,6:10 a.m.,6:11 a.m.,real_world,typos
1322,act_dep_time,7:39 a.m.,7:40 a.m.,real_world,typos
1323,act_dep_time,7:31 a.m.,7:32 a.m.,real_world,typos
1324,act_dep_time,7:16 a.m.,7:02aDec 1,real_world,typos
1326,act_dep_time,6:54 a.m.,6:40aDec 1,real_world,typos
1327,act_dep_time,8:29 a.m.,8:48aDec 1,real_world,typos
1328,act_dep_time,8:42 a.m.,,real_world,missing_values
1329,act_dep_time,7:58 p.m.,7:45 p.m.,real_world,typos
1330,act_dep_time,12:11 p.m.,11:54aDec 1,real_world,typos
1331,act_dep_time,3:27 p.m.,3:28 p.m.,real_world,typos
1332,act_dep_time,11:32 a.m.,11:37aDec 1,real_world,typos
1333,act_dep_time,10:33 a.m.,,real_world,missing_values
1334,act_dep_time,11:25 p.m.,,real_world,missing_values
1335,act_dep_time,5:56 a.m.,6:09aDec 1,real_world,typos
1336,act_dep_time,12:41 a.m.,12:41aDec 1,real_world,typos
1337,act_dep_time,4:00 p.m.,3:58 p.m.,real_world,typos
1338,act_dep_time,7:29 a.m.,,real_world,missing_values
1339,act_dep_time,10:19 a.m.,10:19aDec 1,real_world,typos
1340,act_dep_time,10:10 a.m.,9:59aDec 1,real_world,typos
1341,act_dep_time,8:12 a.m.,8:12aDec 1,real_world,typos
1342,act_dep_time,7:25 a.m.,7:04aDec 1,real_world,typos
1343,act_dep_time,4:29 p.m.,4:16 p.m.,real_world,typos
1344,act_dep_time,10:55 a.m.,10:42aDec 1,real_world,typos
1346,act_dep_time,8:00 a.m.,8:00aDec 1,real_world,typos
1347,act_dep_time,2:55 p.m.,2:46 p.m.,real_world,typos
1348,act_dep_time,12:12 p.m.,11:54aDec 1,real_world,typos
1349,act_dep_time,11:56 a.m.,11:56aDec 1,real_world,typos
1350,act_dep_time,6:08 a.m.,5:58aDec 1,real_world,typos
1351,act_dep_time,11:30 a.m.,11:30aDec 1,real_world,typos
1352,act_dep_time,6:02 a.m.,6:02aDec 1,real_world,typos
1353,act_dep_time,8:40 a.m.,8:40aDec 1,real_world,typos
1354,act_dep_time,10:18 a.m.,10:10aDec 1,real_world,typos
1355,act_dep_time,2:04 p.m.,1:48 p.m.,real_world,typos
1356,act_dep_time,7:49 a.m.,7:49aDec 1,real_world,typos
1358,act_dep_time,12:13 p.m.,11:47aDec 1,real_world,typos
1359,act_dep_time,2:26 p.m.,2:42 p.m.,real_world,typos
1360,act_dep_time,3:11 a.m.,11:51aDec 1,real_world,typos
1363,act_dep_time,11:05 a.m.,10:46aDec 1,real_world,typos
1365,act_dep_time,3:36 p.m.,3:27 p.m.,real_world,typos
1366,act_dep_time,7:21 a.m.,7:08aDec 1,real_world,typos
1367,act_dep_time,6:30 p.m.,,real_world,missing_values
1368,act_dep_time,6:55 p.m.,6:40 p.m.,real_world,typos
1369,act_dep_time,7:15 p.m.,,real_world,missing_values
1370,act_dep_time,2:10 p.m.,2:37 p.m.,real_world,typos
1371,act_dep_time,9:14 a.m.,9:14aDec 1,real_world,typos
1372,act_dep_time,6:56 a.m.,5:59aDec 1,real_world,typos
1373,act_dep_time,7:30 a.m.,7:10aDec 1,real_world,typos
1374,act_dep_time,5:08 p.m.,4:56 p.m.,real_world,typos
1377,act_dep_time,8:23 p.m.,8:01 p.m.,real_world,typos
1378,act_dep_time,10:20 a.m.,10:20aDec 1,real_world,typos
1379,act_dep_time,7:05 a.m.,7:07aDec 1,real_world,typos
1380,act_dep_time,11:01 a.m.,10:47aDec 1,real_world,typos
1382,act_dep_time,12:41 p.m.,12:10 p.m.,real_world,typos
1384,act_dep_time,11:55 p.m.,,real_world,missing_values
1385,act_dep_time,4:25 p.m.,,real_world,missing_values
1386,act_dep_time,9:00 p.m.,,real_world,missing_values
1387,act_dep_time,8:25 p.m.,,real_world,missing_values
1388,act_dep_time,7:22 a.m.,6:56aDec 1,real_world,typos
1389,act_dep_time,8:51 a.m.,8:31aDec 1,real_world,typos
1390,act_dep_time,1:30 p.m.,,real_world,missing_values
1392,act_dep_time,7:27 a.m.,7:27aDec 1,real_world,typos
1393,act_dep_time,11:08 p.m.,,real_world,missing_values
1394,act_dep_time,5:30 p.m.,,real_world,missing_values
1396,act_dep_time,11:15 a.m.,11:15aDec 1,real_world,typos
1397,act_dep_time,8:39 p.m.,8:30 p.m.,real_world,typos
1398,act_dep_time,2:55 p.m.,2:52 p.m.,real_world,typos
1400,act_dep_time,9:16 a.m.,9:16aDec 1,real_world,typos
1401,act_dep_time,2:44 p.m.,2:32 p.m.,real_world,typos
1402,act_dep_time,3:27 p.m.,3:00 p.m.,real_world,typos
1403,act_dep_time,7:22 a.m.,7:10aDec 1,real_world,typos
1404,act_dep_time,12:10 p.m.,12:01 p.m.,real_world,typos
1405,act_dep_time,8:04 a.m.,7:51aDec 1,real_world,typos
1406,act_dep_time,8:52 a.m.,8:52aDec 1,real_world,typos
1407,act_dep_time,1:19 p.m.,1:06 p.m.,real_world,typos
1408,act_dep_time,8:56 a.m.,8:32aDec 1,real_world,typos
1409,act_dep_time,3:36 p.m.,3:09 p.m.,real_world,typos
1410,act_dep_time,8:04 a.m.,7:28aDec 1,real_world,typos
1411,act_dep_time,11:40 a.m.,11:20aDec 1,real_world,typos
1412,act_dep_time,4:12 p.m.,3:52 p.m.,real_world,typos
1413,act_dep_time,11:52 a.m.,11:33aDec 1,real_world,typos
1414,act_dep_time,7:39 a.m.,7:22aDec 1,real_world,typos
1416,act_dep_time,11:55 a.m.,11:43aDec 1,real_world,typos
1417,act_dep_time,10:54 a.m.,10:35aDec 1,real_world,typos
1418,act_dep_time,6:57 a.m.,6:41aDec 1,real_world,typos
1420,act_dep_time,6:10 a.m.,5:56aDec 1,real_world,typos
1421,act_dep_time,7:39 a.m.,7:14aDec 1,real_world,typos
1422,act_dep_time,7:31 a.m.,7:05aDec 1,real_world,typos
1423,act_dep_time,12:12 p.m.,,real_world,missing_values
1424,act_dep_time,8:26 a.m.,,real_world,missing_values
1425,act_dep_time,2:44 p.m.,,real_world,missing_values
1426,act_dep_time,1:31 p.m.,,real_world,missing_values
1460,act_dep_time,4:25 p.m.,4:28 p.m. (Estimated runway),real_world,typos
1462,act_dep_time,9:00 p.m.,9:06 p.m. (Estimated runway),real_world,typos
1467,act_dep_time,11:55 a.m.,11:43 a.m.,real_world,typos
1468,act_dep_time,2:55 p.m.,2:46 p.m.,real_world,typos
1480,act_dep_time,7:15 p.m.,7:15 p.m. (Estimated),real_world,typos
1482,act_dep_time,8:29 a.m.,,real_world,missing_values
1483,act_dep_time,3:36 p.m.,,real_world,missing_values
1484,act_dep_time,8:51 a.m.,,real_world,missing_values
1485,act_dep_time,7:39 a.m.,,real_world,missing_values
1486,act_dep_time,2:26 p.m.,,real_world,missing_values
1487,act_dep_time,5:56 a.m.,,real_world,missing_values
1489,act_dep_time,7:14 p.m.,,real_world,missing_values
1491,act_dep_time,8:29 a.m.,8:48 a.m.,real_world,typos
1492,act_dep_time,8:42 a.m.,9:00 a.m.,real_world,typos
1493,act_dep_time,7:58 p.m.,7:59 p.m.,real_world,typos
1494,act_dep_time,3:27 p.m.,3:50 p.m.,real_world,typos
1495,act_dep_time,11:32 a.m.,,real_world,missing_values
1496,act_dep_time,11:40 a.m.,11:41 a.m.,real_world,typos
1497,act_dep_time,10:33 a.m.,10:53 a.m.,real_world,typos
1498,act_dep_time,11:25 p.m.,11:29 p.m.,real_world,typos
1499,act_dep_time,5:56 a.m.,6:10 a.m.,real_world,typos
1500,act_dep_time,12:41 a.m.,,real_world,missing_values
1501,act_dep_time,4:00 p.m.,4:10 p.m.,real_world,typos
1502,act_dep_time,7:29 a.m.,,real_world,missing_values
1503,act_dep_time,10:19 a.m.,,real_world,missing_values
1504,act_dep_time,10:10 a.m.,10:11 a.m.,real_world,typos
1505,act_dep_time,8:12 a.m.,8:26 a.m.,real_world,typos
1508,act_dep_time,10:55 a.m.,10:54 a.m.,real_world,typos
1509,act_dep_time,2:48 p.m.,,real_world,missing_values
1510,act_dep_time,8:00 a.m.,,real_world,missing_values
1511,act_dep_time,2:55 p.m.,3:04 p.m.,real_world,typos
1512,act_dep_time,12:12 p.m.,12:13 p.m.,real_world,typos
1513,act_dep_time,11:56 a.m.,,real_world,missing_values
1514,act_dep_time,6:08 a.m.,6:09 a.m.,real_world,typos
1515,act_dep_time,11:30 a.m.,11:45 a.m.,real_world,typos
1516,act_dep_time,6:02 a.m.,,real_world,missing_values
1517,act_dep_time,8:40 a.m.,,real_world,missing_values
1518,act_dep_time,10:18 a.m.,10:19 a.m.,real_world,typos
1519,act_dep_time,2:04 p.m.,2:03 p.m.,real_world,typos
1520,act_dep_time,7:49 a.m.,8:07 a.m.,real_world,typos
1521,act_dep_time,12:35 p.m.,12:56 p.m.,real_world,typos
1522,act_dep_time,12:13 p.m.,12:14 p.m.,real_world,typos
1523,act_dep_time,2:26 p.m.,2:43 p.m.,real_world,typos
1524,act_dep_time,3:11 a.m.,12:07 p.m.,real_world,typos
1525,act_dep_time,5:22 p.m.,,real_world,missing_values
1526,act_dep_time,8:25 p.m.,,real_world,missing_values
1527,act_dep_time,11:05 a.m.,11:06 a.m.,real_world,typos
1528,act_dep_time,1:32 p.m.,1:43 p.m.,real_world,typos
1529,act_dep_time,3:36 p.m.,,real_world,missing_values
1530,act_dep_time,7:21 a.m.,7:22 a.m.,real_world,typos
1531,act_dep_time,6:30 p.m.,6:47 p.m.,real_world,typos
1532,act_dep_time,6:55 p.m.,6:56 p.m.,real_world,typos
1533,act_dep_time,12:11 p.m.,12:12 p.m.,real_world,typos
1534,act_dep_time,7:15 p.m.,,real_world,missing_values
1535,act_dep_time,2:10 p.m.,2:04 p.m.,real_world,typos
1536,act_dep_time,9:14 a.m.,,real_world,missing_values
1537,act_dep_time,6:56 a.m.,6:57 a.m.,real_world,typos
1538,act_dep_time,7:30 a.m.,7:31 a.m.,real_world,typos
1539,act_dep_time,5:08 p.m.,5:09 p.m.,real_world,typos
1541,act_dep_time,4:28 p.m.,4:44 p.m.,real_world,typos
1542,act_dep_time,4:15 p.m.,4:37 p.m.,real_world,typos
1544,act_dep_time,10:20 a.m.,,real_world,missing_values
1545,act_dep_time,7:05 a.m.,7:30 a.m.,real_world,typos
1546,act_dep_time,11:01 a.m.,11:02 a.m.,real_world,typos
1547,act_dep_time,1:31 p.m.,1:48 p.m.,real_world,typos
1548,act_dep_time,12:41 p.m.,12:42 p.m.,real_world,typos
1549,act_dep_time,1:48 p.m.,,real_world,missing_values
1550,act_dep_time,11:55 p.m.,12:11 a.m.,real_world,typos
1551,act_dep_time,4:25 p.m.,4:28 p.m.,real_world,typos
1552,act_dep_time,9:00 p.m.,9:06 p.m.,real_world,typos
1553,act_dep_time,8:25 p.m.,8:29 p.m.,real_world,typos
1554,act_dep_time,7:22 a.m.,7:23 a.m.,real_world,typos
1555,act_dep_time,8:51 a.m.,8:52 a.m.,real_world,typos
1556,act_dep_time,8:26 a.m.,8:37 a.m.,real_world,typos
1557,act_dep_time,1:30 p.m.,1:41 p.m.,real_world,typos
1558,act_dep_time,3:01 p.m.,,real_world,missing_values
1559,act_dep_time,7:27 a.m.,7:41 a.m.,real_world,typos
1560,act_dep_time,11:08 p.m.,,real_world,missing_values
1561,act_dep_time,5:30 p.m.,5:38 p.m.,real_world,typos
1562,act_dep_time,1:32 p.m.,1:50 p.m. (+8:00),real_world,typos
1563,act_dep_time,11:15 a.m.,11:47 a.m.,real_world,typos
1564,act_dep_time,8:39 p.m.,8:40 p.m.,real_world,typos
1565,act_dep_time,2:55 p.m.,3:04 p.m.,real_world,typos
1566,act_dep_time,2:48 p.m.,,real_world,missing_values
1567,act_dep_time,9:16 a.m.,,real_world,missing_values
1569,act_dep_time,3:27 p.m.,3:28 p.m.,real_world,typos
1571,act_dep_time,12:10 p.m.,12:11 p.m.,real_world,typos
1573,act_dep_time,8:52 a.m.,,real_world,missing_values
1574,act_dep_time,1:19 p.m.,1:20 p.m.,real_world,typos
1575,act_dep_time,8:56 a.m.,8:55 a.m.,real_world,typos
1576,act_dep_time,3:36 p.m.,3:38 p.m.,real_world,typos
1580,act_dep_time,3:31 p.m.,,real_world,missing_values
1582,act_dep_time,10:54 a.m.,10:55 a.m.,real_world,typos
1583,act_dep_time,6:57 a.m.,6:58 a.m.,real_world,typos
1584,act_dep_time,3:58 p.m.,,real_world,missing_values
1585,act_dep_time,6:10 a.m.,6:11 a.m.,real_world,typos
1586,act_dep_time,7:39 a.m.,7:40 a.m.,real_world,typos
1587,act_dep_time,7:31 a.m.,7:32 a.m.,real_world,typos
1588,act_dep_time,7:58 p.m.,7:45 p.m.,real_world,typos
1590,act_dep_time,8:42 a.m.,,real_world,missing_values
1591,act_dep_time,6:30 p.m.,,real_world,missing_values
1592,act_dep_time,3:27 p.m.,Contact Airline,real_world,typos
1593,act_dep_time,10:33 a.m.,,real_world,missing_values
1594,act_dep_time,11:25 p.m.,,real_world,missing_values
1595,act_dep_time,12:41 a.m.,12:41aDec 1,real_world,typos
1596,act_dep_time,4:00 p.m.,3:58 p.m.,real_world,typos
1597,act_dep_time,10:19 a.m.,10:19aDec 1,real_world,typos
1598,act_dep_time,7:25 a.m.,7:04aDec 1,real_world,typos
1600,act_dep_time,11:56 a.m.,11:56aDec 1,real_world,typos
1601,act_dep_time,6:08 a.m.,5:58aDec 1,real_world,typos
1602,act_dep_time,11:30 a.m.,11:30aDec 1,real_world,typos
1603,act_dep_time,10:18 a.m.,10:10 a.m.,real_world,typos
1604,act_dep_time,8:04 a.m.,7:28aDec 1,real_world,typos
1606,act_dep_time,10:10 a.m.,9:59 a.m.,real_world,typos
1607,act_dep_time,12:13 p.m.,11:47aDec 1,real_world,typos
1608,act_dep_time,3:11 a.m.,11:51aDec 1,real_world,typos
1610,act_dep_time,11:52 a.m.,11:33 a.m.,real_world,typos
1611,act_dep_time,6:56 a.m.,5:59aDec 1,real_world,typos
1612,act_dep_time,7:30 a.m.,7:10aDec 1,real_world,typos
1613,act_dep_time,5:08 p.m.,4:56 p.m.,real_world,typos
1614,act_dep_time,7:39 a.m.,7:22aDec 1,real_world,typos
1615,act_dep_time,8:23 p.m.,8:01 p.m.,real_world,typos
1616,act_dep_time,7:05 a.m.,7:07aDec 1,real_world,typos
1617,act_dep_time,6:55 p.m.,6:40 p.m.,real_world,typos
1618,act_dep_time,4:25 p.m.,,real_world,missing_values
1619,act_dep_time,9:00 p.m.,Not Available,real_world,typos
1620,act_dep_time,8:25 p.m.,,real_world,missing_values
1621,act_dep_time,7:22 a.m.,6:56aDec 1,real_world,typos
1622,act_dep_time,8:51 a.m.,8:31aDec 1,real_world,typos
1623,act_dep_time,2:26 p.m.,2:42 p.m.,real_world,typos
1624,act_dep_time,1:30 p.m.,Not Available,real_world,typos
1626,act_dep_time,11:08 p.m.,,real_world,missing_values
1627,act_dep_time,8:39 p.m.,8:30 p.m.,real_world,typos
1628,act_dep_time,3:27 p.m.,3:00 p.m.,real_world,typos
1629,act_dep_time,7:27 a.m.,7:41 a.m.,real_world,typos
1630,act_dep_time,12:10 p.m.,12:01 p.m.,real_world,typos
1631,act_dep_time,8:52 a.m.,8:52aDec 1,real_world,typos
1632,act_dep_time,7:39 a.m.,7:14aDec 1,real_world,typos
1633,act_dep_time,8:56 a.m.,8:32aDec 1,real_world,typos
1634,act_dep_time,11:40 a.m.,11:20aDec 1,real_world,typos
1635,act_dep_time,4:12 p.m.,3:52 p.m.,real_world,typos
1637,act_dep_time,6:57 a.m.,6:41aDec 1,real_world,typos
1638,act_dep_time,7:16 a.m.,,real_world,missing_values
1639,act_dep_time,6:56 a.m.,,real_world,missing_values
1640,act_dep_time,7:30 a.m.,,real_world,missing_values
1641,act_dep_time,2:44 p.m.,,real_world,missing_values
1642,act_dep_time,7:22 a.m.,,real_world,missing_values
1643,act_dep_time,8:23 p.m.,,real_world,missing_values
1644,act_dep_time,4:15 p.m.,,real_world,missing_values
1645,act_dep_time,1:19 p.m.,,real_world,missing_values
1646,act_dep_time,6:55 p.m.,,real_world,missing_values
1647,act_dep_time,8:04 a.m.,,real_world,missing_values
1648,act_dep_time,1:31 p.m.,,real_world,missing_values
1649,act_dep_time,12:41 p.m.,,real_world,missing_values
1650,act_dep_time,4:12 p.m.,,real_world,missing_values
1651,act_dep_time,11:55 p.m.,,real_world,missing_values
1652,act_dep_time,11:40 a.m.,,real_world,missing_values
1653,act_dep_time,12:13 p.m.,,real_world,missing_values
1654,act_dep_time,7:58 p.m.,,real_world,missing_values
1655,act_dep_time,10:54 a.m.,,real_world,missing_values
1656,act_dep_time,11:08 p.m.,,real_world,missing_values
1657,act_dep_time,11:05 a.m.,,real_world,missing_values
1658,act_dep_time,1:32 p.m.,,real_world,missing_values
1659,act_dep_time,8:56 a.m.,,real_world,missing_values
1660,act_dep_time,3:36 p.m.,,real_world,missing_values
1661,act_dep_time,2:10 p.m.,,real_world,missing_values
1664,act_dep_time,7:14 p.m.,7:42 p.m.,real_world,typos
1665,act_dep_time,8:42 a.m.,8:51 a.m.,real_world,typos
1666,act_dep_time,7:58 p.m.,7:59 p.m.,real_world,typos
1667,act_dep_time,11:25 p.m.,11:57 p.m.,real_world,typos
1668,act_dep_time,4:00 p.m.,4:10 p.m.,real_world,typos
1669,act_dep_time,7:29 a.m.,7:56 a.m.,real_world,typos
1673,act_dep_time,12:12 p.m.,12:13 p.m.,real_world,typos
1674,act_dep_time,11:56 a.m.,12:06 p.m.,real_world,typos
1676,act_dep_time,11:30 a.m.,11:45 a.m.,real_world,typos
1677,act_dep_time,8:04 a.m.,8:05 a.m.,real_world,typos
1678,act_dep_time,10:18 a.m.,10:19 a.m.,real_world,typos
1682,act_dep_time,12:41 p.m.,12:42 p.m.,real_world,typos
1683,act_dep_time,12:35 p.m.,12:56 p.m.,real_world,typos
1684,act_dep_time,2:26 p.m.,2:42 p.m.,real_world,typos
1685,act_dep_time,3:11 a.m.,12:07 p.m.,real_world,typos
1686,act_dep_time,5:22 p.m.,5:38 p.m.,real_world,typos
1688,act_dep_time,8:25 p.m.,7:27 p.m.,real_world,typos
1693,act_dep_time,6:30 p.m.,6:47 p.m.,real_world,typos
1694,act_dep_time,6:55 p.m.,6:56 p.m.,real_world,typos
1695,act_dep_time,12:11 p.m.,12:12 p.m.,real_world,typos
1696,act_dep_time,7:15 p.m.,7:25 p.m.,real_world,typos
1697,act_dep_time,9:14 a.m.,9:57 a.m.,real_world,typos
1699,act_dep_time,7:30 a.m.,7:31 a.m.,real_world,typos
1701,act_dep_time,4:28 p.m.,4:45 p.m.,real_world,typos
1704,act_dep_time,1:31 p.m.,1:48 p.m.,real_world,typos
1705,act_dep_time,1:48 p.m.,2:01 p.m.,real_world,typos
1706,act_dep_time,4:25 p.m.,4:35 p.m.,real_world,typos
1707,act_dep_time,9:00 p.m.,9:16 p.m.,real_world,typos
1708,act_dep_time,8:25 p.m.,8:29 p.m.,real_world,typos
1711,act_dep_time,1:30 p.m.,1:40 p.m.,real_world,typos
1712,act_dep_time,11:08 p.m.,11:35 p.m.,real_world,typos
1713,act_dep_time,5:30 p.m.,6:11 p.m.,real_world,typos
1714,act_dep_time,8:39 p.m.,8:40 p.m.,real_world,typos
1717,act_dep_time,7:22 a.m.,7:23 a.m.,real_world,typos
1722,act_dep_time,7:31 a.m.,7:32 a.m.,real_world,typos
1724,act_dep_time,10:54 a.m.,10:55 a.m.,real_world,typos
1725,act_dep_time,3:58 p.m.,4:14 p.m.,real_world,typos
1734,act_dep_time,12:35 p.m.,12:35 p.m.            Delayed,real_world,typos
1738,act_dep_time,1:32 p.m.,1:32 p.m.            Delayed,real_world,typos
1740,act_dep_time,4:28 p.m.,4:28 p.m.            Delayed,real_world,typos
1744,act_dep_time,1:48 p.m.,1:48 p.m.            Delayed,real_world,typos
1748,act_dep_time,11:08 p.m.,11:08 p.m.            On Time,real_world,typos
1753,act_dep_time,9:16 a.m.,9:16 a.m.            Delayed,real_world,typos
1764,act_dep_time,7:58 p.m.,,real_world,missing_values
1766,act_dep_time,3:27 p.m.,3:28 p.m.,real_world,typos
1769,act_dep_time,11:25 p.m.,,real_world,missing_values
1772,act_dep_time,4:00 p.m.,3:58 p.m.,real_world,typos
1782,act_dep_time,2:55 p.m.,2:46 p.m.,real_world,typos
1795,act_dep_time,3:11 a.m.,11:51 a.m.,real_world,typos
1802,act_dep_time,6:30 p.m.,,real_world,missing_values
1804,act_dep_time,7:15 p.m.,,real_world,missing_values
1814,act_dep_time,7:05 a.m.,7:07 a.m.,real_world,typos
1819,act_dep_time,11:55 p.m.,,real_world,missing_values
1820,act_dep_time,4:25 p.m.,,real_world,missing_values
1821,act_dep_time,9:00 p.m.,,real_world,missing_values
1822,act_dep_time,8:25 p.m.,,real_world,missing_values
1826,act_dep_time,1:30 p.m.,,real_world,missing_values
1829,act_dep_time,11:08 p.m.,,real_world,missing_values
1830,act_dep_time,5:30 p.m.,,real_world,missing_values
1834,act_dep_time,2:55 p.m.,2:52 p.m.,real_world,typos
1852,act_dep_time,11:55 a.m.,11:43 a.m.,real_world,typos
1866,act_dep_time,6:30 p.m.,6:47 p.m. (Estimated runway),real_world,typos
1867,act_dep_time,3:27 p.m.,3:28 p.m.,real_world,typos
1869,act_dep_time,11:25 p.m.,11:29 p.m. (Estimated runway),real_world,typos
1872,act_dep_time,4:00 p.m.,3:58 p.m.,real_world,typos
1894,act_dep_time,3:11 a.m.,11:51 a.m.,real_world,typos
1904,act_dep_time,7:15 p.m.,7:15 p.m. (Estimated),real_world,typos
1915,act_dep_time,7:05 a.m.,7:07 a.m.,real_world,typos
1919,act_dep_time,11:55 p.m.,12:10 a.m. (Estimated runway),real_world,typos
1920,act_dep_time,4:25 p.m.,4:28 p.m. (Estimated runway),real_world,typos
1921,act_dep_time,9:00 p.m.,9:06 p.m. (Estimated runway),real_world,typos
1922,act_dep_time,8:25 p.m.,8:29 p.m. (Estimated runway),real_world,typos
1923,act_dep_time,2:55 p.m.,2:46 p.m.,real_world,typos
1929,act_dep_time,11:08 p.m.,,real_world,missing_values
1930,act_dep_time,5:30 p.m.,5:30 p.m. (Estimated),real_world,typos
1933,act_dep_time,2:55 p.m.,2:52 p.m.,real_world,typos
1946,act_dep_time,11:55 a.m.,11:43 a.m.,real_world,typos
1952,act_dep_time,7:14 p.m.,7:42 p.m.,real_world,typos
1954,act_dep_time,8:29 a.m.,8:49 a.m.,real_world,typos
1955,act_dep_time,8:42 a.m.,9:01 a.m.,real_world,typos
1956,act_dep_time,7:58 p.m.,7:59 p.m.,real_world,typos
1957,act_dep_time,12:11 p.m.,12:12 p.m.,real_world,typos
1958,act_dep_time,3:27 p.m.,3:50 p.m.,real_world,typos
1959,act_dep_time,11:32 a.m.,12:37 p.m.,real_world,typos
1960,act_dep_time,10:33 a.m.,10:53 a.m.,real_world,typos
1961,act_dep_time,11:25 p.m.,,real_world,missing_values
1962,act_dep_time,5:56 a.m.,6:10 a.m.,real_world,typos
1963,act_dep_time,12:41 a.m.,12:58 a.m.,real_world,typos
1964,act_dep_time,4:00 p.m.,4:10 p.m.,real_world,typos
1965,act_dep_time,7:29 a.m.,7:56 a.m.,real_world,typos
1966,act_dep_time,10:19 a.m.,10:35 a.m.,real_world,typos
1967,act_dep_time,10:10 a.m.,10:11 a.m.,real_world,typos
1968,act_dep_time,8:12 a.m.,8:26 a.m.,real_world,typos
1970,act_dep_time,4:29 p.m.,4:30 p.m.,real_world,typos
1972,act_dep_time,2:48 p.m.,2:59 p.m.,real_world,typos
1973,act_dep_time,8:00 a.m.,8:18 a.m.,real_world,typos
1974,act_dep_time,2:55 p.m.,3:04 p.m.,real_world,typos
1975,act_dep_time,12:12 p.m.,12:13 p.m.,real_world,typos
1976,act_dep_time,11:56 a.m.,12:06 p.m.,real_world,typos
1977,act_dep_time,6:08 a.m.,6:09 a.m.,real_world,typos
1978,act_dep_time,11:30 a.m.,11:45 a.m.,real_world,typos
1979,act_dep_time,6:02 a.m.,6:17 a.m.,real_world,typos
1980,act_dep_time,8:40 a.m.,9:01 a.m.,real_world,typos
1981,act_dep_time,10:18 a.m.,10:19 a.m.,real_world,typos
1983,act_dep_time,7:49 a.m.,8:07 a.m.,real_world,typos
1984,act_dep_time,12:35 p.m.,12:56 p.m.,real_world,typos
1985,act_dep_time,12:13 p.m.,12:14 p.m.,real_world,typos
1986,act_dep_time,2:26 p.m.,2:43 p.m.,real_world,typos
1987,act_dep_time,3:11 a.m.,12:08 p.m.,real_world,typos
1988,act_dep_time,5:22 p.m.,5:38 p.m.,real_world,typos
1989,act_dep_time,8:25 p.m.,8:36 p.m.,real_world,typos
1990,act_dep_time,11:05 a.m.,11:06 a.m.,real_world,typos
1991,act_dep_time,1:32 p.m.,1:43 p.m.,real_world,typos
1993,act_dep_time,7:21 a.m.,7:22 a.m.,real_world,typos
1994,act_dep_time,6:30 p.m.,,real_world,missing_values
1995,act_dep_time,6:55 p.m.,6:56 p.m.,real_world,typos
1996,act_dep_time,7:15 p.m.,,real_world,missing_values
1997,act_dep_time,2:10 p.m.,2:38 p.m.,real_world,typos
1998,act_dep_time,9:14 a.m.,9:58 a.m.,real_world,typos
1999,act_dep_time,6:56 a.m.,6:57 a.m.,real_world,typos
2000,act_dep_time,7:30 a.m.,7:31 a.m.,real_world,typos
2001,act_dep_time,5:08 p.m.,5:09 p.m.,real_world,typos
2002,act_dep_time,4:28 p.m.,4:46 p.m.,real_world,typos
2003,act_dep_time,4:15 p.m.,4:37 p.m.,real_world,typos
2005,act_dep_time,10:20 a.m.,10:37 a.m.,real_world,typos
2006,act_dep_time,7:05 a.m.,7:31 a.m.,real_world,typos
2007,act_dep_time,11:01 a.m.,11:02 a.m.,real_world,typos
2008,act_dep_time,1:31 p.m.,1:48 p.m.,real_world,typos
2009,act_dep_time,12:41 p.m.,12:42 p.m.,real_world,typos
2010,act_dep_time,1:48 p.m.,2:01 p.m.,real_world,typos
2011,act_dep_time,11:55 p.m.,,real_world,missing_values
2012,act_dep_time,4:25 p.m.,,real_world,missing_values
2013,act_dep_time,9:00 p.m.,,real_world,missing_values
2014,act_dep_time,8:25 p.m.,,real_world,missing_values
2015,act_dep_time,7:22 a.m.,7:23 a.m.,real_world,typos
2016,act_dep_time,8:51 a.m.,8:52 a.m.,real_world,typos
2017,act_dep_time,8:26 a.m.,8:37 a.m.,real_world,typos
2018,act_dep_time,1:30 p.m.,,real_world,missing_values
2019,act_dep_time,3:01 p.m.,3:17 p.m.,real_world,typos
2020,act_dep_time,7:27 a.m.,7:41 a.m.,real_world,typos
2021,act_dep_time,11:08 p.m.,,real_world,missing_values
2022,act_dep_time,5:30 p.m.,,real_world,missing_values
2023,act_dep_time,1:32 p.m.,1:45 p.m.,real_world,typos
2024,act_dep_time,11:15 a.m.,11:47 a.m.,real_world,typos
2025,act_dep_time,8:39 p.m.,8:40 p.m.,real_world,typos
2026,act_dep_time,2:55 p.m.,3:04 p.m.,real_world,typos
2027,act_dep_time,2:48 p.m.,2:59 p.m.,real_world,typos
2028,act_dep_time,9:16 a.m.,9:43 a.m.,real_world,typos
2030,act_dep_time,3:27 p.m.,3:28 p.m.,real_world,typos
2031,act_dep_time,7:22 a.m.,7:23 a.m.,real_world,typos
2032,act_dep_time,12:10 p.m.,12:11 p.m.,real_world,typos
2033,act_dep_time,8:04 a.m.,8:05 a.m.,real_world,typos
2034,act_dep_time,8:52 a.m.,9:05 a.m.,real_world,typos
2035,act_dep_time,1:19 p.m.,1:20 p.m.,real_world,typos
2037,act_dep_time,3:36 p.m.,3:38 p.m.,real_world,typos
2039,act_dep_time,11:40 a.m.,11:41 a.m.,real_world,typos
2042,act_dep_time,7:39 a.m.,7:40 a.m.,real_world,typos
2043,act_dep_time,3:31 p.m.,4:02 p.m.,real_world,typos
2045,act_dep_time,10:54 a.m.,10:55 a.m.,real_world,typos
2046,act_dep_time,6:57 a.m.,6:58 a.m.,real_world,typos
2047,act_dep_time,3:58 p.m.,4:15 p.m.,real_world,typos
2048,act_dep_time,6:10 a.m.,6:11 a.m.,real_world,typos
2049,act_dep_time,7:39 a.m.,7:40 a.m.,real_world,typos
2050,act_dep_time,7:31 a.m.,7:32 a.m.,real_world,typos
2056,act_dep_time,7:58 p.m.,,real_world,missing_values
2058,act_dep_time,3:27 p.m.,3:28 p.m.,real_world,typos
2061,act_dep_time,11:25 p.m.,,real_world,missing_values
2064,act_dep_time,4:00 p.m.,3:58 p.m.,real_world,typos
2074,act_dep_time,2:55 p.m.,2:46 p.m.,real_world,typos
2087,act_dep_time,3:11 a.m.,11:51 a.m.,real_world,typos
2094,act_dep_time,6:30 p.m.,,real_world,missing_values
2096,act_dep_time,7:15 p.m.,,real_world,missing_values
2106,act_dep_time,7:05 a.m.,7:07 a.m.,real_world,typos
2111,act_dep_time,11:55 p.m.,,real_world,missing_values
2112,act_dep_time,4:25 p.m.,,real_world,missing_values
2113,act_dep_time,9:00 p.m.,,real_world,missing_values
2114,act_dep_time,8:25 p.m.,,real_world,missing_values
2118,act_dep_time,1:30 p.m.,,real_world,missing_values
2121,act_dep_time,11:08 p.m.,,real_world,missing_values
2122,act_dep_time,5:30 p.m.,,real_world,missing_values
2126,act_dep_time,2:55 p.m.,2:52 p.m.,real_world,typos
2144,act_dep_time,11:55 a.m.,11:43 a.m.,real_world,typos
2151,act_dep_time,11:32 a.m.,,real_world,missing_values
2152,act_dep_time,11:56 a.m.,,real_world,missing_values
2153,act_dep_time,9:00 p.m.,,real_world,missing_values
2154,act_dep_time,4:15 p.m.,,real_world,missing_values
2155,act_dep_time,1:19 p.m.,,real_world,missing_values
2157,act_dep_time,7:14 p.m.,7:42 p.m.,real_world,typos
2159,act_dep_time,8:29 a.m.,8:49 a.m.,real_world,typos
2160,act_dep_time,8:42 a.m.,9:01 a.m.,real_world,typos
2161,act_dep_time,7:58 p.m.,7:59 p.m.,real_world,typos
2162,act_dep_time,12:11 p.m.,12:12 p.m.,real_world,typos
2163,act_dep_time,3:27 p.m.,3:50 p.m.,real_world,typos
2164,act_dep_time,11:32 a.m.,12:37 p.m.,real_world,typos
2165,act_dep_time,10:33 a.m.,10:53 a.m.,real_world,typos
2166,act_dep_time,11:25 p.m.,,real_world,missing_values
2167,act_dep_time,5:56 a.m.,6:10 a.m.,real_world,typos
2168,act_dep_time,12:41 a.m.,12:58 a.m.,real_world,typos
2169,act_dep_time,4:00 p.m.,4:10 p.m.,real_world,typos
2170,act_dep_time,7:29 a.m.,7:56 a.m.,real_world,typos
2171,act_dep_time,10:19 a.m.,10:35 a.m.,real_world,typos
2172,act_dep_time,10:10 a.m.,10:11 a.m.,real_world,typos
2173,act_dep_time,8:12 a.m.,8:26 a.m.,real_world,typos
2175,act_dep_time,4:29 p.m.,4:30 p.m.,real_world,typos
2177,act_dep_time,2:48 p.m.,2:59 p.m.,real_world,typos
2178,act_dep_time,8:00 a.m.,8:18 a.m.,real_world,typos
2179,act_dep_time,2:55 p.m.,3:04 p.m.,real_world,typos
2180,act_dep_time,12:12 p.m.,12:13 p.m.,real_world,typos
2181,act_dep_time,11:56 a.m.,12:06 p.m.,real_world,typos
2182,act_dep_time,6:08 a.m.,6:09 a.m.,real_world,typos
2183,act_dep_time,11:30 a.m.,11:45 a.m.,real_world,typos
2184,act_dep_time,6:02 a.m.,6:17 a.m.,real_world,typos
2185,act_dep_time,8:40 a.m.,9:01 a.m.,real_world,typos
2186,act_dep_time,10:18 a.m.,10:19 a.m.,real_world,typos
2188,act_dep_time,7:49 a.m.,8:07 a.m.,real_world,typos
2189,act_dep_time,12:35 p.m.,12:56 p.m.,real_world,typos
2190,act_dep_time,12:13 p.m.,12:14 p.m.,real_world,typos
2191,act_dep_time,2:26 p.m.,2:43 p.m.,real_world,typos
2192,act_dep_time,3:11 a.m.,12:08 p.m.,real_world,typos
2193,act_dep_time,5:22 p.m.,5:38 p.m.,real_world,typos
2194,act_dep_time,8:25 p.m.,8:36 p.m.,real_world,typos
2195,act_dep_time,11:05 a.m.,11:06 a.m.,real_world,typos
2196,act_dep_time,1:32 p.m.,1:43 p.m.,real_world,typos
2198,act_dep_time,7:21 a.m.,7:22 a.m.,real_world,typos
2199,act_dep_time,6:30 p.m.,,real_world,missing_values
2200,act_dep_time,6:55 p.m.,6:56 p.m.,real_world,typos
2201,act_dep_time,7:15 p.m.,,real_world,missing_values
2202,act_dep_time,2:10 p.m.,2:38 p.m.,real_world,typos
2203,act_dep_time,9:14 a.m.,9:58 a.m.,real_world,typos
2204,act_dep_time,6:56 a.m.,6:57 a.m.,real_world,typos
2205,act_dep_time,7:30 a.m.,7:31 a.m.,real_world,typos
2206,act_dep_time,5:08 p.m.,5:09 p.m.,real_world,typos
2207,act_dep_time,4:28 p.m.,4:46 p.m.,real_world,typos
2208,act_dep_time,4:15 p.m.,4:37 p.m.,real_world,typos
2210,act_dep_time,10:20 a.m.,10:37 a.m.,real_world,typos
2211,act_dep_time,7:05 a.m.,7:31 a.m.,real_world,typos
2212,act_dep_time,11:01 a.m.,11:02 a.m.,real_world,typos
2213,act_dep_time,1:31 p.m.,1:48 p.m.,real_world,typos
2214,act_dep_time,12:41 p.m.,12:42 p.m.,real_world,typos
2215,act_dep_time,1:48 p.m.,2:01 p.m.,real_world,typos
2216,act_dep_time,11:55 p.m.,,real_world,missing_values
2217,act_dep_time,4:25 p.m.,,real_world,missing_values
2218,act_dep_time,9:00 p.m.,,real_world,missing_values
2219,act_dep_time,8:25 p.m.,,real_world,missing_values
2220,act_dep_time,7:22 a.m.,7:23 a.m.,real_world,typos
2221,act_dep_time,8:51 a.m.,8:52 a.m.,real_world,typos
2222,act_dep_time,8:26 a.m.,8:37 a.m.,real_world,typos
2223,act_dep_time,1:30 p.m.,,real_world,missing_values
2224,act_dep_time,3:01 p.m.,3:17 p.m.,real_world,typos
2225,act_dep_time,7:27 a.m.,7:41 a.m.,real_world,typos
2226,act_dep_time,11:08 p.m.,,real_world,missing_values
2227,act_dep_time,5:30 p.m.,,real_world,missing_values
2228,act_dep_time,1:32 p.m.,1:45 p.m.,real_world,typos
2229,act_dep_time,11:15 a.m.,11:47 a.m.,real_world,typos
2230,act_dep_time,8:39 p.m.,8:40 p.m.,real_world,typos
2231,act_dep_time,2:55 p.m.,3:04 p.m.,real_world,typos
2232,act_dep_time,2:48 p.m.,2:59 p.m.,real_world,typos
2233,act_dep_time,9:16 a.m.,9:43 a.m.,real_world,typos
2235,act_dep_time,3:27 p.m.,3:28 p.m.,real_world,typos
2236,act_dep_time,7:22 a.m.,7:23 a.m.,real_world,typos
2237,act_dep_time,12:10 p.m.,12:11 p.m.,real_world,typos
2238,act_dep_time,8:04 a.m.,8:05 a.m.,real_world,typos
2239,act_dep_time,8:52 a.m.,9:05 a.m.,real_world,typos
2240,act_dep_time,1:19 p.m.,1:20 p.m.,real_world,typos
2242,act_dep_time,3:36 p.m.,3:38 p.m.,real_world,typos
2244,act_dep_time,11:40 a.m.,11:41 a.m.,real_world,typos
2247,act_dep_time,7:39 a.m.,7:40 a.m.,real_world,typos
2248,act_dep_time,3:31 p.m.,4:02 p.m.,real_world,typos
2250,act_dep_time,10:54 a.m.,10:55 a.m.,real_world,typos
2251,act_dep_time,6:57 a.m.,6:58 a.m.,real_world,typos
2252,act_dep_time,3:58 p.m.,4:15 p.m.,real_world,typos
2253,act_dep_time,6:10 a.m.,6:11 a.m.,real_world,typos
2254,act_dep_time,7:39 a.m.,7:40 a.m.,real_world,typos
2255,act_dep_time,7:31 a.m.,7:32 a.m.,real_world,typos
2258,act_dep_time,7:14 p.m.,7:42 p.m.,real_world,typos
2259,act_dep_time,8:42 a.m.,8:51 a.m.,real_world,typos
2260,act_dep_time,7:58 p.m.,7:59 p.m.,real_world,typos
2261,act_dep_time,11:25 p.m.,11:57 p.m.,real_world,typos
2262,act_dep_time,4:00 p.m.,4:10 p.m.,real_world,typos
2263,act_dep_time,7:29 a.m.,7:56 a.m.,real_world,typos
2267,act_dep_time,12:12 p.m.,12:13 p.m.,real_world,typos
2268,act_dep_time,11:56 a.m.,12:06 p.m.,real_world,typos
2270,act_dep_time,11:30 a.m.,11:45 a.m.,real_world,typos
2271,act_dep_time,8:04 a.m.,8:05 a.m.,real_world,typos
2272,act_dep_time,10:18 a.m.,10:19 a.m.,real_world,typos
2276,act_dep_time,12:41 p.m.,12:42 p.m.,real_world,typos
2277,act_dep_time,12:35 p.m.,12:56 p.m.,real_world,typos
2278,act_dep_time,2:26 p.m.,2:42 p.m.,real_world,typos
2279,act_dep_time,3:11 a.m.,12:07 p.m.,real_world,typos
2280,act_dep_time,5:22 p.m.,5:38 p.m.,real_world,typos
2282,act_dep_time,8:25 p.m.,7:27 p.m.,real_world,typos
2287,act_dep_time,6:30 p.m.,6:47 p.m.,real_world,typos
2288,act_dep_time,6:55 p.m.,6:56 p.m.,real_world,typos
2289,act_dep_time,12:11 p.m.,12:12 p.m.,real_world,typos
2290,act_dep_time,7:15 p.m.,7:25 p.m.,real_world,typos
2291,act_dep_time,9:14 a.m.,9:57 a.m.,real_world,typos
2293,act_dep_time,7:30 a.m.,7:31 a.m.,real_world,typos
2295,act_dep_time,4:28 p.m.,4:45 p.m.,real_world,typos
2298,act_dep_time,1:31 p.m.,1:48 p.m.,real_world,typos
2299,act_dep_time,1:48 p.m.,2:01 p.m.,real_world,typos
2300,act_dep_time,4:25 p.m.,4:35 p.m.,real_world,typos
2301,act_dep_time,9:00 p.m.,9:16 p.m.,real_world,typos
2302,act_dep_time,8:25 p.m.,8:29 p.m.,real_world,typos
2305,act_dep_time,1:30 p.m.,1:40 p.m.,real_world,typos
2306,act_dep_time,11:08 p.m.,11:35 p.m.,real_world,typos
2307,act_dep_time,5:30 p.m.,6:11 p.m.,real_world,typos
2308,act_dep_time,8:39 p.m.,8:40 p.m.,real_world,typos
2311,act_dep_time,7:22 a.m.,7:23 a.m.,real_world,typos
2316,act_dep_time,7:31 a.m.,7:32 a.m.,real_world,typos
2318,act_dep_time,10:54 a.m.,10:55 a.m.,real_world,typos
2319,act_dep_time,3:58 p.m.,4:14 p.m.,real_world,typos
2326,act_dep_time,6:30 p.m.,6:47 p.m. (Estimated runway),real_world,typos
2327,act_dep_time,7:15 p.m.,7:15 p.m. (Estimated),real_world,typos
2328,act_dep_time,3:27 p.m.,3:28 p.m.,real_world,typos
2329,act_dep_time,11:25 p.m.,11:29 p.m. (Estimated runway),real_world,typos
2330,act_dep_time,4:00 p.m.,3:58 p.m.,real_world,typos
2343,act_dep_time,3:11 a.m.,11:51 a.m.,real_world,typos
2356,act_dep_time,11:55 p.m.,12:10 a.m. (Estimated runway),real_world,typos
2357,act_dep_time,4:25 p.m.,4:28 p.m. (Estimated runway),real_world,typos
2358,act_dep_time,9:00 p.m.,9:06 p.m. (Estimated runway),real_world,typos
2359,act_dep_time,8:25 p.m.,8:29 p.m. (Estimated runway),real_world,typos
2363,act_dep_time,1:30 p.m.,1:41 p.m. (Estimated runway),real_world,typos
2372,act_dep_time,11:55 a.m.,11:43 a.m.,real_world,typos
6,sched_arr_time,6:55 a.m.,12/02/2011 6:55 a.m.,real_world,format_errors
32,sched_arr_time,5:50 a.m.,12/02/2011 5:50 a.m.,real_world,format_errors
33,sched_arr_time,12:15 a.m.,12/02/2011 12:15 a.m.,real_world,format_errors
51,sched_arr_time,9:40 a.m.,,real_world,missing_values
53,sched_arr_time,9:25 a.m.,,real_world,missing_values
54,sched_arr_time,11:55 a.m.,,real_world,missing_values
55,sched_arr_time,9:54 a.m.,,real_world,missing_values
56,sched_arr_time,10:30 p.m.,,real_world,missing_values
57,sched_arr_time,5:05 p.m.,,real_world,missing_values
59,sched_arr_time,5:25 p.m.,,real_world,missing_values
60,sched_arr_time,11:19 a.m.,,real_world,missing_values
61,sched_arr_time,6:55 a.m.,,real_world,missing_values
62,sched_arr_time,7:23 a.m.,,real_world,missing_values
64,sched_arr_time,6:46 p.m.,,real_world,missing_values
67,sched_arr_time,12:35 p.m.,,real_world,missing_values
68,sched_arr_time,10:06 a.m.,,real_world,missing_values
69,sched_arr_time,9:55 a.m.,,real_world,missing_values
70,sched_arr_time,7:55 p.m.,,real_world,missing_values
71,sched_arr_time,2:20 p.m.,,real_world,missing_values
74,sched_arr_time,5:00 p.m.,,real_world,missing_values
75,sched_arr_time,3:50 p.m.,,real_world,missing_values
77,sched_arr_time,9:20 a.m.,,real_world,missing_values
78,sched_arr_time,4:57 p.m.,,real_world,missing_values
81,sched_arr_time,12:10 p.m.,,real_world,missing_values
82,sched_arr_time,2:35 p.m.,,real_world,missing_values
83,sched_arr_time,1:39 p.m.,,real_world,missing_values
84,sched_arr_time,3:19 p.m.,,real_world,missing_values
85,sched_arr_time,2:00 p.m.,,real_world,missing_values
86,sched_arr_time,6:15 p.m.,,real_world,missing_values
87,sched_arr_time,1:45 p.m.,,real_world,missing_values
90,sched_arr_time,2:45 p.m.,,real_world,missing_values
91,sched_arr_time,5:15 p.m.,,real_world,missing_values
93,sched_arr_time,10:35 a.m.,,real_world,missing_values
94,sched_arr_time,7:25 p.m.,,real_world,missing_values
95,sched_arr_time,9:10 p.m.,,real_world,missing_values
96,sched_arr_time,3:15 p.m.,,real_world,missing_values
97,sched_arr_time,12:21 a.m.,12/2/11 12:21 a.m.,real_world,format_errors
98,sched_arr_time,7:53 p.m.,,real_world,missing_values
100,sched_arr_time,7:30 a.m.,,real_world,missing_values
101,sched_arr_time,9:35 a.m.,,real_world,missing_values
102,sched_arr_time,8:05 p.m.,,real_world,missing_values
103,sched_arr_time,11:10 a.m.,,real_world,missing_values
104,sched_arr_time,6:23 p.m.,,real_world,missing_values
105,sched_arr_time,7:35 p.m.,,real_world,missing_values
106,sched_arr_time,9:45 p.m.,,real_world,missing_values
108,sched_arr_time,10:31 a.m.,,real_world,missing_values
109,sched_arr_time,2:59 p.m.,,real_world,missing_values
110,sched_arr_time,4:31 p.m.,,real_world,missing_values
111,sched_arr_time,2:45 p.m.,,real_world,missing_values
113,sched_arr_time,5:50 a.m.,,real_world,missing_values
114,sched_arr_time,12:29 a.m.,,real_world,missing_values
115,sched_arr_time,12:15 a.m.,,real_world,missing_values
116,sched_arr_time,11:50 p.m.,,real_world,missing_values
117,sched_arr_time,10:34 a.m.,,real_world,missing_values
118,sched_arr_time,11:50 a.m.,,real_world,missing_values
119,sched_arr_time,9:24 a.m.,,real_world,missing_values
120,sched_arr_time,3:50 p.m.,,real_world,missing_values
122,sched_arr_time,9:43 a.m.,,real_world,missing_values
123,sched_arr_time,5:11 a.m.,12/2/11 5:11 a.m.,real_world,format_errors
124,sched_arr_time,6:40 p.m.,,real_world,missing_values
125,sched_arr_time,8:27 a.m.,,real_world,missing_values
126,sched_arr_time,1:40 p.m.,,real_world,missing_values
127,sched_arr_time,9:20 p.m.,,real_world,missing_values
128,sched_arr_time,4:53 p.m.,,real_world,missing_values
131,sched_arr_time,4:05 p.m.,,real_world,missing_values
132,sched_arr_time,5:55 p.m.,,real_world,missing_values
133,sched_arr_time,11:35 a.m.,,real_world,missing_values
134,sched_arr_time,2:15 p.m.,,real_world,missing_values
135,sched_arr_time,11:05 a.m.,,real_world,missing_values
137,sched_arr_time,2:35 p.m.,,real_world,missing_values
138,sched_arr_time,10:40 a.m.,,real_world,missing_values
139,sched_arr_time,6:30 p.m.,,real_world,missing_values
140,sched_arr_time,8:00 a.m.,,real_world,missing_values
141,sched_arr_time,6:40 p.m.,,real_world,missing_values
142,sched_arr_time,2:25 p.m.,,real_world,missing_values
144,sched_arr_time,6:17 p.m.,,real_world,missing_values
145,sched_arr_time,12:55 p.m.,,real_world,missing_values
146,sched_arr_time,7:45 a.m.,,real_world,missing_values
148,sched_arr_time,6:40 a.m.,,real_world,missing_values
149,sched_arr_time,10:45 a.m.,,real_world,missing_values
150,sched_arr_time,3:30 p.m.,,real_world,missing_values
152,sched_arr_time,10:15 p.m.,,real_world,missing_values
155,sched_arr_time,9:54 a.m.,,real_world,missing_values
159,sched_arr_time,2:50 p.m.,,real_world,missing_values
160,sched_arr_time,11:19 a.m.,,real_world,missing_values
161,sched_arr_time,6:55 a.m.,6:55 a.m. Dec 02,real_world,typos
162,sched_arr_time,7:23 a.m.,,real_world,missing_values
163,sched_arr_time,5:35 a.m.,,real_world,missing_values
165,sched_arr_time,9:21 a.m.,,real_world,missing_values
166,sched_arr_time,1:16 p.m.,,real_world,missing_values
168,sched_arr_time,10:06 a.m.,,real_world,missing_values
171,sched_arr_time,2:20 p.m.,,real_world,missing_values
172,sched_arr_time,7:03 p.m.,,real_world,missing_values
173,sched_arr_time,11:35 a.m.,,real_world,missing_values
174,sched_arr_time,5:00 p.m.,,real_world,missing_values
176,sched_arr_time,1:17 p.m.,,real_world,missing_values
179,sched_arr_time,10:20 a.m.,,real_world,missing_values
180,sched_arr_time,10:54 a.m.,,real_world,missing_values
183,sched_arr_time,1:39 p.m.,,real_world,missing_values
184,sched_arr_time,3:19 p.m.,,real_world,missing_values
185,sched_arr_time,2:00 p.m.,,real_world,missing_values
188,sched_arr_time,8:22 p.m.,,real_world,missing_values
189,sched_arr_time,8:56 p.m.,,real_world,missing_values
191,sched_arr_time,5:15 p.m.,4:52 p.m.,real_world,typos
192,sched_arr_time,4:00 p.m.,,real_world,missing_values
196,sched_arr_time,12:21 a.m.,12:21 a.m. Dec 02,real_world,typos
197,sched_arr_time,7:53 p.m.,,real_world,missing_values
201,sched_arr_time,8:05 p.m.,,real_world,missing_values
203,sched_arr_time,7:35 p.m.,,real_world,missing_values
205,sched_arr_time,6:44 p.m.,,real_world,missing_values
206,sched_arr_time,10:31 a.m.,,real_world,missing_values
210,sched_arr_time,4:17 p.m.,,real_world,missing_values
211,sched_arr_time,5:50 a.m.,5:50 a.m.Dec 02,real_world,typos
212,sched_arr_time,12:29 a.m.,12:29 a.m. Dec 02,real_world,typos
213,sched_arr_time,12:15 a.m.,12:15 a.m. Dec 02,real_world,typos
217,sched_arr_time,9:24 a.m.,,real_world,missing_values
219,sched_arr_time,4:48 p.m.,,real_world,missing_values
220,sched_arr_time,9:43 a.m.,,real_world,missing_values
221,sched_arr_time,5:11 a.m.,5:11 a.m.Dec 02,real_world,typos
222,sched_arr_time,6:40 p.m.,6:09 p.m.,real_world,typos
223,sched_arr_time,8:27 a.m.,,real_world,missing_values
224,sched_arr_time,1:40 p.m.,,real_world,missing_values
225,sched_arr_time,9:20 p.m.,,real_world,missing_values
226,sched_arr_time,4:53 p.m.,,real_world,missing_values
227,sched_arr_time,7:03 p.m.,,real_world,missing_values
228,sched_arr_time,11:45 a.m.,,real_world,missing_values
234,sched_arr_time,11:53 a.m.,,real_world,missing_values
236,sched_arr_time,10:40 a.m.,,real_world,missing_values
239,sched_arr_time,5:25 p.m.,,real_world,missing_values
243,sched_arr_time,4:49 p.m.,,real_world,missing_values
338,sched_arr_time,9:40 a.m.,,real_world,missing_values
340,sched_arr_time,9:25 a.m.,,real_world,missing_values
341,sched_arr_time,11:55 a.m.,,real_world,missing_values
342,sched_arr_time,9:54 a.m.,,real_world,missing_values
343,sched_arr_time,10:30 p.m.,,real_world,missing_values
344,sched_arr_time,5:05 p.m.,,real_world,missing_values
346,sched_arr_time,5:25 p.m.,,real_world,missing_values
347,sched_arr_time,11:19 a.m.,,real_world,missing_values
348,sched_arr_time,6:55 a.m.,,real_world,missing_values
349,sched_arr_time,7:23 a.m.,,real_world,missing_values
351,sched_arr_time,6:46 p.m.,,real_world,missing_values
354,sched_arr_time,12:35 p.m.,,real_world,missing_values
355,sched_arr_time,10:06 a.m.,,real_world,missing_values
356,sched_arr_time,9:55 a.m.,,real_world,missing_values
357,sched_arr_time,7:55 p.m.,,real_world,missing_values
358,sched_arr_time,2:20 p.m.,,real_world,missing_values
361,sched_arr_time,5:00 p.m.,,real_world,missing_values
362,sched_arr_time,3:50 p.m.,,real_world,missing_values
364,sched_arr_time,9:20 a.m.,,real_world,missing_values
365,sched_arr_time,4:57 p.m.,,real_world,missing_values
368,sched_arr_time,12:10 p.m.,,real_world,missing_values
369,sched_arr_time,2:35 p.m.,,real_world,missing_values
370,sched_arr_time,1:39 p.m.,,real_world,missing_values
371,sched_arr_time,3:19 p.m.,,real_world,missing_values
372,sched_arr_time,2:00 p.m.,,real_world,missing_values
373,sched_arr_time,6:15 p.m.,,real_world,missing_values
374,sched_arr_time,1:45 p.m.,,real_world,missing_values
377,sched_arr_time,2:45 p.m.,,real_world,missing_values
378,sched_arr_time,5:15 p.m.,,real_world,missing_values
380,sched_arr_time,10:35 a.m.,,real_world,missing_values
381,sched_arr_time,7:25 p.m.,,real_world,missing_values
382,sched_arr_time,9:10 p.m.,,real_world,missing_values
383,sched_arr_time,3:15 p.m.,,real_world,missing_values
384,sched_arr_time,12:21 a.m.,12/2/11 12:21 a.m.,real_world,format_errors
385,sched_arr_time,7:53 p.m.,,real_world,missing_values
387,sched_arr_time,7:30 a.m.,,real_world,missing_values
388,sched_arr_time,9:35 a.m.,,real_world,missing_values
389,sched_arr_time,8:05 p.m.,,real_world,missing_values
390,sched_arr_time,11:10 a.m.,,real_world,missing_values
391,sched_arr_time,6:23 p.m.,,real_world,missing_values
392,sched_arr_time,7:35 p.m.,,real_world,missing_values
393,sched_arr_time,9:45 p.m.,,real_world,missing_values
395,sched_arr_time,10:31 a.m.,,real_world,missing_values
396,sched_arr_time,2:59 p.m.,,real_world,missing_values
397,sched_arr_time,4:31 p.m.,,real_world,missing_values
398,sched_arr_time,2:45 p.m.,,real_world,missing_values
400,sched_arr_time,5:50 a.m.,,real_world,missing_values
401,sched_arr_time,12:29 a.m.,,real_world,missing_values
402,sched_arr_time,12:15 a.m.,,real_world,missing_values
403,sched_arr_time,11:50 p.m.,,real_world,missing_values
404,sched_arr_time,10:34 a.m.,,real_world,missing_values
405,sched_arr_time,11:50 a.m.,,real_world,missing_values
406,sched_arr_time,9:24 a.m.,,real_world,missing_values
407,sched_arr_time,3:50 p.m.,,real_world,missing_values
409,sched_arr_time,9:43 a.m.,,real_world,missing_values
410,sched_arr_time,5:11 a.m.,12/2/11 5:11 a.m.,real_world,format_errors
411,sched_arr_time,6:40 p.m.,,real_world,missing_values
412,sched_arr_time,8:27 a.m.,,real_world,missing_values
413,sched_arr_time,1:40 p.m.,,real_world,missing_values
414,sched_arr_time,9:20 p.m.,,real_world,missing_values
415,sched_arr_time,4:53 p.m.,,real_world,missing_values
418,sched_arr_time,4:05 p.m.,,real_world,missing_values
419,sched_arr_time,5:55 p.m.,,real_world,missing_values
420,sched_arr_time,11:35 a.m.,,real_world,missing_values
421,sched_arr_time,2:15 p.m.,,real_world,missing_values
422,sched_arr_time,11:05 a.m.,,real_world,missing_values
424,sched_arr_time,2:35 p.m.,,real_world,missing_values
425,sched_arr_time,10:40 a.m.,,real_world,missing_values
426,sched_arr_time,6:30 p.m.,,real_world,missing_values
427,sched_arr_time,8:00 a.m.,,real_world,missing_values
428,sched_arr_time,6:40 p.m.,,real_world,missing_values
429,sched_arr_time,2:25 p.m.,,real_world,missing_values
431,sched_arr_time,6:17 p.m.,,real_world,missing_values
432,sched_arr_time,12:55 p.m.,,real_world,missing_values
433,sched_arr_time,7:45 a.m.,,real_world,missing_values
435,sched_arr_time,6:40 a.m.,,real_world,missing_values
436,sched_arr_time,10:45 a.m.,,real_world,missing_values
437,sched_arr_time,3:30 p.m.,,real_world,missing_values
439,sched_arr_time,10:15 p.m.,,real_world,missing_values
442,sched_arr_time,9:54 a.m.,,real_world,missing_values
446,sched_arr_time,2:50 p.m.,,real_world,missing_values
447,sched_arr_time,11:19 a.m.,,real_world,missing_values
448,sched_arr_time,6:55 a.m.,6:55 a.m. Dec 02,real_world,typos
449,sched_arr_time,7:23 a.m.,,real_world,missing_values
450,sched_arr_time,5:35 a.m.,,real_world,missing_values
452,sched_arr_time,9:21 a.m.,,real_world,missing_values
453,sched_arr_time,1:16 p.m.,,real_world,missing_values
455,sched_arr_time,10:06 a.m.,,real_world,missing_values
458,sched_arr_time,2:20 p.m.,,real_world,missing_values
459,sched_arr_time,7:03 p.m.,,real_world,missing_values
460,sched_arr_time,11:35 a.m.,,real_world,missing_values
461,sched_arr_time,5:00 p.m.,,real_world,missing_values
463,sched_arr_time,1:17 p.m.,,real_world,missing_values
466,sched_arr_time,10:20 a.m.,,real_world,missing_values
467,sched_arr_time,10:54 a.m.,,real_world,missing_values
470,sched_arr_time,1:39 p.m.,,real_world,missing_values
471,sched_arr_time,3:19 p.m.,,real_world,missing_values
472,sched_arr_time,2:00 p.m.,,real_world,missing_values
475,sched_arr_time,8:22 p.m.,,real_world,missing_values
476,sched_arr_time,8:56 p.m.,,real_world,missing_values
478,sched_arr_time,5:15 p.m.,,real_world,missing_values
479,sched_arr_time,4:00 p.m.,,real_world,missing_values
483,sched_arr_time,12:21 a.m.,12:21 a.m. Dec 02,real_world,typos
484,sched_arr_time,7:53 p.m.,,real_world,missing_values
488,sched_arr_time,8:05 p.m.,,real_world,missing_values
490,sched_arr_time,7:35 p.m.,,real_world,missing_values
492,sched_arr_time,6:44 p.m.,,real_world,missing_values
493,sched_arr_time,10:31 a.m.,,real_world,missing_values
497,sched_arr_time,4:17 p.m.,,real_world,missing_values
498,sched_arr_time,5:50 a.m.,5:50 a.m. Dec 02,real_world,typos
499,sched_arr_time,12:29 a.m.,12:29 a.m. Dec 02,real_world,typos
500,sched_arr_time,12:15 a.m.,12:15 a.m. Dec 02,real_world,typos
504,sched_arr_time,9:24 a.m.,,real_world,missing_values
506,sched_arr_time,4:48 p.m.,,real_world,missing_values
507,sched_arr_time,9:43 a.m.,,real_world,missing_values
508,sched_arr_time,5:11 a.m.,5:11 a.m.Dec 02,real_world,typos
510,sched_arr_time,8:27 a.m.,,real_world,missing_values
511,sched_arr_time,1:40 p.m.,,real_world,missing_values
512,sched_arr_time,9:20 p.m.,,real_world,missing_values
513,sched_arr_time,4:53 p.m.,,real_world,missing_values
514,sched_arr_time,7:03 p.m.,,real_world,missing_values
515,sched_arr_time,11:45 a.m.,,real_world,missing_values
521,sched_arr_time,11:53 a.m.,,real_world,missing_values
523,sched_arr_time,10:40 a.m.,,real_world,missing_values
526,sched_arr_time,5:25 p.m.,,real_world,missing_values
530,sched_arr_time,4:49 p.m.,,real_world,missing_values
631,sched_arr_time,10:15 p.m.,,real_world,missing_values
634,sched_arr_time,9:54 a.m.,,real_world,missing_values
638,sched_arr_time,2:50 p.m.,,real_world,missing_values
639,sched_arr_time,11:19 a.m.,,real_world,missing_values
640,sched_arr_time,6:55 a.m.,6:55 a.m. Dec 02,real_world,typos
641,sched_arr_time,7:23 a.m.,,real_world,missing_values
642,sched_arr_time,5:35 a.m.,,real_world,missing_values
644,sched_arr_time,9:21 a.m.,,real_world,missing_values
645,sched_arr_time,1:16 p.m.,,real_world,missing_values
647,sched_arr_time,10:06 a.m.,,real_world,missing_values
650,sched_arr_time,2:20 p.m.,,real_world,missing_values
651,sched_arr_time,7:03 p.m.,,real_world,missing_values
652,sched_arr_time,11:35 a.m.,,real_world,missing_values
653,sched_arr_time,5:00 p.m.,,real_world,missing_values
655,sched_arr_time,1:17 p.m.,,real_world,missing_values
658,sched_arr_time,10:20 a.m.,,real_world,missing_values
659,sched_arr_time,10:54 a.m.,,real_world,missing_values
662,sched_arr_time,1:39 p.m.,,real_world,missing_values
663,sched_arr_time,3:19 p.m.,,real_world,missing_values
664,sched_arr_time,2:00 p.m.,,real_world,missing_values
667,sched_arr_time,8:22 p.m.,,real_world,missing_values
668,sched_arr_time,8:56 p.m.,,real_world,missing_values
670,sched_arr_time,5:15 p.m.,,real_world,missing_values
671,sched_arr_time,4:00 p.m.,,real_world,missing_values
675,sched_arr_time,12:21 a.m.,12:21 a.m. Dec 02,real_world,typos
676,sched_arr_time,7:53 p.m.,,real_world,missing_values
680,sched_arr_time,8:05 p.m.,,real_world,missing_values
682,sched_arr_time,7:35 p.m.,,real_world,missing_values
684,sched_arr_time,6:44 p.m.,,real_world,missing_values
685,sched_arr_time,10:31 a.m.,,real_world,missing_values
689,sched_arr_time,4:17 p.m.,,real_world,missing_values
690,sched_arr_time,5:50 a.m.,5:50 a.m. Dec 02,real_world,typos
691,sched_arr_time,12:29 a.m.,12:29 a.m. Dec 02,real_world,typos
692,sched_arr_time,12:15 a.m.,12:15 a.m. Dec 02,real_world,typos
696,sched_arr_time,9:24 a.m.,,real_world,missing_values
698,sched_arr_time,4:48 p.m.,,real_world,missing_values
699,sched_arr_time,9:43 a.m.,,real_world,missing_values
700,sched_arr_time,5:11 a.m.,5:11 a.m.Dec 02,real_world,typos
702,sched_arr_time,8:27 a.m.,,real_world,missing_values
703,sched_arr_time,1:40 p.m.,,real_world,missing_values
704,sched_arr_time,9:20 p.m.,,real_world,missing_values
705,sched_arr_time,4:53 p.m.,,real_world,missing_values
706,sched_arr_time,7:03 p.m.,,real_world,missing_values
707,sched_arr_time,11:45 a.m.,,real_world,missing_values
713,sched_arr_time,11:53 a.m.,,real_world,missing_values
715,sched_arr_time,10:40 a.m.,,real_world,missing_values
718,sched_arr_time,5:25 p.m.,,real_world,missing_values
722,sched_arr_time,4:49 p.m.,,real_world,missing_values
730,sched_arr_time,9:40 a.m.,,real_world,missing_values
731,sched_arr_time,10:30 p.m.,,real_world,missing_values
732,sched_arr_time,10:15 p.m.,,real_world,missing_values
733,sched_arr_time,11:55 a.m.,,real_world,missing_values
734,sched_arr_time,9:54 a.m.,,real_world,missing_values
736,sched_arr_time,5:25 p.m.,,real_world,missing_values
737,sched_arr_time,11:19 a.m.,,real_world,missing_values
738,sched_arr_time,6:55 a.m.,12/2/2011 6:55 a.m.,real_world,format_errors
739,sched_arr_time,7:23 a.m.,,real_world,missing_values
740,sched_arr_time,5:35 a.m.,,real_world,missing_values
741,sched_arr_time,2:45 p.m.,,real_world,missing_values
742,sched_arr_time,9:55 a.m.,,real_world,missing_values
743,sched_arr_time,7:55 p.m.,,real_world,missing_values
744,sched_arr_time,12:35 p.m.,,real_world,missing_values
745,sched_arr_time,3:50 p.m.,,real_world,missing_values
746,sched_arr_time,1:17 p.m.,,real_world,missing_values
747,sched_arr_time,9:20 a.m.,,real_world,missing_values
748,sched_arr_time,11:05 a.m.,,real_world,missing_values
749,sched_arr_time,12:10 p.m.,,real_world,missing_values
750,sched_arr_time,8:00 a.m.,,real_world,missing_values
751,sched_arr_time,2:35 p.m.,,real_world,missing_values
752,sched_arr_time,3:19 p.m.,,real_world,missing_values
753,sched_arr_time,2:00 p.m.,,real_world,missing_values
754,sched_arr_time,6:15 p.m.,,real_world,missing_values
755,sched_arr_time,2:25 p.m.,,real_world,missing_values
756,sched_arr_time,2:45 p.m.,,real_world,missing_values
757,sched_arr_time,5:15 p.m.,4:52 p.m.,real_world,typos
758,sched_arr_time,4:00 p.m.,,real_world,missing_values
759,sched_arr_time,10:35 a.m.,,real_world,missing_values
760,sched_arr_time,9:10 p.m.,,real_world,missing_values
761,sched_arr_time,3:15 p.m.,,real_world,missing_values
762,sched_arr_time,12:18 p.m.,,real_world,missing_values
763,sched_arr_time,7:30 a.m.,,real_world,missing_values
764,sched_arr_time,9:35 a.m.,,real_world,missing_values
765,sched_arr_time,8:05 p.m.,,real_world,missing_values
766,sched_arr_time,11:10 a.m.,,real_world,missing_values
767,sched_arr_time,7:35 p.m.,,real_world,missing_values
768,sched_arr_time,9:45 p.m.,,real_world,missing_values
769,sched_arr_time,2:20 p.m.,,real_world,missing_values
770,sched_arr_time,4:31 p.m.,,real_world,missing_values
771,sched_arr_time,4:17 p.m.,,real_world,missing_values
772,sched_arr_time,5:50 a.m.,12/2/2011 5:50 a.m.,real_world,format_errors
773,sched_arr_time,12:15 a.m.,12/2/2011 12:15 a.m.,real_world,format_errors
775,sched_arr_time,10:34 a.m.,,real_world,missing_values
776,sched_arr_time,11:50 a.m.,,real_world,missing_values
777,sched_arr_time,9:24 a.m.,,real_world,missing_values
779,sched_arr_time,5:11 a.m.,,real_world,missing_values
781,sched_arr_time,11:35 a.m.,,real_world,missing_values
782,sched_arr_time,4:05 p.m.,,real_world,missing_values
783,sched_arr_time,11:35 a.m.,,real_world,missing_values
784,sched_arr_time,12:29 a.m.,12/2/2011 12:29 a.m.,real_world,format_errors
785,sched_arr_time,9:43 a.m.,,real_world,missing_values
786,sched_arr_time,2:15 p.m.,,real_world,missing_values
787,sched_arr_time,2:35 p.m.,,real_world,missing_values
788,sched_arr_time,3:30 p.m.,,real_world,missing_values
789,sched_arr_time,12:55 p.m.,,real_world,missing_values
790,sched_arr_time,7:45 a.m.,,real_world,missing_values
791,sched_arr_time,6:40 a.m.,,real_world,missing_values
792,sched_arr_time,10:45 a.m.,,real_world,missing_values
793,sched_arr_time,2:45 p.m.,2:45P 12-01-11,real_world,format_errors
794,sched_arr_time,10:34 a.m.,10:34A 12-01-11,real_world,format_errors
795,sched_arr_time,7:55 p.m.,7:55P 12-01-11,real_world,format_errors
796,sched_arr_time,9:20 a.m.,9:20A 12-01-11,real_world,format_errors
797,sched_arr_time,11:10 a.m.,11:10A 12-01-11,real_world,format_errors
798,sched_arr_time,3:19 p.m.,,real_world,missing_values
799,sched_arr_time,2:35 p.m.,,real_world,missing_values
800,sched_arr_time,11:50 p.m.,,real_world,missing_values
801,sched_arr_time,3:50 p.m.,,real_world,missing_values
802,sched_arr_time,2:59 p.m.,,real_world,missing_values
803,sched_arr_time,7:55 p.m.,,real_world,missing_values
804,sched_arr_time,10:15 p.m.,Thu  22:15,real_world,typos
805,sched_arr_time,5:55 p.m.,Thu  17:55,real_world,typos
806,sched_arr_time,7:25 p.m.,Thu  19:25,real_world,typos
807,sched_arr_time,7:45 a.m.,Thu  7:45,real_world,typos
808,sched_arr_time,6:55 a.m.,Thu  6:55,real_world,typos
809,sched_arr_time,9:45 p.m.,,real_world,missing_values
810,sched_arr_time,10:35 a.m.,Thu  10:35,real_world,typos
811,sched_arr_time,12:18 p.m.,Thu  12:18,real_world,typos
813,sched_arr_time,10:15 p.m.,,real_world,missing_values
816,sched_arr_time,9:54 a.m.,,real_world,missing_values
820,sched_arr_time,2:50 p.m.,,real_world,missing_values
821,sched_arr_time,11:19 a.m.,,real_world,missing_values
822,sched_arr_time,6:55 a.m.,6:55 a.m.  Fri 02-Dec-2011,real_world,typos
823,sched_arr_time,7:23 a.m.,,real_world,missing_values
824,sched_arr_time,5:35 a.m.,,real_world,missing_values
826,sched_arr_time,9:21 a.m.,,real_world,missing_values
827,sched_arr_time,1:16 p.m.,,real_world,missing_values
829,sched_arr_time,10:06 a.m.,,real_world,missing_values
832,sched_arr_time,2:20 p.m.,,real_world,missing_values
833,sched_arr_time,7:03 p.m.,,real_world,missing_values
834,sched_arr_time,11:35 a.m.,,real_world,missing_values
835,sched_arr_time,5:00 p.m.,,real_world,missing_values
837,sched_arr_time,1:17 p.m.,,real_world,missing_values
840,sched_arr_time,10:20 a.m.,,real_world,missing_values
841,sched_arr_time,10:54 a.m.,,real_world,missing_values
844,sched_arr_time,1:39 p.m.,,real_world,missing_values
845,sched_arr_time,3:19 p.m.,,real_world,missing_values
846,sched_arr_time,2:00 p.m.,,real_world,missing_values
849,sched_arr_time,8:22 p.m.,,real_world,missing_values
850,sched_arr_time,8:56 p.m.,,real_world,missing_values
852,sched_arr_time,5:15 p.m.,,real_world,missing_values
853,sched_arr_time,4:00 p.m.,,real_world,missing_values
857,sched_arr_time,12:21 a.m.,12:21 a.m.  Fri 02-Dec-2011,real_world,typos
858,sched_arr_time,7:53 p.m.,,real_world,missing_values
862,sched_arr_time,8:05 p.m.,,real_world,missing_values
864,sched_arr_time,7:35 p.m.,,real_world,missing_values
866,sched_arr_time,6:44 p.m.,,real_world,missing_values
867,sched_arr_time,10:31 a.m.,,real_world,missing_values
868,sched_arr_time,2:59 p.m.,,real_world,missing_values
871,sched_arr_time,4:17 p.m.,,real_world,missing_values
872,sched_arr_time,5:50 a.m.,5:50 a.m.  Fri 02-Dec-2011,real_world,typos
873,sched_arr_time,12:29 a.m.,12:29 a.m.  Fri 02-Dec-2011,real_world,typos
874,sched_arr_time,12:15 a.m.,12:15 a.m.  Fri 02-Dec-2011,real_world,typos
878,sched_arr_time,9:24 a.m.,,real_world,missing_values
880,sched_arr_time,4:48 p.m.,,real_world,missing_values
881,sched_arr_time,9:43 a.m.,,real_world,missing_values
884,sched_arr_time,8:27 a.m.,,real_world,missing_values
885,sched_arr_time,1:40 p.m.,,real_world,missing_values
886,sched_arr_time,9:20 p.m.,,real_world,missing_values
887,sched_arr_time,4:53 p.m.,,real_world,missing_values
888,sched_arr_time,7:03 p.m.,,real_world,missing_values
889,sched_arr_time,11:45 a.m.,,real_world,missing_values
895,sched_arr_time,11:53 a.m.,,real_world,missing_values
897,sched_arr_time,10:40 a.m.,,real_world,missing_values
900,sched_arr_time,5:25 p.m.,,real_world,missing_values
904,sched_arr_time,4:49 p.m.,,real_world,missing_values
915,sched_arr_time,2:00 p.m.,,real_world,missing_values
918,sched_arr_time,9:21 a.m.,,real_world,missing_values
926,sched_arr_time,3:19 p.m.,,real_world,missing_values
927,sched_arr_time,4:49 p.m.,,real_world,missing_values
936,sched_arr_time,7:35 p.m.,,real_world,missing_values
939,sched_arr_time,10:31 a.m.,,real_world,missing_values
948,sched_arr_time,5:11 a.m.,5:11 a.m.Dec 02,real_world,typos
949,sched_arr_time,6:40 p.m.,6:09 p.m.,real_world,typos
951,sched_arr_time,1:40 p.m.,,real_world,missing_values
953,sched_arr_time,11:45 a.m.,,real_world,missing_values
954,sched_arr_time,11:35 a.m.,,real_world,missing_values
961,sched_arr_time,1:39 p.m.,,real_world,missing_values
965,sched_arr_time,10:54 a.m.,,real_world,missing_values
970,sched_arr_time,9:40 a.m.,9:30 a.m.,real_world,typos
971,sched_arr_time,7:30 a.m.,6:50 a.m.,real_world,typos
972,sched_arr_time,9:35 a.m.,9:00 a.m.,real_world,typos
973,sched_arr_time,7:25 p.m.,7:08 p.m.,real_world,typos
974,sched_arr_time,11:10 a.m.,10:43 a.m.,real_world,typos
975,sched_arr_time,4:57 p.m.,4:37 p.m.,real_world,typos
976,sched_arr_time,9:54 a.m.,9:34 a.m.,real_world,typos
977,sched_arr_time,4:31 p.m.,4:20 p.m.,real_world,typos
978,sched_arr_time,2:35 p.m.,2:17 p.m.,real_world,typos
979,sched_arr_time,11:50 p.m.,11:31 p.m.,real_world,typos
980,sched_arr_time,12:21 a.m.,11:52 p.m.,real_world,typos
981,sched_arr_time,8:22 p.m.,8:04 p.m.,real_world,typos
982,sched_arr_time,6:40 p.m.,6:30 p.m.,real_world,typos
983,sched_arr_time,8:56 p.m.,8:46 p.m.,real_world,typos
984,sched_arr_time,10:35 a.m.,10:18 a.m.,real_world,typos
985,sched_arr_time,4:00 p.m.,3:50 p.m.,real_world,typos
986,sched_arr_time,6:40 a.m.,6:30 a.m.,real_world,typos
987,sched_arr_time,10:45 a.m.,10:09 a.m.,real_world,typos
988,sched_arr_time,9:10 p.m.,9:00 p.m.,real_world,typos
989,sched_arr_time,6:30 p.m.,5:57 p.m.,real_world,typos
992,sched_arr_time,11:55 a.m.,Not Available,real_world,typos
993,sched_arr_time,9:54 a.m.,Not Available,real_world,typos
999,sched_arr_time,6:55 a.m.,Dec 02 6:55 a.m.,real_world,typos
1000,sched_arr_time,7:23 a.m.,Not Available,real_world,typos
1004,sched_arr_time,10:06 a.m.,Not Available,real_world,typos
1026,sched_arr_time,12:21 a.m.,Dec 02 12:21 a.m.,real_world,typos
1027,sched_arr_time,7:53 p.m.,Not Available,real_world,typos
1035,sched_arr_time,4:31 p.m.,Not Available,real_world,typos
1036,sched_arr_time,5:50 a.m.,Dec 02 5:50 a.m.,real_world,typos
1038,sched_arr_time,12:15 a.m.,Dec 02 12:15 a.m.,real_world,typos
1042,sched_arr_time,6:15 p.m.,Not Available,real_world,typos
1043,sched_arr_time,9:24 a.m.,Not Available,real_world,typos
1046,sched_arr_time,9:43 a.m.,Not Available,real_world,typos
1047,sched_arr_time,8:27 a.m.,Not Available,real_world,typos
1059,sched_arr_time,1:39 p.m.,Not Available,real_world,typos
1072,sched_arr_time,10:15 p.m.,,real_world,missing_values
1075,sched_arr_time,9:54 a.m.,,real_world,missing_values
1079,sched_arr_time,2:50 p.m.,,real_world,missing_values
1080,sched_arr_time,11:19 a.m.,,real_world,missing_values
1081,sched_arr_time,6:55 a.m.,6:55 a.m. Dec 02,real_world,typos
1082,sched_arr_time,7:23 a.m.,,real_world,missing_values
1083,sched_arr_time,5:35 a.m.,,real_world,missing_values
1085,sched_arr_time,9:21 a.m.,,real_world,missing_values
1086,sched_arr_time,1:16 p.m.,,real_world,missing_values
1088,sched_arr_time,10:06 a.m.,,real_world,missing_values
1091,sched_arr_time,2:20 p.m.,,real_world,missing_values
1092,sched_arr_time,7:03 p.m.,,real_world,missing_values
1093,sched_arr_time,11:35 a.m.,,real_world,missing_values
1094,sched_arr_time,5:00 p.m.,,real_world,missing_values
1096,sched_arr_time,1:17 p.m.,,real_world,missing_values
1099,sched_arr_time,10:20 a.m.,,real_world,missing_values
1100,sched_arr_time,10:54 a.m.,,real_world,missing_values
1103,sched_arr_time,1:39 p.m.,,real_world,missing_values
1104,sched_arr_time,3:19 p.m.,,real_world,missing_values
1105,sched_arr_time,2:00 p.m.,,real_world,missing_values
1108,sched_arr_time,8:22 p.m.,,real_world,missing_values
1109,sched_arr_time,8:56 p.m.,,real_world,missing_values
1111,sched_arr_time,5:15 p.m.,,real_world,missing_values
1112,sched_arr_time,4:00 p.m.,,real_world,missing_values
1116,sched_arr_time,12:21 a.m.,12:21 a.m. Dec 02,real_world,typos
1117,sched_arr_time,7:53 p.m.,,real_world,missing_values
1121,sched_arr_time,8:05 p.m.,,real_world,missing_values
1123,sched_arr_time,7:35 p.m.,,real_world,missing_values
1125,sched_arr_time,6:44 p.m.,,real_world,missing_values
1126,sched_arr_time,10:31 a.m.,,real_world,missing_values
1130,sched_arr_time,4:17 p.m.,,real_world,missing_values
1131,sched_arr_time,5:50 a.m.,5:50 a.m. Dec 02,real_world,typos
1132,sched_arr_time,12:29 a.m.,12:29 a.m. Dec 02,real_world,typos
1133,sched_arr_time,12:15 a.m.,12:15 a.m. Dec 02,real_world,typos
1137,sched_arr_time,9:24 a.m.,,real_world,missing_values
1139,sched_arr_time,4:48 p.m.,,real_world,missing_values
1140,sched_arr_time,9:43 a.m.,,real_world,missing_values
1141,sched_arr_time,5:11 a.m.,5:11 a.m.Dec 02,real_world,typos
1143,sched_arr_time,8:27 a.m.,,real_world,missing_values
1144,sched_arr_time,1:40 p.m.,,real_world,missing_values
1145,sched_arr_time,9:20 p.m.,,real_world,missing_values
1146,sched_arr_time,4:53 p.m.,,real_world,missing_values
1147,sched_arr_time,7:03 p.m.,,real_world,missing_values
1148,sched_arr_time,11:45 a.m.,,real_world,missing_values
1154,sched_arr_time,11:53 a.m.,,real_world,missing_values
1156,sched_arr_time,10:40 a.m.,,real_world,missing_values
1159,sched_arr_time,5:25 p.m.,,real_world,missing_values
1163,sched_arr_time,4:49 p.m.,,real_world,missing_values
1173,sched_arr_time,10:15 p.m.,,real_world,missing_values
1176,sched_arr_time,7:23 a.m.,,real_world,missing_values
1177,sched_arr_time,10:06 a.m.,,real_world,missing_values
1180,sched_arr_time,8:22 p.m.,,real_world,missing_values
1187,sched_arr_time,3:19 p.m.,,real_world,missing_values
1190,sched_arr_time,5:15 p.m.,4:52 p.m.,real_world,typos
1193,sched_arr_time,12:21 a.m.,12:21 a.m. Dec 02,real_world,typos
1194,sched_arr_time,7:53 p.m.,,real_world,missing_values
1203,sched_arr_time,4:48 p.m.,,real_world,missing_values
1204,sched_arr_time,9:43 a.m.,,real_world,missing_values
1206,sched_arr_time,6:40 p.m.,6:09 p.m.,real_world,typos
1207,sched_arr_time,1:40 p.m.,,real_world,missing_values
1208,sched_arr_time,4:53 p.m.,,real_world,missing_values
1209,sched_arr_time,11:45 a.m.,,real_world,missing_values
1212,sched_arr_time,12:29 a.m.,12:29 a.m. Dec 02,real_world,typos
1224,sched_arr_time,9:40 a.m.,,real_world,missing_values
1226,sched_arr_time,9:25 a.m.,,real_world,missing_values
1227,sched_arr_time,11:55 a.m.,,real_world,missing_values
1228,sched_arr_time,9:54 a.m.,,real_world,missing_values
1229,sched_arr_time,10:30 p.m.,,real_world,missing_values
1230,sched_arr_time,5:05 p.m.,,real_world,missing_values
1232,sched_arr_time,5:25 p.m.,,real_world,missing_values
1233,sched_arr_time,11:19 a.m.,,real_world,missing_values
1234,sched_arr_time,6:55 a.m.,,real_world,missing_values
1235,sched_arr_time,7:23 a.m.,,real_world,missing_values
1237,sched_arr_time,6:46 p.m.,,real_world,missing_values
1240,sched_arr_time,12:35 p.m.,,real_world,missing_values
1241,sched_arr_time,10:06 a.m.,,real_world,missing_values
1242,sched_arr_time,9:55 a.m.,,real_world,missing_values
1243,sched_arr_time,7:55 p.m.,,real_world,missing_values
1244,sched_arr_time,2:20 p.m.,,real_world,missing_values
1247,sched_arr_time,5:00 p.m.,,real_world,missing_values
1248,sched_arr_time,3:50 p.m.,,real_world,missing_values
1250,sched_arr_time,9:20 a.m.,,real_world,missing_values
1251,sched_arr_time,4:57 p.m.,,real_world,missing_values
1254,sched_arr_time,12:10 p.m.,,real_world,missing_values
1255,sched_arr_time,2:35 p.m.,,real_world,missing_values
1256,sched_arr_time,1:39 p.m.,,real_world,missing_values
1257,sched_arr_time,3:19 p.m.,,real_world,missing_values
1258,sched_arr_time,2:00 p.m.,,real_world,missing_values
1259,sched_arr_time,6:15 p.m.,,real_world,missing_values
1260,sched_arr_time,1:45 p.m.,,real_world,missing_values
1263,sched_arr_time,2:45 p.m.,,real_world,missing_values
1264,sched_arr_time,5:15 p.m.,,real_world,missing_values
1266,sched_arr_time,10:35 a.m.,,real_world,missing_values
1267,sched_arr_time,7:25 p.m.,,real_world,missing_values
1268,sched_arr_time,9:10 p.m.,,real_world,missing_values
1269,sched_arr_time,3:15 p.m.,,real_world,missing_values
1270,sched_arr_time,12:21 a.m.,12/2/11 12:21 a.m.,real_world,format_errors
1271,sched_arr_time,7:53 p.m.,,real_world,missing_values
1273,sched_arr_time,7:30 a.m.,,real_world,missing_values
1274,sched_arr_time,9:35 a.m.,,real_world,missing_values
1275,sched_arr_time,8:05 p.m.,,real_world,missing_values
1276,sched_arr_time,11:10 a.m.,,real_world,missing_values
1277,sched_arr_time,6:23 p.m.,,real_world,missing_values
1278,sched_arr_time,7:35 p.m.,,real_world,missing_values
1279,sched_arr_time,9:45 p.m.,,real_world,missing_values
1281,sched_arr_time,10:31 a.m.,,real_world,missing_values
1282,sched_arr_time,2:59 p.m.,,real_world,missing_values
1283,sched_arr_time,4:31 p.m.,,real_world,missing_values
1284,sched_arr_time,2:45 p.m.,,real_world,missing_values
1286,sched_arr_time,5:50 a.m.,,real_world,missing_values
1287,sched_arr_time,12:29 a.m.,,real_world,missing_values
1288,sched_arr_time,12:15 a.m.,,real_world,missing_values
1289,sched_arr_time,11:50 p.m.,,real_world,missing_values
1290,sched_arr_time,10:34 a.m.,,real_world,missing_values
1291,sched_arr_time,11:50 a.m.,,real_world,missing_values
1292,sched_arr_time,9:24 a.m.,,real_world,missing_values
1293,sched_arr_time,3:50 p.m.,,real_world,missing_values
1295,sched_arr_time,9:43 a.m.,,real_world,missing_values
1296,sched_arr_time,5:11 a.m.,12/2/11 5:11 a.m.,real_world,format_errors
1297,sched_arr_time,6:40 p.m.,,real_world,missing_values
1298,sched_arr_time,8:27 a.m.,,real_world,missing_values
1299,sched_arr_time,1:40 p.m.,,real_world,missing_values
1300,sched_arr_time,9:20 p.m.,,real_world,missing_values
1301,sched_arr_time,4:53 p.m.,,real_world,missing_values
1304,sched_arr_time,4:05 p.m.,,real_world,missing_values
1305,sched_arr_time,5:55 p.m.,,real_world,missing_values
1306,sched_arr_time,11:35 a.m.,,real_world,missing_values
1307,sched_arr_time,2:15 p.m.,,real_world,missing_values
1308,sched_arr_time,11:05 a.m.,,real_world,missing_values
1310,sched_arr_time,2:35 p.m.,,real_world,missing_values
1311,sched_arr_time,10:40 a.m.,,real_world,missing_values
1312,sched_arr_time,6:30 p.m.,,real_world,missing_values
1313,sched_arr_time,8:00 a.m.,,real_world,missing_values
1314,sched_arr_time,6:40 p.m.,,real_world,missing_values
1315,sched_arr_time,2:25 p.m.,,real_world,missing_values
1317,sched_arr_time,6:17 p.m.,,real_world,missing_values
1318,sched_arr_time,12:55 p.m.,,real_world,missing_values
1319,sched_arr_time,7:45 a.m.,,real_world,missing_values
1321,sched_arr_time,6:40 a.m.,,real_world,missing_values
1322,sched_arr_time,10:45 a.m.,,real_world,missing_values
1323,sched_arr_time,3:30 p.m.,,real_world,missing_values
1324,sched_arr_time,9:40 a.m.,9:40aDec 1,real_world,typos
1326,sched_arr_time,9:25 a.m.,9:25aDec 1,real_world,typos
1327,sched_arr_time,11:55 a.m.,11:55aDec 1,real_world,typos
1328,sched_arr_time,9:54 a.m.,9:54aDec 1,real_world,typos
1333,sched_arr_time,11:19 a.m.,11:19aDec 1,real_world,typos
1334,sched_arr_time,6:55 a.m.,6:55aDec 2,real_world,typos
1335,sched_arr_time,7:23 a.m.,7:23aDec 1,real_world,typos
1336,sched_arr_time,5:35 a.m.,5:35aDec 1,real_world,typos
1338,sched_arr_time,9:21 a.m.,9:21aDec 2,real_world,typos
1341,sched_arr_time,10:06 a.m.,10:06aDec 1,real_world,typos
1342,sched_arr_time,9:55 a.m.,9:55aDec 1,real_world,typos
1346,sched_arr_time,11:35 a.m.,11:35aDec 1,real_world,typos
1350,sched_arr_time,9:20 a.m.,9:20aDec 1,real_world,typos
1352,sched_arr_time,10:20 a.m.,10:20aDec 1,real_world,typos
1353,sched_arr_time,10:54 a.m.,10:54aDec 1,real_world,typos
1357,sched_arr_time,3:19 p.m.,3:03 p.m.,real_world,typos
1362,sched_arr_time,8:56 p.m.,10:48 p.m.,real_world,typos
1366,sched_arr_time,10:35 a.m.,10:35aDec 1,real_world,typos
1369,sched_arr_time,12:21 a.m.,12:21aDec 2,real_world,typos
1372,sched_arr_time,7:30 a.m.,7:30aDec 1,real_world,typos
1373,sched_arr_time,9:35 a.m.,9:35aDec 1,real_world,typos
1379,sched_arr_time,10:31 a.m.,10:31aDec 1,real_world,typos
1384,sched_arr_time,5:50 a.m.,5:50aDec 2,real_world,typos
1385,sched_arr_time,12:29 a.m.,12:29aDec 2,real_world,typos
1386,sched_arr_time,12:15 a.m.,12:15aDec 2,real_world,typos
1388,sched_arr_time,10:34 a.m.,10:34aDec 1,real_world,typos
1389,sched_arr_time,11:50 a.m.,11:50aDec 1,real_world,typos
1392,sched_arr_time,9:43 a.m.,9:43aDec 1,real_world,typos
1393,sched_arr_time,5:11 a.m.,5:11aDec 2,real_world,typos
1395,sched_arr_time,8:27 a.m.,8:27aDec 1,real_world,typos
1397,sched_arr_time,9:20 p.m.,9:18 p.m.,real_world,typos
1400,sched_arr_time,11:45 a.m.,12:05 p.m.,real_world,typos
1403,sched_arr_time,11:35 a.m.,11:35aDec 1,real_world,typos
1405,sched_arr_time,11:05 a.m.,11:05aDec 1,real_world,typos
1406,sched_arr_time,11:53 a.m.,11:53aDec 1,real_world,typos
1408,sched_arr_time,10:40 a.m.,10:40aDec 1,real_world,typos
1410,sched_arr_time,8:00 a.m.,8:00aDec 1,real_world,typos
1414,sched_arr_time,11:10 a.m.,11:10aDec 1,real_world,typos
1418,sched_arr_time,7:45 a.m.,7:45aDec 1,real_world,typos
1420,sched_arr_time,6:40 a.m.,6:40aDec 1,real_world,typos
1421,sched_arr_time,10:45 a.m.,10:45aDec 1,real_world,typos
1425,sched_arr_time,4:05 p.m.,,real_world,missing_values
1488,sched_arr_time,9:40 a.m.,,real_world,missing_values
1490,sched_arr_time,9:25 a.m.,,real_world,missing_values
1491,sched_arr_time,11:55 a.m.,,real_world,missing_values
1492,sched_arr_time,9:54 a.m.,,real_world,missing_values
1493,sched_arr_time,10:30 p.m.,,real_world,missing_values
1494,sched_arr_time,5:05 p.m.,,real_world,missing_values
1496,sched_arr_time,5:25 p.m.,,real_world,missing_values
1497,sched_arr_time,11:19 a.m.,,real_world,missing_values
1498,sched_arr_time,6:55 a.m.,,real_world,missing_values
1499,sched_arr_time,7:23 a.m.,,real_world,missing_values
1501,sched_arr_time,6:46 p.m.,,real_world,missing_values
1504,sched_arr_time,12:35 p.m.,,real_world,missing_values
1505,sched_arr_time,10:06 a.m.,,real_world,missing_values
1506,sched_arr_time,9:55 a.m.,,real_world,missing_values
1507,sched_arr_time,7:55 p.m.,,real_world,missing_values
1508,sched_arr_time,2:20 p.m.,,real_world,missing_values
1511,sched_arr_time,5:00 p.m.,,real_world,missing_values
1512,sched_arr_time,3:50 p.m.,,real_world,missing_values
1514,sched_arr_time,9:20 a.m.,,real_world,missing_values
1515,sched_arr_time,4:57 p.m.,,real_world,missing_values
1518,sched_arr_time,12:10 p.m.,,real_world,missing_values
1519,sched_arr_time,2:35 p.m.,,real_world,missing_values
1520,sched_arr_time,1:39 p.m.,,real_world,missing_values
1521,sched_arr_time,3:19 p.m.,,real_world,missing_values
1522,sched_arr_time,2:00 p.m.,,real_world,missing_values
1523,sched_arr_time,6:15 p.m.,,real_world,missing_values
1524,sched_arr_time,1:45 p.m.,,real_world,missing_values
1527,sched_arr_time,2:45 p.m.,,real_world,missing_values
1528,sched_arr_time,5:15 p.m.,,real_world,missing_values
1530,sched_arr_time,10:35 a.m.,,real_world,missing_values
1531,sched_arr_time,7:25 p.m.,,real_world,missing_values
1532,sched_arr_time,9:10 p.m.,,real_world,missing_values
1533,sched_arr_time,3:15 p.m.,,real_world,missing_values
1534,sched_arr_time,12:21 a.m.,12/2/11 12:21 a.m.,real_world,format_errors
1535,sched_arr_time,7:53 p.m.,,real_world,missing_values
1537,sched_arr_time,7:30 a.m.,,real_world,missing_values
1538,sched_arr_time,9:35 a.m.,,real_world,missing_values
1539,sched_arr_time,8:05 p.m.,,real_world,missing_values
1540,sched_arr_time,11:10 a.m.,,real_world,missing_values
1541,sched_arr_time,6:23 p.m.,,real_world,missing_values
1542,sched_arr_time,7:35 p.m.,,real_world,missing_values
1543,sched_arr_time,9:45 p.m.,,real_world,missing_values
1545,sched_arr_time,10:31 a.m.,,real_world,missing_values
1546,sched_arr_time,2:59 p.m.,,real_world,missing_values
1547,sched_arr_time,4:31 p.m.,,real_world,missing_values
1548,sched_arr_time,2:45 p.m.,,real_world,missing_values
1550,sched_arr_time,5:50 a.m.,,real_world,missing_values
1551,sched_arr_time,12:29 a.m.,,real_world,missing_values
1552,sched_arr_time,12:15 a.m.,,real_world,missing_values
1553,sched_arr_time,11:50 p.m.,,real_world,missing_values
1554,sched_arr_time,10:34 a.m.,,real_world,missing_values
1555,sched_arr_time,11:50 a.m.,,real_world,missing_values
1556,sched_arr_time,9:24 a.m.,,real_world,missing_values
1557,sched_arr_time,3:50 p.m.,,real_world,missing_values
1559,sched_arr_time,9:43 a.m.,,real_world,missing_values
1560,sched_arr_time,5:11 a.m.,12/2/11 5:11 a.m.,real_world,format_errors
1561,sched_arr_time,6:40 p.m.,,real_world,missing_values
1562,sched_arr_time,8:27 a.m.,,real_world,missing_values
1563,sched_arr_time,1:40 p.m.,,real_world,missing_values
1564,sched_arr_time,9:20 p.m.,,real_world,missing_values
1565,sched_arr_time,4:53 p.m.,,real_world,missing_values
1568,sched_arr_time,4:05 p.m.,,real_world,missing_values
1569,sched_arr_time,5:55 p.m.,,real_world,missing_values
1570,sched_arr_time,11:35 a.m.,,real_world,missing_values
1571,sched_arr_time,2:15 p.m.,,real_world,missing_values
1572,sched_arr_time,11:05 a.m.,,real_world,missing_values
1574,sched_arr_time,2:35 p.m.,,real_world,missing_values
1575,sched_arr_time,10:40 a.m.,,real_world,missing_values
1576,sched_arr_time,6:30 p.m.,,real_world,missing_values
1577,sched_arr_time,8:00 a.m.,,real_world,missing_values
1578,sched_arr_time,6:40 p.m.,,real_world,missing_values
1579,sched_arr_time,2:25 p.m.,,real_world,missing_values
1581,sched_arr_time,6:17 p.m.,,real_world,missing_values
1582,sched_arr_time,12:55 p.m.,,real_world,missing_values
1583,sched_arr_time,7:45 a.m.,,real_world,missing_values
1585,sched_arr_time,6:40 a.m.,,real_world,missing_values
1586,sched_arr_time,10:45 a.m.,,real_world,missing_values
1587,sched_arr_time,3:30 p.m.,,real_world,missing_values
1590,sched_arr_time,9:54 a.m.,9:54aDec 1,real_world,typos
1593,sched_arr_time,11:19 a.m.,11:19aDec 1,real_world,typos
1594,sched_arr_time,6:55 a.m.,6:55aDec 2,real_world,typos
1595,sched_arr_time,5:35 a.m.,5:35aDec 1,real_world,typos
1598,sched_arr_time,9:55 a.m.,9:55aDec 1,real_world,typos
1601,sched_arr_time,9:20 a.m.,9:20aDec 1,real_world,typos
1604,sched_arr_time,8:00 a.m.,8:00aDec 1,real_world,typos
1605,sched_arr_time,3:19 p.m.,3:03 p.m.,real_world,typos
1609,sched_arr_time,8:56 p.m.,10:48 p.m.,real_world,typos
1611,sched_arr_time,7:30 a.m.,7:30aDec 1,real_world,typos
1612,sched_arr_time,9:35 a.m.,9:35aDec 1,real_world,typos
1614,sched_arr_time,11:10 a.m.,11:10aDec 1,real_world,typos
1616,sched_arr_time,10:31 a.m.,10:31aDec 1,real_world,typos
1618,sched_arr_time,12:29 a.m.,12:29aDec 2,real_world,typos
1619,sched_arr_time,12:15 a.m.,Dec 02 12:15 a.m.,real_world,typos
1621,sched_arr_time,10:34 a.m.,10:34aDec 1,real_world,typos
1622,sched_arr_time,11:50 a.m.,11:50aDec 1,real_world,typos
1623,sched_arr_time,6:15 p.m.,Not Available,real_world,typos
1626,sched_arr_time,5:11 a.m.,5:11aDec 2,real_world,typos
1627,sched_arr_time,9:20 p.m.,9:18 p.m.,real_world,typos
1629,sched_arr_time,9:43 a.m.,Not Available,real_world,typos
1631,sched_arr_time,11:53 a.m.,11:53aDec 1,real_world,typos
1632,sched_arr_time,10:45 a.m.,10:45aDec 1,real_world,typos
1633,sched_arr_time,10:40 a.m.,10:40aDec 1,real_world,typos
1637,sched_arr_time,7:45 a.m.,7:45aDec 1,real_world,typos
1643,sched_arr_time,9:45 p.m.,11/30 9:45 p.m.,real_world,typos
1644,sched_arr_time,7:35 p.m.,11/30 7:35 p.m.,real_world,typos
1646,sched_arr_time,9:10 p.m.,11/30 9:10 p.m.,real_world,typos
1650,sched_arr_time,6:40 p.m.,11/30 6:40 p.m.,real_world,typos
1652,sched_arr_time,5:25 p.m.,11/30 5:25 p.m.,real_world,typos
1654,sched_arr_time,10:30 p.m.,11/30 10:30 p.m.,real_world,typos
1658,sched_arr_time,5:15 p.m.,11/30 5:15 p.m.,real_world,typos
1661,sched_arr_time,7:53 p.m.,11/30 7:53 p.m.,real_world,typos
1662,sched_arr_time,9:40 a.m.,9:30 a.m.,real_world,typos
1663,sched_arr_time,9:25 a.m.,8:54 a.m.,real_world,typos
1664,sched_arr_time,10:15 p.m.,9:40 p.m.,real_world,typos
1665,sched_arr_time,9:54 a.m.,9:34 a.m.,real_world,typos
1666,sched_arr_time,10:30 p.m.,10:15 p.m.,real_world,typos
1667,sched_arr_time,6:55 a.m.,6:30 a.m.,real_world,typos
1668,sched_arr_time,6:46 p.m.,6:34 p.m.,real_world,typos
1669,sched_arr_time,9:21 a.m.,9:11 a.m.,real_world,typos
1670,sched_arr_time,9:55 a.m.,9:45 a.m.,real_world,typos
1671,sched_arr_time,7:55 p.m.,7:26 p.m.,real_world,typos
1672,sched_arr_time,12:35 p.m.,12:12 p.m.,real_world,typos
1673,sched_arr_time,3:50 p.m.,3:33 p.m.,real_world,typos
1674,sched_arr_time,1:17 p.m.,12:51 p.m.,real_world,typos
1675,sched_arr_time,9:20 a.m.,8:51 a.m.,real_world,typos
1676,sched_arr_time,4:57 p.m.,4:37 p.m.,real_world,typos
1677,sched_arr_time,11:05 a.m.,10:55 a.m.,real_world,typos
1678,sched_arr_time,12:10 p.m.,11:43 a.m.,real_world,typos
1679,sched_arr_time,8:00 a.m.,7:50 a.m.,real_world,typos
1680,sched_arr_time,2:35 p.m.,2:14 p.m.,real_world,typos
1681,sched_arr_time,7:45 a.m.,7:25 a.m.,real_world,typos
1682,sched_arr_time,2:45 p.m.,2:35 p.m.,real_world,typos
1683,sched_arr_time,3:19 p.m.,2:48 p.m.,real_world,typos
1684,sched_arr_time,6:15 p.m.,5:40 p.m.,real_world,typos
1685,sched_arr_time,1:45 p.m.,1:35 p.m.,real_world,typos
1686,sched_arr_time,8:22 p.m.,8:04 p.m.,real_world,typos
1687,sched_arr_time,11:10 a.m.,10:43 a.m.,real_world,typos
1688,sched_arr_time,8:56 p.m.,8:46 p.m.,real_world,typos
1689,sched_arr_time,2:25 p.m.,1:57 p.m.,real_world,typos
1690,sched_arr_time,2:45 p.m.,2:10 p.m.,real_world,typos
1691,sched_arr_time,4:00 p.m.,3:50 p.m.,real_world,typos
1692,sched_arr_time,10:35 a.m.,10:18 a.m.,real_world,typos
1693,sched_arr_time,7:25 p.m.,7:08 p.m.,real_world,typos
1694,sched_arr_time,9:10 p.m.,9:00 p.m.,real_world,typos
1695,sched_arr_time,3:15 p.m.,2:47 p.m.,real_world,typos
1696,sched_arr_time,12:21 a.m.,11:52 p.m.,real_world,typos
1697,sched_arr_time,12:18 p.m.,12:08 p.m.,real_world,typos
1698,sched_arr_time,7:30 a.m.,6:50 a.m.,real_world,typos
1699,sched_arr_time,9:35 a.m.,9:00 a.m.,real_world,typos
1700,sched_arr_time,8:05 p.m.,7:38 p.m.,real_world,typos
1701,sched_arr_time,6:23 p.m.,6:00 p.m.,real_world,typos
1702,sched_arr_time,9:45 p.m.,9:25 p.m.,real_world,typos
1703,sched_arr_time,2:59 p.m.,2:35 p.m.,real_world,typos
1704,sched_arr_time,4:31 p.m.,4:20 p.m.,real_world,typos
1705,sched_arr_time,4:17 p.m.,3:55 p.m.,real_world,typos
1706,sched_arr_time,12:29 a.m.,12:09 a.m.,real_world,typos
1707,sched_arr_time,12:15 a.m.,12:05 a.m.,real_world,typos
1708,sched_arr_time,11:50 p.m.,11:31 p.m.,real_world,typos
1709,sched_arr_time,10:34 a.m.,9:25 a.m.,real_world,typos
1710,sched_arr_time,11:50 a.m.,11:22 a.m.,real_world,typos
1711,sched_arr_time,3:50 p.m.,3:30 p.m.,real_world,typos
1712,sched_arr_time,5:11 a.m.,5:08 a.m.,real_world,typos
1713,sched_arr_time,6:40 p.m.,6:15 p.m.,real_world,typos
1714,sched_arr_time,9:20 p.m.,9:10 p.m.,real_world,typos
1715,sched_arr_time,4:05 p.m.,3:55 p.m.,real_world,typos
1716,sched_arr_time,5:55 p.m.,5:17 p.m.,real_world,typos
1717,sched_arr_time,11:35 a.m.,10:57 a.m.,real_world,typos
1718,sched_arr_time,2:15 p.m.,2:05 p.m.,real_world,typos
1719,sched_arr_time,2:35 p.m.,2:17 p.m.,real_world,typos
1720,sched_arr_time,6:30 p.m.,5:57 p.m.,real_world,typos
1721,sched_arr_time,6:40 p.m.,6:30 p.m.,real_world,typos
1722,sched_arr_time,3:30 p.m.,2:52 p.m.,real_world,typos
1723,sched_arr_time,6:17 p.m.,6:07 p.m.,real_world,typos
1724,sched_arr_time,12:55 p.m.,12:45 p.m.,real_world,typos
1725,sched_arr_time,7:05 p.m.,6:31 p.m.,real_world,typos
1726,sched_arr_time,6:40 a.m.,6:30 a.m.,real_world,typos
1727,sched_arr_time,10:45 a.m.,10:09 a.m.,real_world,typos
1745,sched_arr_time,12:29 a.m.,Fri Dec 2 12:29 a.m.,real_world,typos
1748,sched_arr_time,5:11 a.m.,Fri Dec 2 5:11 a.m.,real_world,typos
1760,sched_arr_time,10:15 p.m.,,real_world,missing_values
1763,sched_arr_time,9:54 a.m.,,real_world,missing_values
1767,sched_arr_time,2:50 p.m.,,real_world,missing_values
1768,sched_arr_time,11:19 a.m.,,real_world,missing_values
1769,sched_arr_time,6:55 a.m.,6:55 a.m.  Fri 02-Dec-2011,real_world,typos
1770,sched_arr_time,7:23 a.m.,,real_world,missing_values
1771,sched_arr_time,5:35 a.m.,,real_world,missing_values
1773,sched_arr_time,9:21 a.m.,,real_world,missing_values
1774,sched_arr_time,1:16 p.m.,,real_world,missing_values
1776,sched_arr_time,10:06 a.m.,,real_world,missing_values
1779,sched_arr_time,2:20 p.m.,,real_world,missing_values
1780,sched_arr_time,7:03 p.m.,,real_world,missing_values
1781,sched_arr_time,11:35 a.m.,,real_world,missing_values
1782,sched_arr_time,5:00 p.m.,,real_world,missing_values
1784,sched_arr_time,1:17 p.m.,,real_world,missing_values
1787,sched_arr_time,10:20 a.m.,,real_world,missing_values
1788,sched_arr_time,10:54 a.m.,,real_world,missing_values
1791,sched_arr_time,1:39 p.m.,,real_world,missing_values
1792,sched_arr_time,3:19 p.m.,,real_world,missing_values
1793,sched_arr_time,2:00 p.m.,,real_world,missing_values
1796,sched_arr_time,8:22 p.m.,,real_world,missing_values
1797,sched_arr_time,8:56 p.m.,,real_world,missing_values
1799,sched_arr_time,5:15 p.m.,,real_world,missing_values
1800,sched_arr_time,4:00 p.m.,,real_world,missing_values
1804,sched_arr_time,12:21 a.m.,12:21 a.m.  Fri 02-Dec-2011,real_world,typos
1805,sched_arr_time,7:53 p.m.,,real_world,missing_values
1809,sched_arr_time,8:05 p.m.,,real_world,missing_values
1811,sched_arr_time,7:35 p.m.,,real_world,missing_values
1813,sched_arr_time,6:44 p.m.,,real_world,missing_values
1814,sched_arr_time,10:31 a.m.,,real_world,missing_values
1815,sched_arr_time,2:59 p.m.,,real_world,missing_values
1818,sched_arr_time,4:17 p.m.,,real_world,missing_values
1819,sched_arr_time,5:50 a.m.,5:50 a.m.  Fri 02-Dec-2011,real_world,typos
1820,sched_arr_time,12:29 a.m.,12:29 a.m.  Fri 02-Dec-2011,real_world,typos
1821,sched_arr_time,12:15 a.m.,12:15 a.m.  Fri 02-Dec-2011,real_world,typos
1825,sched_arr_time,9:24 a.m.,,real_world,missing_values
1827,sched_arr_time,4:48 p.m.,,real_world,missing_values
1828,sched_arr_time,9:43 a.m.,,real_world,missing_values
1831,sched_arr_time,8:27 a.m.,,real_world,missing_values
1832,sched_arr_time,1:40 p.m.,,real_world,missing_values
1833,sched_arr_time,9:20 p.m.,,real_world,missing_values
1834,sched_arr_time,4:53 p.m.,,real_world,missing_values
1835,sched_arr_time,7:03 p.m.,,real_world,missing_values
1836,sched_arr_time,11:45 a.m.,,real_world,missing_values
1842,sched_arr_time,11:53 a.m.,,real_world,missing_values
1844,sched_arr_time,10:40 a.m.,,real_world,missing_values
1847,sched_arr_time,5:25 p.m.,,real_world,missing_values
1851,sched_arr_time,4:49 p.m.,,real_world,missing_values
1952,sched_arr_time,10:15 p.m.,,real_world,missing_values
1955,sched_arr_time,9:54 a.m.,,real_world,missing_values
1959,sched_arr_time,2:50 p.m.,,real_world,missing_values
1960,sched_arr_time,11:19 a.m.,,real_world,missing_values
1961,sched_arr_time,6:55 a.m.,6:55 a.m. Dec 02,real_world,typos
1962,sched_arr_time,7:23 a.m.,,real_world,missing_values
1963,sched_arr_time,5:35 a.m.,,real_world,missing_values
1965,sched_arr_time,9:21 a.m.,,real_world,missing_values
1966,sched_arr_time,1:16 p.m.,,real_world,missing_values
1968,sched_arr_time,10:06 a.m.,,real_world,missing_values
1971,sched_arr_time,2:20 p.m.,,real_world,missing_values
1972,sched_arr_time,7:03 p.m.,,real_world,missing_values
1973,sched_arr_time,11:35 a.m.,,real_world,missing_values
1974,sched_arr_time,5:00 p.m.,,real_world,missing_values
1976,sched_arr_time,1:17 p.m.,,real_world,missing_values
1979,sched_arr_time,10:20 a.m.,,real_world,missing_values
1980,sched_arr_time,10:54 a.m.,,real_world,missing_values
1983,sched_arr_time,1:39 p.m.,,real_world,missing_values
1984,sched_arr_time,3:19 p.m.,,real_world,missing_values
1985,sched_arr_time,2:00 p.m.,,real_world,missing_values
1988,sched_arr_time,8:22 p.m.,,real_world,missing_values
1989,sched_arr_time,8:56 p.m.,,real_world,missing_values
1991,sched_arr_time,5:15 p.m.,,real_world,missing_values
1992,sched_arr_time,4:00 p.m.,,real_world,missing_values
1996,sched_arr_time,12:21 a.m.,12:21 a.m. Dec 02,real_world,typos
1997,sched_arr_time,7:53 p.m.,,real_world,missing_values
2001,sched_arr_time,8:05 p.m.,,real_world,missing_values
2003,sched_arr_time,7:35 p.m.,,real_world,missing_values
2005,sched_arr_time,6:44 p.m.,,real_world,missing_values
2006,sched_arr_time,10:31 a.m.,,real_world,missing_values
2010,sched_arr_time,4:17 p.m.,,real_world,missing_values
2011,sched_arr_time,5:50 a.m.,5:50 a.m. Dec 02,real_world,typos
2012,sched_arr_time,12:29 a.m.,12:29 a.m. Dec 02,real_world,typos
2013,sched_arr_time,12:15 a.m.,12:15 a.m. Dec 02,real_world,typos
2017,sched_arr_time,9:24 a.m.,,real_world,missing_values
2019,sched_arr_time,4:48 p.m.,,real_world,missing_values
2020,sched_arr_time,9:43 a.m.,,real_world,missing_values
2021,sched_arr_time,5:11 a.m.,5:11 a.m.Dec 02,real_world,typos
2023,sched_arr_time,8:27 a.m.,,real_world,missing_values
2024,sched_arr_time,1:40 p.m.,,real_world,missing_values
2025,sched_arr_time,9:20 p.m.,,real_world,missing_values
2026,sched_arr_time,4:53 p.m.,,real_world,missing_values
2027,sched_arr_time,7:03 p.m.,,real_world,missing_values
2028,sched_arr_time,11:45 a.m.,,real_world,missing_values
2034,sched_arr_time,11:53 a.m.,,real_world,missing_values
2036,sched_arr_time,10:40 a.m.,,real_world,missing_values
2039,sched_arr_time,5:25 p.m.,,real_world,missing_values
2043,sched_arr_time,4:49 p.m.,,real_world,missing_values
2052,sched_arr_time,10:15 p.m.,,real_world,missing_values
2055,sched_arr_time,9:54 a.m.,,real_world,missing_values
2059,sched_arr_time,2:50 p.m.,,real_world,missing_values
2060,sched_arr_time,11:19 a.m.,,real_world,missing_values
2061,sched_arr_time,6:55 a.m.,6:55 a.m.  Fri 02-Dec-2011,real_world,typos
2062,sched_arr_time,7:23 a.m.,,real_world,missing_values
2063,sched_arr_time,5:35 a.m.,,real_world,missing_values
2065,sched_arr_time,9:21 a.m.,,real_world,missing_values
2066,sched_arr_time,1:16 p.m.,,real_world,missing_values
2068,sched_arr_time,10:06 a.m.,,real_world,missing_values
2071,sched_arr_time,2:20 p.m.,,real_world,missing_values
2072,sched_arr_time,7:03 p.m.,,real_world,missing_values
2073,sched_arr_time,11:35 a.m.,,real_world,missing_values
2074,sched_arr_time,5:00 p.m.,,real_world,missing_values
2076,sched_arr_time,1:17 p.m.,,real_world,missing_values
2079,sched_arr_time,10:20 a.m.,,real_world,missing_values
2080,sched_arr_time,10:54 a.m.,,real_world,missing_values
2083,sched_arr_time,1:39 p.m.,,real_world,missing_values
2084,sched_arr_time,3:19 p.m.,,real_world,missing_values
2085,sched_arr_time,2:00 p.m.,,real_world,missing_values
2088,sched_arr_time,8:22 p.m.,,real_world,missing_values
2089,sched_arr_time,8:56 p.m.,,real_world,missing_values
2091,sched_arr_time,5:15 p.m.,,real_world,missing_values
2092,sched_arr_time,4:00 p.m.,,real_world,missing_values
2096,sched_arr_time,12:21 a.m.,12:21 a.m.  Fri 02-Dec-2011,real_world,typos
2097,sched_arr_time,7:53 p.m.,,real_world,missing_values
2101,sched_arr_time,8:05 p.m.,,real_world,missing_values
2103,sched_arr_time,7:35 p.m.,,real_world,missing_values
2105,sched_arr_time,6:44 p.m.,,real_world,missing_values
2106,sched_arr_time,10:31 a.m.,,real_world,missing_values
2107,sched_arr_time,2:59 p.m.,,real_world,missing_values
2110,sched_arr_time,4:17 p.m.,,real_world,missing_values
2111,sched_arr_time,5:50 a.m.,5:50 a.m.  Fri 02-Dec-2011,real_world,typos
2112,sched_arr_time,12:29 a.m.,12:29 a.m.  Fri 02-Dec-2011,real_world,typos
2113,sched_arr_time,12:15 a.m.,12:15 a.m.  Fri 02-Dec-2011,real_world,typos
2117,sched_arr_time,9:24 a.m.,,real_world,missing_values
2119,sched_arr_time,4:48 p.m.,,real_world,missing_values
2120,sched_arr_time,9:43 a.m.,,real_world,missing_values
2123,sched_arr_time,8:27 a.m.,,real_world,missing_values
2124,sched_arr_time,1:40 p.m.,,real_world,missing_values
2125,sched_arr_time,9:20 p.m.,,real_world,missing_values
2126,sched_arr_time,4:53 p.m.,,real_world,missing_values
2127,sched_arr_time,7:03 p.m.,,real_world,missing_values
2128,sched_arr_time,11:45 a.m.,,real_world,missing_values
2134,sched_arr_time,11:53 a.m.,,real_world,missing_values
2136,sched_arr_time,10:40 a.m.,,real_world,missing_values
2139,sched_arr_time,5:25 p.m.,,real_world,missing_values
2143,sched_arr_time,4:49 p.m.,,real_world,missing_values
2151,sched_arr_time,2:50 p.m.,,real_world,missing_values
2154,sched_arr_time,7:35 p.m.,,real_world,missing_values
2157,sched_arr_time,10:15 p.m.,,real_world,missing_values
2160,sched_arr_time,9:54 a.m.,,real_world,missing_values
2164,sched_arr_time,2:50 p.m.,,real_world,missing_values
2165,sched_arr_time,11:19 a.m.,,real_world,missing_values
2166,sched_arr_time,6:55 a.m.,6:55 a.m. Dec 02,real_world,typos
2167,sched_arr_time,7:23 a.m.,,real_world,missing_values
2168,sched_arr_time,5:35 a.m.,,real_world,missing_values
2170,sched_arr_time,9:21 a.m.,,real_world,missing_values
2171,sched_arr_time,1:16 p.m.,,real_world,missing_values
2173,sched_arr_time,10:06 a.m.,,real_world,missing_values
2176,sched_arr_time,2:20 p.m.,,real_world,missing_values
2177,sched_arr_time,7:03 p.m.,,real_world,missing_values
2178,sched_arr_time,11:35 a.m.,,real_world,missing_values
2179,sched_arr_time,5:00 p.m.,,real_world,missing_values
2181,sched_arr_time,1:17 p.m.,,real_world,missing_values
2184,sched_arr_time,10:20 a.m.,,real_world,missing_values
2185,sched_arr_time,10:54 a.m.,,real_world,missing_values
2188,sched_arr_time,1:39 p.m.,,real_world,missing_values
2189,sched_arr_time,3:19 p.m.,,real_world,missing_values
2190,sched_arr_time,2:00 p.m.,,real_world,missing_values
2193,sched_arr_time,8:22 p.m.,,real_world,missing_values
2194,sched_arr_time,8:56 p.m.,,real_world,missing_values
2196,sched_arr_time,5:15 p.m.,,real_world,missing_values
2197,sched_arr_time,4:00 p.m.,,real_world,missing_values
2201,sched_arr_time,12:21 a.m.,12:21 a.m. Dec 02,real_world,typos
2202,sched_arr_time,7:53 p.m.,,real_world,missing_values
2206,sched_arr_time,8:05 p.m.,,real_world,missing_values
2208,sched_arr_time,7:35 p.m.,,real_world,missing_values
2210,sched_arr_time,6:44 p.m.,,real_world,missing_values
2211,sched_arr_time,10:31 a.m.,,real_world,missing_values
2215,sched_arr_time,4:17 p.m.,,real_world,missing_values
2216,sched_arr_time,5:50 a.m.,5:50 a.m. Dec 02,real_world,typos
2217,sched_arr_time,12:29 a.m.,12:29 a.m. Dec 02,real_world,typos
2218,sched_arr_time,12:15 a.m.,12:15 a.m. Dec 02,real_world,typos
2222,sched_arr_time,9:24 a.m.,,real_world,missing_values
2224,sched_arr_time,4:48 p.m.,,real_world,missing_values
2225,sched_arr_time,9:43 a.m.,,real_world,missing_values
2226,sched_arr_time,5:11 a.m.,5:11 a.m.Dec 02,real_world,typos
2228,sched_arr_time,8:27 a.m.,,real_world,missing_values
2229,sched_arr_time,1:40 p.m.,,real_world,missing_values
2230,sched_arr_time,9:20 p.m.,,real_world,missing_values
2231,sched_arr_time,4:53 p.m.,,real_world,missing_values
2232,sched_arr_time,7:03 p.m.,,real_world,missing_values
2233,sched_arr_time,11:45 a.m.,,real_world,missing_values
2239,sched_arr_time,11:53 a.m.,,real_world,missing_values
2241,sched_arr_time,10:40 a.m.,,real_world,missing_values
2244,sched_arr_time,5:25 p.m.,,real_world,missing_values
2248,sched_arr_time,4:49 p.m.,,real_world,missing_values
2256,sched_arr_time,9:40 a.m.,9:30 a.m.,real_world,typos
2257,sched_arr_time,9:25 a.m.,8:54 a.m.,real_world,typos
2258,sched_arr_time,10:15 p.m.,9:40 p.m.,real_world,typos
2259,sched_arr_time,9:54 a.m.,9:34 a.m.,real_world,typos
2260,sched_arr_time,10:30 p.m.,10:15 p.m.,real_world,typos
2261,sched_arr_time,6:55 a.m.,6:30 a.m.,real_world,typos
2262,sched_arr_time,6:46 p.m.,6:34 p.m.,real_world,typos
2263,sched_arr_time,9:21 a.m.,9:11 a.m.,real_world,typos
2264,sched_arr_time,9:55 a.m.,9:45 a.m.,real_world,typos
2265,sched_arr_time,7:55 p.m.,7:26 p.m.,real_world,typos
2266,sched_arr_time,12:35 p.m.,12:12 p.m.,real_world,typos
2267,sched_arr_time,3:50 p.m.,3:33 p.m.,real_world,typos
2268,sched_arr_time,1:17 p.m.,12:51 p.m.,real_world,typos
2269,sched_arr_time,9:20 a.m.,8:51 a.m.,real_world,typos
2270,sched_arr_time,4:57 p.m.,4:37 p.m.,real_world,typos
2271,sched_arr_time,11:05 a.m.,10:55 a.m.,real_world,typos
2272,sched_arr_time,12:10 p.m.,11:43 a.m.,real_world,typos
2273,sched_arr_time,8:00 a.m.,7:50 a.m.,real_world,typos
2274,sched_arr_time,2:35 p.m.,2:14 p.m.,real_world,typos
2275,sched_arr_time,7:45 a.m.,7:25 a.m.,real_world,typos
2276,sched_arr_time,2:45 p.m.,2:35 p.m.,real_world,typos
2277,sched_arr_time,3:19 p.m.,2:48 p.m.,real_world,typos
2278,sched_arr_time,6:15 p.m.,5:40 p.m.,real_world,typos
2279,sched_arr_time,1:45 p.m.,1:35 p.m.,real_world,typos
2280,sched_arr_time,8:22 p.m.,8:04 p.m.,real_world,typos
2281,sched_arr_time,11:10 a.m.,10:43 a.m.,real_world,typos
2282,sched_arr_time,8:56 p.m.,8:46 p.m.,real_world,typos
2283,sched_arr_time,2:25 p.m.,1:57 p.m.,real_world,typos
2284,sched_arr_time,2:45 p.m.,2:10 p.m.,real_world,typos
2285,sched_arr_time,4:00 p.m.,3:50 p.m.,real_world,typos
2286,sched_arr_time,10:35 a.m.,10:18 a.m.,real_world,typos
2287,sched_arr_time,7:25 p.m.,7:08 p.m.,real_world,typos
2288,sched_arr_time,9:10 p.m.,9:00 p.m.,real_world,typos
2289,sched_arr_time,3:15 p.m.,2:47 p.m.,real_world,typos
2290,sched_arr_time,12:21 a.m.,11:52 p.m.,real_world,typos
2291,sched_arr_time,12:18 p.m.,12:08 p.m.,real_world,typos
2292,sched_arr_time,7:30 a.m.,6:50 a.m.,real_world,typos
2293,sched_arr_time,9:35 a.m.,9:00 a.m.,real_world,typos
2294,sched_arr_time,8:05 p.m.,7:38 p.m.,real_world,typos
2295,sched_arr_time,6:23 p.m.,6:00 p.m.,real_world,typos
2296,sched_arr_time,9:45 p.m.,9:25 p.m.,real_world,typos
2297,sched_arr_time,2:59 p.m.,2:35 p.m.,real_world,typos
2298,sched_arr_time,4:31 p.m.,4:20 p.m.,real_world,typos
2299,sched_arr_time,4:17 p.m.,3:55 p.m.,real_world,typos
2300,sched_arr_time,12:29 a.m.,12:09 a.m.,real_world,typos
2301,sched_arr_time,12:15 a.m.,12:05 a.m.,real_world,typos
2302,sched_arr_time,11:50 p.m.,11:31 p.m.,real_world,typos
2303,sched_arr_time,10:34 a.m.,9:25 a.m.,real_world,typos
2304,sched_arr_time,11:50 a.m.,11:22 a.m.,real_world,typos
2305,sched_arr_time,3:50 p.m.,3:30 p.m.,real_world,typos
2306,sched_arr_time,5:11 a.m.,5:08 a.m.,real_world,typos
2307,sched_arr_time,6:40 p.m.,6:15 p.m.,real_world,typos
2308,sched_arr_time,9:20 p.m.,9:10 p.m.,real_world,typos
2309,sched_arr_time,4:05 p.m.,3:55 p.m.,real_world,typos
2310,sched_arr_time,5:55 p.m.,5:17 p.m.,real_world,typos
2311,sched_arr_time,11:35 a.m.,10:57 a.m.,real_world,typos
2312,sched_arr_time,2:15 p.m.,2:05 p.m.,real_world,typos
2313,sched_arr_time,2:35 p.m.,2:17 p.m.,real_world,typos
2314,sched_arr_time,6:30 p.m.,5:57 p.m.,real_world,typos
2315,sched_arr_time,6:40 p.m.,6:30 p.m.,real_world,typos
2316,sched_arr_time,3:30 p.m.,2:52 p.m.,real_world,typos
2317,sched_arr_time,6:17 p.m.,6:07 p.m.,real_world,typos
2318,sched_arr_time,12:55 p.m.,12:45 p.m.,real_world,typos
2319,sched_arr_time,7:05 p.m.,6:31 p.m.,real_world,typos
2320,sched_arr_time,6:40 a.m.,6:30 a.m.,real_world,typos
2321,sched_arr_time,10:45 a.m.,10:09 a.m.,real_world,typos
2,act_arr_time,10:30 p.m.,,real_world,missing_values
3,act_arr_time,7:25 p.m.,,real_world,missing_values
6,act_arr_time,6:55 a.m.,,real_world,missing_values
32,act_arr_time,5:50 a.m.,,real_world,missing_values
33,act_arr_time,12:15 a.m.,,real_world,missing_values
34,act_arr_time,11:50 p.m.,,real_world,missing_values
37,act_arr_time,3:50 p.m.,,real_world,missing_values
38,act_arr_time,9:20 p.m.,,real_world,missing_values
51,act_arr_time,9:32 a.m.,9:22 a.m.,real_world,typos
52,act_arr_time,10:29 p.m.,,real_world,missing_values
53,act_arr_time,9:28 a.m.,9:14 a.m.,real_world,typos
54,act_arr_time,11:58 a.m.,11:30 a.m.,real_world,typos
55,act_arr_time,9:43 a.m.,9:29 a.m.,real_world,typos
56,act_arr_time,10:30 p.m.,10:31 p.m.,real_world,typos
57,act_arr_time,5:17 p.m.,5:14 p.m.,real_world,typos
58,act_arr_time,3:31 p.m.,,real_world,missing_values
59,act_arr_time,4:56 p.m.,4:54 p.m.,real_world,typos
60,act_arr_time,11:21 a.m.,11:11 a.m.,real_world,typos
61,act_arr_time,6:55 a.m.,12/2/11 6:35 a.m.,real_world,format_errors
62,act_arr_time,7:17 a.m.,7:04 a.m.,real_world,typos
63,act_arr_time,5:26 a.m.,,real_world,missing_values
64,act_arr_time,6:28 p.m.,6:25 p.m.,real_world,typos
65,act_arr_time,9:14 a.m.,,real_world,missing_values
66,act_arr_time,1:19 p.m.,,real_world,missing_values
67,act_arr_time,1:27 p.m.,1:11 p.m.,real_world,typos
69,act_arr_time,9:45 a.m.,9:29 a.m.,real_world,typos
70,act_arr_time,7:39 p.m.,7:37 p.m.,real_world,typos
71,act_arr_time,1:40 p.m.,1:36 p.m.,real_world,typos
72,act_arr_time,7:10 p.m.,,real_world,missing_values
73,act_arr_time,11:32 a.m.,,real_world,missing_values
74,act_arr_time,4:47 p.m.,4:43 p.m.,real_world,typos
75,act_arr_time,4:09 p.m.,4:08 p.m.,real_world,typos
76,act_arr_time,1:14 p.m.,,real_world,missing_values
77,act_arr_time,9:05 a.m.,8:50 a.m.,real_world,typos
78,act_arr_time,5:05 p.m.,5:00 p.m.,real_world,typos
79,act_arr_time,10:27 a.m.,,real_world,missing_values
80,act_arr_time,10:56 a.m.,,real_world,missing_values
81,act_arr_time,11:56 a.m.,11:50 a.m.,real_world,typos
82,act_arr_time,3:30 p.m.,3:13 p.m.,real_world,typos
83,act_arr_time,1:30 p.m.,1:23 p.m.,real_world,typos
84,act_arr_time,3:21 p.m.,3:09 p.m.,real_world,typos
85,act_arr_time,2:10 p.m.,1:55 p.m.,real_world,typos
86,act_arr_time,5:42 p.m.,5:22 p.m.,real_world,typos
87,act_arr_time,1:15 p.m.,1:11 p.m.,real_world,typos
88,act_arr_time,8:03 p.m.,,real_world,missing_values
89,act_arr_time,9:52 p.m.,,real_world,missing_values
90,act_arr_time,2:46 p.m.,2:39 p.m.,real_world,typos
91,act_arr_time,5:34 p.m.,5:24 p.m.,real_world,typos
92,act_arr_time,3:33 p.m.,,real_world,missing_values
93,act_arr_time,10:36 a.m.,10:34 a.m.,real_world,typos
95,act_arr_time,8:53 p.m.,8:38 p.m.,real_world,typos
96,act_arr_time,3:16 p.m.,3:04 p.m.,real_world,typos
97,act_arr_time,12:21 a.m.,,real_world,missing_values
98,act_arr_time,7:58 p.m.,7:20 p.m.,real_world,typos
99,act_arr_time,12:09 p.m.,,real_world,missing_values
100,act_arr_time,7:51 a.m.,7:49 a.m.,real_world,typos
101,act_arr_time,9:31 a.m.,9:26 a.m.,real_world,typos
102,act_arr_time,7:55 p.m.,7:43 p.m.,real_world,typos
103,act_arr_time,11:06 a.m.,10:43 a.m.,real_world,typos
104,act_arr_time,6:38 p.m.,6:28 p.m.,real_world,typos
105,act_arr_time,7:36 p.m.,7:23 p.m.,real_world,typos
106,act_arr_time,9:53 p.m.,9:47 p.m.,real_world,typos
107,act_arr_time,6:34 p.m.,,real_world,missing_values
108,act_arr_time,10:47 a.m.,10:43 a.m.,real_world,typos
109,act_arr_time,3:04 p.m.,2:58 p.m.,real_world,typos
110,act_arr_time,4:23 p.m.,4:20 p.m.,real_world,typos
112,act_arr_time,4:17 p.m.,,real_world,missing_values
113,act_arr_time,5:50 a.m.,5:52 a.m.,real_world,typos
114,act_arr_time,12:29 a.m.,12/2/11 12:01 a.m.,real_world,format_errors
115,act_arr_time,12:15 a.m.,11:49 p.m.,real_world,typos
116,act_arr_time,11:50 p.m.,11:35 p.m.,real_world,typos
117,act_arr_time,10:04 a.m.,9:45 a.m.,real_world,typos
118,act_arr_time,11:44 a.m.,11:33 a.m.,real_world,typos
120,act_arr_time,3:50 p.m.,3:29 p.m.,real_world,typos
121,act_arr_time,4:59 p.m.,,real_world,missing_values
122,act_arr_time,8:45 a.m.,8:33 a.m.,real_world,typos
123,act_arr_time,5:11 a.m.,,real_world,missing_values
124,act_arr_time,6:40 p.m.,6:19 p.m.,real_world,typos
125,act_arr_time,8:02 a.m.,7:50 a.m.,real_world,typos
126,act_arr_time,2:00 p.m.,1:52 p.m.,real_world,typos
127,act_arr_time,9:20 p.m.,9:12 p.m.,real_world,typos
128,act_arr_time,4:44 p.m.,4:22 p.m.,real_world,typos
129,act_arr_time,7:10 p.m.,,real_world,missing_values
130,act_arr_time,11:56 a.m.,,real_world,missing_values
131,act_arr_time,3:43 p.m.,3:36 p.m.,real_world,typos
132,act_arr_time,5:43 p.m.,5:39 p.m.,real_world,typos
133,act_arr_time,11:06 a.m.,11:04 a.m.,real_world,typos
134,act_arr_time,1:43 p.m.,1:42 p.m.,real_world,typos
135,act_arr_time,11:01 a.m.,10:58 a.m.,real_world,typos
136,act_arr_time,12:09 p.m.,,real_world,missing_values
137,act_arr_time,3:13 p.m.,2:49 p.m.,real_world,typos
138,act_arr_time,10:16 a.m.,10:12 a.m.,real_world,typos
139,act_arr_time,6:43 p.m.,6:30 p.m.,real_world,typos
140,act_arr_time,8:06 a.m.,7:59 a.m.,real_world,typos
141,act_arr_time,6:15 p.m.,6:11 p.m.,real_world,typos
142,act_arr_time,2:27 p.m.,2:21 p.m.,real_world,typos
143,act_arr_time,5:26 p.m.,,real_world,missing_values
144,act_arr_time,5:38 p.m.,5:34 p.m.,real_world,typos
145,act_arr_time,12:50 p.m.,12:37 p.m.,real_world,typos
146,act_arr_time,7:40 a.m.,7:37 a.m.,real_world,typos
147,act_arr_time,6:36 p.m.,,real_world,missing_values
148,act_arr_time,6:19 a.m.,6:15 a.m.,real_world,typos
149,act_arr_time,11:12 a.m.,10:52 a.m.,real_world,typos
150,act_arr_time,3:14 p.m.,3:12 p.m.,real_world,typos
151,act_arr_time,9:32 a.m.,9:22 a.m.,real_world,typos
152,act_arr_time,10:29 p.m.,10:23 p.m.,real_world,typos
153,act_arr_time,9:28 a.m.,9:12 a.m.,real_world,typos
154,act_arr_time,11:58 a.m.,11:35 a.m.,real_world,typos
155,act_arr_time,9:43 a.m.,9:40 a.m.,real_world,typos
156,act_arr_time,10:30 p.m.,10:39 p.m.&nbsp(Estimated),real_world,typos
157,act_arr_time,3:16 p.m.,3:10 p.m.,real_world,typos
159,act_arr_time,3:31 p.m.,3:25 p.m.,real_world,typos
160,act_arr_time,11:21 a.m.,11:18 a.m.,real_world,typos
161,act_arr_time,6:55 a.m.,Not Available,real_world,typos
162,act_arr_time,7:17 a.m.,7:10 a.m.,real_world,typos
163,act_arr_time,5:26 a.m.,5:23 a.m.,real_world,typos
164,act_arr_time,6:28 p.m.,6:25 p.m.,real_world,typos
165,act_arr_time,9:14 a.m.,9:09 a.m.,real_world,typos
166,act_arr_time,1:19 p.m.,1:09 p.m.,real_world,typos
167,act_arr_time,1:27 p.m.,1:18 p.m.,real_world,typos
168,act_arr_time,9:56 a.m.,9:54 a.m.,real_world,typos
169,act_arr_time,9:45 a.m.,9:42 a.m.,real_world,typos
170,act_arr_time,7:39 p.m.,7:35 p.m.,real_world,typos
171,act_arr_time,1:40 p.m.,1:34 p.m.,real_world,typos
172,act_arr_time,7:10 p.m.,6:59 p.m.,real_world,typos
173,act_arr_time,11:32 a.m.,11:26 a.m.,real_world,typos
174,act_arr_time,4:47 p.m.,4:45 p.m.,real_world,typos
176,act_arr_time,1:14 p.m.,1:12 p.m.,real_world,typos
177,act_arr_time,9:05 a.m.,9:00 a.m.,real_world,typos
178,act_arr_time,5:05 p.m.,5:03 p.m.,real_world,typos
179,act_arr_time,10:27 a.m.,10:18 a.m.,real_world,typos
180,act_arr_time,10:56 a.m.,10:47 a.m.,real_world,typos
181,act_arr_time,11:56 a.m.,11:50 a.m.,real_world,typos
182,act_arr_time,3:30 p.m.,3:19 p.m.,real_world,typos
183,act_arr_time,1:30 p.m.,1:27 p.m.,real_world,typos
184,act_arr_time,3:21 p.m.,3:20 p.m.,real_world,typos
185,act_arr_time,2:10 p.m.,2:01 p.m.,real_world,typos
186,act_arr_time,5:42 p.m.,5:28 p.m.,real_world,typos
187,act_arr_time,1:15 p.m.,1:14 p.m.,real_world,typos
188,act_arr_time,8:03 p.m.,7:55 p.m.,real_world,typos
189,act_arr_time,9:52 p.m.,9:38 p.m.,real_world,typos
190,act_arr_time,2:46 p.m.,2:37 p.m.,real_world,typos
191,act_arr_time,5:34 p.m.,,real_world,missing_values
192,act_arr_time,3:33 p.m.,3:25 p.m.,real_world,typos
193,act_arr_time,10:36 a.m.,10:29 a.m.,real_world,typos
194,act_arr_time,7:25 p.m.,Not Available,real_world,typos
195,act_arr_time,8:53 p.m.,8:43 p.m.,real_world,typos
196,act_arr_time,12:21 a.m.,Not Available,real_world,typos
197,act_arr_time,7:58 p.m.,7:53 p.m.,real_world,typos
198,act_arr_time,12:09 p.m.,12:03 p.m.,real_world,typos
200,act_arr_time,9:31 a.m.,9:29 a.m.,real_world,typos
201,act_arr_time,7:55 p.m.,7:53 p.m.,real_world,typos
202,act_arr_time,6:38 p.m.,6:36 p.m.,real_world,typos
203,act_arr_time,7:36 p.m.,7:26 p.m.,real_world,typos
204,act_arr_time,9:53 p.m.,9:49 p.m.,real_world,typos
205,act_arr_time,6:34 p.m.,6:13 p.m.,real_world,typos
206,act_arr_time,10:47 a.m.,10:45 a.m.,real_world,typos
207,act_arr_time,3:04 p.m.,2:56 p.m.,real_world,typos
208,act_arr_time,4:23 p.m.,4:18 p.m.,real_world,typos
209,act_arr_time,2:50 p.m.,2:52 p.m.,real_world,typos
210,act_arr_time,4:17 p.m.,4:06 p.m.,real_world,typos
211,act_arr_time,5:50 a.m.,,real_world,missing_values
212,act_arr_time,12:29 a.m.,Not Available,real_world,typos
213,act_arr_time,12:15 a.m.,Not Available,real_world,typos
214,act_arr_time,11:50 p.m.,Not Available,real_world,typos
215,act_arr_time,10:04 a.m.,9:58 a.m.,real_world,typos
216,act_arr_time,11:44 a.m.,11:40 a.m.,real_world,typos
217,act_arr_time,9:13 a.m.,9:11 a.m.,real_world,typos
218,act_arr_time,3:50 p.m.,Not Available,real_world,typos
219,act_arr_time,4:59 p.m.,4:55 p.m.,real_world,typos
220,act_arr_time,8:45 a.m.,8:41 a.m.,real_world,typos
221,act_arr_time,5:11 a.m.,,real_world,missing_values
222,act_arr_time,6:40 p.m.,,real_world,missing_values
223,act_arr_time,8:02 a.m.,7:58 a.m.,real_world,typos
224,act_arr_time,2:00 p.m.,2:02 p.m.,real_world,typos
225,act_arr_time,9:20 p.m.,9:11 p.m.,real_world,typos
226,act_arr_time,4:44 p.m.,4:24 p.m.,real_world,typos
227,act_arr_time,7:10 p.m.,6:59 p.m.,real_world,typos
228,act_arr_time,11:56 a.m.,12:10 p.m.,real_world,typos
229,act_arr_time,3:43 p.m.,3:36 p.m.,real_world,typos
230,act_arr_time,5:43 p.m.,5:34 p.m.,real_world,typos
231,act_arr_time,11:06 a.m.,11:07 a.m.,real_world,typos
232,act_arr_time,1:43 p.m.,1:40 p.m.,real_world,typos
233,act_arr_time,11:01 a.m.,11:00 a.m.,real_world,typos
234,act_arr_time,12:09 p.m.,12:00 p.m.,real_world,typos
235,act_arr_time,3:13 p.m.,3:01 p.m.,real_world,typos
236,act_arr_time,10:16 a.m.,10:10 a.m.,real_world,typos
237,act_arr_time,6:43 p.m.,6:36 p.m.,real_world,typos
238,act_arr_time,8:06 a.m.,7:57 a.m.,real_world,typos
239,act_arr_time,4:56 p.m.,4:52 p.m.,real_world,typos
240,act_arr_time,6:15 p.m.,6:09 p.m.,real_world,typos
241,act_arr_time,2:27 p.m.,2:18 p.m.,real_world,typos
242,act_arr_time,11:06 a.m.,10:53 a.m.,real_world,typos
243,act_arr_time,5:26 p.m.,5:09 p.m.,real_world,typos
244,act_arr_time,5:38 p.m.,5:35 p.m.,real_world,typos
245,act_arr_time,12:50 p.m.,12:48 p.m.,real_world,typos
246,act_arr_time,7:40 a.m.,7:32 a.m.,real_world,typos
247,act_arr_time,6:36 p.m.,6:33 p.m.,real_world,typos
248,act_arr_time,6:19 a.m.,6:07 a.m.,real_world,typos
249,act_arr_time,11:12 a.m.,11:00 a.m.,real_world,typos
250,act_arr_time,3:14 p.m.,3:09 p.m.,real_world,typos
251,act_arr_time,9:32 a.m.,,real_world,missing_values
252,act_arr_time,9:28 a.m.,9:09 a.m.,real_world,typos
253,act_arr_time,11:58 a.m.,11:34 a.m.,real_world,typos
254,act_arr_time,9:43 a.m.,,real_world,missing_values
255,act_arr_time,10:30 p.m.,,real_world,missing_values
256,act_arr_time,7:25 p.m.,7:35 p.m.,real_world,typos
257,act_arr_time,5:17 p.m.,,real_world,missing_values
258,act_arr_time,3:31 p.m.,,real_world,missing_values
259,act_arr_time,4:56 p.m.,,real_world,missing_values
260,act_arr_time,11:21 a.m.,,real_world,missing_values
261,act_arr_time,6:55 a.m.,7:02 a.m.,real_world,typos
262,act_arr_time,7:17 a.m.,,real_world,missing_values
263,act_arr_time,2:50 p.m.,,real_world,missing_values
264,act_arr_time,6:28 p.m.,,real_world,missing_values
265,act_arr_time,1:19 p.m.,,real_world,missing_values
266,act_arr_time,9:45 a.m.,,real_world,missing_values
267,act_arr_time,9:56 a.m.,,real_world,missing_values
268,act_arr_time,7:39 p.m.,,real_world,missing_values
269,act_arr_time,7:10 p.m.,,real_world,missing_values
270,act_arr_time,4:09 p.m.,,real_world,missing_values
271,act_arr_time,9:05 a.m.,8:50 a.m.,real_world,typos
272,act_arr_time,5:05 p.m.,,real_world,missing_values
273,act_arr_time,10:27 a.m.,,real_world,missing_values
274,act_arr_time,10:56 a.m.,,real_world,missing_values
275,act_arr_time,1:40 p.m.,,real_world,missing_values
276,act_arr_time,11:56 a.m.,11:50 a.m.,real_world,typos
277,act_arr_time,8:06 a.m.,,real_world,missing_values
278,act_arr_time,3:30 p.m.,3:13 p.m.,real_world,typos
279,act_arr_time,5:26 a.m.,,real_world,missing_values
280,act_arr_time,1:27 p.m.,1:11 p.m.,real_world,typos
281,act_arr_time,2:10 p.m.,,real_world,missing_values
282,act_arr_time,1:15 p.m.,,real_world,missing_values
283,act_arr_time,11:06 a.m.,10:52 a.m.,real_world,typos
284,act_arr_time,2:27 p.m.,2:17 p.m.,real_world,typos
285,act_arr_time,2:46 p.m.,2:36 p.m.,real_world,typos
286,act_arr_time,10:36 a.m.,10:34 a.m.,real_world,typos
287,act_arr_time,11:32 a.m.,,real_world,missing_values
288,act_arr_time,8:53 p.m.,,real_world,missing_values
289,act_arr_time,3:16 p.m.,3:09 p.m.,real_world,typos
290,act_arr_time,12:21 a.m.,,real_world,missing_values
291,act_arr_time,7:58 p.m.,,real_world,missing_values
292,act_arr_time,12:09 p.m.,,real_world,missing_values
293,act_arr_time,7:51 a.m.,,real_world,missing_values
294,act_arr_time,9:31 a.m.,9:23 a.m.,real_world,typos
295,act_arr_time,6:38 p.m.,,real_world,missing_values
296,act_arr_time,7:36 p.m.,,real_world,missing_values
297,act_arr_time,9:53 p.m.,,real_world,missing_values
298,act_arr_time,6:34 p.m.,,real_world,missing_values
299,act_arr_time,10:47 a.m.,,real_world,missing_values
300,act_arr_time,3:04 p.m.,2:52 p.m.,real_world,typos
301,act_arr_time,4:23 p.m.,,real_world,missing_values
302,act_arr_time,5:50 a.m.,5:49 a.m.,real_world,typos
303,act_arr_time,12:29 a.m.,11:56 p.m.,real_world,typos
304,act_arr_time,12:15 a.m.,,real_world,missing_values
305,act_arr_time,11:50 p.m.,11:54 p.m.,real_world,typos
306,act_arr_time,10:04 a.m.,9:56 a.m.,real_world,typos
307,act_arr_time,11:44 a.m.,11:39 a.m.,real_world,typos
308,act_arr_time,5:42 p.m.,,real_world,missing_values
309,act_arr_time,9:13 a.m.,,real_world,missing_values
310,act_arr_time,3:50 p.m.,,real_world,missing_values
311,act_arr_time,4:59 p.m.,,real_world,missing_values
312,act_arr_time,8:45 a.m.,,real_world,missing_values
313,act_arr_time,8:02 a.m.,,real_world,missing_values
314,act_arr_time,2:00 p.m.,,real_world,missing_values
315,act_arr_time,9:20 p.m.,,real_world,missing_values
316,act_arr_time,4:44 p.m.,,real_world,missing_values
317,act_arr_time,7:10 p.m.,,real_world,missing_values
318,act_arr_time,3:43 p.m.,,real_world,missing_values
319,act_arr_time,5:43 p.m.,,real_world,missing_values
320,act_arr_time,11:06 a.m.,11:04 a.m.,real_world,typos
321,act_arr_time,4:47 p.m.,,real_world,missing_values
322,act_arr_time,1:43 p.m.,,real_world,missing_values
323,act_arr_time,11:01 a.m.,,real_world,missing_values
324,act_arr_time,12:09 p.m.,,real_world,missing_values
325,act_arr_time,3:13 p.m.,2:49 p.m.,real_world,typos
326,act_arr_time,1:30 p.m.,1:23 p.m.,real_world,typos
327,act_arr_time,10:16 a.m.,,real_world,missing_values
328,act_arr_time,6:43 p.m.,,real_world,missing_values
329,act_arr_time,6:15 p.m.,,real_world,missing_values
330,act_arr_time,5:26 p.m.,,real_world,missing_values
331,act_arr_time,5:38 p.m.,,real_world,missing_values
332,act_arr_time,12:50 p.m.,,real_world,missing_values
334,act_arr_time,6:36 p.m.,,real_world,missing_values
335,act_arr_time,6:19 a.m.,,real_world,missing_values
336,act_arr_time,11:12 a.m.,10:49 a.m.,real_world,typos
337,act_arr_time,3:14 p.m.,,real_world,missing_values
338,act_arr_time,9:32 a.m.,9:22 a.m.,real_world,typos
339,act_arr_time,10:29 p.m.,,real_world,missing_values
340,act_arr_time,9:28 a.m.,9:14 a.m.,real_world,typos
341,act_arr_time,11:58 a.m.,11:30 a.m.,real_world,typos
342,act_arr_time,9:43 a.m.,9:29 a.m.,real_world,typos
343,act_arr_time,10:30 p.m.,10:31 p.m.,real_world,typos
344,act_arr_time,5:17 p.m.,5:14 p.m.,real_world,typos
345,act_arr_time,3:31 p.m.,,real_world,missing_values
346,act_arr_time,4:56 p.m.,4:54 p.m.,real_world,typos
347,act_arr_time,11:21 a.m.,11:11 a.m.,real_world,typos
348,act_arr_time,6:55 a.m.,12/2/11 6:35 a.m.,real_world,format_errors
349,act_arr_time,7:17 a.m.,7:04 a.m.,real_world,typos
350,act_arr_time,5:26 a.m.,,real_world,missing_values
351,act_arr_time,6:28 p.m.,6:25 p.m.,real_world,typos
352,act_arr_time,9:14 a.m.,,real_world,missing_values
353,act_arr_time,1:19 p.m.,,real_world,missing_values
354,act_arr_time,1:27 p.m.,1:11 p.m.,real_world,typos
356,act_arr_time,9:45 a.m.,9:29 a.m.,real_world,typos
357,act_arr_time,7:39 p.m.,7:37 p.m.,real_world,typos
358,act_arr_time,1:40 p.m.,1:36 p.m.,real_world,typos
359,act_arr_time,7:10 p.m.,,real_world,missing_values
360,act_arr_time,11:32 a.m.,,real_world,missing_values
361,act_arr_time,4:47 p.m.,4:43 p.m.,real_world,typos
362,act_arr_time,4:09 p.m.,4:08 p.m.,real_world,typos
363,act_arr_time,1:14 p.m.,,real_world,missing_values
364,act_arr_time,9:05 a.m.,8:50 a.m.,real_world,typos
365,act_arr_time,5:05 p.m.,5:00 p.m.,real_world,typos
366,act_arr_time,10:27 a.m.,,real_world,missing_values
367,act_arr_time,10:56 a.m.,,real_world,missing_values
368,act_arr_time,11:56 a.m.,11:50 a.m.,real_world,typos
369,act_arr_time,3:30 p.m.,3:13 p.m.,real_world,typos
370,act_arr_time,1:30 p.m.,1:23 p.m.,real_world,typos
371,act_arr_time,3:21 p.m.,3:09 p.m.,real_world,typos
372,act_arr_time,2:10 p.m.,1:55 p.m.,real_world,typos
373,act_arr_time,5:42 p.m.,5:22 p.m.,real_world,typos
374,act_arr_time,1:15 p.m.,1:11 p.m.,real_world,typos
375,act_arr_time,8:03 p.m.,,real_world,missing_values
376,act_arr_time,9:52 p.m.,,real_world,missing_values
377,act_arr_time,2:46 p.m.,2:39 p.m.,real_world,typos
378,act_arr_time,5:34 p.m.,5:24 p.m.,real_world,typos
379,act_arr_time,3:33 p.m.,,real_world,missing_values
380,act_arr_time,10:36 a.m.,10:34 a.m.,real_world,typos
382,act_arr_time,8:53 p.m.,8:38 p.m.,real_world,typos
383,act_arr_time,3:16 p.m.,3:04 p.m.,real_world,typos
384,act_arr_time,12:21 a.m.,,real_world,missing_values
385,act_arr_time,7:58 p.m.,7:20 p.m.,real_world,typos
386,act_arr_time,12:09 p.m.,,real_world,missing_values
387,act_arr_time,7:51 a.m.,7:49 a.m.,real_world,typos
388,act_arr_time,9:31 a.m.,9:26 a.m.,real_world,typos
389,act_arr_time,7:55 p.m.,7:43 p.m.,real_world,typos
390,act_arr_time,11:06 a.m.,10:43 a.m.,real_world,typos
391,act_arr_time,6:38 p.m.,6:28 p.m.,real_world,typos
392,act_arr_time,7:36 p.m.,7:23 p.m.,real_world,typos
393,act_arr_time,9:53 p.m.,9:47 p.m.,real_world,typos
394,act_arr_time,6:34 p.m.,,real_world,missing_values
395,act_arr_time,10:47 a.m.,10:43 a.m.,real_world,typos
396,act_arr_time,3:04 p.m.,2:58 p.m.,real_world,typos
397,act_arr_time,4:23 p.m.,4:20 p.m.,real_world,typos
399,act_arr_time,4:17 p.m.,,real_world,missing_values
400,act_arr_time,5:50 a.m.,5:52 a.m.,real_world,typos
401,act_arr_time,12:29 a.m.,12/2/11 12:01 a.m.,real_world,format_errors
402,act_arr_time,12:15 a.m.,11:49 p.m.,real_world,typos
403,act_arr_time,11:50 p.m.,11:35 p.m.,real_world,typos
404,act_arr_time,10:04 a.m.,9:45 a.m.,real_world,typos
405,act_arr_time,11:44 a.m.,11:33 a.m.,real_world,typos
407,act_arr_time,3:50 p.m.,3:29 p.m.,real_world,typos
408,act_arr_time,4:59 p.m.,,real_world,missing_values
409,act_arr_time,8:45 a.m.,8:33 a.m.,real_world,typos
410,act_arr_time,5:11 a.m.,,real_world,missing_values
411,act_arr_time,6:40 p.m.,6:19 p.m.,real_world,typos
412,act_arr_time,8:02 a.m.,7:50 a.m.,real_world,typos
413,act_arr_time,2:00 p.m.,1:52 p.m.,real_world,typos
414,act_arr_time,9:20 p.m.,9:12 p.m.,real_world,typos
415,act_arr_time,4:44 p.m.,4:22 p.m.,real_world,typos
416,act_arr_time,7:10 p.m.,,real_world,missing_values
417,act_arr_time,11:56 a.m.,,real_world,missing_values
418,act_arr_time,3:43 p.m.,3:36 p.m.,real_world,typos
419,act_arr_time,5:43 p.m.,5:39 p.m.,real_world,typos
420,act_arr_time,11:06 a.m.,11:04 a.m.,real_world,typos
421,act_arr_time,1:43 p.m.,1:42 p.m.,real_world,typos
422,act_arr_time,11:01 a.m.,10:58 a.m.,real_world,typos
423,act_arr_time,12:09 p.m.,,real_world,missing_values
424,act_arr_time,3:13 p.m.,2:49 p.m.,real_world,typos
425,act_arr_time,10:16 a.m.,10:12 a.m.,real_world,typos
426,act_arr_time,6:43 p.m.,6:30 p.m.,real_world,typos
427,act_arr_time,8:06 a.m.,7:59 a.m.,real_world,typos
428,act_arr_time,6:15 p.m.,6:11 p.m.,real_world,typos
429,act_arr_time,2:27 p.m.,2:21 p.m.,real_world,typos
430,act_arr_time,5:26 p.m.,,real_world,missing_values
431,act_arr_time,5:38 p.m.,5:34 p.m.,real_world,typos
432,act_arr_time,12:50 p.m.,12:37 p.m.,real_world,typos
433,act_arr_time,7:40 a.m.,7:37 a.m.,real_world,typos
434,act_arr_time,6:36 p.m.,,real_world,missing_values
435,act_arr_time,6:19 a.m.,6:15 a.m.,real_world,typos
436,act_arr_time,11:12 a.m.,10:52 a.m.,real_world,typos
437,act_arr_time,3:14 p.m.,3:12 p.m.,real_world,typos
438,act_arr_time,9:32 a.m.,9:22 a.m.,real_world,typos
443,act_arr_time,10:30 p.m.,,real_world,missing_values
448,act_arr_time,6:55 a.m.,,real_world,missing_values
451,act_arr_time,6:28 p.m.,6:25 p.m.,real_world,typos
452,act_arr_time,9:14 a.m.,9:09 a.m.,real_world,typos
454,act_arr_time,1:27 p.m.,1:18 p.m.,real_world,typos
461,act_arr_time,4:47 p.m.,5:00 p.m.,real_world,typos
465,act_arr_time,5:05 p.m.,5:03 p.m.,real_world,typos
468,act_arr_time,11:56 a.m.,11:50 a.m.,real_world,typos
469,act_arr_time,3:30 p.m.,3:19 p.m.,real_world,typos
472,act_arr_time,2:10 p.m.,2:01 p.m.,real_world,typos
474,act_arr_time,1:15 p.m.,1:14 p.m.,real_world,typos
476,act_arr_time,9:52 p.m.,9:38 p.m.,real_world,typos
479,act_arr_time,3:33 p.m.,3:25 p.m.,real_world,typos
480,act_arr_time,10:36 a.m.,10:29 a.m.,real_world,typos
481,act_arr_time,7:25 p.m.,,real_world,missing_values
482,act_arr_time,8:53 p.m.,8:43 p.m.,real_world,typos
483,act_arr_time,12:21 a.m.,,real_world,missing_values
487,act_arr_time,9:31 a.m.,9:29 a.m.,real_world,typos
488,act_arr_time,7:55 p.m.,7:53 p.m.,real_world,typos
489,act_arr_time,6:38 p.m.,6:35 p.m.,real_world,typos
491,act_arr_time,9:53 p.m.,9:49 p.m.,real_world,typos
493,act_arr_time,10:47 a.m.,10:45 a.m.,real_world,typos
496,act_arr_time,2:50 p.m.,2:52 p.m.,real_world,typos
498,act_arr_time,5:50 a.m.,,real_world,missing_values
499,act_arr_time,12:29 a.m.,,real_world,missing_values
500,act_arr_time,12:15 a.m.,,real_world,missing_values
501,act_arr_time,11:50 p.m.,,real_world,missing_values
505,act_arr_time,3:50 p.m.,,real_world,missing_values
508,act_arr_time,5:11 a.m.,,real_world,missing_values
509,act_arr_time,6:40 p.m.,,real_world,missing_values
511,act_arr_time,2:00 p.m.,2:02 p.m.,real_world,typos
512,act_arr_time,9:20 p.m.,9:11 p.m.,real_world,typos
513,act_arr_time,4:44 p.m.,4:24 p.m.,real_world,typos
515,act_arr_time,11:56 a.m.,12:12 p.m.,real_world,typos
516,act_arr_time,3:43 p.m.,3:36 p.m.,real_world,typos
517,act_arr_time,5:43 p.m.,5:34 p.m.,real_world,typos
518,act_arr_time,11:06 a.m.,11:07 a.m.,real_world,typos
520,act_arr_time,11:01 a.m.,11:00 a.m.,real_world,typos
522,act_arr_time,3:13 p.m.,3:01 p.m.,real_world,typos
523,act_arr_time,10:16 a.m.,10:10 a.m.,real_world,typos
525,act_arr_time,8:06 a.m.,7:57 a.m.,real_world,typos
527,act_arr_time,6:15 p.m.,6:09 p.m.,real_world,typos
531,act_arr_time,5:38 p.m.,6:17 p.m.,real_world,typos
532,act_arr_time,12:50 p.m.,12:48 p.m.,real_world,typos
533,act_arr_time,7:40 a.m.,7:32 a.m.,real_world,typos
543,act_arr_time,10:30 p.m.,10:30 p.m. (Estimated),real_world,typos
545,act_arr_time,7:25 p.m.,7:25 p.m. (Estimated runway),real_world,typos
548,act_arr_time,6:55 a.m.,6:35 a.m. (Estimated runway),real_world,typos
569,act_arr_time,3:30 p.m.,3:20 p.m. (runway),real_world,typos
574,act_arr_time,9:52 p.m.,9:52 p.m. (Estimated),real_world,typos
583,act_arr_time,12:21 a.m.,12:21 a.m. (Estimated),real_world,typos
598,act_arr_time,5:50 a.m.,5:42 a.m. (Estimated runway),real_world,typos
599,act_arr_time,12:29 a.m.,12:01 a.m. (Estimated runway),real_world,typos
600,act_arr_time,12:15 a.m.,11:49 p.m. (Estimated runway),real_world,typos
601,act_arr_time,11:50 p.m.,11:35 p.m. (Estimated runway),real_world,typos
608,act_arr_time,5:11 a.m.,,real_world,missing_values
609,act_arr_time,6:40 p.m.,6:40 p.m. (Estimated),real_world,typos
611,act_arr_time,9:20 p.m.,9:19 p.m. (Estimated),real_world,typos
630,act_arr_time,9:32 a.m.,9:22 a.m.,real_world,typos
635,act_arr_time,10:30 p.m.,,real_world,missing_values
640,act_arr_time,6:55 a.m.,,real_world,missing_values
643,act_arr_time,6:28 p.m.,6:25 p.m.,real_world,typos
644,act_arr_time,9:14 a.m.,9:09 a.m.,real_world,typos
646,act_arr_time,1:27 p.m.,1:18 p.m.,real_world,typos
653,act_arr_time,4:47 p.m.,5:00 p.m.,real_world,typos
657,act_arr_time,5:05 p.m.,5:03 p.m.,real_world,typos
660,act_arr_time,11:56 a.m.,11:50 a.m.,real_world,typos
661,act_arr_time,3:30 p.m.,3:19 p.m.,real_world,typos
664,act_arr_time,2:10 p.m.,2:01 p.m.,real_world,typos
666,act_arr_time,1:15 p.m.,1:14 p.m.,real_world,typos
668,act_arr_time,9:52 p.m.,9:38 p.m.,real_world,typos
671,act_arr_time,3:33 p.m.,3:25 p.m.,real_world,typos
672,act_arr_time,10:36 a.m.,10:29 a.m.,real_world,typos
673,act_arr_time,7:25 p.m.,,real_world,missing_values
674,act_arr_time,8:53 p.m.,8:43 p.m.,real_world,typos
675,act_arr_time,12:21 a.m.,,real_world,missing_values
679,act_arr_time,9:31 a.m.,9:29 a.m.,real_world,typos
680,act_arr_time,7:55 p.m.,7:53 p.m.,real_world,typos
681,act_arr_time,6:38 p.m.,6:35 p.m.,real_world,typos
683,act_arr_time,9:53 p.m.,9:49 p.m.,real_world,typos
685,act_arr_time,10:47 a.m.,10:45 a.m.,real_world,typos
688,act_arr_time,2:50 p.m.,2:52 p.m.,real_world,typos
690,act_arr_time,5:50 a.m.,,real_world,missing_values
691,act_arr_time,12:29 a.m.,,real_world,missing_values
692,act_arr_time,12:15 a.m.,,real_world,missing_values
693,act_arr_time,11:50 p.m.,,real_world,missing_values
697,act_arr_time,3:50 p.m.,,real_world,missing_values
700,act_arr_time,5:11 a.m.,,real_world,missing_values
701,act_arr_time,6:40 p.m.,,real_world,missing_values
703,act_arr_time,2:00 p.m.,2:02 p.m.,real_world,typos
704,act_arr_time,9:20 p.m.,9:11 p.m.,real_world,typos
705,act_arr_time,4:44 p.m.,4:24 p.m.,real_world,typos
707,act_arr_time,11:56 a.m.,12:12 p.m.,real_world,typos
708,act_arr_time,3:43 p.m.,3:36 p.m.,real_world,typos
709,act_arr_time,5:43 p.m.,5:34 p.m.,real_world,typos
710,act_arr_time,11:06 a.m.,11:07 a.m.,real_world,typos
712,act_arr_time,11:01 a.m.,11:00 a.m.,real_world,typos
714,act_arr_time,3:13 p.m.,3:01 p.m.,real_world,typos
715,act_arr_time,10:16 a.m.,10:10 a.m.,real_world,typos
717,act_arr_time,8:06 a.m.,7:57 a.m.,real_world,typos
719,act_arr_time,6:15 p.m.,6:09 p.m.,real_world,typos
723,act_arr_time,5:38 p.m.,6:17 p.m.,real_world,typos
724,act_arr_time,12:50 p.m.,12:48 p.m.,real_world,typos
725,act_arr_time,7:40 a.m.,7:32 a.m.,real_world,typos
730,act_arr_time,9:32 a.m.,9:22 a.m.,real_world,typos
731,act_arr_time,10:30 p.m.,10:28 p.m.,real_world,typos
732,act_arr_time,10:29 p.m.,10:22 p.m.,real_world,typos
733,act_arr_time,11:58 a.m.,11:30 a.m.,real_world,typos
734,act_arr_time,9:43 a.m.,9:39 a.m.,real_world,typos
735,act_arr_time,7:25 p.m.,,real_world,missing_values
736,act_arr_time,4:56 p.m.,4:54 p.m.,real_world,typos
737,act_arr_time,11:21 a.m.,11:16 a.m.,real_world,typos
738,act_arr_time,6:55 a.m.,,real_world,missing_values
739,act_arr_time,7:17 a.m.,7:04 a.m.,real_world,typos
740,act_arr_time,5:26 a.m.,5:25 a.m.,real_world,typos
742,act_arr_time,9:45 a.m.,9:29 a.m.,real_world,typos
743,act_arr_time,7:39 p.m.,7:37 p.m.,real_world,typos
744,act_arr_time,1:27 p.m.,1:19 p.m.,real_world,typos
745,act_arr_time,4:09 p.m.,4:08 p.m.,real_world,typos
746,act_arr_time,1:14 p.m.,1:06 p.m.,real_world,typos
747,act_arr_time,9:05 a.m.,8:50 a.m.,real_world,typos
748,act_arr_time,11:01 a.m.,10:58 a.m.,real_world,typos
749,act_arr_time,11:56 a.m.,11:50 a.m.,real_world,typos
750,act_arr_time,8:06 a.m.,7:59 a.m.,real_world,typos
751,act_arr_time,3:30 p.m.,3:13 p.m.,real_world,typos
752,act_arr_time,3:21 p.m.,3:07 p.m.,real_world,typos
753,act_arr_time,2:10 p.m.,1:55 p.m.,real_world,typos
754,act_arr_time,5:42 p.m.,5:22 p.m.,real_world,typos
755,act_arr_time,2:27 p.m.,2:21 p.m.,real_world,typos
756,act_arr_time,2:46 p.m.,2:39 p.m.,real_world,typos
757,act_arr_time,5:34 p.m.,,real_world,missing_values
758,act_arr_time,3:33 p.m.,3:26 p.m.,real_world,typos
759,act_arr_time,10:36 a.m.,10:34 a.m.,real_world,typos
760,act_arr_time,8:53 p.m.,8:38 p.m.,real_world,typos
761,act_arr_time,3:16 p.m.,3:04 p.m.,real_world,typos
762,act_arr_time,12:09 p.m.,12:02 p.m.,real_world,typos
763,act_arr_time,7:51 a.m.,7:49 a.m.,real_world,typos
764,act_arr_time,9:31 a.m.,9:26 a.m.,real_world,typos
765,act_arr_time,7:55 p.m.,7:43 p.m.,real_world,typos
766,act_arr_time,11:06 a.m.,10:43 a.m.,real_world,typos
767,act_arr_time,7:36 p.m.,7:23 p.m.,real_world,typos
768,act_arr_time,9:53 p.m.,9:47 p.m.,real_world,typos
769,act_arr_time,1:40 p.m.,1:36 p.m.,real_world,typos
770,act_arr_time,4:23 p.m.,4:20 p.m.,real_world,typos
771,act_arr_time,4:17 p.m.,4:05 p.m.,real_world,typos
772,act_arr_time,5:50 a.m.,,real_world,missing_values
773,act_arr_time,12:15 a.m.,,real_world,missing_values
774,act_arr_time,11:50 p.m.,,real_world,missing_values
775,act_arr_time,10:04 a.m.,9:45 a.m.,real_world,typos
776,act_arr_time,11:44 a.m.,11:33 a.m.,real_world,typos
778,act_arr_time,3:50 p.m.,,real_world,missing_values
779,act_arr_time,5:11 a.m.,5:24 a.m.,real_world,typos
780,act_arr_time,6:40 p.m.,,real_world,missing_values
781,act_arr_time,11:32 a.m.,11:27 a.m.,real_world,typos
782,act_arr_time,3:43 p.m.,3:36 p.m.,real_world,typos
783,act_arr_time,11:06 a.m.,11:04 a.m.,real_world,typos
784,act_arr_time,12:29 a.m.,,real_world,missing_values
785,act_arr_time,8:45 a.m.,8:33 a.m.,real_world,typos
786,act_arr_time,1:43 p.m.,1:42 p.m.,real_world,typos
787,act_arr_time,3:13 p.m.,2:49 p.m.,real_world,typos
788,act_arr_time,3:14 p.m.,3:12 p.m.,real_world,typos
789,act_arr_time,12:50 p.m.,12:37 p.m.,real_world,typos
790,act_arr_time,7:40 a.m.,7:37 a.m.,real_world,typos
791,act_arr_time,6:19 a.m.,6:13 a.m.,real_world,typos
792,act_arr_time,11:12 a.m.,10:52 a.m.,real_world,typos
793,act_arr_time,2:46 p.m.,2:46P,real_world,typos
794,act_arr_time,10:04 a.m.,10:08A,real_world,typos
795,act_arr_time,7:39 p.m.,7:39P,real_world,typos
796,act_arr_time,9:05 a.m.,9:04A,real_world,typos
797,act_arr_time,11:06 a.m.,11:06A,real_world,typos
798,act_arr_time,3:21 p.m.,,real_world,missing_values
799,act_arr_time,3:30 p.m.,,real_world,missing_values
800,act_arr_time,11:50 p.m.,,real_world,missing_values
801,act_arr_time,4:09 p.m.,,real_world,missing_values
802,act_arr_time,3:04 p.m.,,real_world,missing_values
803,act_arr_time,7:39 p.m.,,real_world,missing_values
804,act_arr_time,10:29 p.m.,Thu  22:25,real_world,typos
805,act_arr_time,5:43 p.m.,Thu  17:40,real_world,typos
806,act_arr_time,7:25 p.m.,Thu  19:33,real_world,typos
807,act_arr_time,7:40 a.m.,Thu  7:31,real_world,typos
808,act_arr_time,6:55 a.m.,Thu  6:50,real_world,typos
809,act_arr_time,9:53 p.m.,,real_world,missing_values
810,act_arr_time,10:36 a.m.,Thu  10:28,real_world,typos
811,act_arr_time,12:09 p.m.,,real_world,missing_values
817,act_arr_time,10:30 p.m.,,real_world,missing_values
822,act_arr_time,6:55 a.m.,,real_world,missing_values
843,act_arr_time,3:30 p.m.,3:20 p.m. (Runway),real_world,typos
850,act_arr_time,9:52 p.m.,8:56 p.m.,real_world,typos
855,act_arr_time,7:25 p.m.,,real_world,missing_values
857,act_arr_time,12:21 a.m.,,real_world,missing_values
872,act_arr_time,5:50 a.m.,,real_world,missing_values
873,act_arr_time,12:29 a.m.,,real_world,missing_values
874,act_arr_time,12:15 a.m.,,real_world,missing_values
875,act_arr_time,11:50 p.m.,,real_world,missing_values
879,act_arr_time,3:50 p.m.,,real_world,missing_values
882,act_arr_time,5:11 a.m.,,real_world,missing_values
883,act_arr_time,6:40 p.m.,,real_world,missing_values
889,act_arr_time,11:56 a.m.,11:45 a.m.,real_world,typos
912,act_arr_time,9:32 a.m.,9:22 a.m.,real_world,typos
913,act_arr_time,7:25 p.m.,7:35 p.m.,real_world,typos
914,act_arr_time,9:43 a.m.,,real_world,missing_values
915,act_arr_time,2:10 p.m.,2:01 p.m.,real_world,typos
916,act_arr_time,7:17 a.m.,,real_world,missing_values
917,act_arr_time,5:26 a.m.,,real_world,missing_values
918,act_arr_time,9:14 a.m.,9:09 a.m.,real_world,typos
919,act_arr_time,1:19 p.m.,,real_world,missing_values
920,act_arr_time,9:45 a.m.,,real_world,missing_values
921,act_arr_time,7:10 p.m.,,real_world,missing_values
922,act_arr_time,9:05 a.m.,9:00 a.m.,real_world,typos
923,act_arr_time,11:56 a.m.,11:50 a.m.,real_world,typos
924,act_arr_time,3:30 p.m.,3:19 p.m.,real_world,typos
926,act_arr_time,3:21 p.m.,3:20 p.m.,real_world,typos
927,act_arr_time,5:26 p.m.,5:09 p.m.,real_world,typos
928,act_arr_time,1:27 p.m.,1:11 p.m.,real_world,typos
929,act_arr_time,2:27 p.m.,2:17 p.m.,real_world,typos
930,act_arr_time,2:46 p.m.,2:36 p.m.,real_world,typos
932,act_arr_time,3:16 p.m.,3:10 p.m.,real_world,typos
933,act_arr_time,12:21 a.m.,12:21 a.m. (Estimated),real_world,typos
934,act_arr_time,12:09 p.m.,,real_world,missing_values
935,act_arr_time,6:38 p.m.,6:36 p.m.,real_world,typos
936,act_arr_time,7:36 p.m.,7:26 p.m.,real_world,typos
937,act_arr_time,9:53 p.m.,,real_world,missing_values
938,act_arr_time,6:34 p.m.,,real_world,missing_values
939,act_arr_time,10:47 a.m.,10:45 a.m.,real_world,typos
940,act_arr_time,3:04 p.m.,2:52 p.m.,real_world,typos
941,act_arr_time,4:23 p.m.,4:18 p.m.,real_world,typos
943,act_arr_time,12:29 a.m.,12:01 a.m. (Estimated runway),real_world,typos
944,act_arr_time,11:50 p.m.,11:35 p.m. (Estimated runway),real_world,typos
945,act_arr_time,11:44 a.m.,11:40 a.m.,real_world,typos
946,act_arr_time,5:42 p.m.,5:28 p.m.,real_world,typos
947,act_arr_time,9:13 a.m.,,real_world,missing_values
948,act_arr_time,5:11 a.m.,,real_world,missing_values
949,act_arr_time,6:40 p.m.,,real_world,missing_values
950,act_arr_time,8:02 a.m.,,real_world,missing_values
951,act_arr_time,2:00 p.m.,2:02 p.m.,real_world,typos
952,act_arr_time,9:20 p.m.,9:19 p.m. (Estimated),real_world,typos
953,act_arr_time,11:56 a.m.,12:10 p.m.,real_world,typos
954,act_arr_time,11:32 a.m.,11:26 a.m.,real_world,typos
955,act_arr_time,11:06 a.m.,11:04 a.m.,real_world,typos
956,act_arr_time,4:47 p.m.,,real_world,missing_values
957,act_arr_time,8:45 a.m.,,real_world,missing_values
958,act_arr_time,1:43 p.m.,1:40 p.m.,real_world,typos
959,act_arr_time,11:01 a.m.,,real_world,missing_values
960,act_arr_time,12:09 p.m.,,real_world,missing_values
961,act_arr_time,1:30 p.m.,1:27 p.m.,real_world,typos
962,act_arr_time,6:43 p.m.,6:36 p.m.,real_world,typos
963,act_arr_time,4:56 p.m.,,real_world,missing_values
964,act_arr_time,6:15 p.m.,,real_world,missing_values
965,act_arr_time,10:56 a.m.,10:47 a.m.,real_world,typos
966,act_arr_time,12:50 p.m.,12:48 p.m.,real_world,typos
968,act_arr_time,11:12 a.m.,11:00 a.m.,real_world,typos
969,act_arr_time,3:14 p.m.,3:09 p.m.,real_world,typos
970,act_arr_time,9:32 a.m.,9:22 a.m.,real_world,typos
971,act_arr_time,7:51 a.m.,7:49 a.m.,real_world,typos
972,act_arr_time,9:31 a.m.,9:26 a.m.,real_world,typos
974,act_arr_time,11:06 a.m.,10:43 a.m.,real_world,typos
975,act_arr_time,5:05 p.m.,4:57 p.m.,real_world,typos
976,act_arr_time,9:43 a.m.,9:44 a.m.,real_world,typos
977,act_arr_time,4:23 p.m.,4:20 p.m.,real_world,typos
978,act_arr_time,3:13 p.m.,2:49 p.m.,real_world,typos
979,act_arr_time,11:50 p.m.,11:35 p.m.,real_world,typos
980,act_arr_time,12:21 a.m.,12:02 a.m.,real_world,typos
981,act_arr_time,8:03 p.m.,7:43 p.m.,real_world,typos
982,act_arr_time,6:15 p.m.,6:11 p.m.,real_world,typos
983,act_arr_time,9:52 p.m.,8:46 p.m.,real_world,typos
984,act_arr_time,10:36 a.m.,10:29 a.m.,real_world,typos
985,act_arr_time,3:33 p.m.,3:26 p.m.,real_world,typos
986,act_arr_time,6:19 a.m.,6:09 a.m.,real_world,typos
987,act_arr_time,11:12 a.m.,10:52 a.m.,real_world,typos
988,act_arr_time,8:53 p.m.,8:38 p.m.,real_world,typos
989,act_arr_time,6:43 p.m.,6:30 p.m.,real_world,typos
994,act_arr_time,10:30 p.m.,10:30 p.m.*,real_world,typos
995,act_arr_time,7:25 p.m.,Not Available,real_world,typos
997,act_arr_time,5:17 p.m.,Contact Airline,real_world,typos
999,act_arr_time,6:55 a.m.,Dec 02 Not Available,real_world,typos
1002,act_arr_time,6:28 p.m.,Contact Airline,real_world,typos
1009,act_arr_time,5:05 p.m.,Contact Airline,real_world,typos
1019,act_arr_time,1:15 p.m.,Contact Airline,real_world,typos
1026,act_arr_time,12:21 a.m.,Dec 02 Contact Airline,real_world,typos
1031,act_arr_time,6:38 p.m.,Contact Airline,real_world,typos
1033,act_arr_time,10:47 a.m.,Contact Airline,real_world,typos
1036,act_arr_time,5:50 a.m.,Dec 02 Not Available,real_world,typos
1037,act_arr_time,12:29 a.m.,Not Available,real_world,typos
1038,act_arr_time,12:15 a.m.,Dec 02 Not Available,real_world,typos
1039,act_arr_time,11:50 p.m.,Not Available,real_world,typos
1044,act_arr_time,3:50 p.m.,Not Available,real_world,typos
1048,act_arr_time,2:00 p.m.,Contact Airline,real_world,typos
1049,act_arr_time,9:20 p.m.,9:19 p.m.*,real_world,typos
1050,act_arr_time,4:44 p.m.,Contact Airline,real_world,typos
1051,act_arr_time,7:10 p.m.,Contact Airline,real_world,typos
1055,act_arr_time,4:47 p.m.,Contact Airline,real_world,typos
1057,act_arr_time,12:09 p.m.,Contact Airline,real_world,typos
1064,act_arr_time,5:38 p.m.,Contact Airline,real_world,typos
1071,act_arr_time,9:32 a.m.,9:22 a.m.,real_world,typos
1076,act_arr_time,10:30 p.m.,,real_world,missing_values
1081,act_arr_time,6:55 a.m.,,real_world,missing_values
1084,act_arr_time,6:28 p.m.,6:25 p.m.,real_world,typos
1085,act_arr_time,9:14 a.m.,9:09 a.m.,real_world,typos
1087,act_arr_time,1:27 p.m.,1:18 p.m.,real_world,typos
1094,act_arr_time,4:47 p.m.,5:00 p.m.,real_world,typos
1098,act_arr_time,5:05 p.m.,5:03 p.m.,real_world,typos
1101,act_arr_time,11:56 a.m.,11:50 a.m.,real_world,typos
1102,act_arr_time,3:30 p.m.,3:19 p.m.,real_world,typos
1105,act_arr_time,2:10 p.m.,2:01 p.m.,real_world,typos
1107,act_arr_time,1:15 p.m.,1:14 p.m.,real_world,typos
1109,act_arr_time,9:52 p.m.,9:38 p.m.,real_world,typos
1112,act_arr_time,3:33 p.m.,3:25 p.m.,real_world,typos
1113,act_arr_time,10:36 a.m.,10:29 a.m.,real_world,typos
1114,act_arr_time,7:25 p.m.,,real_world,missing_values
1115,act_arr_time,8:53 p.m.,8:43 p.m.,real_world,typos
1116,act_arr_time,12:21 a.m.,,real_world,missing_values
1120,act_arr_time,9:31 a.m.,9:29 a.m.,real_world,typos
1121,act_arr_time,7:55 p.m.,7:53 p.m.,real_world,typos
1122,act_arr_time,6:38 p.m.,6:35 p.m.,real_world,typos
1124,act_arr_time,9:53 p.m.,9:49 p.m.,real_world,typos
1126,act_arr_time,10:47 a.m.,10:45 a.m.,real_world,typos
1129,act_arr_time,2:50 p.m.,2:52 p.m.,real_world,typos
1131,act_arr_time,5:50 a.m.,,real_world,missing_values
1132,act_arr_time,12:29 a.m.,,real_world,missing_values
1133,act_arr_time,12:15 a.m.,,real_world,missing_values
1134,act_arr_time,11:50 p.m.,,real_world,missing_values
1138,act_arr_time,3:50 p.m.,,real_world,missing_values
1141,act_arr_time,5:11 a.m.,,real_world,missing_values
1142,act_arr_time,6:40 p.m.,,real_world,missing_values
1144,act_arr_time,2:00 p.m.,2:02 p.m.,real_world,typos
1145,act_arr_time,9:20 p.m.,9:11 p.m.,real_world,typos
1146,act_arr_time,4:44 p.m.,4:24 p.m.,real_world,typos
1148,act_arr_time,11:56 a.m.,12:12 p.m.,real_world,typos
1149,act_arr_time,3:43 p.m.,3:36 p.m.,real_world,typos
1150,act_arr_time,5:43 p.m.,5:34 p.m.,real_world,typos
1151,act_arr_time,11:06 a.m.,11:07 a.m.,real_world,typos
1153,act_arr_time,11:01 a.m.,11:00 a.m.,real_world,typos
1155,act_arr_time,3:13 p.m.,3:01 p.m.,real_world,typos
1156,act_arr_time,10:16 a.m.,10:10 a.m.,real_world,typos
1158,act_arr_time,8:06 a.m.,7:57 a.m.,real_world,typos
1160,act_arr_time,6:15 p.m.,6:09 p.m.,real_world,typos
1164,act_arr_time,5:38 p.m.,6:17 p.m.,real_world,typos
1165,act_arr_time,12:50 p.m.,12:48 p.m.,real_world,typos
1166,act_arr_time,7:40 a.m.,7:32 a.m.,real_world,typos
1171,act_arr_time,9:32 a.m.,,real_world,missing_values
1172,act_arr_time,9:28 a.m.,9:09 a.m.,real_world,typos
1173,act_arr_time,10:29 p.m.,10:23 p.m.,real_world,typos
1174,act_arr_time,9:43 a.m.,,real_world,missing_values
1175,act_arr_time,10:30 p.m.,,real_world,missing_values
1176,act_arr_time,7:17 a.m.,7:10 a.m.,real_world,typos
1177,act_arr_time,9:56 a.m.,9:54 a.m.,real_world,typos
1179,act_arr_time,7:39 p.m.,,real_world,missing_values
1180,act_arr_time,8:03 p.m.,7:55 p.m.,real_world,typos
1181,act_arr_time,9:05 a.m.,9:00 a.m.,real_world,typos
1182,act_arr_time,5:05 p.m.,,real_world,missing_values
1183,act_arr_time,1:40 p.m.,,real_world,missing_values
1184,act_arr_time,11:56 a.m.,11:50 a.m.,real_world,typos
1186,act_arr_time,2:50 p.m.,2:52 p.m.,real_world,typos
1187,act_arr_time,3:21 p.m.,3:20 p.m.,real_world,typos
1188,act_arr_time,1:15 p.m.,1:14 p.m.,real_world,typos
1189,act_arr_time,2:46 p.m.,2:36 p.m.,real_world,typos
1190,act_arr_time,5:34 p.m.,,real_world,missing_values
1192,act_arr_time,8:53 p.m.,,real_world,missing_values
1193,act_arr_time,12:21 a.m.,Not Available,real_world,typos
1194,act_arr_time,7:58 p.m.,7:53 p.m.,real_world,typos
1196,act_arr_time,9:53 p.m.,9:49 p.m.,real_world,typos
1197,act_arr_time,6:34 p.m.,,real_world,missing_values
1199,act_arr_time,4:23 p.m.,,real_world,missing_values
1200,act_arr_time,5:50 a.m.,5:42 a.m. (Estimated runway),real_world,typos
1201,act_arr_time,5:42 p.m.,5:28 p.m.,real_world,typos
1203,act_arr_time,4:59 p.m.,4:55 p.m.,real_world,typos
1204,act_arr_time,8:45 a.m.,8:41 a.m.,real_world,typos
1205,act_arr_time,5:11 a.m.,,real_world,missing_values
1206,act_arr_time,6:40 p.m.,,real_world,missing_values
1207,act_arr_time,2:00 p.m.,2:02 p.m.,real_world,typos
1208,act_arr_time,4:44 p.m.,4:24 p.m.,real_world,typos
1209,act_arr_time,11:56 a.m.,12:10 p.m.,real_world,typos
1211,act_arr_time,11:06 a.m.,11:07 a.m.,real_world,typos
1212,act_arr_time,12:29 a.m.,Not Available,real_world,typos
1213,act_arr_time,1:43 p.m.,,real_world,missing_values
1214,act_arr_time,11:01 a.m.,,real_world,missing_values
1215,act_arr_time,12:09 p.m.,,real_world,missing_values
1218,act_arr_time,6:43 p.m.,6:36 p.m.,real_world,typos
1219,act_arr_time,7:25 p.m.,7:35 p.m.,real_world,typos
1220,act_arr_time,4:56 p.m.,,real_world,missing_values
1221,act_arr_time,6:15 p.m.,,real_world,missing_values
1222,act_arr_time,6:19 a.m.,,real_world,missing_values
1223,act_arr_time,11:12 a.m.,10:49 a.m.,real_world,typos
1224,act_arr_time,9:32 a.m.,9:22 a.m.,real_world,typos
1225,act_arr_time,10:29 p.m.,,real_world,missing_values
1226,act_arr_time,9:28 a.m.,9:14 a.m.,real_world,typos
1227,act_arr_time,11:58 a.m.,11:30 a.m.,real_world,typos
1228,act_arr_time,9:43 a.m.,9:29 a.m.,real_world,typos
1229,act_arr_time,10:30 p.m.,10:31 p.m.,real_world,typos
1230,act_arr_time,5:17 p.m.,5:14 p.m.,real_world,typos
1231,act_arr_time,3:31 p.m.,,real_world,missing_values
1232,act_arr_time,4:56 p.m.,4:54 p.m.,real_world,typos
1233,act_arr_time,11:21 a.m.,11:11 a.m.,real_world,typos
1234,act_arr_time,6:55 a.m.,12/2/11 6:35 a.m.,real_world,format_errors
1235,act_arr_time,7:17 a.m.,7:04 a.m.,real_world,typos
1236,act_arr_time,5:26 a.m.,,real_world,missing_values
1237,act_arr_time,6:28 p.m.,6:25 p.m.,real_world,typos
1238,act_arr_time,9:14 a.m.,,real_world,missing_values
1239,act_arr_time,1:19 p.m.,,real_world,missing_values
1240,act_arr_time,1:27 p.m.,1:11 p.m.,real_world,typos
1242,act_arr_time,9:45 a.m.,9:29 a.m.,real_world,typos
1243,act_arr_time,7:39 p.m.,7:37 p.m.,real_world,typos
1244,act_arr_time,1:40 p.m.,1:36 p.m.,real_world,typos
1245,act_arr_time,7:10 p.m.,,real_world,missing_values
1246,act_arr_time,11:32 a.m.,,real_world,missing_values
1247,act_arr_time,4:47 p.m.,4:43 p.m.,real_world,typos
1248,act_arr_time,4:09 p.m.,4:08 p.m.,real_world,typos
1249,act_arr_time,1:14 p.m.,,real_world,missing_values
1250,act_arr_time,9:05 a.m.,8:50 a.m.,real_world,typos
1251,act_arr_time,5:05 p.m.,5:00 p.m.,real_world,typos
1252,act_arr_time,10:27 a.m.,,real_world,missing_values
1253,act_arr_time,10:56 a.m.,,real_world,missing_values
1254,act_arr_time,11:56 a.m.,11:50 a.m.,real_world,typos
1255,act_arr_time,3:30 p.m.,3:13 p.m.,real_world,typos
1256,act_arr_time,1:30 p.m.,1:23 p.m.,real_world,typos
1257,act_arr_time,3:21 p.m.,3:09 p.m.,real_world,typos
1258,act_arr_time,2:10 p.m.,1:55 p.m.,real_world,typos
1259,act_arr_time,5:42 p.m.,5:22 p.m.,real_world,typos
1260,act_arr_time,1:15 p.m.,1:11 p.m.,real_world,typos
1261,act_arr_time,8:03 p.m.,,real_world,missing_values
1262,act_arr_time,9:52 p.m.,,real_world,missing_values
1263,act_arr_time,2:46 p.m.,2:39 p.m.,real_world,typos
1264,act_arr_time,5:34 p.m.,5:24 p.m.,real_world,typos
1265,act_arr_time,3:33 p.m.,,real_world,missing_values
1266,act_arr_time,10:36 a.m.,10:34 a.m.,real_world,typos
1268,act_arr_time,8:53 p.m.,8:38 p.m.,real_world,typos
1269,act_arr_time,3:16 p.m.,3:04 p.m.,real_world,typos
1270,act_arr_time,12:21 a.m.,,real_world,missing_values
1271,act_arr_time,7:58 p.m.,7:20 p.m.,real_world,typos
1272,act_arr_time,12:09 p.m.,,real_world,missing_values
1273,act_arr_time,7:51 a.m.,7:49 a.m.,real_world,typos
1274,act_arr_time,9:31 a.m.,9:26 a.m.,real_world,typos
1275,act_arr_time,7:55 p.m.,7:43 p.m.,real_world,typos
1276,act_arr_time,11:06 a.m.,10:43 a.m.,real_world,typos
1277,act_arr_time,6:38 p.m.,6:28 p.m.,real_world,typos
1278,act_arr_time,7:36 p.m.,7:23 p.m.,real_world,typos
1279,act_arr_time,9:53 p.m.,9:47 p.m.,real_world,typos
1280,act_arr_time,6:34 p.m.,,real_world,missing_values
1281,act_arr_time,10:47 a.m.,10:43 a.m.,real_world,typos
1282,act_arr_time,3:04 p.m.,2:58 p.m.,real_world,typos
1283,act_arr_time,4:23 p.m.,4:20 p.m.,real_world,typos
1285,act_arr_time,4:17 p.m.,,real_world,missing_values
1286,act_arr_time,5:50 a.m.,5:52 a.m.,real_world,typos
1287,act_arr_time,12:29 a.m.,12/2/11 12:01 a.m.,real_world,format_errors
1288,act_arr_time,12:15 a.m.,11:49 p.m.,real_world,typos
1289,act_arr_time,11:50 p.m.,11:35 p.m.,real_world,typos
1290,act_arr_time,10:04 a.m.,9:45 a.m.,real_world,typos
1291,act_arr_time,11:44 a.m.,11:33 a.m.,real_world,typos
1293,act_arr_time,3:50 p.m.,3:29 p.m.,real_world,typos
1294,act_arr_time,4:59 p.m.,,real_world,missing_values
1295,act_arr_time,8:45 a.m.,8:33 a.m.,real_world,typos
1296,act_arr_time,5:11 a.m.,,real_world,missing_values
1297,act_arr_time,6:40 p.m.,6:19 p.m.,real_world,typos
1298,act_arr_time,8:02 a.m.,7:50 a.m.,real_world,typos
1299,act_arr_time,2:00 p.m.,1:52 p.m.,real_world,typos
1300,act_arr_time,9:20 p.m.,9:12 p.m.,real_world,typos
1301,act_arr_time,4:44 p.m.,4:22 p.m.,real_world,typos
1302,act_arr_time,7:10 p.m.,,real_world,missing_values
1303,act_arr_time,11:56 a.m.,,real_world,missing_values
1304,act_arr_time,3:43 p.m.,3:36 p.m.,real_world,typos
1305,act_arr_time,5:43 p.m.,5:39 p.m.,real_world,typos
1306,act_arr_time,11:06 a.m.,11:04 a.m.,real_world,typos
1307,act_arr_time,1:43 p.m.,1:42 p.m.,real_world,typos
1308,act_arr_time,11:01 a.m.,10:58 a.m.,real_world,typos
1309,act_arr_time,12:09 p.m.,,real_world,missing_values
1310,act_arr_time,3:13 p.m.,2:49 p.m.,real_world,typos
1311,act_arr_time,10:16 a.m.,10:12 a.m.,real_world,typos
1312,act_arr_time,6:43 p.m.,6:30 p.m.,real_world,typos
1313,act_arr_time,8:06 a.m.,7:59 a.m.,real_world,typos
1314,act_arr_time,6:15 p.m.,6:11 p.m.,real_world,typos
1315,act_arr_time,2:27 p.m.,2:21 p.m.,real_world,typos
1316,act_arr_time,5:26 p.m.,,real_world,missing_values
1317,act_arr_time,5:38 p.m.,5:34 p.m.,real_world,typos
1318,act_arr_time,12:50 p.m.,12:37 p.m.,real_world,typos
1319,act_arr_time,7:40 a.m.,7:37 a.m.,real_world,typos
1320,act_arr_time,6:36 p.m.,,real_world,missing_values
1321,act_arr_time,6:19 a.m.,6:15 a.m.,real_world,typos
1322,act_arr_time,11:12 a.m.,10:52 a.m.,real_world,typos
1323,act_arr_time,3:14 p.m.,3:12 p.m.,real_world,typos
1324,act_arr_time,9:32 a.m.,9:32aDec 1,real_world,typos
1325,act_arr_time,10:29 p.m.,10:02 p.m.,real_world,typos
1326,act_arr_time,9:28 a.m.,9:28aDec 1,real_world,typos
1327,act_arr_time,11:58 a.m.,11:58aDec 1,real_world,typos
1328,act_arr_time,9:43 a.m.,,real_world,missing_values
1329,act_arr_time,10:30 p.m.,,real_world,missing_values
1333,act_arr_time,11:21 a.m.,,real_world,missing_values
1334,act_arr_time,6:55 a.m.,,real_world,missing_values
1335,act_arr_time,7:17 a.m.,7:17aDec 1,real_world,typos
1336,act_arr_time,5:26 a.m.,5:26aDec 1,real_world,typos
1338,act_arr_time,9:14 a.m.,,real_world,missing_values
1341,act_arr_time,9:56 a.m.,9:56aDec 1,real_world,typos
1342,act_arr_time,9:45 a.m.,9:45aDec 1,real_world,typos
1346,act_arr_time,11:32 a.m.,11:32aDec 1,real_world,typos
1350,act_arr_time,9:05 a.m.,9:05aDec 1,real_world,typos
1352,act_arr_time,10:27 a.m.,10:27aDec 1,real_world,typos
1353,act_arr_time,10:56 a.m.,10:56aDec 1,real_world,typos
1354,act_arr_time,11:56 a.m.,11:56aDec 1,real_world,typos
1357,act_arr_time,3:21 p.m.,,real_world,missing_values
1362,act_arr_time,9:52 p.m.,,real_world,missing_values
1366,act_arr_time,10:36 a.m.,10:36aDec 1,real_world,typos
1367,act_arr_time,7:25 p.m.,,real_world,missing_values
1369,act_arr_time,12:21 a.m.,,real_world,missing_values
1372,act_arr_time,7:51 a.m.,7:51aDec 1,real_world,typos
1373,act_arr_time,9:31 a.m.,9:31aDec 1,real_world,typos
1379,act_arr_time,10:47 a.m.,10:47aDec 1,real_world,typos
1384,act_arr_time,5:50 a.m.,,real_world,missing_values
1385,act_arr_time,12:29 a.m.,,real_world,missing_values
1386,act_arr_time,12:15 a.m.,,real_world,missing_values
1387,act_arr_time,11:50 p.m.,,real_world,missing_values
1388,act_arr_time,10:04 a.m.,10:04aDec 1,real_world,typos
1389,act_arr_time,11:44 a.m.,11:44aDec 1,real_world,typos
1390,act_arr_time,3:50 p.m.,,real_world,missing_values
1392,act_arr_time,8:45 a.m.,8:45aDec 1,real_world,typos
1393,act_arr_time,5:11 a.m.,,real_world,missing_values
1394,act_arr_time,6:40 p.m.,,real_world,missing_values
1395,act_arr_time,8:02 a.m.,8:02aDec 1,real_world,typos
1397,act_arr_time,9:20 p.m.,,real_world,missing_values
1400,act_arr_time,11:56 a.m.,,real_world,missing_values
1403,act_arr_time,11:06 a.m.,11:06aDec 1,real_world,typos
1405,act_arr_time,11:01 a.m.,11:01aDec 1,real_world,typos
1408,act_arr_time,10:16 a.m.,10:16aDec 1,real_world,typos
1410,act_arr_time,8:06 a.m.,8:06aDec 1,real_world,typos
1414,act_arr_time,11:06 a.m.,11:06aDec 1,real_world,typos
1418,act_arr_time,7:40 a.m.,7:40aDec 1,real_world,typos
1420,act_arr_time,6:19 a.m.,6:19aDec 1,real_world,typos
1421,act_arr_time,11:12 a.m.,11:12aDec 1,real_world,typos
1423,act_arr_time,4:09 p.m.,,real_world,missing_values
1424,act_arr_time,9:13 a.m.,,real_world,missing_values
1425,act_arr_time,3:43 p.m.,,real_world,missing_values
1426,act_arr_time,4:23 p.m.,,real_world,missing_values
1460,act_arr_time,12:29 a.m.,12:01 a.m. (Estimated runway),real_world,typos
1462,act_arr_time,12:15 a.m.,11:49 p.m. (Estimated runway),real_world,typos
1465,act_arr_time,10:30 p.m.,10:30 p.m. (Estimated),real_world,typos
1474,act_arr_time,9:20 p.m.,9:19 p.m. (Estimated),real_world,typos
1480,act_arr_time,12:21 a.m.,12:21 a.m. (Estimated),real_world,typos
1482,act_arr_time,11:58 a.m.,,real_world,missing_values
1483,act_arr_time,6:43 p.m.,,real_world,missing_values
1484,act_arr_time,11:44 a.m.,,real_world,missing_values
1485,act_arr_time,11:12 a.m.,,real_world,missing_values
1486,act_arr_time,5:42 p.m.,,real_world,missing_values
1487,act_arr_time,7:17 a.m.,,real_world,missing_values
1488,act_arr_time,9:32 a.m.,9:22 a.m.,real_world,typos
1489,act_arr_time,10:29 p.m.,,real_world,missing_values
1490,act_arr_time,9:28 a.m.,9:14 a.m.,real_world,typos
1491,act_arr_time,11:58 a.m.,11:30 a.m.,real_world,typos
1492,act_arr_time,9:43 a.m.,9:29 a.m.,real_world,typos
1493,act_arr_time,10:30 p.m.,10:31 p.m.,real_world,typos
1494,act_arr_time,5:17 p.m.,5:14 p.m.,real_world,typos
1495,act_arr_time,3:31 p.m.,,real_world,missing_values
1496,act_arr_time,4:56 p.m.,4:54 p.m.,real_world,typos
1497,act_arr_time,11:21 a.m.,11:11 a.m.,real_world,typos
1498,act_arr_time,6:55 a.m.,12/2/11 6:35 a.m.,real_world,format_errors
1499,act_arr_time,7:17 a.m.,7:04 a.m.,real_world,typos
1500,act_arr_time,5:26 a.m.,,real_world,missing_values
1501,act_arr_time,6:28 p.m.,6:25 p.m.,real_world,typos
1502,act_arr_time,9:14 a.m.,,real_world,missing_values
1503,act_arr_time,1:19 p.m.,,real_world,missing_values
1504,act_arr_time,1:27 p.m.,1:11 p.m.,real_world,typos
1506,act_arr_time,9:45 a.m.,9:29 a.m.,real_world,typos
1507,act_arr_time,7:39 p.m.,7:37 p.m.,real_world,typos
1508,act_arr_time,1:40 p.m.,1:36 p.m.,real_world,typos
1509,act_arr_time,7:10 p.m.,,real_world,missing_values
1510,act_arr_time,11:32 a.m.,,real_world,missing_values
1511,act_arr_time,4:47 p.m.,4:43 p.m.,real_world,typos
1512,act_arr_time,4:09 p.m.,4:08 p.m.,real_world,typos
1513,act_arr_time,1:14 p.m.,,real_world,missing_values
1514,act_arr_time,9:05 a.m.,8:50 a.m.,real_world,typos
1515,act_arr_time,5:05 p.m.,5:00 p.m.,real_world,typos
1516,act_arr_time,10:27 a.m.,,real_world,missing_values
1517,act_arr_time,10:56 a.m.,,real_world,missing_values
1518,act_arr_time,11:56 a.m.,11:50 a.m.,real_world,typos
1519,act_arr_time,3:30 p.m.,3:13 p.m.,real_world,typos
1520,act_arr_time,1:30 p.m.,1:23 p.m.,real_world,typos
1521,act_arr_time,3:21 p.m.,3:09 p.m.,real_world,typos
1522,act_arr_time,2:10 p.m.,1:55 p.m.,real_world,typos
1523,act_arr_time,5:42 p.m.,5:22 p.m.,real_world,typos
1524,act_arr_time,1:15 p.m.,1:11 p.m.,real_world,typos
1525,act_arr_time,8:03 p.m.,,real_world,missing_values
1526,act_arr_time,9:52 p.m.,,real_world,missing_values
1527,act_arr_time,2:46 p.m.,2:39 p.m.,real_world,typos
1528,act_arr_time,5:34 p.m.,5:24 p.m.,real_world,typos
1529,act_arr_time,3:33 p.m.,,real_world,missing_values
1530,act_arr_time,10:36 a.m.,10:34 a.m.,real_world,typos
1532,act_arr_time,8:53 p.m.,8:38 p.m.,real_world,typos
1533,act_arr_time,3:16 p.m.,3:04 p.m.,real_world,typos
1534,act_arr_time,12:21 a.m.,,real_world,missing_values
1535,act_arr_time,7:58 p.m.,7:20 p.m.,real_world,typos
1536,act_arr_time,12:09 p.m.,,real_world,missing_values
1537,act_arr_time,7:51 a.m.,7:49 a.m.,real_world,typos
1538,act_arr_time,9:31 a.m.,9:26 a.m.,real_world,typos
1539,act_arr_time,7:55 p.m.,7:43 p.m.,real_world,typos
1540,act_arr_time,11:06 a.m.,10:43 a.m.,real_world,typos
1541,act_arr_time,6:38 p.m.,6:28 p.m.,real_world,typos
1542,act_arr_time,7:36 p.m.,7:23 p.m.,real_world,typos
1543,act_arr_time,9:53 p.m.,9:47 p.m.,real_world,typos
1544,act_arr_time,6:34 p.m.,,real_world,missing_values
1545,act_arr_time,10:47 a.m.,10:43 a.m.,real_world,typos
1546,act_arr_time,3:04 p.m.,2:58 p.m.,real_world,typos
1547,act_arr_time,4:23 p.m.,4:20 p.m.,real_world,typos
1549,act_arr_time,4:17 p.m.,,real_world,missing_values
1550,act_arr_time,5:50 a.m.,5:52 a.m.,real_world,typos
1551,act_arr_time,12:29 a.m.,12/2/11 12:01 a.m.,real_world,format_errors
1552,act_arr_time,12:15 a.m.,11:49 p.m.,real_world,typos
1553,act_arr_time,11:50 p.m.,11:35 p.m.,real_world,typos
1554,act_arr_time,10:04 a.m.,9:45 a.m.,real_world,typos
1555,act_arr_time,11:44 a.m.,11:33 a.m.,real_world,typos
1557,act_arr_time,3:50 p.m.,3:29 p.m.,real_world,typos
1558,act_arr_time,4:59 p.m.,,real_world,missing_values
1559,act_arr_time,8:45 a.m.,8:33 a.m.,real_world,typos
1560,act_arr_time,5:11 a.m.,,real_world,missing_values
1561,act_arr_time,6:40 p.m.,6:19 p.m.,real_world,typos
1562,act_arr_time,8:02 a.m.,7:50 a.m.,real_world,typos
1563,act_arr_time,2:00 p.m.,1:52 p.m.,real_world,typos
1564,act_arr_time,9:20 p.m.,9:12 p.m.,real_world,typos
1565,act_arr_time,4:44 p.m.,4:22 p.m.,real_world,typos
1566,act_arr_time,7:10 p.m.,,real_world,missing_values
1567,act_arr_time,11:56 a.m.,,real_world,missing_values
1568,act_arr_time,3:43 p.m.,3:36 p.m.,real_world,typos
1569,act_arr_time,5:43 p.m.,5:39 p.m.,real_world,typos
1570,act_arr_time,11:06 a.m.,11:04 a.m.,real_world,typos
1571,act_arr_time,1:43 p.m.,1:42 p.m.,real_world,typos
1572,act_arr_time,11:01 a.m.,10:58 a.m.,real_world,typos
1573,act_arr_time,12:09 p.m.,,real_world,missing_values
1574,act_arr_time,3:13 p.m.,2:49 p.m.,real_world,typos
1575,act_arr_time,10:16 a.m.,10:12 a.m.,real_world,typos
1576,act_arr_time,6:43 p.m.,6:30 p.m.,real_world,typos
1577,act_arr_time,8:06 a.m.,7:59 a.m.,real_world,typos
1578,act_arr_time,6:15 p.m.,6:11 p.m.,real_world,typos
1579,act_arr_time,2:27 p.m.,2:21 p.m.,real_world,typos
1580,act_arr_time,5:26 p.m.,,real_world,missing_values
1581,act_arr_time,5:38 p.m.,5:34 p.m.,real_world,typos
1582,act_arr_time,12:50 p.m.,12:37 p.m.,real_world,typos
1583,act_arr_time,7:40 a.m.,7:37 a.m.,real_world,typos
1584,act_arr_time,6:36 p.m.,,real_world,missing_values
1585,act_arr_time,6:19 a.m.,6:15 a.m.,real_world,typos
1586,act_arr_time,11:12 a.m.,10:52 a.m.,real_world,typos
1587,act_arr_time,3:14 p.m.,3:12 p.m.,real_world,typos
1588,act_arr_time,10:30 p.m.,,real_world,missing_values
1589,act_arr_time,10:29 p.m.,10:02 p.m.,real_world,typos
1590,act_arr_time,9:43 a.m.,,real_world,missing_values
1591,act_arr_time,7:25 p.m.,,real_world,missing_values
1592,act_arr_time,5:17 p.m.,Contact Airline,real_world,typos
1593,act_arr_time,11:21 a.m.,,real_world,missing_values
1594,act_arr_time,6:55 a.m.,,real_world,missing_values
1595,act_arr_time,5:26 a.m.,5:26aDec 1,real_world,typos
1598,act_arr_time,9:45 a.m.,9:45aDec 1,real_world,typos
1601,act_arr_time,9:05 a.m.,9:05aDec 1,real_world,typos
1604,act_arr_time,8:06 a.m.,8:06aDec 1,real_world,typos
1605,act_arr_time,3:21 p.m.,,real_world,missing_values
1609,act_arr_time,9:52 p.m.,,real_world,missing_values
1611,act_arr_time,7:51 a.m.,7:51aDec 1,real_world,typos
1612,act_arr_time,9:31 a.m.,9:31aDec 1,real_world,typos
1614,act_arr_time,11:06 a.m.,11:06aDec 1,real_world,typos
1616,act_arr_time,10:47 a.m.,10:47aDec 1,real_world,typos
1618,act_arr_time,12:29 a.m.,,real_world,missing_values
1619,act_arr_time,12:15 a.m.,Dec 02 Not Available,real_world,typos
1620,act_arr_time,11:50 p.m.,,real_world,missing_values
1621,act_arr_time,10:04 a.m.,10:04aDec 1,real_world,typos
1622,act_arr_time,11:44 a.m.,11:44aDec 1,real_world,typos
1624,act_arr_time,3:50 p.m.,Not Available,real_world,typos
1626,act_arr_time,5:11 a.m.,,real_world,missing_values
1627,act_arr_time,9:20 p.m.,,real_world,missing_values
1632,act_arr_time,11:12 a.m.,11:12aDec 1,real_world,typos
1633,act_arr_time,10:16 a.m.,10:16aDec 1,real_world,typos
1637,act_arr_time,7:40 a.m.,7:40aDec 1,real_world,typos
1638,act_arr_time,9:32 a.m.,,real_world,missing_values
1639,act_arr_time,7:51 a.m.,,real_world,missing_values
1640,act_arr_time,9:31 a.m.,,real_world,missing_values
1641,act_arr_time,3:43 p.m.,,real_world,missing_values
1642,act_arr_time,11:06 a.m.,,real_world,missing_values
1643,act_arr_time,9:53 p.m.,,real_world,missing_values
1644,act_arr_time,7:36 p.m.,,real_world,missing_values
1645,act_arr_time,3:13 p.m.,,real_world,missing_values
1646,act_arr_time,8:53 p.m.,,real_world,missing_values
1647,act_arr_time,8:06 a.m.,,real_world,missing_values
1648,act_arr_time,4:23 p.m.,,real_world,missing_values
1649,act_arr_time,2:50 p.m.,,real_world,missing_values
1650,act_arr_time,6:15 p.m.,,real_world,missing_values
1651,act_arr_time,5:50 a.m.,,real_world,missing_values
1652,act_arr_time,4:56 p.m.,,real_world,missing_values
1653,act_arr_time,2:10 p.m.,,real_world,missing_values
1654,act_arr_time,10:30 p.m.,,real_world,missing_values
1655,act_arr_time,12:50 p.m.,,real_world,missing_values
1656,act_arr_time,5:11 a.m.,,real_world,missing_values
1657,act_arr_time,2:46 p.m.,,real_world,missing_values
1658,act_arr_time,5:34 p.m.,,real_world,missing_values
1659,act_arr_time,10:16 a.m.,,real_world,missing_values
1660,act_arr_time,3:33 p.m.,,real_world,missing_values
1661,act_arr_time,7:58 p.m.,,real_world,missing_values
1662,act_arr_time,9:32 a.m.,9:22 a.m.,real_world,typos
1663,act_arr_time,9:28 a.m.,9:14 a.m.,real_world,typos
1664,act_arr_time,10:29 p.m.,10:24 p.m.,real_world,typos
1665,act_arr_time,9:43 a.m.,9:44 a.m.,real_world,typos
1666,act_arr_time,10:30 p.m.,10:28 p.m.,real_world,typos
1668,act_arr_time,6:28 p.m.,6:23 p.m.,real_world,typos
1669,act_arr_time,9:14 a.m.,9:08 a.m.,real_world,typos
1670,act_arr_time,9:45 a.m.,9:29 a.m.,real_world,typos
1671,act_arr_time,7:39 p.m.,7:37 p.m.,real_world,typos
1672,act_arr_time,1:27 p.m.,1:11 p.m.,real_world,typos
1673,act_arr_time,4:09 p.m.,3:59 p.m.,real_world,typos
1674,act_arr_time,1:14 p.m.,1:07 p.m.,real_world,typos
1675,act_arr_time,9:05 a.m.,8:50 a.m.,real_world,typos
1676,act_arr_time,5:05 p.m.,4:57 p.m.,real_world,typos
1677,act_arr_time,11:01 a.m.,10:58 a.m.,real_world,typos
1678,act_arr_time,11:56 a.m.,11:50 a.m.,real_world,typos
1679,act_arr_time,8:06 a.m.,7:59 a.m.,real_world,typos
1680,act_arr_time,3:30 p.m.,3:13 p.m.,real_world,typos
1681,act_arr_time,7:40 a.m.,7:35 a.m.,real_world,typos
1682,act_arr_time,2:50 p.m.,2:40 p.m.,real_world,typos
1683,act_arr_time,3:21 p.m.,3:07 p.m.,real_world,typos
1684,act_arr_time,5:42 p.m.,5:27 p.m.,real_world,typos
1685,act_arr_time,1:15 p.m.,1:08 p.m.,real_world,typos
1686,act_arr_time,8:03 p.m.,7:43 p.m.,real_world,typos
1687,act_arr_time,11:06 a.m.,10:43 a.m.,real_world,typos
1688,act_arr_time,9:52 p.m.,8:46 p.m.,real_world,typos
1689,act_arr_time,2:27 p.m.,2:21 p.m.,real_world,typos
1690,act_arr_time,2:46 p.m.,2:39 p.m.,real_world,typos
1691,act_arr_time,3:33 p.m.,3:26 p.m.,real_world,typos
1692,act_arr_time,10:36 a.m.,10:29 a.m.,real_world,typos
1694,act_arr_time,8:53 p.m.,8:38 p.m.,real_world,typos
1695,act_arr_time,3:16 p.m.,3:04 p.m.,real_world,typos
1696,act_arr_time,12:21 a.m.,12:02 a.m.,real_world,typos
1697,act_arr_time,12:09 p.m.,12:02 p.m.,real_world,typos
1698,act_arr_time,7:51 a.m.,7:49 a.m.,real_world,typos
1699,act_arr_time,9:31 a.m.,9:26 a.m.,real_world,typos
1700,act_arr_time,7:55 p.m.,7:43 p.m.,real_world,typos
1701,act_arr_time,6:38 p.m.,6:34 p.m.,real_world,typos
1702,act_arr_time,9:53 p.m.,9:47 p.m.,real_world,typos
1703,act_arr_time,3:04 p.m.,2:58 p.m.,real_world,typos
1704,act_arr_time,4:23 p.m.,4:20 p.m.,real_world,typos
1705,act_arr_time,4:17 p.m.,4:06 p.m.,real_world,typos
1706,act_arr_time,12:29 a.m.,12:19 a.m.,real_world,typos
1707,act_arr_time,12:15 a.m.,12:01 a.m.,real_world,typos
1708,act_arr_time,11:50 p.m.,11:35 p.m.,real_world,typos
1709,act_arr_time,10:04 a.m.,9:45 a.m.,real_world,typos
1710,act_arr_time,11:44 a.m.,11:33 a.m.,real_world,typos
1711,act_arr_time,3:50 p.m.,3:40 p.m.,real_world,typos
1712,act_arr_time,5:11 a.m.,5:21 a.m.,real_world,typos
1713,act_arr_time,6:40 p.m.,6:56 p.m.,real_world,typos
1714,act_arr_time,9:20 p.m.,9:11 p.m.,real_world,typos
1715,act_arr_time,3:43 p.m.,3:36 p.m.,real_world,typos
1716,act_arr_time,5:43 p.m.,5:39 p.m.,real_world,typos
1717,act_arr_time,11:06 a.m.,11:04 a.m.,real_world,typos
1718,act_arr_time,1:43 p.m.,1:42 p.m.,real_world,typos
1719,act_arr_time,3:13 p.m.,2:49 p.m.,real_world,typos
1720,act_arr_time,6:43 p.m.,6:30 p.m.,real_world,typos
1721,act_arr_time,6:15 p.m.,6:11 p.m.,real_world,typos
1722,act_arr_time,3:14 p.m.,3:12 p.m.,real_world,typos
1723,act_arr_time,5:38 p.m.,5:34 p.m.,real_world,typos
1724,act_arr_time,12:50 p.m.,12:37 p.m.,real_world,typos
1725,act_arr_time,6:36 p.m.,6:33 p.m.,real_world,typos
1726,act_arr_time,6:19 a.m.,6:09 a.m.,real_world,typos
1727,act_arr_time,11:12 a.m.,10:52 a.m.,real_world,typos
1745,act_arr_time,12:29 a.m.,Fri Dec 2 12:29 a.m.,real_world,typos
1748,act_arr_time,5:11 a.m.,Fri Dec 2 5:11 a.m.,real_world,typos
1764,act_arr_time,10:30 p.m.,,real_world,missing_values
1769,act_arr_time,6:55 a.m.,,real_world,missing_values
1790,act_arr_time,3:30 p.m.,3:20 p.m. (Runway),real_world,typos
1797,act_arr_time,9:52 p.m.,8:56 p.m.,real_world,typos
1802,act_arr_time,7:25 p.m.,,real_world,missing_values
1804,act_arr_time,12:21 a.m.,,real_world,missing_values
1819,act_arr_time,5:50 a.m.,,real_world,missing_values
1820,act_arr_time,12:29 a.m.,,real_world,missing_values
1821,act_arr_time,12:15 a.m.,,real_world,missing_values
1822,act_arr_time,11:50 p.m.,,real_world,missing_values
1826,act_arr_time,3:50 p.m.,,real_world,missing_values
1829,act_arr_time,5:11 a.m.,,real_world,missing_values
1830,act_arr_time,6:40 p.m.,,real_world,missing_values
1836,act_arr_time,11:56 a.m.,11:45 a.m.,real_world,typos
1864,act_arr_time,10:30 p.m.,10:30 p.m. (Estimated),real_world,typos
1866,act_arr_time,7:25 p.m.,7:25 p.m. (Estimated runway),real_world,typos
1869,act_arr_time,6:55 a.m.,6:35 a.m. (Estimated runway),real_world,typos
1890,act_arr_time,3:30 p.m.,3:20 p.m. (runway),real_world,typos
1895,act_arr_time,9:52 p.m.,9:52 p.m. (Estimated),real_world,typos
1904,act_arr_time,12:21 a.m.,12:21 a.m. (Estimated),real_world,typos
1919,act_arr_time,5:50 a.m.,5:42 a.m. (Estimated runway),real_world,typos
1920,act_arr_time,12:29 a.m.,12:01 a.m. (Estimated runway),real_world,typos
1921,act_arr_time,12:15 a.m.,11:49 p.m. (Estimated runway),real_world,typos
1922,act_arr_time,11:50 p.m.,11:35 p.m. (Estimated runway),real_world,typos
1929,act_arr_time,5:11 a.m.,,real_world,missing_values
1930,act_arr_time,6:40 p.m.,6:40 p.m. (Estimated),real_world,typos
1932,act_arr_time,9:20 p.m.,9:19 p.m. (Estimated),real_world,typos
1951,act_arr_time,9:32 a.m.,9:22 a.m.,real_world,typos
1956,act_arr_time,10:30 p.m.,,real_world,missing_values
1961,act_arr_time,6:55 a.m.,,real_world,missing_values
1964,act_arr_time,6:28 p.m.,6:25 p.m.,real_world,typos
1965,act_arr_time,9:14 a.m.,9:09 a.m.,real_world,typos
1967,act_arr_time,1:27 p.m.,1:18 p.m.,real_world,typos
1974,act_arr_time,4:47 p.m.,5:00 p.m.,real_world,typos
1978,act_arr_time,5:05 p.m.,5:03 p.m.,real_world,typos
1981,act_arr_time,11:56 a.m.,11:50 a.m.,real_world,typos
1982,act_arr_time,3:30 p.m.,3:19 p.m.,real_world,typos
1985,act_arr_time,2:10 p.m.,2:01 p.m.,real_world,typos
1987,act_arr_time,1:15 p.m.,1:14 p.m.,real_world,typos
1989,act_arr_time,9:52 p.m.,9:38 p.m.,real_world,typos
1992,act_arr_time,3:33 p.m.,3:25 p.m.,real_world,typos
1993,act_arr_time,10:36 a.m.,10:29 a.m.,real_world,typos
1994,act_arr_time,7:25 p.m.,,real_world,missing_values
1995,act_arr_time,8:53 p.m.,8:43 p.m.,real_world,typos
1996,act_arr_time,12:21 a.m.,,real_world,missing_values
2000,act_arr_time,9:31 a.m.,9:29 a.m.,real_world,typos
2001,act_arr_time,7:55 p.m.,7:53 p.m.,real_world,typos
2002,act_arr_time,6:38 p.m.,6:35 p.m.,real_world,typos
2004,act_arr_time,9:53 p.m.,9:49 p.m.,real_world,typos
2006,act_arr_time,10:47 a.m.,10:45 a.m.,real_world,typos
2009,act_arr_time,2:50 p.m.,2:52 p.m.,real_world,typos
2011,act_arr_time,5:50 a.m.,,real_world,missing_values
2012,act_arr_time,12:29 a.m.,,real_world,missing_values
2013,act_arr_time,12:15 a.m.,,real_world,missing_values
2014,act_arr_time,11:50 p.m.,,real_world,missing_values
2018,act_arr_time,3:50 p.m.,,real_world,missing_values
2021,act_arr_time,5:11 a.m.,,real_world,missing_values
2022,act_arr_time,6:40 p.m.,,real_world,missing_values
2024,act_arr_time,2:00 p.m.,2:02 p.m.,real_world,typos
2025,act_arr_time,9:20 p.m.,9:11 p.m.,real_world,typos
2026,act_arr_time,4:44 p.m.,4:24 p.m.,real_world,typos
2028,act_arr_time,11:56 a.m.,12:12 p.m.,real_world,typos
2029,act_arr_time,3:43 p.m.,3:36 p.m.,real_world,typos
2030,act_arr_time,5:43 p.m.,5:34 p.m.,real_world,typos
2031,act_arr_time,11:06 a.m.,11:07 a.m.,real_world,typos
2033,act_arr_time,11:01 a.m.,11:00 a.m.,real_world,typos
2035,act_arr_time,3:13 p.m.,3:01 p.m.,real_world,typos
2036,act_arr_time,10:16 a.m.,10:10 a.m.,real_world,typos
2038,act_arr_time,8:06 a.m.,7:57 a.m.,real_world,typos
2040,act_arr_time,6:15 p.m.,6:09 p.m.,real_world,typos
2044,act_arr_time,5:38 p.m.,6:17 p.m.,real_world,typos
2045,act_arr_time,12:50 p.m.,12:48 p.m.,real_world,typos
2046,act_arr_time,7:40 a.m.,7:32 a.m.,real_world,typos
2056,act_arr_time,10:30 p.m.,,real_world,missing_values
2061,act_arr_time,6:55 a.m.,,real_world,missing_values
2082,act_arr_time,3:30 p.m.,3:20 p.m. (Runway),real_world,typos
2089,act_arr_time,9:52 p.m.,8:56 p.m.,real_world,typos
2094,act_arr_time,7:25 p.m.,,real_world,missing_values
2096,act_arr_time,12:21 a.m.,,real_world,missing_values
2111,act_arr_time,5:50 a.m.,,real_world,missing_values
2112,act_arr_time,12:29 a.m.,,real_world,missing_values
2113,act_arr_time,12:15 a.m.,,real_world,missing_values
2114,act_arr_time,11:50 p.m.,,real_world,missing_values
2118,act_arr_time,3:50 p.m.,,real_world,missing_values
2121,act_arr_time,5:11 a.m.,,real_world,missing_values
2122,act_arr_time,6:40 p.m.,,real_world,missing_values
2128,act_arr_time,11:56 a.m.,11:45 a.m.,real_world,typos
2151,act_arr_time,3:31 p.m.,,real_world,missing_values
2152,act_arr_time,1:14 p.m.,,real_world,missing_values
2153,act_arr_time,12:15 a.m.,,real_world,missing_values
2154,act_arr_time,7:36 p.m.,,real_world,missing_values
2155,act_arr_time,3:13 p.m.,,real_world,missing_values
2156,act_arr_time,9:32 a.m.,9:22 a.m.,real_world,typos
2161,act_arr_time,10:30 p.m.,,real_world,missing_values
2166,act_arr_time,6:55 a.m.,,real_world,missing_values
2169,act_arr_time,6:28 p.m.,6:25 p.m.,real_world,typos
2170,act_arr_time,9:14 a.m.,9:09 a.m.,real_world,typos
2172,act_arr_time,1:27 p.m.,1:18 p.m.,real_world,typos
2179,act_arr_time,4:47 p.m.,5:00 p.m.,real_world,typos
2183,act_arr_time,5:05 p.m.,5:03 p.m.,real_world,typos
2186,act_arr_time,11:56 a.m.,11:50 a.m.,real_world,typos
2187,act_arr_time,3:30 p.m.,3:19 p.m.,real_world,typos
2190,act_arr_time,2:10 p.m.,2:01 p.m.,real_world,typos
2192,act_arr_time,1:15 p.m.,1:14 p.m.,real_world,typos
2194,act_arr_time,9:52 p.m.,9:38 p.m.,real_world,typos
2197,act_arr_time,3:33 p.m.,3:25 p.m.,real_world,typos
2198,act_arr_time,10:36 a.m.,10:29 a.m.,real_world,typos
2199,act_arr_time,7:25 p.m.,,real_world,missing_values
2200,act_arr_time,8:53 p.m.,8:43 p.m.,real_world,typos
2201,act_arr_time,12:21 a.m.,,real_world,missing_values
2205,act_arr_time,9:31 a.m.,9:29 a.m.,real_world,typos
2206,act_arr_time,7:55 p.m.,7:53 p.m.,real_world,typos
2207,act_arr_time,6:38 p.m.,6:35 p.m.,real_world,typos
2209,act_arr_time,9:53 p.m.,9:49 p.m.,real_world,typos
2211,act_arr_time,10:47 a.m.,10:45 a.m.,real_world,typos
2214,act_arr_time,2:50 p.m.,2:52 p.m.,real_world,typos
2216,act_arr_time,5:50 a.m.,,real_world,missing_values
2217,act_arr_time,12:29 a.m.,,real_world,missing_values
2218,act_arr_time,12:15 a.m.,,real_world,missing_values
2219,act_arr_time,11:50 p.m.,,real_world,missing_values
2223,act_arr_time,3:50 p.m.,,real_world,missing_values
2226,act_arr_time,5:11 a.m.,,real_world,missing_values
2227,act_arr_time,6:40 p.m.,,real_world,missing_values
2229,act_arr_time,2:00 p.m.,2:02 p.m.,real_world,typos
2230,act_arr_time,9:20 p.m.,9:11 p.m.,real_world,typos
2231,act_arr_time,4:44 p.m.,4:24 p.m.,real_world,typos
2233,act_arr_time,11:56 a.m.,12:12 p.m.,real_world,typos
2234,act_arr_time,3:43 p.m.,3:36 p.m.,real_world,typos
2235,act_arr_time,5:43 p.m.,5:34 p.m.,real_world,typos
2236,act_arr_time,11:06 a.m.,11:07 a.m.,real_world,typos
2238,act_arr_time,11:01 a.m.,11:00 a.m.,real_world,typos
2240,act_arr_time,3:13 p.m.,3:01 p.m.,real_world,typos
2241,act_arr_time,10:16 a.m.,10:10 a.m.,real_world,typos
2243,act_arr_time,8:06 a.m.,7:57 a.m.,real_world,typos
2245,act_arr_time,6:15 p.m.,6:09 p.m.,real_world,typos
2249,act_arr_time,5:38 p.m.,6:17 p.m.,real_world,typos
2250,act_arr_time,12:50 p.m.,12:48 p.m.,real_world,typos
2251,act_arr_time,7:40 a.m.,7:32 a.m.,real_world,typos
2256,act_arr_time,9:32 a.m.,9:22 a.m.,real_world,typos
2257,act_arr_time,9:28 a.m.,9:14 a.m.,real_world,typos
2258,act_arr_time,10:29 p.m.,10:24 p.m.,real_world,typos
2259,act_arr_time,9:43 a.m.,9:44 a.m.,real_world,typos
2260,act_arr_time,10:30 p.m.,10:28 p.m.,real_world,typos
2262,act_arr_time,6:28 p.m.,6:23 p.m.,real_world,typos
2263,act_arr_time,9:14 a.m.,9:08 a.m.,real_world,typos
2264,act_arr_time,9:45 a.m.,9:29 a.m.,real_world,typos
2265,act_arr_time,7:39 p.m.,7:37 p.m.,real_world,typos
2266,act_arr_time,1:27 p.m.,1:11 p.m.,real_world,typos
2267,act_arr_time,4:09 p.m.,3:59 p.m.,real_world,typos
2268,act_arr_time,1:14 p.m.,1:07 p.m.,real_world,typos
2269,act_arr_time,9:05 a.m.,8:50 a.m.,real_world,typos
2270,act_arr_time,5:05 p.m.,4:57 p.m.,real_world,typos
2271,act_arr_time,11:01 a.m.,10:58 a.m.,real_world,typos
2272,act_arr_time,11:56 a.m.,11:50 a.m.,real_world,typos
2273,act_arr_time,8:06 a.m.,7:59 a.m.,real_world,typos
2274,act_arr_time,3:30 p.m.,3:13 p.m.,real_world,typos
2275,act_arr_time,7:40 a.m.,7:35 a.m.,real_world,typos
2276,act_arr_time,2:50 p.m.,2:40 p.m.,real_world,typos
2277,act_arr_time,3:21 p.m.,3:07 p.m.,real_world,typos
2278,act_arr_time,5:42 p.m.,5:27 p.m.,real_world,typos
2279,act_arr_time,1:15 p.m.,1:08 p.m.,real_world,typos
2280,act_arr_time,8:03 p.m.,7:43 p.m.,real_world,typos
2281,act_arr_time,11:06 a.m.,10:43 a.m.,real_world,typos
2282,act_arr_time,9:52 p.m.,8:46 p.m.,real_world,typos
2283,act_arr_time,2:27 p.m.,2:21 p.m.,real_world,typos
2284,act_arr_time,2:46 p.m.,2:39 p.m.,real_world,typos
2285,act_arr_time,3:33 p.m.,3:26 p.m.,real_world,typos
2286,act_arr_time,10:36 a.m.,10:29 a.m.,real_world,typos
2288,act_arr_time,8:53 p.m.,8:38 p.m.,real_world,typos
2289,act_arr_time,3:16 p.m.,3:04 p.m.,real_world,typos
2290,act_arr_time,12:21 a.m.,12:02 a.m.,real_world,typos
2291,act_arr_time,12:09 p.m.,12:02 p.m.,real_world,typos
2292,act_arr_time,7:51 a.m.,7:49 a.m.,real_world,typos
2293,act_arr_time,9:31 a.m.,9:26 a.m.,real_world,typos
2294,act_arr_time,7:55 p.m.,7:43 p.m.,real_world,typos
2295,act_arr_time,6:38 p.m.,6:34 p.m.,real_world,typos
2296,act_arr_time,9:53 p.m.,9:47 p.m.,real_world,typos
2297,act_arr_time,3:04 p.m.,2:58 p.m.,real_world,typos
2298,act_arr_time,4:23 p.m.,4:20 p.m.,real_world,typos
2299,act_arr_time,4:17 p.m.,4:06 p.m.,real_world,typos
2300,act_arr_time,12:29 a.m.,12:19 a.m.,real_world,typos
2301,act_arr_time,12:15 a.m.,12:01 a.m.,real_world,typos
2302,act_arr_time,11:50 p.m.,11:35 p.m.,real_world,typos
2303,act_arr_time,10:04 a.m.,9:45 a.m.,real_world,typos
2304,act_arr_time,11:44 a.m.,11:33 a.m.,real_world,typos
2305,act_arr_time,3:50 p.m.,3:40 p.m.,real_world,typos
2306,act_arr_time,5:11 a.m.,5:21 a.m.,real_world,typos
2307,act_arr_time,6:40 p.m.,6:56 p.m.,real_world,typos
2308,act_arr_time,9:20 p.m.,9:11 p.m.,real_world,typos
2309,act_arr_time,3:43 p.m.,3:36 p.m.,real_world,typos
2310,act_arr_time,5:43 p.m.,5:39 p.m.,real_world,typos
2311,act_arr_time,11:06 a.m.,11:04 a.m.,real_world,typos
2312,act_arr_time,1:43 p.m.,1:42 p.m.,real_world,typos
2313,act_arr_time,3:13 p.m.,2:49 p.m.,real_world,typos
2314,act_arr_time,6:43 p.m.,6:30 p.m.,real_world,typos
2315,act_arr_time,6:15 p.m.,6:11 p.m.,real_world,typos
2316,act_arr_time,3:14 p.m.,3:12 p.m.,real_world,typos
2317,act_arr_time,5:38 p.m.,5:34 p.m.,real_world,typos
2318,act_arr_time,12:50 p.m.,12:37 p.m.,real_world,typos
2319,act_arr_time,6:36 p.m.,6:33 p.m.,real_world,typos
2320,act_arr_time,6:19 a.m.,6:09 a.m.,real_world,typos
2321,act_arr_time,11:12 a.m.,10:52 a.m.,real_world,typos
2325,act_arr_time,10:30 p.m.,10:30 p.m. (Estimated),real_world,typos
2326,act_arr_time,7:25 p.m.,7:25 p.m. (Estimated runway),real_world,typos
2327,act_arr_time,12:21 a.m.,12:21 a.m. (Estimated),real_world,typos
2329,act_arr_time,6:55 a.m.,6:35 a.m. (Estimated runway),real_world,typos
2340,act_arr_time,3:30 p.m.,3:20 p.m. (runway),real_world,typos
2356,act_arr_time,5:50 a.m.,5:42 a.m. (Estimated runway),real_world,typos
2357,act_arr_time,12:29 a.m.,12:01 a.m. (Estimated runway),real_world,typos
2358,act_arr_time,12:15 a.m.,11:49 p.m. (Estimated runway),real_world,typos
2359,act_arr_time,11:50 p.m.,11:35 p.m. (Estimated runway),real_world,typos
2363,act_arr_time,3:50 p.m.,3:29 p.m. (Estimated runway),real_world,typos
