row_id,tuple_id,src,flight,sched_dep_time,act_dep_time,sched_arr_time,act_arr_time
0,1,aa,AA-3859-IAH-ORD,7:10 a.m.,7:16 a.m.,9:40 a.m.,9:32 a.m.
1,2,aa,AA-1733-ORD-PHX,7:45 p.m.,7:58 p.m.,  10:30 p.m. ,10:30 p.m.
2,3,aa,NA,6:30 p.m.,6:30 p.m.,7:25 p.m.,7:25 p.m.
3,4,aa, ,6:40 a.m.,6:54 A.m.,9:25 a.m.,9:28 a.m.
4,5,aa,AA-3756-ORD-SLC,12:15 p.m.,12:41 p.m.,2:45 p.m.,2:50 p.m.
5,6,aa,AA-204-LAX-MCO,11:25 p.m.,11:25 p.m.,6:55 a.m.,6:55 a.m.
6,7,aa,AA-3468-CVG-MIA,7:00 a..m.,7:2 5a.m.,9:55 a.m.,9:45 a.m.
7,8,aa, ,4:15 p.m.,4:29 p.m.,7:55 p.m.,7:39 p.m.
8,9,aa,,11:50 a.m.,12:12 p.m.,  3:50 p.m. ,4:09 p.m.
9,10,aa,,6:00 a.m.,6:08 a..m.,9:20 am.,9:05 a.m.
10,11,aa,AA-1886-BOS-MIA,10:45 a.m.,10:55 a.m.,2:20 pm..,1:40 p.m.
11,12,aa,AA-2957-DFW-CVG,7:55 a.mm.,8:04 a.m.,11:05 a.m.,11:01 a.m.
12,13,NA,AA-1664-MIA-ATL,10:15 a.m.,10:18 a.m.,12:10 p.m.,11:56 a.m.
13,14,aa,AA-3979-CVG-ORD,7:30 a.m.,8:04 a.m.,8:00 a.m.,8:06 a.m.
14,15,N/A,AA-1279-DFW-PHX,1:00 p.m.,2:04p.m.,2:35 p.m.,3:30 p.m.
15,16,NA,AA-616-DFW-DTW,9:05 a.m.,10:10 a.m.,12:35 p.m.,1:27 p.m.
16,17,aa,AA-4344-ORD-DTW,11:45 a.m.,12:13 p..m,2:00 p.m.,2:10 P.m.
17,18,aa,AA-2525-DFW-MIA,7:25 a.m.,7:39 a.m.,11:10 a.m.,11:06 a.m.
18,19,aa,,6:45 a.m.,6:577 a.m.,7:45 a.m.,7:40 a.m.
19,20,aa,A,11:35 a.m.,11:52 a.m.,2:25 p.m.,2:27 p.m.
20,21,aa,AA-2050-ORD-MIA,10:40 a.m.,11:05 a.m.,2:45 p.m.,2:46 p.m.
21,22,NA,AA-4330-CVG-ORD,3:35 p.m.,3:36 p.m.,4:00 p.m.,3:33 p.m.
22,23,a,,7:15 a.m.,7:21 a.m.,10:35 a.m.,10:36 a.m.
23,24,aa,A-4307-ORD-DTW,6:45 p.m.,6:55 p.m.,9:10 p.m.,8:53 p.m.
24,25,aa,AA-3-JFK-LAX,12:00 p.m.,12::11 p.m.,3:15 p.m.,3:16 p.m.
25,26,aa,AA-3842-MSP-ORD,6:00 a.m.,6:56 a.m.,7:30 a.m.,7:51 a.m.
26,27,aa, ,7:10 a.m.,7:30 a.m.,9:35 a.m.,9:31 a.m.
27,28,aa,AA-1007-MIAA-PHX,4:55 p.m.,5:08 p.m.,8:05 p.m.,7:55 p.m.
28,29,aa,AA-1221-MCO-ORD,8:00 p.m.,8:23 p.m.,9:45 p.m.,9:53 p.m.
29,30,aa,AA-400-DFW-JFK,10:40 a.m.,11:01 a.m.,2:59 p.m.,3:04 p.m.
30,31,aa,AA-4198-ORD-CLE,10:40 a.m.,10:54 a.m.,12:55 p.m.,12:50 p.m.
31,32,aa,AA-1522-SFO-ORD,11:55 p.m.,11:55 p.m.,5:50 a.m.,5:50 a.m.
32,33,,AA-3823-LAX-DEN,9:00 p.m.,9:00 p.m.,12:15 a.m.,12:15 a.m.
33,34,aa,AA-2312-DFW-DTW,8:2 5p.m.,8:25 p.m.,11:50  p.m.,11:50 p.m.
34,35,aa,NA,6:59 a.m.,7:22 a.m.,10:34 a.m.,10:04 a.m.
35,36,aa,AA-341-MIA-SFO,8:35 a.m.,8:15 a.m.,111:50 a.m.,11:44 a.m.
36,37,aa,AA-649-ORD-SNA,1:30 p.m.,1:30 p.m.,3:50 p.m.,3:50 p.m.
37,38,aa,AA-3063-SLC-LAX,8:20 p.m.,8:39 p.m.,9:20 p.m.,9:20 p.m.
38,39,aa, ,2:35 p.m.,2:44 p.m.,4:05 p.m.,3:43 p.m.
39,40,aa,,2:55 p.m.,3:27 p.m.,5:55 p.m.,5:43 p.m.
40,41,aa,AA-2268-PHX-ORD,7:15 a.m.,7:22 a.m.,11:35 a.m.,11:06 a.m.
41,42,,,12:10 p.m.,12:10 p.m.,2:15 p.m.,1:43 p.m.
42,43,aa,AA-789-ORD-DEN,1:05 p.m.,1:19 p.m.,2:35 p.m.,3:13 p.m.
43,44,aa,AA-415-BOS-ORD,8:35 a.m.,8:56 a.m.,10:40 a.m.,10:16 a.m.
44,45,aa,AA-85-JFK-SFO,3:05 p.m.,3:36 p.m.,6:30 p.m.,6:43 p.m.
45,46,aa,AA-1544-SAN-ORD,11:25 a.m.,11:40 a.m.,5:25 p.m.,4:56 p.m.
46,47,aa,AA-3786-IAH-ORD,4:00 p.m.,4:12 p.m.,6:40 p.m.,6:15 p.m.
47,48,,AA-222-LAX-BOS,7:10 a.m.,7:31 a.m.,  3:30 p.m. ,3:14 p.m.
48,49,aa,AA-3809-PHX-LAX,6:00 a.m.,6:10 a.m.,6:40 a.m.,6:19 a.m.
49,50,Unknown,AA-59-JFK-SFO,7:10 a.m.,7:39 a.m.,10:45 a.m.,11:12 a.m.
50,51,N/A,AA-3859-IAH-ORD,  7:10 a.m. ,7:16 a.m.,9:40 a.m.,9:32 a.m.
51,52,heloflight,,7:00 p.m.,7:14 p.m.,10:15 p.m.,10:29 p.m.
52,53,hhelloflight,AA-518-MIA-JFK,6:40 a.m.,6:54 a.m.,9:25 a.m.,9:28 a.m.
53,54,helloflight,N/A,8:00 a.m.,8:29 a.m.,11:55 a.m.,11:58 a.m.
54,55,helloflight,UA-3925-IAD-OF,8:41 a.m.,8:42 a.m.,9:54 a.m.,9:43 a.m.
55,56,helloflight,AA-1733-ORD-PHX,7:45 p.m.,7:58 p.m.,10:30 p.m.,10:30 p.m.
56,57,helloflight,UA-2830-MCO-CLT,3:27 p.m.,3:27 p.m.,5:05 p.m.,5:17 p.m.
57,58,helloflight,,11:25 a.m.,11:32 a.m.,2::50 p.m.,3:31 p.m.
58,59,,AA-1544-SAN-ORD,11:25 a.m.,111:40 a.m.,5:25 p.m.,4:56 p.m.
59,60,helloflight,UA-5487-SFO-MRY,10:39 a.m.,103:3 a.m.,11:19 am..,11:21 a.m.
60,61,helloflight,AA-204-LAX-MCO,11:25 p.m.,11:25 p.m.,6:55 a.m.,6:55 a.m.
61,62,helloflight,unknown,6:00 a.m.,5:56 a.m.,7:23 a.m.,  7:17 a.m. 
62,63,,,12:30 a.m.,12:41 a.m.,5:35 a.m.,5:26 a.m.
63,64,helloflight,  UA-2726-FLL-PHL ,4:00 p.m.,4:00 p.m.,6:46 p.m.,6:28 p.m.
64,65,helloflight,CO-52-IAH-LAX,7:35 a.m.,7:29 a.m.,9:21 a.m.,9:14 a.m.
65,66,HELLOflight,CO-1090-BOS-IAH,9:45 a.m.,10:19 a.m.,1:16 p.m.,1:19 p.m.
66,67,helloflight,AA-616-DFW-DTW,9:05 a.m.,10:10 a.m.,12:35 p.m.,1:27 p.m.
67,68,helloflight,UA-3515-IAD-MSP,8:15 a.m.,:12 a.m.,10:06 a.m.,9:56 a.m.
68,69,helloflight,,7:00 a.m.,7:25 a.m.,9:55 a.m.,  9:45 a.m. 
69,70,helloflight,AA-484-DFW-MIA,4:15 p.m.,4:29 p.m.,7:55 p.m.,7:39 p.m.
70,71,helloflight,,10:45 a.m.,10:55 a.m.,2:20 p.m.,1:40 p.m.
71,72,,COO-62-IAH-EWR,2:30 p.m.,2:48 p.m.,7:03 .m.,7:10 p.m.
72,73,NA,CO-1561-PHX-IAH,8:05 a.m.,8:00 a.m.,11:35 a.m.,11:32 a.m.
73,74,helloflight,UA-2314-ATL-PHL,2:55 p.m.,2:55 p.m.,5:00 p.m.,4:47 p.m.
74,75,helolflight,AA-446-DFW-PHL,11:50 a.m.,12:12 p.m.,3:50 p.m.,4:09 p.m.
75,76,N/A,N/A,11:40 a.m.,11:56 a.m.,1:17 p.m.,1:14 p.m.
76,77,helloflight,AA-466-iah-mia,6:00 a.m.,6:08 a.m.,9:20 aa.m.,  9:05 a.m. 
77,78,helloflight,UA-3050-PHX-CLT,11:05 a.m.,11:30 a.m.,4:57 p.m.,5:05 p.m.
78,79,HELLoflight,CO-89-IAH-EWR,6:00 a.m.,6:02 a.m.,10:20 a.m.,10:27 a.m.
79,80,helloflight,,8:40 a.m.,8:4 a.m.,10:54 a.m.,10:56 a.m.
80,81,helloflight,AA-1664-MIA-ATL,10:15 a.m.,10:18 a.m.,12:10 pm..,11:56 a.m.
81,82,helloflight,AA-1279-DFW-PHX,1:000 p.m.,2:04 p.m.,2:35 p.m.,3:30 p.m.
82,83,helloflight,UA-854-SFO-IAH,7:53 a.m.,7:49 a.m.,1:39 p.m.,1:30 p.m.
83,84,,UA-382-IAD-LAX,12:30 p.m.,12:35 p.m.,3:19 p.m.,3:21 p.m.
84,85,helloflight,AA-4344-ORD-DTW,11:45 a.m.,12:13 p.m.,2:00 p.m.,2:10 p.m.
85,86,N/A,UA-257-JFK-SFO,2:30 p.m.,2:26 p.m.,6:15 p.m.,5:42 p.m.
86,87,helloflgiht,UA-2945-PHL-CLT,12:00 a..,3:11 a.m.,1:45p .m.,1:15 p.m.
87,88,helloflight,CO-63-EWR-IAH,5:25 p.m.,  5:22 p.m. ,8:22 P.M.,8:03 p.m.
88,89,helloflight,CO-47-IAH-LAX,7:10 p.m.,8:25 p..m,8:56 p.m.,9:52 p.m.
89,90, ,AA-2050-ORD-MIA,10:40 a.m.,11:05 a.m.,2:45 pm.,2:46 p.m.
90,91,helloflight,UA-248-PHX-ORD,12:57 p.m.,1:32 p.m.,5:15 p.m.,5:34 p.m.
91,92,helloflight,AA-4330-CVG-ORD,3:35 p.m.,3:36 p.m.,4:00 p.m.,3:33 p.m.
92,93,helloflight,,:15 a.m.,7:21 a.m.,10:35 a.m.,10:36 a.m.
93,94,  helloflight ,AA-1640-MIA-MCO,6:30 p.m.,6:30 p.m.,7:25 p.m.,7:25 p.m.
94,95,helloflight,N/A,6:45 p.m.,6:55 p.m.,9:10 p.m.,8:53 p.m.
95,96,helloflight,AA-3-JFK-LXA,12:00 p.m.,12:11 p.m.,3:15 p.mm.,31:6 p.m.
96,97,helloflight,NA,7:15 p.m.,7:15 p.m.,12:21 a.m.,12:21 a..m
97,98,helloflight,UA-84-LAX-ORD,1:55 p.m.,2:10 p.m.,7:53 p.m.,7:58 p.m.
98,99,helloflight,NA,9:15 a.m.,  9:14 a.m. ,12:18 P.m.,12:09 p.m.
99,100,helloflight,AA-3842-MSP-ORD,6:00 a.m.,6:56 a.m.,7:30 a.m.,7:51 a.m.
100,101,helloflight,AA-643-MIA-ORD,7:10 a.m.,7:30 a.m.,9:35 a..,9:31 a.m.
101,102,NA, ,4:55 p.m.,5:08 p.m.,8:05 p.m.,7:55 p.m.
102,103,,AA-25525-DFW-MIA,7:25 a.m.,7:39 a.m.,11:10 a.m.,11:06 a.m.
103,104,helloflight, ,3:50 p.m.,4:28 p.m.,6:23 p.m.,6:38 p.m.
104,105,helloflight,AU-938-DEN-ORD,4:16 p.m.,4:15 p.m.,7:35 p.m.,7:36 p.m.
105,106,heloflight,unknown,8:00 p.m.,8:23 p.m.,9:45 p.m.,9:53 p.m.
106,107,helloflight,CO-16-LAX--EWR,10:25 a.m.,10:20 a.m.,6:44 p.m.,6:34 p.m.
107,108,helloflight, ,7:05 a.m.,7:05 a.m.,10:31 a.m.,10:47 a.m.
108,109,helloflight,  AA-400-DFW-JFK ,10:40 a.m.,11:01 a.m.,2:59 p.m.,3:04 p.m.
109,110,helloflight,UA-664-ORD-PHL,1:33p .m.,1:31 p.m.,44:31 p.m.,4:23 p.m.
110,111,helloflight, ,12:15 p.m.,12:41 p.m.,2:45 p.m.,2:50 p.m.
111,112,helloflight,UA-7-EWR-MCO,1:29 p.m.,  1:48 p.m. ,4:17 p.m.,4:17 p.m.
112,113,helloflight,AA-1522-SFO-ORD,11:55 p.m.,11:55 p.m.,5:50 a.m.,5:50 a.m.
113,114,helloflight,UA-233-LAX-JFK,4:25 p.m.,4:225 p.m.,12:29 a.m.,12:29 a.m.
114,115,helloflight,AA-3823-LAX-DEN,9:00 p.m.,9:00 p.m.,12:15 a.m.,  12:15 a.m. 
115,116,helloflight,AA-2312-DFW-DTW,8:25 p.m.,8:25 p.m.,11:50 p.m.,11:50 p.m.
116,117,helloflight,AA-1165-JFK-MIA,6:59 a.m.,7:22 a.m.,10:34 a.m.,10:04 a.m.
117,118,helloflight, ,8:35 a.m.,8:51 a.m.,11:5 0a.m.,11:44 a.m.
118,119,helloflight,UA-3373-IAD-PHL,8:29 a.m.,8:26 a.m.,9:24 a.mm.,913 a.m.
119,120,NA,AA-649-ORD-SNA,1:30 p.m.,1:30 P.M.,3:50 p.m.,3:50 p.m.
120,121,helloflight,CO-1250-MIA-IAH,2:53 p.m.,3:01 p.m.,4:48 p.m.,4:59 p.m.
121,122,helloflight,UA-6273-YYC-SFO,7:35 a.m.,7:27 a.m.,9:443 a.m.,8:45 a.m.
122,123,helloflight,UA-828-SFO-ORD,11:08 p.m.,11:08 p.m.,5:11 a.m.,5:11 a.m.
123,124,NA,CO-4888-IAH-DAL,5:30 p.m.,5:30 p.m.,6:40 p.m.,6:40 p.m.
124,125,helloflight,UA-858-PVG-SFO,1:45 p.m.,1:32 p.m.,8:27 a.m.,8:02 A.m.
125,126,helloflighht,,  11:15 a.m. ,11:15 a.m.,1:40 p.m.,2:00 p.m.
126,127,helloflight,N/A,8:20 p.m.,  8:39 p.m. ,9:20 p.m.,9:20 p.m.
127,128,helloflight,  UA-2708-EWR-CLT ,2:55 pp.m.,2:55 p.m.,4:53 p.m.,4:44 p.m.
128,129,helloflight,UA-62-IAH-EWR,2:30 p.m.,2:48 p.m.,7:03 p.m.,7:10 p.m.
129,130,HELLOFlight,,8:55 a.m.,9:16 a.m.,11:45 a.m.,11:56 a.m.
130,131,helloflight,AA-3804-PHL-ORD,2:35 p.m.,2:44 p.m.,4:05 p.m.,3:43 p.m.
131,132,helloflight,AA-1917-JFK-MCCO,2:55 p.m.,3:27 p.m.,5:55 p.m.,5:43 p.m.
132,133,N/A,AA-2268-PHX-ORD,7:15 a.m.,7:22 a..,11:35 a.m.,11:06 a.m.
133,134,helloflight,AA-4277-CVG-JFK,12:10 p.m.,12:10 p.m.,2:15 p.m.,1:43 p.m.
134,135,helloflight,AA-2957-DFW-CVG,75:5 a.m.,8::04 a.m.,11::05 a.m.,11:01 a.m.
135,136,helloflight,UA-37-EDI-EWR,9:05 a.m.,8:552 a.m.,11:53 a.m.,12:09 p.m.
136,137,helloflight,AA-789-ORD-DEN,1:05 p.m.,1:19 p.m.,2:35 p.m.,3:13 p.m.
137,138,helloflight,AA-415-BOS-ORD,8:35 a.m.,8:56 a.m.,10:40 a.m.,10:16 a.m.
138,139,helloflght,AA-85-JFK-SFO,3:05 p.m.,3:3 6p.m.,6:30 p.m.,66:43 p.m.
139,140,helloflight,AA-3979-CVG-ORD,7:30 a.m.,8:04 a.m.,8:0 0a.m.,8:06 a.m.
140,141,helloflight,AA-3786-IAH-ORD,4:00 p.m.,  4:12 p.m. ,6:40 p.m.,6:15 p.m.
141,142,NA,AA-271-MIA-LAX,11:35 a.m.,11:52 a.m.,2:25 p.m.,2:27 p.m.
142,143,helloflight,CO-50-CLE-EWR,2:55 p.m.,3:31 p.m.,4:49p.m.,5:26 p.m.
143,144,helloflight,UA-3099-PHX-PHL,11:55 a.m.,11:55 a.m.,  6:17 p.m. ,5:38 p.m.
144,145,helloflight,AA-4198-ORD-CLE,10:40 a.m.,10:54 a.m.,12:55 p.m.,12:50 p.m.
145,146,helloflight, ,6:54 a.m.,6:57 a.m.,7:45 a.m.,7:40a.m.
146,147,helloflight,CO-45-EWR-MIA,4:00 p.m.,3:558 p.m.,7:05 p.m.,6:36 pm.
147,148,  helloflight ,AA-3809-PHX-LAX,6:00 a.m.,6:10 a.m.,6:40 a.m.,6:19 a.m.
148,149,helloflight,AA-59-JFK-SFO,7:10 a.m.,7:39 a.m.,  10:45 a.m. ,11:12 a.m.
149,150,helloflight,AA-222-LAX-BOS,7:10 a.m.,7:31 a.m.,3:30 p.m.,3:14 p.m.
150,151,N/A,AA-3859-IAH-ORD,7:10 a.m.,7:16 a.m.,9:40 a.m.,9:32a.m.
151,152,boston,CO-1586-IAH-MCO,7:00 p.m.,7:14 p.m.,10:15 p.m.,10:29 p.m.
152,153,boston,,6:40 a.m.,:654 a.m.,9:25 a.m.,9:28 a.m.
153,154,boston,UA-397-JFK-Sfo,8:00 a.m.,8:29 a.m.,11:55 a.m.,11:588 a.m.
154,155, ,UA-3925-IAD-ORF,8:41 a.m.,8:42 a.m.,9:54 a.m.,9:43 a.m.
155,156,boston,AA-1733-ORD-PHX,7:45 p.m.,7:58 p.m.,10:30 p.m.,10:30 p.m.
156,157,boston,AA-3-JFK-LAX,12:00 p.m.,  12:11 p.m. ,3:15 p.m.,3:16 p.m.
157,158,bston,UA-2830-MCO-CLT,3:27 p.m.,3:27 p.m.,5:05 p.m.,5:17 p..m
158,159,boston,CO-58-DEN-IAH,11:25 a.m.,11:32 a.m.,2:50 p.m.,3:31 p.m.
159,160,boston,UA-5487-SFO-MRY,10:39 a.m.,10:33 am.,11:19 a.m.,11:21 a.m.
160,161, ,AA-204-LAX-MCO,11:25 p.m.,11:25 p.m.,6:55 a.m.,6:55 a.m.
161,162,boston,N/A,6:00 a.m.,5:56 a.m.,7:23 a.m.,7:17 a.m.
162,163,boston, ,12:30 a.m.,12:41 a.m.,5:35 a.m.,5:26 a.m.
163,164,N/A,U-2726-FLL-PHL,4:00 pp.m.,4:00 p.m.,6:46 p.m.,6:28 p.m.
164,165,boston,CO-52-IAH-Lax,7:35 a.m.,7:29 a.m.,9:21 a.m.,9:14 a.m.
165,166,boston,N/A,9:45 a.m.,10:19 a.m.,  1:16 p.m. ,1:19 p..m.
166,167,boston,AA-616-DFW-DTW,9:05 a.m.,10:100 a.m.,12:35 pp.m.,1:27 p.m.
167,168,unknown,UA-3515-IAD-msp,8:15 a.m.,8:12 a.m.,10:06 a.m.,9:56 a.m.
168,169,obston,AA-3468-CVG-MIA,7:00 a.m.,7:25 a.m.,9:55 A.m.,9:45 a.m.
169,170, ,AA-484-DFW-MIA,4:15 p.m.,4:29 p.m.,  7:55 p.m. ,7:39 p.m.
170,171,boston,AA-1886-BOS-MIA,10:45 aa.m.,10:55 a.m.,2:20 p.m.,1:40 p.m.
171,172,boston,CO-62-IAH-EWR,2:30 p.m.,2:48 p.m.,7:03 p.m.,7:10 p.m.
172,173,bosotn,CO-1561-PHX-IAH,8:05 a.m.,8:00 a.m.,11:35 a.m.,11:32 a.m.
173,174,boston,UA-2314-ATL-PHL,2:55 p.m.,2:55 p.m.,5:00 p.m.,4:47 p.m.
174,175,boston,AA-446-DFW-PHL,11:50 A.M.,12:12 p.m.,3:50 p.m.,4:09 p.m.
175,176,botson,CO-1023-IAH-DEN,11:40 a.m.,11:56 a.m.,1:17 p.m.,1:14 p.m.
176,177,boston,AA-466-IAH-MIA,6:00 a.m.,6:08 a.m.,:20 a.m.,9:05 a.m.
177,178,boston,UA-3050-PHX-CLT,11:05 a.m.,11:30 a.m.,4:57 p.m.,5:05 p.m.
178,179,,CO-89-IAH-EWR,6:00 a.m.,6:02 a.m.,10:20 a.m.,10:27 a.m.
179,180,,unknown,8:40 a.m.,8:40 a.m.,10:54 a.m.,10:56 a.m.
180,181,,,10:15 a.m.,10:18 a.m.,12:10 p.m.,11:56 a.m.
181,182,N/A,Aa-1279-dfw-phx,1:00 p.m.,2:04 p.m.,2:35 p.m.,3:30 p.m.
182,183,boston,UA-854-SFOIAH,7:53 a.m.,7:49 a.m.,1:39 p.m.,1:30 p.m.
183,184,,UA-382-IAD-LAX,12:30 p.m.,12:35 p.m.,3:19 p.m.,3:21 p.m.
184,185,,AA-4344-ORD-DTW,11:45 a.m.,12:13 p.m.,2:00 p.m.,2:10 p.m.
185,186,boston,UA-257-JFK-SFO,2:30 p.m.,2:26 p.m.,6:15 pm..,5:42 p.m.
186,187, ,UA-2945-PHL-CLT,12:00 a.m.,3:11 a.m.,1:45 p.m.,1:15 p.m.
187,188,boston,CO-63-EWR-IAH,5:25 p.m.,:22 p.m.,8:22 p.m.,8:03 p.m.
188,189,bston,CO-47-IAH-LAX,7:10 p.m.,  8:25 p.m. ,8:56 p.m.,9:52 p.m.
189,190,NA/,AA-2050-ORD-MIA,10:40 a.m.,11:05 a.m.,2:45 p.m.,2:46 p.m.
190,191,boston,,12:57 p.m.,1:32 p.m.,5:15 p.m.,534 p.m.
191,192,boston,AA-4330-CVG-ORD,3:35 p.m.,3:36 p.m.,4:00 p.m.,3:33 p.m.
192,193,boton,,7:15 a.m.,7:21 a.m.,10:35 a.m.,10:36  a.m.
193,194, ,AA-1640-MIA-MCO,6:30 p.m.,6:30 p.m.,7:25 p.m.,7:25 p.m.
194,195,boston,,6:45 p.m.,6:55 p.m.,9:10 p.m.,  8:53 p.m. 
195,196,bosston,NA,7:15 p.m.,7:15 p.m.,12:21 a.m.,12:21 aa.m.
196,197,,UA-843-LAX-ORD,1:55 p.m.,2:10 p.m.,7:53 p.m.,7:58 p.m.
197,198,boston,CO-1193-EWRM-CO,9:15 a.m.,9:14 a.m.,12:18 p.m.,  12:09 p.m. 
198,199,boston,,6:00 a.m.,6:56 a.m.,7:30 a.m.,7:51 a.m.
199,200,boston,AA-643-MIA-ORD,7:10a.m.,7:30 a.m.,9:35 a.m.,9:31 a.m.
200,201,boston,AA-1007-MIA-PHX,4:55 p.m.,5:08 P.M.,8:05 p.m.,7:55 p.m.
201,202,boston,UA-2906-PHL-MCO,  3:50 p.m. ,4:28 p.m.,6:23 p.m.,6:38 p.m.
202,203,botson,UA-938-DEN-ORD,4:16 p.m.,4:15 p.m.,7:35 p.m.,7:36 p.m.
203,204,N/A,NA,8:00 p.m.,8:23 p.m.,9:45 p.m.,9:53 p.m.
204,205,NA,CO-16-LAX-EWR,0:25 a.m.,10:20 a.m.,6:44 .pm.,6:34 p.m.
205,206,N/A,N//A,7:05 a.m.,7:05 a.m.,10:31 a.m.,10:47 a..
206,207,boston,AA-400-DFW-JFK,10:40 a.m.,11:01 a.m.,2:599 p.m.,3:04 p.m.
207,208,boston,UA-664-ord-phl,1:33 p.m.,1:31 p.m.,4:31 p.m.,4:23 p.m.
208,209,boston,AA-3756-ORD-SLC,12:15 p.m.,12:41 P.m.,  2:45 p.m. ,2:50 p.m.
209,210,boston,UA-37-EWR-MCO,1:29 p.m.,1:48 p.m.,4:17 p.m.,4:17 p.m.
210,211,boston,AA-1522-SFO-ORD,11:55 p.m.,11:55 p.m.,5:50 a.m.,5:500 a.m.
211,212,boston,UA-233-LAX-JFK,4:25 p.m.,4:25 p.m.,12:29 a.m.,12:29 a.m.
212,213,BOSTOn,AA-3823-LAX-DEN,9:00 p.m.,9:00 p.m.,12:15 a.m.,  12:15 a.m. 
213,214,bsoton,AA-2312-DFW-DTW,8:25 p.m.,82:5 p.m.,11:50 pm.,11:50 p.m.
214,215,obston,AA-1165-JFK-MIA,6:59 a.m.,7:22 a.m.,10:34 a.m.,10:04 a.m.
215,216,unknown,AA-431-MIA-SFO,8:35 a.m.,8:51 a.m.,11:50 a.m.,11:44 a.m.
216,217,boston,N/A,8:29 a.m.,8:26 a.m.,9:24 a.m.,9:13 a.m.
217,218,boston,AA-649-ORD-SNA,1:30 p.m.,1:30 p.m.,3:50 p.m.,3:50 p.m.
218,219,boston,,2:53 p.m.,3:01 p.m.,4:48 p.m.,4:59 p.m.
219,220,N/A,unknown,7:35 a.m.,7:27 a.m.,9:43 a.m.,8:45 a.m.
220,221,boston,UA-828-SFO-ORD,11:08 p.m.,110:8 p.m.,5:11 a.m.,5:11 a.m.
221,222,boston, ,5:30 p.m.,5:30 p.m.,6:40 p.m.,6:40 p.m.
222,223,boston,N/A,1:45 p.m.,1:2 p.m.,8:27 a.m.,8:02 a.m.
223,224,,  UA-2704-DTW-PHX ,11:15 a.m.,11:15 a.m.,1:40 p.m.,2:00 p.m.
224,225,bboston,N/A,8:20 p..m.,8:39 p.m.,9:20 p.m.,9:20 p.m.
225,226,boston,  UA-2708-EWR-CLT ,2:55 p.m.,2:55 p.m.,4:53 p.m.,4:44 p.m.
226,227,boston,UA-62-iah-ewr,2:30 P.M.,2:48 p.m.,7:03 p.m.,7:10 P.m.
227,228,boston,UA1-500-IAH-GUA,8:555 a.m.,9:16 a.m.,11:45 a.m.,11:56 a.m.
228,229,boston,AA-3804-PHL-ORD,2:35 p.m.,2:44 p.m.,4:05 P.m.,3:43 p.m.
229,230,boston,AA-1917-JFK-MCO,2:55 p.m.,3:27 p.m.,5:55 p.m.,5:43 p..m
230,231,bostno,,7:15 a.m.,7:22 a.m.,11:35 a.m.,11:06 a.m.
231,232,N/A,AA-4277-CVG-JFK,2:10 p.m.,12:10 p.m.,2:15 p.m.,1:43 p.m.
232,233,boston, ,7:5 a.m.,8:04 a.m.,11:05 a.m.,11:01 a.m.
233,234,boson,U-A37-EDI-EWR,9:05 a.m.,8:52 a.m.,11:53 a.m.,12:09 p.m.
234,235,boston,  AA-789-ORD-DEN ,1:05 p.m.,11:9 p.m.,2:35 p.m.,3:13 p.m.
235,236,boston,AA-415-BOS-ORD,8:35 a.m.,8:56 a.m.,10:40 a.m.,10:16 a.m.
236,237,boston,,3:05 p.m.,  3:36 p.m. ,6:30 p..,6:43 p.m.
237,238,boston,AA-3979-CVG-ORD,7:30 a.m.,8:04 a.m.,8:00 a.m.,8:06 a.mm.
238,239,boston,AA-1544-SAN-ORD,11:25 a.m.,11:40 a.m.,5:25 p.m.,4:56 p.m.
239,240,unknown,AA-3786-IAH-ORD,4:00 p.m.,4:12 p.m.,6:40 p.m.,6:15 p.m.
240,241,NA,AA-271-MIA-LAX,11:35 a.m.,11:52 a.m.,2:25 p.m.,2:27 p.m.
241,242,boston,AA-2525-DFW-MIA,7:25 a.m.,7:39 a..m,11:10 a.m.,11:06 a.m.
242,243,boton, ,2:55 p.m.,3:31 p.m.,4:49 p.m.,5:26 p..
243,244,boston,UA-3099-PHX-PHL,11:55 a.m.,11:55 a.m.,6:17 p.m.,5:38 p.m.
244,245,boston,AA-4198-ord-cle,10:40 a.m.,10:54 a..m,1255 p.m.,12:50 p.m.
245,246,N/A,AA-404-MIA-MCO,6:45 a.m.,6:57 a.m.,7:45 a.m.,7:40 a.m.
246,247,boston,CO-45-EWR-MIA,4:00 p.m.,3:58 p.m.,7:05 p.m.,6:36 p.m.
247,248,unknown,AA-3809-PHX-LAX,6:00 a.m.,6:10 a.m.,6:40 a.m.,6:19 a.m.
248,249,boston,,7:10 a.m.,7:93 a.m.,10:45 a.m.,11:12 a.m.
249,250,BOSton,AA-222-LAX-BOS,7:10 a.m.,7:31 a.m.,3:30 p.m.,3:14 p.m.
250,251, ,AA-3859-IAH-ORD,7:1 0a.m.,7:16 a.m.,9:40 a.m.,9:32 a.m.
251,252,weather,AA-518-MAI-JFK,6:40 a.m.,6:54 a.m.,9:25 a.m.,9:28 a.m.
252,253,weather,UA-397-JFK-SFO,8:00 a.m.,8:29 a.m.,11:55 a.m.,11:58 a.m.
253,254,weather,NA,8:41 a.m.,8:42 a.m.,9:54 a.m.,9:43 a.m.
254,255,weather,NA,7:45 p.m.,7:58 p.m.,10:30 p.m.,10:30 p.m.
255,256,weather,AA-1640-MIA-MCO,6:30 p.m.,6:30 p.m.,7:25 p.m.,7:25 p.m.
256,257,NA,UA-2830-MCO-Clt,3:27 p.m.,3:27 p.m.,5:05 p.m.,5:17 p.m.
257,258,weather,  CO-58-DEN-IAH ,  11:25 a.m. ,11:32 a.m.,2:500 p.m.,3:31 p.m.
258,259,weeather,N/A,11:25 a.m.,11:40 a.m.,  5:25 p.m. ,4:56 p.m.
259,260,,UA-5487-SFO-MRY,10:39 a.m.,10:33 a.m.,  11:19 a.m. ,11:21 a.m.
260,261,weather,N/A,11:25 p.m.,11:25 p.m.,6:55 a.m.,6:55 a.m.
261,262,weather,UA--414-LAX-SFO,6:00 a.m.,5:56 a.m.,7:23 a.m.,7:17 a.m.
262,263,,  AA-3756-ORD-SLC ,12:15 p.m.,12:41 p.m.,2:45 p.m.,2:50 p.m.
263,264,,unknown,4:00 p.m.,4:00 p.m.,6:46 p..m.,6:28 p.m.
264,265,weather,CO-1090-BOS-IAH,9:45 am..,10:19 a.m.,1:116 p.m.,1:19 p.m.
265,266,weather,AA-346-CVG-MIA,7:00 a.m.,7:25 a.m.,9:55 a.m.,9:45 a.m.
266,267,weather,UA-3515-IAD-MSP,  8:15 a.m. ,8:12 a.m.,10:06 a.m.,9:56 a.m.
267,268,weather,N/A,4:15 p.m.,4:29 p.m.,7:555 p.m.,7:39 p.m.
268,269,WEather,unknown,2:30 p.m.,2:48 p.m.,7:03 p.m.,7:10 p.m.
269,270,weather,AA-446-DFW-PHL,11:50 a.m.,12:12 p.m.,3:50 p.m.,4:09  p.m.
270,271,unknown,  AA-466-IAH-MIA ,6:00 a.m.,6:08 a.m.,9:20 a.m.,9:05 a.m.
271,272,ewather,UA-3050-PHX-CLT,11:05 a.m.,11:30 a.m.,4:57 p.m.,5:05 p.m.
272,273,weather,CO-89-IAH-EWR,6:00 a.m.,6:02 a.m.,10:20 a.m.,10:27 a.m.
273,274,WEather,CO-1088-CLE-IAH,8:40 a.m.,8:40 a.m.,10:54 a.m.,10:56 a.m.
274,275,WEAther,AA-1886-BOS-MIA,1:045 a.m.,10:55 a.m.,2:20 p.m.,1:40 p.m.
275,276,weather,AA-1664-MIA-ATL,10:15 a.m.,10:18 .am.,12:10 p.m.,11:56 a.m.
276,277,weather,AA-3979-CVG-ORD,7:30 .m.,8:04a.m.,8:00 a.m.,8:06 a.mm.
277,278,weather,,1:00 p.m.,2:04 p.m.,2:35 p.m.,3:30 pm.
278,279,weather,CO-1614-LAX-IAH,12:30 am.,12:41 a.m.,5:35 a.m.,5:26 .am.
279,280,unknown,AA-616-DFW-DTW,9:05 a.m.,10:10 a.m.,12:35 p.m.,1:27 p.m.
280,281,, ,11:45 a.m.,12:13 pm.,2:00 p.m.,2:10 p.m.
281,282,weather,UA-2945-PHL-CLT,12:00 a.m.,3:11 a.m.,1:45 p.m.,1:15 p.m.
282,283,  N/A ,AA-2525-DFW-MIA,7:25 a.m.,7:39 a.m.,  11:10 a.m. ,11:06 am..
283,284,weather,NNA,11:35 a.m.,11:52 a.m.,2:25 p.m.,2:27  p.m.
284,285,weather,AA-2050-ORD-MIA,10:40 a.m.,11:05 a.m.,2:45 p.m.,22:46 p.m.
285,286,weather,AA-1434-DFW-MCO,7:15 a.m.,7:21 a.m.,10:35 a.m.,10:36 a.m.
286,287,weather,CO-1561-PHX-IH,8:05 a.m.,8:00 a.m.,11:35 a.m.,11:32 a.m.
287,288,weather,AA-4307-ORD-DTW,6:45p.m.,6:55 p.m.,9:10 p.m.,8:53 p.m.
288,289,weather,AA-3-JFK-LAX,12:00 p.m.,12:11 p.m.,3:15 p.m.,3:16 P.m.
289,290,,CO-1694-LAX-IAH,7:15 p.m.,7:5 p.m.,12:21 a.m.,12:221 a.m.
290,291,weather,UA-843-LAX-ORD,1:55 p.m.,2:10 p.m.,7:53 p.m.,7:58 p.m.
291,292,weather,CO-1193-EWR-MCO,9:15 a.m.,9:14 am.,12:18 p.m.,12:09 p.m.
292,293,wether,,6:00 a.m.,6:56 a.m.,7:30 a.m.,751 a.m.
293,294,weather,AA-643-MIA-ORD,7:10 a.m.,7:30 a.m.,9:35 a.m.,9:31 a.m.
294,295,weather,  UA-2906-PHL-MCO ,3:50 p.m.,4:28 p.m.,6:23 p.m.,6:38 pp.m.
295,296,weaather,N/A,4:16 p.m.,4:15 p.m.,7:35 p.m.,7:36 p.m.
296,297,weather,unknown,8:00 p.m.,8:23 p.m.,9:45 p.m.,9:53 p.m.
297,298,weather,CO-16-LAX-EWR,10:25 a.m.,10:20 a.m.,6:44 p.m.,6:34 p.m.
298,299,weather,UA-255-DFW-CLT,7:05 a.m.,7:05 a.m.,10:31 a.m.,10:47 a.m.
299,300,weather,AA-400-DFW-JFK,10:40 a.m.,11:01 a.m.,2:59 p.m.,3:04 p.m.
300,301,N/A,NA,1:33 p.m.,1:31 p.m.,4:31 p.m.,4:23 p.m.
301,302,weather,N/A,11:55 pm..,11:55 p.m.,  5:50 a.m. ,5:50 a.m.
302,303,,UA-233-LAX-JFK,  4:25 p.m. ,4:25 p.m.,12:29 a.m.,12:29 a.m.
303,304,weather,AA-3823--LAX-DEN,9:00 p.m.,9:00 p.m.,  12:15 a.m. ,1215 a.m.
304,305,weather,,8:25 p.m.,8:25 p.m.,1:50 p.m.,11:50 p.m.
305,306,,AA-1165-JFK-MIA,  6:59 a.m. ,7:22 a.m.,  10:34 a.m. ,10:04 a.m.
306,307,N/A,AA-431-MIA-SFO,  8:35 a.m. ,8:51 a.m.,11:50 a.m.,11:44 a.m.
307,308,weather,UA-257J-FK-SFO,2:30 p.m.,2:26 p.m.,6:15 p.m.,5:42 p.m.
308,309,weather,NA,8:29 a.m.,8:26 a.m.,9:24 a.m.,9:13 a.m.
309,310,NA,NA,1:30 p.m.,1:30 p..m,3:50 p.m.,3:50 p.m.
310,311,weather, ,2:53 p..m,3:01 p.m.,4:48 p.m.,4:59 p.m.
311,312, ,  UA-6273-YYC-SFO ,7:35 a.m.,7:27 a.m.,9:43 a.m.,8:45 a.mm.
312,313,weather,UA-858-pvg-sfo,1:45 p.m.,1:32 p.m.,8:27 a..,8:02 a.m.
313,314,  weather ,A-2704-DTW-PHX,11:5 a.m.,11:15 a.m.,1:40 p.m.,2:00 pp.m.
314,315,weather,AA-3063-SLC-LAX,8:20 p.m.,8:39 p.m.,9:20 P.m.,9:20 p.m.
315,316,NA,UA-2708-EWR-CLT,2:55 p.m.,2:55 p.m.,4:53 p.m.,4:44 p.m.
316,317,eather,UA-62-IAH-EWR,2:30 p.m.,2:48 p.m.,7:03 pp.m.,7:10 p.m.
317,318,,AA-3804-PHL-ORD,2:35 P.M.,2:44 p.m.,4:05 p.m.,3:43 p.m.
318,319, ,N/A,2:55 p.m.,3:27 p.m.,5:55 p.m.,5:43  p.m.
319,320,weather,unknown,7:15 a.m.,7:22 a.m.,11:35 a.m.,11:06 a.m.
320,321,,UA-2314-ATL-PHL,2:55 p.m.,2:55 p.m.,5:00 P.m.,4:47 p.m.
321,322,weather,AA-4277C-VG-JFK,12:10 p.m.,12:10 p..m.,2:15 p.m.,1:43 pp.m.
322,323,weater,,7:55 a.m.,8:04 a.m.,11:05 a.m.,11:01 a.m.
323,324,weather,UA-37-EDI-EWR,9:05 a.m.,8:2 a.m.,11:53 a.m.,12:09 p.m.
324,325,weather,NA,1:05 p.m.,1:19 p.m.,2:35 p.m.,3:13 p.m.
325,326,WEATher,UA-854-SFo-iah,7:53 a.m.,7:49 a.m.,1:39 p.m.,1:30 p.m.
326,327,weather, ,8:35 a.m.,8:56 A.M.,10:40 a.m.,10:16 a.m.
327,328,weather,AA-85-JFK-SFO,3:05 p.m.,3:36 p.m.,6:3 p.m.,6:43 p.m.
328,329,  weather ,A-3786-IAH-ORD,4:00 p.m.,4:12 p.m.,6:40 p.m.,6:15 p.m.
329,330,N/A,CO-50-CLE-EWR,2:55 p.m.,3:331 p.m.,4:49p.m.,5:26 p.m.
330,331,weather,unknown,11:55 a.m.,1155 a.m.,6:71 p.m.,5:38 p.m.
331,332,unknoown,AA-4198-ORD-CLE,10:40 a.m.,10:54 a.m.,12:55 p.m.,12:50 p.m.
332,333,,AA-404-MIA-MCO,6:45 a.m.,6:57 a.m.,7:45 a.m.,7:40 a.m.
333,334,weather,,4:00 p.m.,3:58 p.m.,7:05 .pm.,6:36 p.m.
334,335,weahter,AAA-3809-PHX-LAX,6:00 a.m.,6:10 a.m.,6:40 a.m.,6:19 a.m.
335,336,,AA-59-JFK-SFO,7:10 a.m.,7:39 a.m.,10:45 a.m.,11:12 a.m.
336,337,  weather ,  AA-222-LAX-BOS ,7:10 a.m.,7:31 a.m.,3:30 p.m.,3:14 p.m.
337,338,airtravelcenter,AA-3859-IAH-ORD,7:10 a.m.,7:16 a.m.,9:40 a.m.,9:32 a.m.
338,339,airtravelcenter,CO-1586-IAH-MCO,7:00 p.m.,7:14 p.m.,10:15 p.m.,10:29 p.m.
339,340,airtravelcenter,AA-518-MIA-JFK,6:40 a.m.,6:54 a.m.,9:25 a.m.,9:28 a.m.
340,341,airtravelcenter,UA-397-JFK-SFO,8:00 a.m.,8:29 a.m.,11:55 a.m.,11:58 .m.
341,342,airtravelcenter,UA-3925-IAD-ORF,8:41 a.m.,8:42 a.m.,954 a.m.,9:43 a.m.
342,343,,AA-1733-ORD-PHX,7:45 p.m.,7:58 p.m.,10:30 p.m.,10:30 p.m.
343,344,airtravlcenter,,3:27 p.m.,3:27 p.m.,5:05 p.m.,5:17 p.m.
344,345,airtravelcenter,CO-58-DEN-IAH,11:25 a.m.,11:32 a.m.,2:50 p.m.,3:31 p.m.
345,346,NA,AA-1544-SAN-ORD,11:25 a.m.,11:40 a.m.,5:25 p.m.,4:56 p.m.
346,347,airtravelcenter,UA-5487-SFO-mry,10:39 a.m.,10:33 a.m.,11:19 a.m.,11:21 a.m.
347,348,, ,11:25 p.m.,11:25 p.m.,6:55 a.m.,6:55 a.m.
348,349,airtravelcenter,UA-414-LAX-SFO,6:00 a.m.,5:6 a.m.,7:23 a.m.,7:17 a.m.
349,350,NA,NA,12:30 a.m.,12:41 a.m.,5:35 a.m.,5:26 a.m.
350,351,airtravellcenter,UA-2726-FLL-PHL,4:00 p.m.,4:00 p.m.,  6:46 p.m. ,6:28 p.m.
351,352,,  CO-52-IAH-LAX ,7:35 a.m.,7:29 a.m.,9:21 a.m.,9:14 a.m.
352,353,NA,CO-1090-BOS-IAH,9:45 a.m.,10:19 a.m.,1:16 p.m.,1:19 p.m.
353,354,airtravelcenter,NNA,9:05  a.m.,10:10 a.m.,12:35 p.m.,1:27 p.m.
354,355,airtravelcenter,UA-3515-IAD-MSP,8:15 a.m.,8:12 a.m.,10:06 a.m.,9:56 a.m.
355,356,airtravelcenter,AA-3468-CVG-MIA,7:00 a.m.,7:25 a.m.,9:55 a.m.,9:45 a.m.
356,357,  airtravelcenter ,AA-484-DFW-MIA,4:15 p.m.,4:29 p.m.,7:55 .pm.,7:39 p.m.
357,358,airtravelcenter,AA-1886-BOS-MIA,10:45 a.m.,10:55 a.m.,2:20 p.m.,1:40 p.m.
358,359,airtravelcenter,CO-62-IAH-EWR,2:30 p.m.,  2:48 p.m. ,7:03 p.m.,7:10 p.m.
359,360,airtravelcenter,CO-1561-PHX-IAH,8:05 a.m.,8:00 a.m.,11:35 a.m.,11:32 a.m.
360,361,airtravelcenter,UA-2314-ATL-PHL,2:55 p.m.,2:55 p.m.,5:00 p.m.,:47 p.m.
361,362,airravelcenter,NA,11:50 a.mm.,12:12 p.m.,3:50 p.m.,4:90 p.m.
362,363,  airtravelcenter ,CO-1023-IAH-DEN,11:40 a.m.,11:56 a.m.,1:17 p.m.,1:14 p.m.
363,364,airtravelcenter,AA-466-IAH-MIA,6:00 a.m.,6:08 a.m.,920 a.m.,9:05 a.m.
364,365,airtravelcenter,UA-3050-PHX-CLT,11:05 a.m.,11:30 a.m.,4:57 p.m.,5:05 .m.
365,366,airtravelcenter,CO-89-Iah-ewr,6:00 a.m.,6:02 a.m.,10:20 a.m.,10:27 a.m.
366,367,airtravelcenter,CO-1088-CLE-IAH,8:40 a.m.,8:40 a.m.,10:54 a.m.,10:56 a.m.
367,368,  airtravelcenter ,NA,10:15 a.m.,10:18 a.m.,12:10 p.m.,11:56 a.m.
368,369,N//A,AA-1279-DFW-PHX,  1:00 p.m. ,2:04 p.m.,2:35 p.m.,3:30 p.m.
369,370,airtravelcenter,UA-854-SFO-IAH,7:53 a.m.,7:49 a.m.,1:39 p.m.,1:30 p.m.
370,371,unknown,A-382-IAD-LAX,12:30 p..m,12:35 P.m.,  3:19 p.m. ,3:21 p.m.
371,372,airtravelcenter,AA-4344-ORD-DTW,11:45 a.m.,12:13 p.m.,2:00 p.m.,22:10 p.m.
372,373,airtravelcenter,UA-257-JFK-SFO,2:30 .pm.,2:26 p.m.,6:15 p.m.,5:42 p.m.
373,374,NA,,12:00 a.m.,3:11 a.m.,1:45 p.m.,1:15 p.m.
374,375,airtravelcenter,CO-63-EWR-IAH,5:25 p.m.,5:22 p.m.,8:22 p.m.,80:3 p.m.
375,376,airtravelcenter,CO-47-IAH-LAX,71:0 p.m.,8:25 p.m.,8:56 p..,9:52 p.m.
376,377,NA,AA-2050-ORD-MIA,10:40 a.m.,11:05 a.m.,2:445 p.m.,2:46 p.m.
377,378,airtravelcenter,Ua-248-phx-ord,12:75 p.m.,1:32 p.m.,5:15 p.m.,5:34 p.m.
378,379, , ,3:35 p.m.,3:36 p.m.,4:00 p.m.,3:33 p.mm.
379,380,airtravelcenter,AA-1434-DFW-MCO,7:15 a.m.,7:21 a.m.,10:35 A.M.,10:36 a.m.
380,381,NA,AA-1640-MIA-MCO,6:30 p.m.,6:30 p.m.,7:25 p.m.,7:25 p.m.
381,382,airtravelcenter,AA-4307-ORD-DTW,  6:45 p.m. ,6:55 p.m.,9:10 p.m.,8:53 p.m.
382,383,airtravelcenter,  NA ,12:00 p.m.,12:11 p.m.,3:15 p.m.,3:16 p.m.
383,384,airtravelcenter,CO-1694-LAX-IAH,7:15 P.m.,7:15 p.m.,12:21 a.m.,12:21 a.m.
384,385, ,,1:55 p.m.,2:10 p.m.,7:53 p.m.,7:58 p.m.
385,386,  airtravelcenter ,NA,9:15 a.m.,9:14 a.m.,12:18 p.m.,12:09 p.m.
386,387,unkknown,AA-38842-MSP-ORD,6:00 a.mm.,6:56 a.m.,7:30 a.m.,77:51 a.m.
387,388,airtravelcenter,AA-643-MIA-ORD,  7:10 a.m. ,7:30 a.m.,9:35 a.m.,9:31 a.m.
388,389,airtravelcenter,,4::55 p.m.,5:088 p.m.,8:05 p.m.,7:55 .pm.
389,390,airtravelcenter,AA-2525-DFW-MIIA,7:25 a.m.,7:39  a.m.,11:10 a..,11:06 a.m.
390,391,airtravelcenter,UA-2906-PHL-MCO,3:50 p.m.,4:28 p.m.,  6:23 p.m. ,  6:38 p.m. 
391,392,airtravelceenter,UA-938-DEN-ORD,44:16 p.m.,4:15 p.m.,7:35 p.m.,7:36 p.m.
392,393,airtravelcenter,AA-1221-mco-ord,8:00 p.m.,8:23 p.m.,9:45 p.m.,9:53 p.m.
393,394,  NA ,CO-16-LAX-EWR,10:25 a.m.,10:20 a.m.,  6:44 p.m. ,6:34 p.m.
394,395,airtravelcenter,UA-2515-DFW-CLT,7:05 a.m.,7:05 a.m.,1:31 a.m.,10:47 a.m.
395,396,AIRTRAVELCENTer,AA-400-DFW-JFK,10:40 a.m.,11:01 a.m.,  2:59 p.m. ,3:04 p.m.
396,397,airtravelcenter,,1:33 p.m.,1:31 p.m.,4:31 p.m.,4:23 p.m.
397,398,airtravelcenter,AA-3756-ORD-SLC,12:15 p.m.,12:41 p.m.,2:45 p.m.,2:50 p.m.
398,399,irtravelcenter,UA-37-EWR-MCO,1:29 p.m.,1:48 p.m.,4:17 p.m.,4:17 p.m.
399,400,airtravelcenter,AA-1522-SFO-ORD,11:55 P.m.,11:55 pp.m.,5:05 a.m.,5:50 a.m.
400,401,,  UA-233-LAX-JFK ,4:25 p.m.,4:25 p.m.,12:29 a.m.,122:29 a.m.
401,402,airtravelcenter,AA-3823-LAX-DEN,9:00 p.m.,9:00 p.m.,12:15 a.m.,12:15 A.m.
402,403,,AA-2312-DFW-DTW,8:25 p.m.,8:25 p.m.,11:50 p.m.,11:50 p.m.
403,404,airrtravelcenter,NA,6:59 a.m.,7:22 a.m.,10:34 a.m.,10:04 a.m.
404,405,airtravelcenter,AA-431-MIA-SFO,8:5 a.m.,8:51 a.m.,11:50 a.m.,11:44 a.m.
405,406,unknown,UA-3373-IAD-PHL,8:29 a.m.,8:26 a.m.,9:4 a.m.,9:13 a.m.
406,407,,AA-649-ORD-SNA,1:30 p.m.,1:30 p.m.,3:50 p.m.,:350 p.m.
407,408,airtravelcenter,  CO-1250-MIA-IAH ,2:53 p.m.,3:01 p.m.,4:48 p.m.,4:59 p.m.
408,409,airtravelcenter,UA-6273-YYC-SFO,7:35 a.m.,7:27 a.m.,9:43 a.m.,8:45 a.m.
409,410,airtravelcenter,UA-828-SFO-ORD,11:08 p.m.,11:08 p.m.,5:111 a.m.,5:11 a.m.
410,411,airtravelcenter,CO-4888-IAH-DAL,5:30 p.m.,5:30 p.m.,6:40 p.m.,6:40 pm.
411,412,NA,UA-858-PVG-SFO,1:45 p.m.,1:32 .pm.,8:27 a.m.,8:02 a.m.
412,413,airtravelcenter,UA-2704-DTW-PHX,11:15 a.m.,11:15 a.m.,1:40 p.m.,2:00 p.m.
413,414,airtravelcenter,AA-3063-SLC-LAX,8:20 p.m.,8:39 p.m.,9:20 p.m.,9:200 p.m.
414,415,airtravelcenter,UA-2708-EWR-CLT,2:55 p.m.,2:55 p.m.,4:53 p.m.,4:44 p.m.
415,416,airtravelcenter,UA-62-IAH-EWR,2:30 p.m.,2:48 p.m.,7:03 p.m.,7:10 p.m.
416,417,airtravelcenter,UA-1500-IAH-GUA,8:55 a.m.,9:16 a.m.,11:45 a.m.,11:6 a.m.
417,418,airtravelcenter,AA-3804-PHL-ORD,2:35 p.m.,2:44 p.m.,4:05 p.m.,3:43 p.m.
418,419,airtravelcenter,AA-1917-JFK-MCO,2:55 p.m.,3:27 p.m.,5:55 p.m.,5:43 p.m.
419,420,airtravecenter,N/A,7:15 a.m.,7:22 a.m.,11:35 a.m.,11:06 am.
420,421,airtravelcenter,AA-4277-CVG-JFK,12:10 p.m.,12:1 p.m.,2:15 p.m.,1:43 p.m.
421,422,airtravelcenter,AA-2957-DFW-CVG,7:55 a.m.,8:04 a.m.,11:05 a.m.,11:01 a.m.
422,423,airtravelcenter,N/A,9:05 a.m.,8:52 a.m.,11:53 a.m.,12:09 p.m.
423,424,airtravelccenter,AA-789-ORD-DEN,1:05 pm.,1:19 p.m.,2:35 p.m.,3:13 p.m.
424,425,airtravelcenter,NA,8:35 a.m.,8:56 a.m.,10:40 a.m.,  10:16 a.m. 
425,426,airtravelcenter,AA-85-JFK-SFO,3:05p.m.,3:36 p.m.,630 p.m.,6:43 p.m.
426,427,airtravelcenter,AA-3979-CVG-RD,7:30 am..,8:04 a.m.,8:00 a.m.,  8:06 a.m. 
427,428,airtravelcenter,AA-3786-IAH-ORD,4:00 p.m.,4:21 p.m.,6:40 p.m.,6:15 p.m.
428,429,airtravelcenter,AA-271-MIA-LAX,  11:35 a.m. ,11:522 a.m.,2:25 p..,  2:27 p.m. 
429,430,airtravelcenter,CO-50-CLE-EWR,2:55 p.m.,3:31 p.m.,4:49 p.m.,5:26 .pm.
430,431,,UA-3099-PHX-PHL,  11:55 a.m. ,11:55 a.m.,6:17 p.m.,5:38 .m.
431,432,airtravelcenter,AA-4198-ORD-CLE,10:40 a.m.,10:54 a..m,12:55 p.m.,12:50 p.m.
432,433,airtravelcenter,AA-404-MIA-MCO,6:45 a.m.,6:57 a.m.,7:45 a.m.,7:40 a.m.
433,434,airtravelcenter,CO-45-EWR-MIA,4:00 p.m.,3:58 p.m.,7:05 p.m.,6:36 p.m.
434,435,airtravelcenter,AA-3809-PHX-LAX,6:00 a.m.,6:10 .m.,6:40 a.m.,6:19 a.m.
435,436,airtravelcenter,NA,7:10 a.m.,7:39 a.m.,10:45 a.m.,11:12 a.m.
436,437,airtravelcenter,AA-222-LAX-BOS,7:10 a.m.,7:31 a.mm.,3:30 p.m.,3:14 p.m.
437,438,flightview,AA-3859-IAH-ORD,7:100 a.m.,  7:16 a.m. ,9:40 a.m.,9:2 a.m.
438,439, ,unknown,7:00 p.m.,7:14 p.m.,10:15 p.m.,10:29 p.m.
439,440,N/A,AA-518-MIAJ-FK,6:40 a.m.,6:54 a.m.,9:25 a.m.,9:28 a.m.
440,441,flightview,UA-397-JFK-SFO,8:00 a.m.,8:29a .m.,11:55 a.m.,11:58 a.m.
441,442,flightview,UA-3925-IAD-ORF,8:41 a.m.,8:4 2a.m.,9:54 a.m.,9:43 a.m.
442,443,flightview, ,7:45 p.m.,7:58 p.m.,10:30 P.m.,10:30 p.m.
443,444,flightview,AA-3-JFK-LAX,12:00 P.M.,1:11 p.m.,  3:15 p.m. ,3:16 P.m.
444,445,flightview,UA-2830-MCO-CLT,3:27 p.m.,3:27 p.m.,5:05 p.m.,5:17 p.m.
445,446,flightview,,11:25 a.m.,11:32 a.m.,2:50 p.m.,3:31 p.m.
446,447,flightview,UA-5487-SFFO-MRY,10:39 a.m.,10:33 a.m.,11:19 a.m.,11:21 a.m.
447,448,flightview,AA-204-LAX-MCO,11:25 p.m.,11:25 p.m.,  6:55 a.m. ,6:55 a.m.
448,449,flightview,N/A,6:00 a.m.,5:556 a.m.,7:23 a.m.,7:17 a.m.
449,450,NA/,CO-1614-LAX-IAH,12:30 a.m.,12:41 a.m.,5:35 a.m.,  5:26 a.m. 
450,451,flightview,  NA ,4:00 p.m.,4:00 p.m.,6:46 p.m.,6:28 p.m.
451,452, ,CO-52-IAH-LAX,7:35 a.m.,7:29 a.m.,9:21 a.m.,9:14 a.m.
452,453,flightview,CO-1090-BOS-IAH,9:45 a.m.,10:19 a.m.,1:16 p.m.,1:19 p.m.
453,454,flightview,,9:05 a.m.,10:10 a.m.,12:35 p.m.,1:27 p.m.
454,455,unknown,UA-3515-IAD-MSP,8:15 a.m.,8:12 a..m.,10:06 a.m.,9:56 a.m.
455,456,flightview,AA-3468-CVG-MIA,7:00 a.m.,7:25 a.m.,  9:55 a.m. ,9:45 a.m.
456,457,flightview,AA-484-DFW-MIA,4:15 p.m.,4:29 p.m.,7:55 p.m.,7:39 p.m.
457,458,flightview,AA-1886-bos-mia,10:45 a.m.,10:55 a.m.,2:20 p.m.,1:40 p.m.
458,459,flighhtview,CO-62-IIAH-EWR,  2:30 p.m. ,2:48 p.m.,7:03 p.m.,  7:10 p.m. 
459,460,flightview,,8:05 a.m.,8:00 a.m.,11:35 a.m.,11:32 a.m.
460,461,fightview,UA-2314-ATL-PHL,2:55 p.m.,2:55 p.m.,5:00 p.m.,4:47 p.m.
461,462,flightview,AA-446-DFW-PHL,11:5 0a.m.,12:12 pm..,3:50 p.m.,4:09 p.m.
462,463,flightview,CO-1023-IAH-DEN,11:40 a.m.,11:56 a.m.,1:17 p.m.,1:14 p.m.
463,464,flightview,,6:00 a.m.,6:08 a.m.,9:20 a.m.,9:05 a.m.
464,465,,UA-3050-PHX-CLT,11:05 a.m.,11:30 a.m.,4:57 p.m.,5:05 p.m.
465,466,flightview,CO-89-IAH-EWR,6:00 a.m.,6:02 a.m.,10:20 a.m.,10:27 a.m.
466,467,flightview,,8:40 a.m.,8:40 a.m.,10:54 a.m.,10:56 a.m.
467,468,flightview,N/A,10:15 a.m.,10:18 a.m.,12:10 p.m.,11:56 a.m.
468,469,flightview,AA-12779-DFW-PHX,  1:00 p.m. ,2:04 p.m.,2:35 p.m.,3:30 p.m.
469,470,flightview,UA-854-SFO-IAH,7:53 a.m.,7:49 a.m.,1:39 p.m.,1:30 p.m.
470,471,  flightview ,UA-382-IAD-LAX,123:0 p.m.,12:35 p.m.,3:19 p.m.,3:21 p.m.
471,472,flightview,AA-4344--ORD-DTW,11::45 a.m.,12:13 p.m.,2:00 p.m.,2:10 p.m.
472,473,flightview,UA-257-JFK-SOF,2:30 p.m.,2:26 p.m.,6:115 p.m.,5:42 p.m.
473,474,  flightview ,UA-2945-PHL-CLT,12:00 a.m.,3:11 a.m.,1:45 p.m.,1:15 p.m.
474,475,flightview,CO-63-EWR-IAH,5:25 p.m.,5:22 p.m.,8:22 p.m.,8:03 p.m.
475,476,flightview,N/A,7:10 p.m.,8:25 p.m.,8:56 p.m.,9:52 p.m.
476,477,flightview,AA-2050-ORD-MIA,10:40 a.m.,11:05 a.m.,2:45 p.m.,2:46p.m.
477,478,flightview,UA-248-PHX-ORD,  12:57 p.m. ,1:32 p.m.,5:15p .m.,5:34 p..m
478,479,NA,AA-4330-CVG-ORD,3:35 p.m.,3:36 p.m.,4:00 p.m.,3:33 p.m.
479,480, ,AA-1434-DFW-MCO,7:15 a.m.,7:21 a.m.,10:35 a.m.,10:36 a.m.
480,481,flightview,,6:30 p.m.,6:30 p.m.,7:25 p.m.,7:25 p.m.
481,482,flightview,AA-4307-ORD-DTW,6:45 p.m.,6:55 p.m.,9:10 p.m.,8:53 p.m.
482,483,flightview,CO-1694-LAX-IAH,7:15 p.m.,7:15 p.m.,12:21 a.m.,12:2 1a.m.
483,484,flightview,UA-843-LAX-ORD,1:55 p.m.,2:10 p.m.,7:53 p.m.,7:58 p.m.
484,485,flightview,CO-1193-EWR-MCO,9:15 a.m.,9:14 a.m.,12:18 p.m.,12:09 p.m.
485,486,flightview, ,6:00 A.M.,6:56 a.m.,7:30 a.m.,7:51 a.m.
486,487,flightview,unknonw,7:10 a.m.,7:30 a.m.,9:3 a.m.,9:31 a.m.
487,488,flightview,N/A,4:55 p..m.,5:08 p.m.,8:05 p.m.,7:55 p.m.
488,489,flightview,UA-2906-PHL-MCO,3:50 p.m.,4:28 p.m.,6:23 p.m.,6:38 p.m.
489,490,flightview,UA-938-DEN-ORD,4:16 p.m.,4:15 p.m.,7:35 p.m.,7:36 P.M.
490,491,flightview,AA-1221-mco-ord,8:000 p.m.,8:23 p.m.,9:45 p.m.,9:53 p.m.
491,492,flightview,,10:25 a.m.,10:20 a.m.,6:44 p.m.,6:34 p.m.
492,493,flightview, ,7:05 a.m.,  7:05 a.m. ,10:31 a.m.,10:47 a.m.
493,494,flightview,unnknown,1040 a.m.,11:01 a.m.,2:59 p.m.,3:04 p.m.
494,495,flightview,UA-664-ORD-PHL,1:33 p.m.,1:31 p.m.,4:31 p.m.,4:23 p.m.
495,496,,AA-3756-ORD-SLC,12:15 p.m.,12:41 p.m.,2:45 p.m.,2:50 p.m.
496,497,flightview,UA-37-EWR-MCO,1:29 p.m.,1:48 p.m.,4:17 p.m.,4:17 p.m.
497,498,flightview,AA-1522-sfo-ord,11:55 p.m.,11:55 p.m.,5:50 a.m.,5:50 a.m.
498,499,flightview,  UA-233-LAX-JFK ,4:25 p..m.,4:25 p.m.,122:29 a.m.,12:29 a.m.
499,500,NA,AA-3823-LAX-DEN,9:00 p.m.,9:00  p.m.,12:15 a.m.,12:15 a.m.
500,501,flightview,AA-2312-DFW-DTW,8:25 pm..,8:25 p.m.,11:50 p.m.,11:50 p.m.
501,502,  flightview ,AA-1165-JFK-MIA,6:59 a.m.,7:22 a.m.,10:34 a.m.,10:04 aa.m.
502,503,flightview,AA-431-MIA-SFO,8:35 a.m.,8:51 a.m.,11:50 a.m.,11:44 a.m.
503,504,flightview,UA-3373-IAD-PHL,8:29 a.m.,8:26 a.m.,9:24 a.m.,9:13 a.m.
504,505,flightview,AA-649-ORD-SNA,1:30 .m.,1:30 p.m.,3:50 p.m.,3:50 p.m.
505,506,N/A,CO-1250-MIA-IAH,2:53 p.m.,3:01 p.m.,4:48 p.m.,4:59 p.m.
506,507,flightview,NA,7:35 a.m.,7:27 a.m.,9:43 a.m.,8:45 a.m.
507,508,flightview,UA-828-SFO-ORD,11:08 p.m.,11:08 p.m.,5:11 a.m.,5:11 a.m.
508,509,flightview,,5:30 p.m.,5:30 p.m.,6:40 p.m.,6:40 p.m.
509,510,flightview,UA-858-PVG-SFO,1:45 p.m.,1:32 p.m.,8:27 a.m.,8:02 a.m.
510,511,flightview, ,11:15 a.m.,11:15 a.m.,1:40 p.m.,2:00 p.m.
511,512,flightview,AA-3063-SLC-LAX,8:20 p.m.,8:39 p.m.,9:20 p.m.,9:20 p.m.
512,513,unknown,UA-2708-ewr-clt,2:55 p.m.,2:55 p.m.,4:53 p.m.,:444 p.m.
513,514,flightview,UA-62-IAH-EWR,2:30 p.m.,2:48 p.m.,7:03 p.m.,7:10 p.m.
514,515,flightview, ,88:55 a.m.,9:16 a.m.,11:45 a.m.,11:56 a.m.
515,516,flightview,,2:35 p.m.,2:44 p.m.,4:05 p.m.,34:3 p.m.
516,517,flightview,AA-1917-JFK-MCO,2:55 p.m.,3:27 p.m.,5:55 p.m.,5:43 p.m.
517,518,flightview,AA-2268-PHX-ORD,7:15 a.m.,7:22 a.m.,11:35 a.m.,11:06 a.m.
518,519,flightview,NA,12:10 p.m.,12:10 p.m.,2:15 p.m.,1:43 p.m.
519,520,flgihtview,AA-2957-DFW-CVVG,7:55 a.m.,8:04 am..,11:055 a.m.,11:01 a.m.
520,521,flightview,UA-37EDI-EWR,9:05 a.m.,8:52 a.m.,11:53 a..m,12:09 p.m.
521,522,flightviwe,AA-789-ORD-DEN,1:05 p.m.,1:19p .m.,23:5 p.m.,3:13 p.m.
522,523,flightview,AA-415-BOS-ORD,  8:35 a.m. ,8:56 a.m.,10:40 a.m.,10:16 a.m.
523,524,flightview,AA-85-JFK-SFO,3:05 p.m.,3:36 p.m.,6:30 p.m.,6:43 p.m.
524,525,flightview,A-3979-CVG-ORD,7:30 a.m.,8:04 a.m.,  8:00 a.m. ,8:06 a.m.
525,526,flightview,AA-1544-SAN-ORD,11:25 a.m.,11:40 a.m.,5:25 p.m.,4:56 p.m.
526,527, ,AA-3786-IAH-ORD,4:00 p.m.,4:12 p.m.,6:40 p.m.,6:15 p.m.
527,528,fligthview,AA-271-MIA-LAX,11:35 a.m.,11:52 a.m.,2:25 p.m.,2:27 p.m.
528,529,flightview,AA-2525-DFW-MIA,7:25 a.m.,7:39 a.m.,11:10 a.m.,11:06 a.m.
529,530,flightview,CO-50-CLE-EWR,2:55 p.m.,3:31 p.m.,4:49 p.m.,5:26 p.m.
530,531,flightview,UA-3099-PHX-PHL,11:55 a.m.,11:55 a.m.,6:17 p.m.,5:38 p.m.
531,532,N/A,AA-4198-ORD-CLE,10:40 a.m.,10:54 a.m.,12:55 p.m.,12:50 p.m.
532,533,flightview,unknown,6:45 a.m.,6:57 a.m.,7:45 a..m.,7:40 a.m.
533,534,flightview,CO-45-EWR-MIA,4:00 p.m.,3:58 p.m.,7:05 p.m.,6:36 p.m.
534,535,flighvtiew,AA-3809-PHX-LAX,600 a.m.,:10 a.m.,6:40 a.m.,6:19 a.m.
535,536,flightview,AA-59-JFK-SFO,7:10 a.m.,7:39 a.m.,110:45 a.m.,11:12 a..m.
536,537, ,,7:100 a.m.,7:31 a.m.,3:30 p.m.,3:14 p.m.
537,538,flightstats,AA-3859-IAH-ORD,7:10 a.m.,7:16 a.m.,9:40 a.m.,9:32 a.m.
538,539,flightstats,CO-186-IAH-MCO,7:00 p.m.,7:14 p.m.,10:15 p.m.,10:29 p.m.
539,540,flightstats,AA-518-MIA-JFK,6:40 a.m.,6:54 a.m.,  9:25 a.m. ,9:28 a.m.
540,541,,unknown,8:00 a.m.,8:29 a.m.,11:55 a.m.,11:58 a.m.
541,542,flightstats,UA-3925-IAD-ORF,8:41 a.m.,8:42 a.m.,9:54 a.m.,9:43 a..
542,543,flightstats,,7:45 p.m.,7:58 p.m.,10:330 p.m.,10:30 p.m.
543,544,flightstats,AA-4344-ORD-DTW,11:45 a.m.,12:13 p.m.,2:00 p.m.,2:10 p.m.
544,545,flightstats,AA-1640-MIA-MCO,6:30 p.m.,:630 p.m.,7:25 p.m.,7:25 p.m.
545,546,flightstats,UA-2830-MCO-CLT,3:27 p.m.,3:27 p.m.,5:05 p.m.,5:17 p.m.
546,547,flightstats,CO-58-DEN-IAH,11:25 a.m.,11:32 a.m.,2:50 p.m.,3:31 p.m.
547,548,flightstats,AA-204-LAX-MO,11:25 p.m.,11:25 p.m.,6:55 a.m.,6:55 a.m.
548,549,flightstats,N/A,  6:00 a.m. ,5:56 a.m.,7:23 a.m.,7:17 a.m.
549,550,  flightstats ,CO-1614-LAX-IAH,12:30 a.m.,12:41 a.m.,5:35 a.m.,5:26 a.m.
550,551,unknown,UA-2726-FLL-PHL,4:00 p.m.,4:0 p.m.,6:46 p.m.,6:28 pm.
551,552, ,,7:35 a.m.,7:29 a.m.,9:21 a.m.,9:14 a.m.
552,553,flightstats,CO-1090-BOS-IAH,9:45 a.m.,  10:19 a.m. ,1:16 p.m.,1:19 p.m.
553,554,flightstats,AA-3468-CVG-mia,7:00 a.m.,7:25 a.m.,99:55 a.m.,9:45 a.m.
554,555,flightstats,UA-3515-IAD-MSP,8:15 a.m.,8:12 a.m.,10:06 a.m.,9:56 a.m.
555,556,flightstats,N/A,4::15 p.m.,4:29 p.m.,7:55 p.m.,7:39 p.m.
556,557,NA,AA-616-DFW-dtw,9:05 am..,10:10 a.m.,  12:35 p.m. ,1:27 p.m.
557,558,,CO-62-IAH-EWR,2:30 p.m.,2:48 p.m.,7:03 p.m.,7:10 p.m.
558,559,flightstats,CO-63-EWR-IAH,5:25 p.m.,5:22 p.m.,8:22 p.m.,8:03 p.m.
559,560,flightstats, ,11:50 a.m.,12:12 p.m.,3:50 p.m.,4:09 p.m.
560,561, ,CO-1023-IAH-DEN,11:40 a.m.,11:56 a.m.,1:17 p.m.,1:14 p.m.
561,562,flightstats,A-466-IAH-MIA,6:00 a.m.,6:08 a.m.,9::20 a.m.,9:0 5a.m.
562,563,flightstats,UA-3050-PHX-CLT,  11:05 a.m. ,11:30 a.m.,4:57 p.m.,5:05 p.m.
563,564,Flightstats,CO-89-IAH-EWR,6:00 a.m.,6:02 a.m.,10:20 a.m.,10:27 a.m.
564,565,flightstats,CO-1088-CLE-IAH,8:40 a.m.,  8:40 a.m. ,10:54 a.m.,10:56 A.M.
565,566, ,AA-2957-DFFW-CVG,7:55  a.m.,8:04 a.m.,11:05 a.m.,11:01 a.m.
566,567,flightstats,N/A,10:15 a.m.,10:18 a.m.,12:10 p.m.,11:56 a.m.
567,568,flightstats,AA-3979-CVG-ORD,7:30 a.m.,8:04a .m.,8:00 A.m.,8:06 a.m.
568,569,flightstats, ,1:00 p.m.,2:04 p.m.,2:35 p.m.,3:30 p.m.
569,570,flightstats,N/A,6:45 a.m.,6:57 a.m.,:45 a.m.,7:40 am..
570,571,flightstats,AA-3756-ORD-SLC,12:15 p.m.,12:41 p.m.,2:45 p.m.,2:50 p.m.
571,572,flightstats,UA-382-IAD-LAX,12:30 p.m.,12:35 p.m.,:319 p.m.,3:21 p.m.
572,573,flightstats,UA-2945-PHL-CLT,12:00 a.m.,3:11 a.m.,1:45 p.m.,1:15 p.m.
573,574,flightstats,CO-47-IAH-LAX,7:10 p.m.,8:25 p.mm.,8:56 p.m.,9:52 p.m.
574,575,flightstats,AA-271-MIA-LAX,11:35 a.m.,11:52 a.m.,2:25 p.m.,2:27 p.m.
575,576,unknown,  NA ,10:40 a.m.,11:05 a.m.,2:45 p.m.,2:46 p.m.
576,577,NA/,UA-248-PHX-ORD,12:57 p.m.,1:32 p.m.,5:15 p.m.,5:34 P.m.
577,578,,AA-4330-CVG-ORD,3:35 p.m.,3:36 p.m.,4:00 p.m.,3:33 p.m.
578,579,flightstats,N/A,7:15 a.m.,7:21 a.m.,10:35 a.m.,10:36 a.m.
579,580,flightstats,NA,8:50 a.m.,8:00 a.m.,11:35 a.m.,  11:32 a.m. 
580,581,flightstats,AA-4307-ORD-DTW,6:45 p.m.,6:55 p.m.,9:10 p.m.,8:53 p.m.
581,582,  flightstats ,  unknown ,12:00 pm..,12:11 p.m.,3:15 p.m.,3:16 p.m.
582,583,flightstats,CO-1694-LAX-IAH,7:15 p.m.,7:15 p.m.,12:21 a.m.,12:21 a.m.
583,584,  flightstats ,  UA-843-LAX-ORD ,1:55 p.m.,2:10 p.m.,7:53 p.m.,7:58 p.m.
584,585,flightstats,CO-1193-ewr-mco,:15 a.m.,9:14 a.m.,12:18 p.m.,12:09 p.m.
585,586,NA,AA-3842-MSP-ORD,6:00 am..,  6:56 a.m. ,7:30 a.m.,7:51 a.m.
586,587,flightstats,AA-643-MIA-ORD,7:10 a.m.,7:30 a.m.,9:35 a.m.,9:31 a.m.
587,588,flightstats,AA-1007-MIA-PHX,4:55 p.m.,5:08 p.m.,8:05 p.m.,7:55  p.m.
588,589,flightstats,AA-2525-DFW-MIA,7:25 a.m.,7:39 a.m.,11:100 a.m.,11:06 a.m.
589,590,flightstats,NA,3:05 p.m.,4:28 p.m.,6:23 p.m.,6:38 p.m.
590,591,flightstats,UA-938-DEN-ORD,  4:16 p.m. ,:15 p.m.,7:35 p.m.,7:36 .m.
591,592,flighhtstats,,8:00 p.m.,8:23 p.m.,9:45 p.m.,9:53 p.m.
592,593,flightstats,CO-16-LAX-EWR,10:25 a.m.,10:20 .am.,6:44 p.m.,6:34 p.m.
593,594,flightstats,N/A,7:05 a.m.,7:05 a.m.,10:31 a.m.,10:47 a.m.
594,595,flightstats,AA-400-DFW-JFK,10:40 a.m.,11:01 a.m.,2:59 p.m.,3:04p .m.
595,596,flightstats,UA-664-ORDD-PHL,1:33 p.m.,1:31 p.m.,4:31 p.m.,4:23 p.m.
596,597,flightstats,UA-37-EWR-MCO,1:29 pp.m.,1:48 p.m.,4:17 p.m.,4:17 p.m.
597,598,flightstats,  AA-1522-SFO-ORD ,11:55 p.m.,1:55 p.m.,5:50 a.m.,5:50 a.m.
598,599,unknown,UA-233-LAX-JFK,4:25 p..m.,44:25 p.m.,12:29 a.m.,12:29 a.m.
599,600,FLIGHTSTATs,  AA-3823-LAX-DEN ,9:00 p.m.,9:00 p.m.,12:15 a.m.,12:15 a.m.
600,601,flightstats,AA-2312-DFW-DTW,8:25 p.m.,8:25 p.m.,11:50 p.m.,1:50 p.m.
601,602, ,UA-2314-ATL-PHL,2:55 p.m.,2:55 p.m.,5:00 p.m.,4:47 p.m.
602,603,flighstats,AA-1165-JFK-MIA,6:59 a.m.,7:22  a.m.,10:34 a.m.,10:04 a.m.
603,604,NN/A,AA-431-MIA-SFO,8:35 a.m.,8:51 a.m.,11:50 a.m.,11:44 a.m.
604,605,flighttsats,UA-257-JFK-SFO,2:30 p.m.,2:26 p.m.,6:15 p.m.,5:42 p.m.
605,606,flightstats,UA-3373-IAD-PHL,8:29 a.m.,8:26 a.m.,9:24 a.m.,9:13 a.m.
606,607,flightstats, ,2:53 p.m.,3:01 p.m.,4:48 p.m.,4:59 p.m.
607,608,flightstats,UA-828-SFO-ORD,11:08 p.m.,11:08p.m.,5:11 a.m.,  5:11 a.m. 
608,609,flightstats,CO-4888-IAH-DAL,5:30 p.m.,  5:30 p.m. ,6:40 p.m.,6:40 p.m.
609,610,flightstats,UA-2704-DTW-PHX,11:15 a.m.,11:15 a.m.,1:40 p.m.,2:00 p.m.
610,611,FLIghtstats, ,8:20 p.m.,8:39 p.m.,9:20 p.m.,9:20 p.m.
611,612,flightstats,,2:55 p.m.,2:55 p.m.,4:53 p.m.,4:44 p.m.
612,613,flightstats,UA-62-IAH-EWR,2:30 p.m.,2:48 p.m.,7:03 p.m.,7:10 p.m.
613,614,flightstats,AA-3804-PHL-ORD,2:35 p.m.,2:44 p.m.,4:05 p.m.,3:43 .pm.
614,615,flightstats,AA-1917-JFK-MCO,  2:55 p.m. ,3:27 p.m.,5:55 p.m.,5:43 p.m.
615,616,flightstats,AA-2268-PHX-ORD,7:15 am..,7:22 a.m.,1:35 a.m.,11:06 a.m.
616,617,flightstats,  AA-4277-CVG-JFK ,12:10 p.m.,12:10 p.m.,2:15 p.m.,1:43 p.m.
617,618,flightstats,AA-789-ORD-DEN,1:05 p.m.,1:19 p.m.,2:35 p.m.,3:13 p.m.
618,619,flightstats,UA-854-SFO-IAH,7:53 a.m.,:749 a.m.,1:39 p.m.,1:30 p.m.
619,620, ,AA-415-BOS-ORD,8:35 a.m.,8:56 a.m.,10:40 am..,10:16 a.m.
620,621,flightstats,AA-85-JFK-SFO,3:05 p.m.,3:36 p.m.,6:30 p.m.,6:43 p.m.
621,622,NA,AA-3786-IAH-ORD,4:00 p.m.,4:12 p.m.,6:40 p.m.,6:15 p.m.
622,623, ,AA-222-LAX-BOS,7:10 a.m.,7:31 a.m.,3:30 p.m.,3:14 p.m.
623,624,  flightstats ,CO-50-CLE-EWR,2:55 p.m.,3:31 p.m.,4:49 p.m.,5:26 p.m.
624,625,flightstats, ,11:55 a.m.,11:55 .am.,6:17 p.m.,5:38 p.m.
625,626,flightstats, ,10:40 a.m.,10:54 a.m.,12:55 p.m.,12:50  p.m.
626,627,unknown, ,4:00 p.m.,3:58 p.m.,7:05 p.m.,6:36 p.m.
627,628,flightstats,AA-3809-PHX-LAX,6:00 a.m.,6:10 a.m.,6:40 a.m.,6:19 a.m.
628,629,Flightstats,AA-59-JFK-SFO,7:10 a.m.,7:39 A.m.,10:45 a.m.,11:12 a.m.
629,630,panynj,AA-3859-IAH-ORD,7:10 a.m.,7:16 a.m.,  9:40 a.m. ,9:32 a.m.
630,631,NA,CO-1586-IAH-MCO,7:00 p.m.,7:14 p.m.,10:15 p.m.,10:29 p.m.
631,632,pnynj, ,6:40 a.m.,6:54 a.m.,9:25 a.m.,9:28 a.m.
632,633,panynj,UA-397-JFK-SOF,8:00 a.m.,8:29 a.m.,11:55 am.,11:58 a.m.
633,634,panynj,UA-3925-IAd-orf,8:41 a.m.,8:42 a.m.,9:54 .am.,9:43 a.m.
634,635,panynj,AA-1733-ORD-PHX,7:445 p.m.,7:58 p.m.,10:30 p.m.,10:30 p.m.
635,636,panynj,AA-3-JFK-LAX,12:00 p.m.,12:11 p.m.,3:15 p.m.,3:16 p.m.
636,637,panynj,UA-2830-MCO-CLT,3:27 p.m.,3:27 p.m.,5:05 .pm.,5:17 p.m.
637,638,panynj,CO-58-EDN-IAH,11:25 a.m.,11:32 a.m.,2:50 p.m.,3:31 p.m.
638,639,panynj,NA,  10:39 a.m. ,1033 a.m.,11:19 a.m.,11:21 a.m.
639,640,panynj,,11:225 p.m.,11:25 P.m.,6:55 am..,6:55 a.m.
640,641,,UA-414-LAX-SFO,6:00 a.m.,5:56 a.m.,7:23 a.m.,7:17 a.m.
641,642,panynj,CO-1614-LAX-IAH,  12:30 a.m. ,1:241 a.m.,5:35 am..,5:26 a.m.
642,643,panynj,UA-2726-FLL-PHL,4:00 p.m.,4:00 p.m.,6:46 P.M.,6:28 p.m.
643,644,panynj,CO-52-IAH-LAX,7:35 a.m.,7:29 a.m.,9:21 a.m.,9:14 a.m.
644,645,panynj,CO-1090-BOS-IAH,9:45 a.m.,10:19 a.m.,1:16 p.m.,1:19 p.m.
645,646, ,AA-616-DFFW-DTW,9:05 a.m.,10:10 a.m.,12:35 p.m.,1:27 p.m.
646,647,NA,UA-3515--IAD-MSP,8:15 a.m.,8:12 a.m.,10:06 a.m.,9:56 a.m.
647,648,panynj,AA-3468-CVG-MIA,7:00 a.m.,7:25 a.m.,9:55 a.m.,9:45 a.m.
648,649,  panynj ,AA-484-DFW-MIA,  4:15 p.m. ,4:29 p..m.,7:55 p.m.,7:39 p.m.
649,650, ,AA-1886-BOS-MIA,10:45 a.m.,10:55 a.m.,2:20 p.m.,1:40 p.m.
650,651,,CO-62-IAH-EWR,2:30 p.m.,2:48 p.m.,7:03 p.m.,7:10 p.m.
651,652,panynj,CO-1561-PHX-IAH,8:05 a.m.,8:00 a.m.,11:35a .m.,11:32 am.
652,653,,UA-2314-ATL-PHL,2:55 p.m.,2:55p .m.,5:00 p.m.,4:47 p.m.
653,654, ,,11:50 a.m.,12:12 p.m.,3:50 .pm.,4:09 p.m.
654,655,panynj,CO-1023-IAH-DEN,11:40 a.m.,11:56 a.m.,1:17 p.m.,1:14 p.m.
655,656,panynj,NA,6:00 a.m.,6:08 a.m.,9:20 a.m.,9:05 a.m.
656,657,panynj, ,11:05 a.m.,11:30 a.m.,4:57 p.m.,5:05 p.m.
657,658,panynj,CO-89-IAH-EWR,6:00 a.m.,6:02 a.m.,10:20 a.m.,10:27 a.m.
658,659,panynj,N/A,8:40 a.m.,8:40 a.m.,10:54 a.m.,10:56 a.m.
659,660,pnynj,unknown,10:15 a.m.,10:18 a.m.,12:10 p.m.,11:56 a.m.
660,661,NA,AA-1279-FDW-PHX,1:00 p.m.,2:04 pm.,2:35 p.m.,3:30 p.m.
661,662,panynj,UA-854-SFO-IAH,75:3 a.m.,7:49 a.m.,1:39 p.m.,  1:30 p.m. 
662,663,panynj,,12:30 p.m.,122:35 p.m.,3:19 p.m.,3:21 p.m.
663,664,panynj,AA-4344-ORD-DTW,11:45 .am.,12:13 p.m.,2:00 p.m.,2:10 p.m.
664,665,,UA-257-JFK-SFO,2:30 p.m.,2:26 p.m.,6:15 p.m.,5:42 p.m.
665,666,panynj,U-2945-PHL-CLT,12:00 a.m.,  3:11 a.m. ,1:45 p.m.,1:15 p.m.
666,667,panynj,  CO-63-EWR-IAH ,5:25 p.m.,5:22 p.m.,8:2 p.m.,8:03 p.m.
667,668,,CO-47-IAH-LAX,7:10 .pm.,8:25 p.m.,8:56 p.m.,9:52 p.m.
668,669,PANynj,AA-2050-ORD-MIA,10:40 a.m.,11:05 a.m.,2:45 p.m.,2:46 p.m.
669,670,panynj,UA-248-PHX-ORD,12:57 p.m.,1:32 p.m.,5:15 p.m.,5:34 p.m.
670,671,panynj,  AA-4330-CVG-ORD ,3:35 p.m.,3:36 p.m.,4:00 p.m.,3:33 p.m.
671,672,paynnj,AA-1434-DFW-MCO,7:15 a.m.,7:21 a.m.,10:35 a.mm.,10:36 a.m.
672,673,panynj,AA-1640-MIA-MCO,6:30 p.m.,6:30 p.m.,7:25 p.m.,7:25 p.m.
673,674, ,AA-4307-ORD-DTW,6:45 p.m.,6:55 p.m.,9:10  p.m.,8:53 p.m.
674,675,panynj,CO-1694-LAX-IAH,7:15 p.m.,7:15 p.m.,12:21 a.m.,12:21 a.m.
675,676,panynj,UA-843-LAX-ORD,1:55 p.m.,2:10 p.m.,7:53 p.m.,7:58  p.m.
676,677,panynj,CO-1193-EWR-MCO,9:15 a.m.,9:14 a.m.,12:18 p.m.,12:09 p.m.
677,678,ppanynj,,6:00 a.m.,6:65 a.m.,7:30 a.m.,7:51 a.m.
678,679,panynj,AA-643-MIA-ORD,7:10 a.m.,7:30 a.m.,9:35 a.m.,9:31 a.m.
679,680,apnynj,AA-1007-MIA-PHX,4:55 p.m.,5:08 p.m.,8:05 p.m.,:55 p.m.
680,681,PANYnj,UA-2906-PHL-MCO,3:50 p.m.,4:28 p.m.,6:23 p.m.,6:38 p.m.
681,682,panynj,UA-938-DEN-ORD,4:16 p.m.,4:15 p.m.,7:35 p.m.,7:36 p.m.
682,683,panynj,AA-1221-MCO-ORD,8:00 p.m.,8:23 p.m.,9:45 p.m.,9:5 p.m.
683,684,panynj,CO-166-LAX-EWR,10:2 a.m.,10:20 am.,  6:44 p.m. ,6:34 pm..
684,685,  panynj ,UA-2515-DFW-CLT,7:05 a.m.,7:05 a.m.,  10:31 a.m. ,10:47 a.m.
685,686,panynj,AA-400-DFW-JFK,10:40 a.m.,11:01 a.m.,2:5 9p.m.,3:04 p.m.
686,687,panynj,UA-664-ORD-PHL,1:33 p.m.,1:31 p.m.,4:31 p.m.,4:23 p.m.
687,688, ,AA-3756-ORD-SLC,12:15 p.m.,12:41 p.m.,:45 p.m.,2:50 p.m.
688,689,panynj,UA-37-EWR-MCO,1:29 p.m.,1::48 p.m.,4:17 p.m.,4:17 p.m.
689,690,N/a,AA-1522-SFO-ORD,11:55 p.m.,11:55 p.m.,5:50 a.m.,5:50 a.m.
690,691,panynj,UA-233-LAX-JFK,4:25 p.m.,4:25 p.m.,12:29 a.m.,12:29 a.m.
691,692,,AA-3823-LAX-DEN,9:00 p.m.,9:00 p.m.,12:15 A.M.,12:15 a.m.
692,693,NA, ,8:25 p.m.,8:25 p.m.,11:50 p.m.,11:50 p.m.
693,694,panynj,unknown,6:59 a.m.,7:22 a.m.,10:34 a.m.,10:04 a.m.
694,695,PAnynj, ,8:35 a.m.,8:51 a.m.,11:50 a.m.,11:44 a.m.
695,696,paynj,UA-3373-IAD-PHL,8:29 a.m.,8:26 a.m.,9:24 a.m.,9:13 a.m.
696,697,panynj,AA-649-ORD-SNA,1:30 p.m.,1:30 p.m.,3:50 p.m.,3:50 p.m.
697,698,N/A,CO-1250-MIA-IAH,2:53 p.m.,3:01 p.m.,4:48 p.m.,4:59 p.m.
698,699,panynj,UA-6273-YYYC-SFO,7:335 a.m.,7:27 a.m.,  9:43 a.m. ,8:45 a.m.
699,700,panynj,UA-828-SFO-ORD,11:08 p.m.,11:08 p.m.,5:11 a.m.,5:11 a.m.
700,701,panynj,CO-488-8IAH-DAL,5:30 p.m.,5:30 p.m.,6:40 p.m.,6:40 p.m.
701,702,  panynj ,UA-858-PVG-FSO,1:45 p.m.,1:32 p.m.,8:27 a.m.,8:02 a.m.
702,703,panynj,UA-2704-DTW-PHX,11:15 a.m.,11:15 a.m.,1:40 p.m.,2:00 p.m.
703,704,panynj,AA-3063-SLC-LAX,8:20 p.m.,8:39 p.m.,9:20 p.m.,9:20 p.m.
704,705,panynj,NA,2:55 p.m.,2:55 p.m.,4:53 p.m.,4:44 p.m.
705,706,,UA-62-IAH-EWR,2:30 p.m.,2:48 p.m.,7:03 p.m.,7:10 p.m.
706,707,panynj,UA-1500-IAH-GUA,8:55 a.m.,9:16 a.m.,11:45 a.m.,11:56 a.m.
707,708,panynj,AA-3804-PHL-ORD,2:35 p.m.,2:44 p.m.,4:05 p.m.,3:43 p.m.
708,709,unknown,AA-1917-JFK-MCO,2:55 p.m.,3::27 p.m.,5:55 p.m.,5:43 p.m.
709,710,panynj,AA-2268-PHX-ORD,7:15 a.m.,7:22 a.m.,11:35 a.m.,111:06 a.m.
710,711,NA,AA-4277-CVG-JFK,12:10 pm.,12:10 p.m.,2:15 p.m.,1:43 p.m.
711,712,NA,  AA-2957-DFW-CVG ,  7:55 a.m. ,8:04 a.m.,11:05 a.m.,11:01 a.m.
712,713,N/A,unknown,9:05 a.m.,8:52 a.m.,11:53 a.m.,12:09 p.m.
713,714, ,AA-789-ORD-DEN,1:05 p.m.,1:19 p.m.,2:35 p.m.,3::13 p.m.
714,715,NA,AA-415-BOS-ORD,8:35 a.m.,8:56 a.m.,10:40 a.m.,10:16 a.m.
715,716,panynj,AA-85-JFK-SFO,3:05 p.m.,3:36 p.m.,6:30 p.m.,6:43 p.m.
716,717, ,,7:30 a.m.,8:04 a.m.,8:00 a.m.,8:06a .m.
717,718,panynj,AA-1544-SAN-ORD,11:25 a.m.,11:40 a.m.,5:25 p.m.,4:56 p.m.
718,719,unknown,unknown,4:00 p.m.,4:12 p.m.,6:40 p.m.,  6:15 p.m. 
719,720,panynj,AA-721-MIA-LAX,11:35  a.m.,11:52 a.m.,2:25 p.m.,2:27 p.m.
720,721,unknown,AA-2525-DFW-MIA,7:25 a.m.,7:39 a.m.,11:110 a.m.,11:06 a.m.
721,722,  panynj ,CO-50-CLE-EWR,  2:55 p.m. ,3:31 p.m.,4:49 p.m.,  5:26 p.m. 
722,723,panynj,UA-3099-PHX-PHL,11:55 a.m.,11:55 aa.m.,6:17 p.m.,5:38 p.m.
723,724,anynj,AA-4198-ORD-CLE,10:40 a.m.,10:54 a.m.,12:55 p.m.,12:50 p.m.
724,725,panynj,AA-044-MIA-MCO,6:45 a.m.,6:57 a.m.,7:45 a.m.,7:40a .m.
725,726,panynj,  CO-45-EWR-MIA ,4:00 p.m.,3:58 p.m.,7:05 p.m.,63:6 p.m.
726,727,panynj,AA-3809-PHX-LAX,6:00 a.m.,6:10 a.m.,6:40 a.m.,6:19 a.m.
727,728,,AA-59-JFK-SFO,7:10 a.m.,7:39 a.m.,10:45 a.m.,11:12 a.m.
728,729,panynj,AA-222-LAX-BOS,7:10 a.m.,7:31 a.m.,3:30 p.m.,3:14 p.m.
729,730,N/A,,7:10 a.m.,7:16 a.m.,9:40 a.m.,9:32 a.m.
730,731,flightexplorer,AA-1733-ORD-PHX,7:45 p.m.,7:58 p.m.,10:30 p.m.,10:30 p.m.
731,732,flightexplorer,CO-1586-IAH-MCO,7:00 p.m.,7:14 p.m.,10:15 p.m.,1:029 p.m.
732,733,flightexplorer,UA-397-JFK-SFO,8:00 a.m.,8:29 a.m.,11:55 a.m.,11:58 a.m.
733,734,flightexplorer,UA-3925-IAD-ORF,8:41 a.m.,8:42 a.m.,9:54 a.m.,9:43 a.m.
734,735,flightexplorer,AA-1640-MIA-MCO,6:30 p.m.,6:30 p.m.,7:25 p.m.,7:25 p.m.
735,736,flightexplorer,AA-1544-SAN-ORD,11:25 a.m.,11:40 a.m.,5:25 p.m.,4:56 p.m.
736,737,N/A,UA-5487-SFO-MRY,10:39 a.m.,10:33 a.m.,11:19 a.m.,11:21 a.m.
737,738,flightexplorer,AA-204-lax-mco,11:25 p.m.,11:25 p.m.,6:55a .m.,6:55 a.m.
738,739, ,UA-414-LAX-SFO,6:0 a.m.,5:56 a.m.,7:23 a.m.,7:17 a.m.
739,740,flightexplorer,CO-1614-LAX-IAH,12:30 a.m.,12:41 a.m.,5:35 a.mm.,5:26 a.m.
740,741,lightexplorer,,12:15 p.m.,12:41 p.m.,2:45 p.m.,2:50 .pm.
741,742,flighteexplorer,AA-3468-CVG-MIA,7:00 a.m.,7:25 a.m.,9:55 a.m.,9:45 a.m.
742,743,flgihtexplorer,AA-484-DFW-MIA,4:15 p.m.,4:29 p.m.,7:55 p.m.,7:39 p.m.
743,744,fflightexplorer,AA-616-DFW-DTW,9:05 a.m.,10:10 a.m.,12:35 p.m.,1:27 p.m.
744,745,flightexplorer,AA-446-DFW-PHL,11:50 a.m.,12:12 p.m.,3:50 p.m.,4:09 p.m.
745,746,flightexploerr,CO-1023-IAH-DEN,11:40 a.m.,11:56 a.m.,1:17 p.m.,1:14 p.m.
746,747,flighexplorer,AA-466-IAH-MIA,6:00 a.m.,6:08 a.m.,9:220 a.m.,9:05 a.m.
747,748,flightexplorer,,7:55 a.m.,8:04 a.m.,11:05 a.m.,11:01 a.m.
748,749,FLightexplorer,,10:155 a.m.,10:18 a.m.,12:10 p.m.,11:56 a.m.
749,750,flightexplorer,N/A,7:30 a.m.,8:04 a.m.,8:00 a.m.,8:06 a.m.
750,751,flightexplorer,AA-1279-DFW-PHX,1:00 p.m.,2:04 p.m.,2:35 p.m.,3:30 p.m.
751,752,flightexplroer,UA-382-IAD-LAX,12:30 p.m.,12:35 p.m.,3:91 p.m.,3:21 p.m.
752,753,unknown,AA-4344-ORD-DTW,11:45 a.m.,12:13 p.m.,2:00 p.m.,2:10 pp.m.
753,754,flightexplorer,UA-257-JFK-SFO,2:30 p..m,2:26 p.m.,6:15 p.m.,5:42 p.m.
754,755,  flightexplorer ,AA-271-MIA-LAX,11:35 a.m.,11:52 a.m.,2:25 p.m.,2:27 p.m.
755,756,flightexplorer,AA-2050-ORD-MIA,10:40 a.m.,11:05 a.m.,2:45 p.m.,  2:46 p.m. 
756,757,flightexplorer,  UA-248-PHX-ORD ,12:57 p.m.,1:32 p.m.,5:15 p.m.,5:34 p.m.
757,758,NA,  AA-4330-CVG-ORD ,3:35 p.m.,3:36  p.m.,4:00 p.m.,3:33 p.m.
758,759,flightexplorer,AA-1434-DFW-MCO,7:15 a.m.,7:21 a.m.,10:35 a.m.,10:36 a.m.
759,760,FLIGHTEXplorer,unknown,6:45 p.m.,6:55 p.m.,9:10 p.m.,8:553 p.m.
760,761,flightexplorer,AA-3-JFK-LAX,12:00 p.m.,12:11 p.m.,3:15 p.m.,3:16 p.m.
761,762,flightexplorer,CO-1193-EWR-MCO,9:15 .m.,9:14 a.m.,12:18 p.m.,12:09 p.m.
762,763,,AA-3842-MSP-ORD,6:00 a.m.,6:56 a.m.,7:30 a.m.,7:51 a.m.
763,764,flightexplorer,AA-643-MIA-ORD,7:10 a.m.,7:30 a.m.,9:35 a.m.,9:31 a.m.
764,765,flightepxlorer,AA-1007-MIA-PHX,4:55 p.m.,5:08 p.m.,8:05 p.m.,7:55 p.m.
765,766,flightexplorer,AA-2525-DFW-MIA,  7:25 a.m. ,7:39 a.m.,1110 a.m.,11:06 a.m.
766,767,flightexplorer, ,4:16 p.m.,4:15 p.m.,7:35 p.m.,7:36 p.m.
767,768,flightexplorer,AA-1221-CO-ORD,8:00 p.m.,8:23 p.m.,9:45 pp.m.,9:53 p.m.
768,769,flightexplorer,AA-1886-BOS-MIA,10:45  a.m.,10:55 a.m.,2:20 p.m.,1:40 p.m.
769,770,,UA-664-ORD-PHL,1:33 p.m.,1:31 p.m.,  4:31 p.m. ,4:23 p.m.
770,771,flightexplorer,,1:29 p.m.,1:48 p.m.,4:17 p.m.,4:17 p.m.
771,772,flightexplorer,AA-1522-SFO-ORD,11:55 p.m.,11:55 p.m.,5:50 a.m.,5:50 a.m.
772,773,flightexplorer,AA-3823-LAX-DEN,9:00 p.m.,9:00 p.m.,12:15 a.m.,12:15 a.m.
773,774,NA,AA-2312-DFW-DTW,8:25 p.m.,8:25 p.m.,11:50 p.m.,11:50 p.m.
774,775,flightexplorer,unkknown,6:59 a.m.,7:22 a.m.,10:34 a.m.,10:04 a.m.
775,776, ,AA-431-MIA-SFO,88:35 a.m.,8:51 A.m.,11:50 a.m.,11:44 a.m.
776,777,flightexplorer,UA-3373-IAD-PHL,8:29 a.m.,8:26 a.m.,9:24 a.m.,9:13 .am.
777,778,flightexplorer,,1:30 p.m.,1:30 p.m.,3:50 p.m.,3:50 p.m.
778,779,flightexplorer,UA-828-SFO-ORD,11:08 p.m.,11:08 p.m.,5:11 a.m.,5:11 a.m.
779,780,flightexplorer,CO-4888-IAH-DAL,5:30 p.m.,5:30 p.m.,6:40 p.m.,6:40 p.m.
780,781,flightexplorer,,8:05 a.m.,8:00 a.m.,11:35a.m.,11:32 a.m.
781,782,flightexplorer,AA-3804-PHL-ORD,2:35 p.m.,2:44 p.m.,4:05 p.m.,3:43 p.m.
782,783,flightexplorer,,7:15 a..,7:22 a.m.,11:35  a.m.,11:06 a.m.
783,784,flightexplorer,UA-233-LAX-JFK,4:25 p.m.,4:25 p.m.,12:29 a.m.,12:29 a.m.
784,785,flightexplorer,UA-6273-YYC-SFO,7:35 a.m.,7:27  a.m.,9:43 a.m.,8:45 a.m.
785,786,fligtexplorer,AA-4277-CVG-JKF,12:10 p.m.,12:10 P.m.,2:15 P.m.,1:43 p.m.
786,787,flightexplorer,AA-789-ORD-DEN,1:05 p.m.,11:9 p.m.,2:35 p.m.,3:13 p.m.
787,788,flightexplorer,AA-222-LAX-BOS,7:10 a.m.,7:31 a.m.,  3:30 p.m. ,3:14 p.m.
788,789,flightexplorer,AA-498-ORD-CLE,10:40 a.m.,  10:54 a.m. ,12:55 p.m.,12:50 p.m.
789,790,flightexplorer,AA-404-MIA-MCO,6:45 a.m.,6:57 a.m.,  7:45 a.m. ,7:40 a.m.
790,791,flightexplorer,AA-3089-PHX-LAX,6:00 a.m.,6:10 a.m.,6:40 a.m.,6:199 a.m.
791,792,flightexplorer,AA-59-JFK-SFO,7:10 a.m.,7:39 a.m.,10:45 a.m.,11:12 a.m.
792,793,ia,AA-2050-ORD-MIA,10:40 a.m.,11:05 a.m.,  2:45 p.m. ,2:46 p.m.
793,794,mia,,6:59a .m.,7:22 aa.m.,10:34 a.m.,10:04 aa.m.
794,795,miia,AA-484-DFW-MIA,4:15 p.m.,4:29 p.m.,  7:55 p.m. ,7:39 p.m.
795,796,,AA-466-IAH-MIA,6:00 a.m.,6:08 a.m.,9:20 a.m.,9:05 A.m.
796,797,mia,AA-2525-DFW-MIA,7:25 a.m.,7:39 a.m.,11:10 a.m.,11:06 a.m.
797,798,iad,UA-382-IAD-LAX,12:30 p.m.,12:35 p.m.,3:19 p.m.,3:21 p.m.
798,799,dfw,AA-1279-DFW-PHX,1:00 p.m.,2:04 p.m.,2:35 p..m.,3:30 p.m.
799,800,dfw,AA-2312-DFW-DTW,8:25 p.m.,8:25 p.m.,11:50 p.m.,11:50 p.m.
800,801,N/A,AA-446-DFW-PHL,11:50 a.m.,12:12p.m.,3:50 p.m.,4:09 p.m.
801,802,dfw,AA-400-DFW-JFK,10:40 a.m.,11:01 a.m.,2:59 p.m.,3:04 p.m.
802,803,dfw,AA-484-DFW-MIA,4:15 p.m.,4:29  p.m.,7:55 p.m.,7:39 p.m.
803,804,mco,CO-1586-IAH-MCO,7:00 p.m.,7:14 p.m.,10:15 p.m.,10:29 p.m.
804,805,  mco ,AA-1917-JFK-MCO,2:55 p.m.,3:27 p.m.,5:55 p.m.,5:43 p.m.
805,806,mco,AA-1640-MIA-MCO,:630 p.m.,6:30 p.m.,7:25 p.m.,  7:25 p.m. 
806,807,mco,AA-404-MIA-MCO,6:45 a.m.,6:57 a.m.,7:45 a.m.,7:40 a.m.
807,808,unknown,AA-204-LAX-MCO,11:25 p.m.,11:25 p.m.,6:55 a.m.,6:55 a.m.
808,809,mco, ,8:00 p.m.,8:23 p.m.,9:45 p.m.,9:53 p.m.
809,810,Mco,AA-1434-DFW-MCO,7:15 a.m.,7:21 a.m.,10:35 a.m.,10:36 a.m.
810,811,mco,CO-1193-EWR-MCO,9:155 a.m.,9:14 a.m.,12:18 p.m.,12:09 pp.m.
811,812,flights,AA-3859-IAH-ORD,7:10 a.m.,7:16 a.m.,9:40 aa.m.,9:32 a.m.
812,813,flights,CO-1586-IAH-MCO,7:00 p.m.,7:14 p.m.,10:15 p.m.,10:29 p.m.
813,814,flights,NA,6:40 a.m.,6:54 a.m.,9:25 a.m.,9:28 a.m.
814,815,flightts,UA-397-JFK-SFO,8:00 a.m.,8:29 a.m.,11:55 a.m.,11:58 a.m.
815,816,flights,NA,8:41 a.m.,8:42 a.m.,  9:54 a.m. ,9:43 a.m.
816,817,flights,N/A,7:45 p.m.,7:58 p.m.,10:30 p.m.,10:30 p.m.
817,818,flights,,12:0 p.m.,12:11 p.m.,3:15 p.m.,3:16 p.m.
818,819,flights,,3:27 p.m.,3:27 p.m.,5:05 p.m.,5:17 p.m.
819,820,flights,CO-58-DEN-IAH,11:25 a.m.,11:32 a.m.,2:50 p.m.,3:31 p.m.
820,821,flights,UA-5487-SFO-MRY,10:39 a.m.,10:33 a.m.,11:19 a.m.,11:21 a.m.
821,822,flights,AA-204-LAX-MCO,11:25 p.m.,11:25 p.m.,6:55 a.m.,6:55 a.m.
822,823,flights,UA-414-LAX-SFO,6:00 a.m.,5:56 a.m.,7:23 a.m.,7:17 a.m.
823,824,flights,CO-1614-LAX-IAH,12:30 a.m.,12:41 a.m.,5:35 a.m.,5:26 a.m.
824,825,flights,UA-2726-FLL-phl,4:00 pm..,  4:00 p.m. ,6:46 p.m.,6:28 p.m.
825,826,N/A,CO-52-IAH-LAX,7:35 a.m.,7:29 a.m.,9:21 a.m.,9:14 a.m.
826,827,flights,CO-1090-BOSIAH,9:45 a.m.,10:19 a.m.,1:16 p.m.,1:19 p.m.
827,828,flights,AA-616-DFW-DTW,9:05 a.m.,10:10 a.m.,12:35 p.m.,1:27 p.m.
828,829,,UA-3515-IAD-MSP,8:15 a.m.,8:12 a.m.,10:06 a.m.,9:65 a.m.
829,830,flights,AA-3468-CVG-MIA,7:00 a.m.,7:25 a.m.,9:55 a.m.,9:45 a.m.
830,831,flights,AA-484-DFW-MIA,4:15 p.m.,4:29 p.m.,7:55 p.m.,7:39 p.m.
831,832,flights,,10:45 a.m.,10:55 a.m.,2:20 p.m.,1:40 p.m.
832,833,fllights,,2:30 p.m.,2:48 p.m.,7:03 p.m.,7:10 p.m.
833,834,flights,CO-1561-PHX-IAH,8:05 a.m.,8:00 a.m.,11:35 a.m.,11:32 a.m.
834,835,flights,UA-2314-ATL-PHL,2:55 p.m.,  2:55 p.m. ,5:00 p.m.,4:47 p.m.
835,836,,AA-446-DFW-PHL,11:50 a.m.,12:12 p.m.,3:50 p.m.,4:09 p.m.
836,837,NA,CO-1023-IAH-DEN,11:40 a.m.,11:56 a.m.,1:1 p.m.,1:14 p.m.
837,838,flights,AA-466-IAH-MIA,6:00 a.m.,6:08 a.m.,9:20 a.m.,9:05 a.m.
838,839,flights,UA-3050-PHX-CLT,11:05 a.m.,11:30 a.m.,4:57 p.m.,5:05 p.m.
839,840, ,NA,6:00 a.m.,6:02 a.m.,10:20 a.m.,10:27 a.m.
840,841,flights,  CO-1088-CLE-IAH ,8:40 a.m.,8:40 a.m.,10:54 a.m.,10:56 a.m.
841,842,flights,AA-1664-MIA-ATL,10:15 am..,10:18 a.m.,12:10 p.m.,111:56 a.m.
842,843,N/A,AA-1279-DFW-PHX,1:00 p.m.,2:04 p.m.,2:35 p.m.,3:30 p.m.
843,844,flights,UA-854-SFO-IAH,7:53 a.m.,7:49 a.m.,1:39 p.m.,1:30 p.m.
844,845,NA,UA-382-IAD-LAX,12:30 p.m.,12:35 p.m.,3:19 p.m.,3:21 p.m.
845,846,flights,AA-4344-ORD-DTW,11:45 a.m.,12:13 p.m.,2:00 p.m.,2:10 p.m.
846,847,  flights ,UA-257-JFK-SFO,2:30 p.m.,2:26 p.m.,6:15 p.m.,5:4 p.m.
847,848,flights,UA2-945-PHL-CLT,12:00 a..m.,3:11 a.m.,1:45 p.m.,1:15 pm..
848,849,flights, ,5:25 p.m.,5:22 p.m.,8:22 p.m.,8:03 p.m.
849,850,flights,CO-47-IAH-LAX,7:10 p.m.,8:25 p.m.,8:56 p.m.,9:5 p.m.
850,851, ,AA-2050-ORD-MIA,10:40 a.m.,11:05 a.m.,2:45 p.m.,2:46 p.m.
851,852,flights,,12:57 p.m.,1:32 p.m.,5:15 p.m.,5:34 p.m.
852,853,flights,AA-4330-CVG-ORD,3:35 p.m.,3:36 p.m.,4:00 p.m.,3:33 p.m.
853,854,flights,,7:15 a.m.,7:21 a.m.,10:35 a.m.,10:36 a.m.
854,855,flights,AA-1640-MIA-MCO,6:30 p.m.,6:30 p.m.,7:25 p.m.,7:25 p.m.
855,856,flights,AA-4307-ORD-DTW,6:45 p.m.,6:55 p.m.,9:10 p.m.,8:53 p.m.
856,857,unknown,  CO-1694-LAX-IAH ,7:15p.m.,7:15 p.m.,12:21 a.m.,12:21 a.m.
857,858,flights,/A,1:55 p.m.,2:10 p.m.,7:53 p..,7:58 p.m.
858,859,flights,CO-1193-EWR-MCO,9:15 .m.,9:14 a.m.,12:18 p.m.,12:09 p.m.
859,860,flights,AA-3842-MSP-ORD,6:00 a.m.,6:56 aa.m.,7:30 a.m.,7:51 a.m.
860,861,flights, ,7:10 a.m.,7:30 a.m.,9:35 a.m.,9:31 a.m.
861,862,flights,AA-1007-MIA-PHX,4:55 p.m.,5:08 p.m.,8:05 p.m.,7:55 p.m.
862,863,flights,UA-290-PHL-MCO,3:50 p.m.,4:28 p.m.,6:23 p.m.,6:38 p.m.
863,864,,UA-938-DEN-ORD,4:16 p.m.,4:15 p.m.,7:35 p.m.,7:36 p.m.
864,865,flights,AA-1221-MCO-ORD,8:00 p.m.,8:23 p.m.,9:45 p.m.,9:53 p.m.
865,866,,CO-16-LAX-EWR,10:25 a.m.,10:20 a.m.,6:44 p.m.,6:34 p.m.
866,867,NA,  UA-2515-DFW-CLT ,7:05 a.m.,7:05 a.m.,10:31 a.m.,10:74 a.m.
867,868,flights,AA-400-DFW-JFK,10:40 a.m.,11:01 a.m.,2:59 p.m.,3:04 p.m.
868,869,N/A,UA-664-ORD-PHL,1:33 p.m.,1:31 p.m.,4:31 p.m.,4:23 p.m.
869,870,flights,A,12:15 p.m.,12:41 p.m.,2:45 p.m.,2:50 p.m.
870,871,NA,UA-37-EWR-MCO,1:29 p.m.,1:48 p.m.,4:17 p.m.,4:17 p.m.
871,872,flights,AA-1522-SFO-ORD,11:55 p.m.,11:55 p.m.,5:50 a.m.,5:50 a.m.
872,873,flights,UA-233-LAX-JFK,4:25 p.m.,4:25 p.m.,12:29 a.m.,12:29 a.m.
873,874,flights,AA-3823-LAX-DEN,9:00 p.m.,  9:00 p.m. ,12:15 a.m.,12:15 a.m.
874,875,  flights ,AA-2312-DFW-DTW,825 p.m.,8:25 p.m.,11:50 p.m.,11:50 p.m.
875,876,flights, ,6:59 a.m.,7:22 a..m.,10:34 a.m.,10:04 a.m.
876,877,flights,N/A,8:35 a.m.,  8:51 a.m. ,11:50 a.m.,11:44 a.m.
877,878,fligghts,  UA-3373-IAD-PHL ,8:29 A.m.,8:26 a.m.,9:24 a.m.,9:13 a.m.
878,879,flights,AA-649-ORD-SNA,1:30 p.m.,1:30 p.m.,3:50 p.m.,3:50 p.m.
879,880,flights,CO-1250-MIA-IAH,2:53 p.m.,3:01 .m.,4:48 p.m.,4:59 p.m.
880,881,flights,N/A,7:335 a.m.,7:27 a.m.,9:43 a.m.,8:45 a.m.
881,882,flights,UA-828-SFO-ORD,11:08 p.m.,11:08 p.m.,5:11 a.m.,5:11 a.m.
882,883,flights,CO-4888-IAH-DAL,5:30 p.m.,5:30 p.m.,6:40 p.m.,6:40 p.m.
883,884,fllights,,1:45 p.m.,1:32 p.m.,8:27 a.m.,8:02 a.m.
884,885,flights,UA-2704-DTW-PHX,11:15 a.m.,11:15 a.m.,1:40 p.m.,2:00 p.m.
885,886,FLIghts,  AA-3063-SLC-LAX ,:820 p.m.,8:39 p.m.,9:20 p.m.,92:0 p.m.
886,887,flights,UA-2708-EWR-CLT,2:55 p.m.,2:55 p.m.,4:53 p.m.,4:44 p.m.
887,888,flights,,2:30 p.m.,2:48 p.m.,7:033 p.m.,7:10 p.m.
888,889,,UA-1500-IAH-GUA,8:55 a.m.,9:16 a.m.,11:45 a.m.,  11:56 a.m. 
889,890,flights,  AA-3804-PHL-ORD ,2:35 p.m.,2:44 p.m.,4:05 p.m.,3:43 p.m.
890,891,flights,AA-1917-JFK-MCO,2:55 p.m.,3:27 p.m.,5:55 p.m.,5:43 p.m.
891,892,,AA-2268-PHX-ORD,7:15 a.m.,7:22 a.m.,11:35 a.m.,11:06 a.m.
892,893,N/A,AA-4277-CV-JFK,12:10 p.m.,12:10 p.m.,2:15 p.m.,1:43 p.m.
893,894,,AA-2957-DFW-CVG,7:55 aa.m.,8:04 a.m.,11:05 a.m.,11:01 a.m.
894,895,flights,UA-37-EDI-EWR,9:05 a.m.,8:52 a.m.,11:53 a.m.,12:09 p.m.
895,896,flights,AA-789-ord-den,1:05 p.m.,1:19 p.m.,2:35 p.m.,3:13 p.m.
896,897,flights,AA-415-BOS-ORD,8:35 a.m.,  8:56 a.m. ,10:40 a.m.,10:16 a.m.
897,898,flights,unknown,3:05 p.m.,3:36 p.m.,6:30 p.m.,6:43 p.m.
898,899,  flights ,AA-3979-CVG-ORD,7:30 a.m.,8:04 a.m.,8:00 a.m.,8:06 a.m.
899,900,flights,AA-1544-SAN-ORD,11:25 a.m.,11:40 a.m.,5:25 p.m.,4:56 P.M.
900,901,flights,AA-3786-IAH-ORD,4:00 p.m.,4:12 p.m.,6:40 p.m.,6:15 p.m.
901,902,flights,AA-271-MIA-LAX,11:35 a.m.,11:52 a.m.,2:25 p.m.,2:27p .m.
902,903,lights,AA-2525-DFW-MIA,7:25 a.m.,7:39 a.m.,11:10 a.m.,11:06 a.m.
903,904,flightts, ,2:55 p.m.,  3:31 p.m. ,4:49 p.m.,5:26 p.m.
904,905,flights,UA-3099-PHX-PHL,11:55 a.m.,11:55 a.m.,6:17 p.m.,5:38 p.m.
905,906,flights,AA-4198-ORD-CLE,10:40 a.m.,10:54 a.m.,12:55 p.m.,12:50 p.m.
906,907,flights, ,6:45 a.m.,6:57 a.m.,7:45 a.m.,7:40 a.m.
907,908,fllights,N/A,4:00 p.m.,3:58 p.m.,7:05 p.m.,6:36 p.m.
908,909,fllights,AA-3809-PHX-LAX,6:00 a.m.,6:10 a.m.,6:40 a.m.,6:19 a.m.
909,910,,AA-59-JFK-SFO,7:10 a.m.,7:39a .m.,10:45 a.m.,11:12 a.m.
910,911,lights,AA-222-LAX-BOS,7:10 a.m.,7:31 a.m.,3:30 p.m.,3:14 p..
911,912,flightarrival,AA-3859-IAH-ORD,7:10 a.m.,7:16 a.m.,9:40 a.m.,9:32 a.m.
912,913,,AA-1640-MIAM-CO,6:30 p.m.,6:30 p.m.,7:25 p.m.,7:25p.m.
913,914, ,UA-3925-IAD-ORF,:841 a.m.,8:42 a.m.,9:54 a.m.,9:43 a.m.
914,915,flightarrival,AA-4344-ORD-DTW,11:45 a.m.,12:13 p.m.,2:00 p.m.,2:10 p.m.
915,916,flightarrival,UA-414-LAX-SFO,6:00 a.m.,5:56 a.m.,7:23 a.m.,7:17 a.m.
916,917,flightarrival, ,12:30 a.m.,12:41 a.m.,5:35 a.m.,5:26 a.m.
917,918,flightarrival,CO-52-IAH-LAX,7:35 a.m.,7:29 a.m.,9:21 a.m.,9:14 a.m.
918,919,flightarrival,CO-1090-BOS-IAH,9:45a .m.,10:19 a.m.,1:16 p.m.,1:19 p.m.
919,920,flightarrival,AA-3468-CVG-MIA,  7:00 a.m. ,7:25 a.m.,9:55 a.m.,  9:45 a.m. 
920,921,flightarrival, ,2:30 p.m.,2:48 p.m.,7:03 p.m.,7:10 p.m.
921,922,flightarrival,AA-466-IAH-MIA,6:00a .m.,6:08 a.m.,9:20 a.m.,9:05 a.m.
922,923,flightarrival,AA-1664-MIA-ATL,10:15 a.m.,10:18 a.m.,12:10 p.m.,11:56  a.m.
923,924,flightarrival,NA,1:00 p.m.,2:04 p.m.,  2:35 p.m. ,3:30 p.m.
924,925,NA,AA-404-MIA-MCO,6:45 a.m.,6:57 a.m.,7:45 a.m.,7:40 a.m.
925,926,NA,UA-38-2IAD-LAX,12:30 p.m.,12:35 p.m.,3:19 p.m.,3:21 p.m.
926,927,flightarrival,N/A,2:55 p.m.,3:31 p..m.,4:49 p.m.,5:26 p.m.
927,928,flightarrival,AA-616-DFW-DTW,9:05 a.m.,10:10 a.m.,12:35 p.m.,1:27 p.m.
928,929,flightarrival,NA,11:35  a.m.,11:52 a.m.,  2:25 p.m. ,2:27 p.m.
929,930,flightarrival,AA-2050-ORD-MIA,10:40 A.m.,11:05 a.m.,2:45 p.m.,2:46 p.m.
930,931,  N/A , ,6:45 p.m.,6:55 p.m.,9:10 p.m.,8:53 p.m.
931,932,unknown,AA-3-JFK-LAX,1:200 p.m.,12:11 p.m.,3:15 p.m.,  3:16 p.m. 
932,933,unkonwn,CO-1694-LAX-IAH,7:115 p.m.,7:15 p.m.,12:21 a.m.,12:21 A.M.
933,934,  flightarrival ,CO-1193-WER-MCO,  9:15 a.m. ,9:14 a.m.,12:18 p.m.,12:09 p.m.
934,935,flighatrrival,UA-2906-PHL-MCO,3:50 p.m.,4:28 p.m.,6:23 p.m.,6:38 p.m.
935,936,flightarrival,AN,4:16 p.m.,4:15 p.m.,7:35 p.m.,7:36 p.m.
936,937,flightarrival,AA-1221-MCO-ORD,8:00 p.m.,8:23 p.m.,9:45 p.m.,9:53 p.m.
937,938,flightarrival,CO-16-LAX-EWR,10:25 a.m.,10:20 a.m.,6:4 4p.m.,6:34 p.m.
938,939,flightarrival,Ua-2515-dfw-clt,7:05 a.m.,7:05 a.m.,10:31 a.m.,10:47 a.m.
939,940,flightarrival,AA-400-DFW-JFK,10:40 a.m.,11:01 a.m.,2:59 p.m.,3:04 p.m.
940,941,unknown,UA-664-ord-phl,:133 p.m.,1:31 p.m.,4:31 p.m.,4:23 p.m.
941,942,flightarrival,UA-37-EWR-MCO,1:29 p.m.,1:48 p.m.,4:17 p.m.,41:7 p.m.
942,943,flightarrival,UA-233-LAX-JFK,44:25 p.m.,4:25 p.m.,12:29 a.m.,12:29 a.m.
943,944,flightarrival,AA-2312-DFW-DTW,8:25p.m.,8:25 p.m.,11:50 p.m.,11:50 p.m.
944,945,flightarrival,AA-431-mia-sfo,8:35 a.m.,8:51 a.m.,11:50 a.m.,11:44 a.m.
945,946,flightarrival,UA-257-JFK-SFO,2:30 p.m.,2:26 p.m.,6:15 p.m.,5:42 p.m.
946,947,flightarrival,UA-3373-IAD-PHL,8:29 a.m.,8:26 a.m.,9:24 a.m.,9:13 a.m.
947,948,unknown,UA-828-SFO-ORD,11:08 p.m.,11:08 p.m.,5:11 a.m.,5:11 a.m.
948,949,flightarrival,,5:30 p.m.,5:30 p.m.,6:40 p.m.,6:40 p.m.
949,950,flightarrivla,UA-858-PVG-SFO,1:45 p.m.,1:32 pp.m.,8:27 a.m.,8:02 a.m.
950,951,,UA-2704-DTW-PHX,11:15 a.mm.,11:15 a.m.,1:40 p.m.,2:00 p.m.
951,952,flightarrival,AA-3063-SLC-LAX,8:20 p.m.,8:39 p.m.,9:20 p.m.,9:20 p..m
952,953,flightarrival,unknown,8:55 a.m.,9:16 a.m.,11:45 a.m.,11:56 a.m.
953,954,,CO-1561-PHX-IAH,8:05 a.m.,8:00 a.m.,11:35 a.m.,11:32 a.m.
954,955,flightarrival,AA-2268-PHX-ORD,7:15 a.m.,7:22 a.m.,11:35 a.m.,11:06 .m.
955,956,flightarrival,UA-2314-ATL-PHL,2:55 p.m.,2:5 p.m.,5:00 p.m.,4:47 p.m.
956,957,flightarrivval, ,7:35 a.m.,7:27 a.m.,9:43 a.m.,8:45 a.m.
957,958,FLIGHTARRIVAl,AA-4277-CVG-FJK,12:10 p.m.,12:10 p.m.,2:15 p.m.,1:43 p.m.
958,959,flightarrival,unknown,7:55 a..,8:04 a.m.,11:05 a.m.,11:01 a.m.
959,960,,NA,9:05 a.m.,8:52 a.m.,11:53 a.m.,12:09 p.m.
960,961,flightarrival,N/A,7:53 a.m.,7:49 a.m.,139 p.m.,1:30 p.m.
961,962,unknown,AA-85-JFK-SFO,3:05 p.m.,3:36 p.m.,6:30 p.m.,6:4 p.m.
962,963,flightarrival,N/A,11:25 a.m.,11:40 a.m.,5:25 p.m.,4:56 .pm.
963,964, ,  unknown ,4:00 p.m.,4:12 p.m.,6:40 p.m.,6:15 .m.
964,965, ,CO-1088-CLE-IAH,  8:40 a.m. ,8:40 a.m.,10:54 a.m.,10:56 a.m.
965,966,/A,AA-4198-ORD--CLE,10:40 a.m.,10:54 a.m.,12:55 p.m.,12:50 p.m.
966,967,flightarrival,AA-3809-PHX-LAX,6:00 a.m.,6:10 a.m.,6:40 a.m.,6:19 a.m.
967,968,NA,AA-59-JFK-SFO,7:10 a.m.,7:39 a.m.,10:45 a.m.,11:12 a.m.
968,969,flightarriival,AA-222-LAX-BOS,7:10 a.m.,7:31 a.m.,3:30 p.m.,31:4 p.m.
969,970,,A-3859-IAH-ORD,7:10 a.m.,7:16 a.m.,9:40 a.m.,9:32 a.m.
970,971,,AA-3824-MSP-ORD,6:00 a.m.,6:56 a.m.,7:30 a.m.,7:51 a.m.
971,972,flihtwise,AA-643-MIA-ORD,7:10 a.m.,7:30 a.m.,9:35 a.m.,9:31 a.m.
972,973,flightwise,AA-11640-MIA-MCO,  6:30 p.m. ,6:30 p.m.,7:25 p.m.,7:25 p.m.
973,974,NN/A,AA-2525-DFW-MIA,7:25 a.m.,7:39 a.m.,11:10 a.mm.,11:06 a.m.
974,975,flightwise,UA-3050-PHX-CLT,11:05 a.m.,11:30 a.m.,4:57 p.m.,5:05 p.m.
975,976,flightwise,UA-3925-IAD-ORF,8:41 a.m.,8:42 a.m.,9:54 a.m.,9:43 a.m.
976,977,flightwise,UA-664-ORD-PHL,1:33 p.m.,1:31 p.m.,4:31 p.m.,4:23 p.m.
977,978,flightwise,AA-789-ORD-DEN,1:05 p.m.,1:19 p.m.,2:35 p.m.,3:13 p.m.
978,979,flightwise,,8:25 p.m.,8:25 p.m.,11:50 p.m.,11:50 p.m.
979,980,flightwise,CO-1694-LAX-IAH,7:15 p.m.,7:15 p.m.,12:21 a.m.,12:21 a.m.
980,981,flightwise,NA,5:25 p.m.,5:22 p.m.,8:22 p.m.,8:03 p.m.
981,982,,AA-3786-IAH-ORD,4:00 p.m.,4:12 p.m.,6:40 p.m.,6:15 p.m.
982,983,flightwise,CO-47-IAH-LAX,7:10 p.m.,8:25 p.m.,8:56 p.m.,9:52 p.m.
983,984,flightwise,,7:15 a.m.,7:21 a.m.,10:35 a.m.,10:36 a.m.
984,985,,AA-4330-CVG-ORD,3:35 p.m.,3:36 p.m.,4:00 p.m.,3:33 p.m.
985,986,FLIGHTWISe,,6:00 a.m.,6:10 a.m.,6:40 a.m.,6:19 a.m.
986,987,flightwise,AA-59-JFK-SFO,7:10 a.m.,7:39 A.M.,10:45 a.m.,11:12 a.m.
987,988,NA,,6:45  p.m.,6:55 pm..,  9:10 p.m. ,8:53 p.m.
988,989,flightwise,AA-85-JFK-SFO,  3:05 p.m. ,3:36 p.m.,6:30 p.m.,6:43 p.m.
989,990,travelocity,AA-3859-IAH-ORD,7:10 a.m.,7:16 a.m.,9:40 a.m.,9:2 a.m.
990,991,tavelocity,  AA-518-MIA-JFK ,6:40 a.m.,6:54 a.m.,9:25 a.m.,9:28 a.m.
991,992,unknown,UA-397-JFK-SFO,8:00 a.m.,8:29 a.m.,11:55 a.m.,11:58 a.m.
992,993,travelociy,UA-3925-IAD-ORF,8:41 a.mm.,8:42 a.m.,9:54 a.m.,9:43a.m.
993,994,tavelocity,AA-1733-ORD-PHX,7:45 p.m.,7:58 p.m.,10:30 p.m.,10:30 p.m.
994,995,travelocity,  AA-1640-MIA-MCO ,6:30 p.m.,6:30 p.m.,7:52 p.m.,7:25 p.m.
995,996,travelocity,AA-3-JFK-LAX,12:00 p.m.,12:11 p.m.,3:15 p.m.,3:16 p.m.
996,997,travelocity,UA-2830-MCO-CLT,3:27 p.m.,3:27 p.m.,5:05 p.m.,5:17 p.m.
997,998,travelocity,AA-1544-SAN-ORD,11:25 a.m.,11:40 a.m.,5:25 p.m.,4:56 p.m.
998,999,travelcoity,AA-204-LA-XMCO,11:25 p.m.,11:25 p.m.,6:55 a.m.,6:55 a.m.
999,1000,travelocity,NA,6:00 a.m.,5:56 a.m.,7:23 a.m.,7:17 a.m.
1000,1001,NA,N/A,12:15 p.m.,  12:41 p.m. ,2:45 p.m.,2:50 p.m.
1001,1002,travelocity,UA-2726-FLL-PHL,4:00 p.m.,400 p.m.,:646 p.m.,6:28 p.m.
1002,1003,travelocity,AA-3468-CVG-MIA,7:00 a..m,7:25 a.m.,9:55 a.m.,9:45 a.m.
1003,1004,ttravelocity,UA-3515-IAD-MSP,8:15 a.m.,8:12 a.m.,10:06 a.m.,9:5 a.m.
1004,1005,travelocity,AA-484-DFW-MIA,4:15 p.m.,4:29 p.m.,7:55 p.m.,7:39 p.m.
1005,1006,travelocity,CO-62-IAH-EWR,2:30 p.m.,2:4 p.m.,7:03 p.m.,7:10 p.m.
1006,1007,,AA-446-DFW-PHL,1150 a.m.,12:12 p.m.,3:50 p.m.,4:09 p.m.
1007,1008,travelocity,AA-466-IAH-MIA,  6:00 a.m. ,6:08 a.m.,9:20 a.m.,  9:05 a.m. 
1008,1009,travelocity,UA-3050-PHX-CLT,11:05 a.m.,11:30 a.m.,4:57 p.m.,5:05 p.m.
1009,1010,TRAVELOcity,CO-89-IAH-EWR,6:00 a.m.,6:02 a.m.,10:20 a.m.,10:27 a.m.
1010,1011,travelocty,CO-1088-CLE-IAH,8:40 a.m.,8:40 a.m.,10:54 a.m.,10:56 a.m.
1011,1012,TRAVElocity,AN,10:45 a.m.,10:55 a.m.,2:20 p.m.,1:40 p.m.
1012,1013,travelocity,AA-2957-DFW-CVG,:755 a.m.,8:04 a.m.,11:05 a.m.,11:01 a.m.
1013,1014,,AA-1664-MIA-ATL,10:15 a.m.,10:18 a.m.,12:10 p.m.,11:56 a.m.
1014,1015,travelocity,AA-3979-CVG-ORD,7:30 a.m.,8:04 a.m.,8:00 a.m.,8:06 a.m.
1015,1016,travelocity,AA-1279-DFW-PHX,1:00 p.m.,2:04 p.m.,2:35 p.m.,3:30 p.m.
1016,1017,travelocity,AA-616-DFW-DTW,9:05 a.m.,10:10 a.m.,12:35 p.m.,1:27 p.m.
1017,1018,,AA-4344-ORD-DTW,11:45 a.m.,12:13 p.m.,2:00 p.m.,2:10 pm..
1018,1019,travelocity,UA-2945-PHL-CLT,12:00 a.m.,3:11 a.m.,1:45 p.m.,1:15 p.m.
1019,1020,N/A,,7:25 a.m.,7:39 a.m.,11:10 a.m.,11:06 a.m.
1020,1021,traveloocity,AA-271-MIA-LAX,11:35 a.m.,11:52 a.m.,2:25 p.m.,227 p.m.
1021,1022,travelocity,AA-20500-ORD-MIA,10:40 a.m.,11:05 a.m.,2:45 p.m.,2:46 p.m.
1022,1023,traevlocity,AA-1434-DFW-MCO,7:15 a.m.,7:21 a.mm.,10:35 a.m.,1:036 a.m.
1023,1024,travelocity,CO-1561-PHX-IAH,8:0 a.m.,8:00 a.m.,11:35 a.m.,11:32 a..
1024,1025,travelocity,AA-4307-ORD-DTW,6:45 p.m.,6:55 p.m.,9:10 p.m.,  8:53 p.m. 
1025,1026,NA,CO-1694-LAX-IAH,  7:15 p.m. ,7:15 p.m.,12:21 a.m.,12:21 a.m.
1026,1027,travelocity,UA-843-LAX-ORD,1:55 p.m.,2:10  p.m.,7:53 p.m.,7:58 pm.
1027,1028,travelocity,CO-1193-EWR-MCO,9:15 a.m.,9:14 a.m.,12:18 .m.,12:09 p.m.
1028,1029,unknown,,6:00 a.m.,6:56 a.m.,7:30 a.m.,7:51 a.m.
1029,1030,travelocity,AA-643M-IA-ORD,7:10 a.m.,7:30 a.m.,9:35 a.m.,9:31 a.m.
1030,1031,travelocity,UA-2906-PHL-MCO,3:50 p.m.,4:28 p.m.,6:23 p.m.,6:38 p.m.
1031,1032,TRavelocity,AA-1221-MCO-ORD,8:00 p.m.,8:23 p.m.,9:45 p.m.,9:53 p.m.
1032,1033,travelocity,UA-2515-DFW-CLT,7:05 a.m.,7:05 a.m.,10:31 a.m.,10:47 a.m.
1033,1034,,AA-400-DFW-JFK,10:40 a.m.,11:01 a.m.,2:59 p.m.,304 p.m.
1034,1035,travelocity,UA-664-ORD-PHL,1:33 p.m.,1:31 p.m.,4:31 p.m.,4:23  p.m.
1035,1036,travelocity,AA-1522-SFO-ORD,11:55 p.m.,11:55 p.m.,  5:50 a.m. ,5:50 a.m.
1036,1037, ,N/A,4:25 p.m.,4:25 p.m.,12:29 a.m.,  12:29 a.m. 
1037,1038,,AA-3823-LAX-DEN,9:00 p.m.,9:00 p.m.,12:15 a.m.,12:15 A.m.
1038,1039,travelocity,AA-2312-dfw-dtw,8:25 p.m.,8:25 p.m.,11:50 p.m.,11:50 p.m.
1039,1040,travelocity,AA-1165-JFK-MIA,6:59 a.m.,7:22 a.m.,10:34 a.m.,10:04 a.m.
1040,1041,unknown,AA-431-MIA-SFO,8:35 a.m.,8:51 a.m.,11:50 a.m.,11:44 a.m.
1041,1042,NA,UA-257-JFK-SFO,2:30 p.m.,2:26 p.m.,6:15 p.m.,5:42 p.m.
1042,1043,unknown,UA-3373-IAD-PHL,8:29 a.m.,8:26 a.m.,9:24 a.m.,9:13 a.m.
1043,1044,travelocity,AA-649-ORD-SNA,1:30 p.m.,1:30 p.m.,3:50 p.m.,3:50p.m.
1044,1045,travelocity,CO-1250-MIA-IAH,2:53 p.m.,  3:01 p.m. ,4:48 p.m.,4:59 p.m.
1045,1046,travelocity,UA-6273-YYC-SFO,7:35 a.m.,7:27 a.m.,9:43 a.m.,8:45 a.m.
1046,1047,travelocity,  UA-858-PVG-SFO ,1:45 p.m.,1:32 p.m.,8:27 a.m.,8:02 a.m.
1047,1048,travelocity,,11:15 a.m.,11:15 a.m.,1:40 p.m.,2:00 p.m.
1048,1049,travelocity,AA-3063-SLC-LAX,8:20 p.m.,8:39 p.m.,9:20 p.m.,9:20 p.m.
1049,1050,, ,2:55 p.m.,2:55 p.m.,4:53 p.m.,4:44 pp.m.
1050,1051,travelocity,UA-62-IAH-EWR,2:30 p.m.,2:48 p.m.,7:03 p.m.,7:10 p.m.
1051,1052,travelocity,AA-3804-PHL-ORD,2:35 p.m.,2:44 p.m.,4:05 p.m.,3:43 p.m.
1052,1053,,AA-1917-JFK-MCO,2:55 p.m.,3:27 p.m.,5:55 p.m.,5:43 p.m.
1053,1054,travelocity,AA-2268-PHX-ORD,7:15 a.m.,7:22 a.m.,11:35 a.m.,  11:06 a.m. 
1054,1055,travelocity,UA-2314-ATL-PHL,2:55 p.m.,2:55 p.m.,5:00 p.m.,4:47 p.m.
1055,1056,travelocity,AA-4277-CVG-JFK,12:10 p.m.,12:1 p.m.,2:15 p.m.,1:43 p.m.
1056,1057,TRAVelocity,UA-37-EDI-EWR,9:05 a.m.,8:52 a.m.,11::53 a.m.,12:09 p.m.
1057,1058,travelocity,AA-789-ORD-DEN,1:05 p.m.,1:19 p.m.,2:35 p.m.,3:13 p.m.
1058,1059,travelocity,N/A,7:3 a.m.,7:49 a.m.,1:39 p..m,1:30 p.m.
1059,1060,travelocity,AA-451-BOS-ORD,83:5 a.m.,8:56 a.m.,10:40 a.m.,10:16 a.m.
1060,1061,travelocity,AA-85-jfk-sfo,3:05 p.m.,3:36 p.m.,6:30 p.m.,6:43 p.m.
1061,1062,traveelocity,unknown,4:00 p.m.,4:12 p.m.,6:40 p.m.,6:15 p.m.
1062,1063,,NA,2:55 p.m.,3:31 p.m.,4:49 p.m.,5:26 p.m.
1063,1064, ,UA-3099-PHX-PHL,11:55  a.m.,11:55 a.m.,6:17 p.m.,5:38 P.M.
1064,1065,N/A,NA,10:40 a.m.,10:54 a.m.,12:55 p.m.,12:50 P.M.
1065,1066,travelocity,AA-222-LAX-BOS,7:10 a.m.,7:31 a.m.,3:30 p.m.,3:14 p.m.
1066,1067,travelocity,AA-404-MIA-MCO,6:45 a.m.,6:57 a.m.,7:45 a.m.,7:40 a.m.
1067,1068,  travelocity ,,4:00 p.m.,3:58 p.m.,7:05 p.m.,6:36 p.m.
1068,1069,travelocity,AA-3809-PH-XLAX,600 a.m.,6:10 a.m.,6:40 a.m.,6:19 a.m.
1069,1070,travelocity,AA-59-JFK-SFO,7:10 a.m.,7:39 a.m.,10:45 a.m.,11:12 a.m.
1070,1071,N/A,AA-3859-IAH-ORD,7:10 a.m.,7:1 6a.m.,9:40 a.m.,9:32 a.m.
1071,1072,foxbusiness,NA,7:00 p.m.,7:14 p.m.,10:15 p.m.,110:29 p.m.
1072,1073,,AA-518-MIA-JFK,6:40 a.m.,6:4 a.m.,9:5 a.m.,9:28 a.m.
1073,1074,unknown,UA-397-JFK-FSO,8:00 a.m.,8:29 a.m.,11:55 a.m.,11:5 8a.m.
1074,1075,foxbusiness,unknown,8:41 a.m.,8:42 a.m.,9:54 a.m.,  9:43 a.m. 
1075,1076,foxbusiness,AA-1733-ORD-PHX,77:45 p.m.,7:58 p.m.,10:30 p.m.,10:30 p.m.
1076,1077,foxbusiness,AA-3-JFK-LAX,12:00 p.m.,12:11 p.m.,3:15 p.m.,3:16 p.m.
1077,1078,foxbusiness,UA-2830MCO-CLT,3:27 p.m.,3:27 p.m.,5:05 p.m.,5:17 p.m.
1078,1079,foxbusiness,CO-58-DEN-IAH,11:25 a.m.,11:32 a.m.,2:50 p.m.,3:31 p.m.
1079,1080,foxbusiness,UA-5487-SFO-MRY,10:39a .m.,10:33 a.m.,11:19 a.m.,11:21 a.m.
1080,1081,FOXBUSiness,AA-204-LAX-MCO,11:25 p.m.,11:25 p.m.,6:55 a.m.,6:55 a.m.
1081,1082,foxbusiness,UA-414-LAX-SO,6:00 a.m.,5:56 a.m.,7:23 a.m.,7:17 a.m.
1082,1083,foxbusinesss,,12:30 a.m.,12:41 a.m.,5:35 a.m.,5:26 a.m.
1083,1084,foxbuusiness,UA-2726-FLL-PHL,4:00 p.m.,4:00 p.m.,6:46 p.m.,6:28 p.m.
1084,1085,foxbusiness,CO-52-IAH-LAX,7:35 a.m.,7:29 a.m.,9:21 a.m.,9:14 a.m.
1085,1086,foxbusiness,CO-1090-BOS-IAH,9:45 a.m.,10:19 a.m.,1:16 p.m.,1:19 p.m.
1086,1087,foxbusiness,N/A,9:05 a.m.,10:10 a.m.,12:35 p.m.,1:27 p.m.
1087,1088,foxbusiness,,8:15 am..,8:12 a.m.,10:06 a.m.,9:56 a.m.
1088,1089,  foxbusiness ,AA-3468-CVG-MIA,7:00 a.m.,7:25 a.m.,9:55 a.m.,9:45 a.m.
1089,1090,foxbusiness, ,4:15 .m.,  4:29 p.m. ,7:55 p.m.,7:39 p.m.
1090,1091,ffoxbusiness,AA-1886-BOS-MIA,10:45 a.m.,10:55 a.m.,2:20 p.m.,1:40 p.m.
1091,1092,foxbusiness,CO-62-IAH-EWR,2:30 p.m.,2:48 p.m.,7:03 p.m.,7:10 p.m.
1092,1093,foxbusiness,CO-1561-PHX-IAH,8:05 a.m.,8:00 a.m.,11:35 a.m.,113:2 a.m.
1093,1094,foxbusiness,UA-2314-ATL-PHL,2:55 p.m.,2:55 p.m.,5:00 p.m.,4:47 p.m.
1094,1095,foxbusiness,  AA-446-DFW-PHL ,11:50 a.m.,12:12 p.m.,3:50p .m.,4:09 p.m.
1095,1096,foxbsuiness,CO-1023-IAH-DEN,11:40 a.m.,11:56 a.m.,1:17 p.m.,1:14 p.m.
1096,1097,foxbusiness,AA-466-IAAH-MIA,6:00 a.m.,6:08 a.m.,9:20 a.m.,9:05 a.m.
1097,1098,foxbusiness,UA-3050-PHX-CLT,11:05 a.m.,11:30  a.m.,4:57 p.m.,5:05 p.m.
1098,1099,foxbusiness,CO-89-IAH-EWR,6:00 a.m.,6:02 a.m.,10:20 a.m.,10:27 a.m.
1099,1100,foxbusienss,CO-1088-CLE-IAH,8:40 a.m.,8:40 a.m.,10:54 a.m.,10:56 a.m.
1100,1101,foxbusiness,  unknown ,10:15 a.m.,10:18 a.m.,12:10 pm.,11:56 A.M.
1101,1102,foxbusiness,AA-1279-DFW-PHX,1:00 p.m.,2:04 p.m.,2:35 p.m.,3:30 p.m.
1102,1103,foxbusiness,UA-854-SFO-IAH,7:53 a.m.,7:49 a.m.,1:39 p.m.,1:30 p.m.
1103,1104,foxbusiness,UA-382-IAD-LAX,12:30 p.m.,12:35 p.m.,3:19 p.m.,3:21 p.m.
1104,1105,foxbusinss,AA-4344-ORD-DTW,11:45 a.m.,12:13 p.m.,2:0 0p.m.,2:10 p.m.
1105,1106,foxbusiness,,2:30 p.m.,2:26 p.m.,6:15 p.m.,5:42 P.m.
1106,1107,foxbusiness,UA-2945-PHL-CLT,12:00 a.m.,3:11 a.m.,1:45 p.m.,1:15 p.m.
1107,1108,foxbusiness,CO-63-EWR-IAH,5:25 p.m.,5:22 p.m.,8:22 p.m.,8:03 p.m.
1108,1109,  foxbusiness ,CO-47-IAH-LAX,7:10 p.m.,8:25 p.m.,8:56 p.m.,9:52 p.m.
1109,1110,FOXBUSIness, ,10:40 a.m.,11:05 a.m.,2:45 p.m.,2:46 pm..
1110,1111,NA,  UA-248-PHX-ORD ,12:57 p.m.,1:32 p.m.,5:15 p.m.,5:34 p.m.
1111,1112,foxbusiness,AA-4330-CVG-ORD,3:35 p.m.,3:36 p.m.,4:00 p.m.,:333 p.m.
1112,1113,foxbusiness,AA-1434-DFW-MCO,7:15 a.m.,7:21 a.m.,10:35 a.m.,10:36 a.m.
1113,1114,foxbusiness, ,6:30 p.m.,  6:30 p.m. ,7:25 p.m.,72:5 p.m.
1114,1115,foxbusiness,AA-4307-ORD-DTW,6:45 p.m.,6:55 p.m.,9:10 p.m.,8:53 p.m.
1115,1116,foxbusiness,CO-1694-LAX-IAH,7:15 p.m.,7:15 p.m.,12:21 a.m.,12:21 a.m.
1116,1117,foxbusiness,UA-843-LAX-ORD,1:55 p.m.,2:10 p.m.,7:53 p.m.,7:58 p.m.
1117,1118, ,CO-1193-EWR-MCO,9:15 a.m.,9:14 A.m.,12:18 p.m.,12:09 p.m.
1118,1119,foxbusinesss,AA-3842-MSP-ORD,6:00 a.m.,6:5 6a.m.,7:30 am..,7:51 a.m.
1119,1120,,AA-643-MIA-ORD,7:10 a.m.,7:30 a.m.,9:35 a.m.,9:31a.m.
1120,1121,foxbusiness,AA-1007-MIA-PHX,4:55 p.m.,5:08 p.m.,8:05 p.m.,7:55 p.m.
1121,1122,foxbusiness,A-2906-PHL-MCO,3:50 p.m.,4:28 p.m.,6:23 p.m.,6:38 p.m.
1122,1123,oxbusiness,UA-938-DEN-ORD,4:16 p.m.,4:15p.m.,7:35 p.m.,7:36 p.m.
1123,1124,foxbusiness,AA-1221-MCO-ORD,8:00 p.m.,8:23 p.m.,9:45 p.m.,9:53 p.m.
1124,1125,foxbusiness,CO-16-LA-EWR,10:25 a.m.,10:20 a.m.,6:44 p.m.,6:34 p.m.
1125,1126,AN,,7:05 a.m.,7:05 a.m.,10:31 a.m.,10:47 a.m.
1126,1127,foxbusiness,AA-400-DFW-JFK,10:40 a.m.,11:01 a.m.,2:59 p.m.,3:04 p.m.
1127,1128,foxbusiness,UA-664-ORD-PHL,1:33 p.m.,1:31 .m.,4:31 p.m.,4:23 p.m.
1128,1129,foxbusiness,AA-3756-ORD-SLC,12:15 p.m.,12:41 p.m.,2:45 p.m.,2:50 p.m.
1129,1130,foxbusiness,UA-37-EWR-MCO,1:29 p.m.,1:48 p.m.,4:17 p.m.,  4:17 p.m. 
1130,1131,foxbusiness,AA-1522-SFO-ORD,11:55 p.m.,11:55 p.m.,5:50 a.m.,5:50 a.m.
1131,1132,foxbusiness,,4:25 p.m.,4:25 p.m.,12:29 a.m.,  12:29 a.m. 
1132,1133,foxbusiness,NA,9:00 p.m.,9:00 p.m.,12:15 a.m.,12:15 a.m.
1133,1134,foxbusiness,AA-2312-DFW-DTW,8:25 p.m.,8:25 p.m.,11:50 p.m.,11:50 p.m.
1134,1135,foxbusiness,AA-1165-JFK-MIA,6:59 a.m.,7:22 a.m.,10:34 a.m.,10:04 a.m.
1135,1136,foxbusiness,N/A,8:35 a.m.,8:51 a.m.,11:50 a.m.,11:44 a.m.
1136,1137,foxbusiness,UA-373-IAD-PHL,8:29 a.m.,8:26 a.m.,9:24a.m.,9:3 a.m.
1137,1138,NA,N/A,1:30 p.m.,1:30 p.m.,3:50 p.m.,3:50 p.m.
1138,1139,foxbusiness,CO-1250-MIA-IAh,2:53 p.m.,3:01 p.m.,4:48 p.m.,4:59 p.m.
1139,1140,foxbusiness,UA-6273-YYC-SFO,7:35 a.m.,7:27 a.m.,9:43 a.m.,8:45 a.m.
1140,1141,foxbusiness,UA-828-SFO-ORD,11:08 p.m.,11:08 p.m.,5:11 a.m.,5:11 a.m.
1141,1142,foxbusiness,CO-4888-IAH-DAL,5:30 p.m.,5:30p .m.,6:40 p.m.,6:40 pm.
1142,1143,foxbusiness,UA-858-pvg-sfo,1:45 pp.m.,1:32 p.m.,8:27 a.m.,8:02 a.m.
1143,1144,unknown,N/A,11:15 a.m.,11:15 a.m.,1:40 p.m.,2:00 p.m.
1144,1145,foxbusiness,  AA-3063-SLC-LAX ,8:02 p.m.,8:39 p.m.,9:20 p.m.,9:20 p.m.
1145,1146,NA,UA-2708-EWR-CLT,2:55 p.m.,2:55 p.m.,4:53 p.m.,4:44 p.m.
1146,1147,unknown,Ua-62-iah-ewr,2:30 p.m.,2:48 p.m.,  7:03 p.m. ,7:10 p.m.
1147,1148,NA,UA-1500-iah-gua,8:55 a.m.,9:16 a.m.,11:45 a.m.,11:56 a.m.
1148,1149,unknown,AA-3804-PHL-ORD,2:35 p.m.,2:44 p.m.,4:05 p.m.,3:43 p.m.
1149,1150,foxbusiness,AA-191-7JFK-MCO,2:55 p.m.,3:27 p.m.,5:55 p.m.,5:43 p.m.
1150,1151,foxbusiness,N/A,7:15 a.m.,7:22 a.m.,11:35 a.m.,11:06 a.m.
1151,1152,N/A,AA-4277-CVG-JFK,12:10 p.m.,12:10 p.m.,2:15 p.m.,1:43 p.m.
1152,1153,foxbusiness,AA-2957-DFW-CVG,7:55 a.m.,8:04 a.m.,11:05 a.m.,11:01 a.m.
1153,1154,foxbusiness,UA-37-EDI-EWR,9:05 a.m.,8:52 a.m.,11:53 a.m.,12:09 p.m.
1154,1155,foxbusiness,AA-89-ORD-DEN,1:05 p.m.,1:19 p.m.,2:35 p.m.,3:13 p.m.
1155,1156, ,AA-415-BOS-ORD,8:35 a.m.,8:56 a.m.,10:40 a.m.,10:16 a.m.
1156,1157,,AA-85-JFK-SFO,3:05 p.m.,3:36 pp.m.,6:30 p.m.,6:43 p.m.
1157,1158,foxbusiness,AA-3979-CVG-ORD,7:30 a.m.,8:04 a.m.,8:00 a.m.,8:06 a.m.
1158,1159,foxbusiness,AA-1544-SAN-ORD,11:25 a.m.,11:40 a.m.,5:25 p.m.,4:56 p.m.
1159,1160,foxbusiness,AA-3786-IAH-ORD,4:00 p.m.,4:12 p.m.,6:40 p.m.,6:1 p.m.
1160,1161,foxbusiness,AA-271-MIA-LAX,11:35 a.m.,11:52 a.m.,2:25 p.m.,2:27 p.m.
1161,1162,foxbusiness,AA-2525-DFW-MIA,7:25 a.m.,7:39 a.m.,11:10 a.m.,11:06 a.m.
1162,1163,foxbusiness,  CO-50-CLE-EWR ,2:55 p.m.,3:31 p.m.,4:49 p.m.,5:26 p.m.
1163,1164,foxbusiness,,11:55 a.m.,11:55 a.m.,6:17 p.m.,5:38 p.m.
1164,1165,N/A,AA-4198-ORD-CLE,10:40 a.m.,10:54 a.m.,  12:55 p.m. ,  12:50 p.m. 
1165,1166,foxbusiness,AA-404-MIA-MCO,6:45 a.m.,6:57 a.m.,7:45 a.m.,7:40 a.m.
1166,1167,,CO-45-EWR-MIA,4:00 p.m.,3:58 p.m.,7:05 p.m.,6:36 p.m.
1167,1168,foxbusiness,AA-3809-PHX-LAX,6:00 a.m.,6:10 a.m.,6:40 a.m.,6:19 a.m.
1168,1169,foxbusiness,AA-59-JFK-SFO,7:10 a.m.,7:39 .am.,10:45 .am.,11:12 a.m.
1169,1170,foxbusiness,AA-222-LAX-BOS,7:10 a.m.,7:31 a.m.,3:30 p.m.,3:14 p.m.
1170,1171,usatoday,AA-3859-IAH-ORD,71:0 a.m.,7:16 a.m.,9:40 a.m.,9:32 a.m.
1171,1172,  usatoday ,AA-518-MIA-JFK,6:40 a.m.,6:54 a.m.,9:25 a.m.,9:28 a.m.
1172,1173,usatoday,CO-1586-IAH-MCO,7:00 p.m.,7:14 p.m.,10:15 p.m.,10:29 p.m.
1173,1174,usatoday,UA-3925-IAD-ORF,8:41 a.m.,8:42 a.m.,9:544 a.m.,9:43 a.m.
1174,1175,usatoday,AA-1733-ORD-PHX,7:45 p.m.,7:58 p.m.,10:30 p.m.,10:30 p.m.
1175,1176,unknown, ,6:00 a.m.,5:56 a.m.,7:23 am.,7:17 a.m.
1176,1177,,UA-3515-IAD-MSP,8:15 a.m.,8:12 a.m.,10:06 A.m.,9:56 a.m.
1177,1178,usatoday,AA-3468-CVG-MIA,7:00 a.m.,7:25 aa.m.,9:55 a.m.,9:45 a.m.
1178,1179,usatody,AA-484-DFW-MIA,4:15 p.m.,4::29 p.m.,7:55 p.m.,7:39 p.m.
1179,1180,usatoday,CO-63-EWR-IAH,5:25 p.m.,5:22 p.m.,8:22 p.m.,8:03 p.m.
1180,1181,usatoday,AA-466-IAH-MIA,6:00 a.m.,6:08 a.m.,9:20 a.m.,9:05 a.m.
1181,1182,usatoday,UA-3050-PHX-CLT,11:05 a.m.,11:30 a.m.,4:57 p.m.,5:05 p.m.
1182,1183,usatoday,AA-1886-BOS-MIA,10:45 a.m.,10:55 a.m.,2:20 p.m.,1:40 p.m.
1183,1184,usatoday,AA-1664-MIA-ATL,10:15 a.m.,10:18 a.m.,12:10p .m.,11:56 a.m.
1184,1185,usatoday,NA,6:45 a.m.,6:57 a.m.,7:45 a.m.,7:40 a.m.
1185,1186,usatoday,,12:15 p.m.,12:41 p.m.,2:45 p.m.,2:50 p.m.
1186,1187,usatoday,UA-382-IAD-LAX,12:30 p.m.,12:35 p.m.,3:19 p.m.,3:21 p.m.
1187,1188,NA,UA-2945-phl-clt,12:00 a.m.,3:11 a.m.,1:45 pp.m.,1:15 p.m.
1188,1189,usatoday,unknown,10:40 a.m.,11:05 a.m.,2:45 p.m.,2:6 p.m.
1189,1190,usatoday,UA-248-PHX-ORD,12:57 p.m.,1:32 p.m.,5:15 p.m.,5:34 p.m.
1190,1191,usatoday,AA-4330-CVG-ORD,3:35 p.m.,3:36 p.m.,4:00 p.m.,3:33 p.m.
1191,1192,  usatoday ,AA-4307-ORD-DTW,6:54 p.m.,65:5 p.m.,9:10 p.mm.,8:53 p.m.
1192,1193,unknown,CO-1694-LAX-IAH,7:15 P.m.,  7:15 p.m. ,12:21 a.m.,12:21 a.m.
1193,1194,suatoday, ,1:55 p.m.,2:10 P.M.,7::53 p.m.,7:58 p.m.
1194,1195,usatoday,CO-1193-EWR-MCO,9:15 a.m.,9:14 a.m.,12:18 p.m.,12:09  p.m.
1195,1196,usatoday,AA-1221-MCO-ORD,8:00 p.m.,8:23 p.m.,9:45 p.m.,9:53 p.m.
1196,1197, ,CO-16-LAX-EWR,10:25 a.m.,10:20 a.m.,6:44 p.m.,6:34 p.m.
1197,1198, ,A-400-DFW-JFK,10:40 a.m.,110:1 a.m.,2:59 p.m.,3:04 p.m.
1198,1199,usatoday,UA-664-ORD-PHL,1:3 3p.m.,1:31 p.m.,4:31 p.m.,4:23 p.m.
1199,1200,USatoday,AA-1522-SFO-ORD,11:55 p.m.,11:55 p.m.,5:50 a.m.,5:500 a.m.
1200,1201, ,  UA-257-JFK-SFO ,2:30 p.m.,2:26 p.m.,6:15 p.m.,5:42 p.m.
1201,1202,  usatoday ,UA-3373-IAD-PHL,8:29 a.m.,8:26 a.m.,9:24 a.m.,9:13 a.m.
1202,1203,USAToday,CO-1250-MIA-IAH,2:53 p.m.,3:01 p.m.,4:48 p.m.,4:59 p.m.
1203,1204,usatoday,UA-6273-YYC-SFO,7:35 a.m.,7:27 a.m.,9:43 a.m.,8:45 a.m.
1204,1205,usatoday,UA-828-SFO-ORD,11:08 p.m.,11:08 p.m.,5:11 a.m.,5:11 a.m.
1205,1206,  usatoday ,CO-4888-IAH-DAL,5:30 p.m.,5:30 p.m.,6:40 p.m.,6:40 p.m.
1206,1207,usatoday,UA-2704-DTW-PXH,11:15 a.m.,11:15 a.m.,1:40 p.m.,2:00 p.m.
1207,1208,usatoday, ,2:55 p.m.,2:55 p.m.,4:53 p.m.,  4:44 p.m. 
1208,1209,usatoday,NA,855 a.m.,9:16 a.m.,11:45 a.m.,11:56 a.m.
1209,1210,usatoday,AA-3804-PHL-ORD,2:35 p.m.,2:44 p.m.,4:05 p.m.,3:43 p.m.
1210,1211,usatoday,AA-2268-PHX-ORD,7:15 a.m.,:22 a.m.,11:35 a.m.,11:06 a.m.
1211,1212,usatoday,unknown,4:25 p.m.,4:25 p.m.,12:29 a.m.,12:29 a.m.
1212,1213,usatoday,AA-4277-CVG-JFK,12:10 p.m.,12:10 p.m.,2:15 p.m.,1:43 p.m.
1213,1214,usatoday,AA-2957-DFW-CVG,:755 a.m.,8:04 a.m.,11:05 a.m.,11:01 a.m.
1214,1215,usatoday,UA-37-EDI-EWR,9:05 a.m.,8:52 a.m.,11:53 a.m.,12:09 p.m.
1215,1216,usatoday, ,1:05 p.m.,1:19 p.m.,2:35 p.m.,3:13 p.m.
1216,1217,USATOday,UA-854-SFO-IAH,7:53 a.m.,7:49 a.m.,1:39p.m.,1:30 p.m.
1217,1218,usatoday,AA-85-JFK-SFO,3:05 p.m.,3:36 p.m.,6:30 p.m.,6:43 p.m.
1218,1219,usatoday,,  6:30 p.m. ,6:30 p.m.,7::25 p.m.,7:25 p.m.
1219,1220,usatoday,AA-1544-SN-ORD,11:25 a.m.,11:40 a.m.,  5:25 p.m. ,4:56 p.m.
1220,1221,,AA-3786-IAH-ORD,4:00 p.m.,412 p.m.,6:40 p.m.,6:15 P.m.
1221,1222,USAtoday,AA3-809-PHX-LAX,6:00 a.m.,6:10 a.m.,6:40 a.m.,6:19 a.m.
1222,1223,usatoday,AA-59-JFK-SFO,7:10 a.m.,7:39 a.m.,10:45 a.m.,11:12a .m.
1223,1224,N/A,AA-38599-IAH-ORD,7:10 a.m.,7:16 a.m.,9:40 a.m.,9:32 a.m.
1224,1225,N/A,,7:00 P.M.,7:14 p.m.,10:15 p.m.,10:29 p.m.
1225,1226,myratepan,AA-518-MIA-JFK,6:40 a.m.,6:54 a.m.,9:25 a.m.,9:28 a.m.
1226,1227,unknown,UA-397-JFK-SFO,8:00 a.m.,8:92 a.m.,11:55 a.m.,11:58 a.m.
1227,1228,myrateplan,UA-3925-IAD-ORF,8:41 a.m.,8:42 a.m.,  9:54 a.m. ,9:43 a.m.
1228,1229,unknown,AA1733-ORD-PHX,77:45 p.m.,7:58 p.m.,10:30 p.m.,10:30 p.m.
1229,1230,myrateplan,UA-2830-MCO-CLT,3:27 p.m.,3:27 p.m.,5:05 p.m.,5:17 p.m.
1230,1231,myrateplan, ,11:25 a.m.,11:32 a.m.,2:50 p.m.,3:31 p.m.
1231,1232,myrateplan,AA-1544-SAN-ORD,11:25 a.m.,11:40 a.m.,5:25 p.m.,4:56 p.m.
1232,1233,myrateplan,UA-5487-SFO-MRY,10:39 a.m.,10:33 a.m.,11:19 a.m.,11:21 a.m.
1233,1234,unknown,AA-204-LAX-MCO,11:25 p.m.,11:25 p.m.,6:55 a.m.,  6:55 a.m. 
1234,1235,myrateplan,N/A,6:00 a.m.,5:65 a.m.,7:23 a.m.,7:17 a.m.
1235,1236,myrateplan,,12:30 a.m.,12:41 .am.,5:35 a.m.,5:26 A.M.
1236,1237,myrateplan,UA-2726-FLL-PHL,4:00 p.m.,4:00 p.m.,6:46 p.m.,6:28 p.m.
1237,1238, ,CO-52-IAH-LAX,7:35 a.m.,7:29 a.m.,9:21 a.m.,9:14 a.m.
1238,1239,myrateplan,N/A,9:45 a.m.,10:19 a.m.,1:16 p.m.,  1:19 p.m. 
1239,1240,  myrateplan ,AA-616-DFW-DTW,9:05 a.m.,10:10 a.m.,12:35 p.m.,1:27 p.m.
1240,1241,NA,UA-3515-IAD-MSP,8:15 a.m.,8:12 a..,10:06 a.m.,9:56 a.m.
1241,1242,myrateplan,AA-3468-CVG-MIA,7:00 a.m.,7:25 a.m.,9:55 a.m.,9:45 a.m.
1242,1243,myrateplan,AA-484-DFW-MIA,4:15 p.m.,4:29 p.m.,7:55 p.m.,7:39 p.m.
1243,1244,myrateplan,AA-1886-BS-MIA,10:45 a.m.,10:55  a.m.,2:20 p.m.,1:40 p.m.
1244,1245,myrateplan,CO-62-IAH-EWR,  2:30 p.m. ,  2:48 p.m. ,7:03 p.m.,7:10 p.m.
1245,1246,myrateplan,CO-1561-PHX-IAH,8:05 a.m.,8:00 a.m.,11:35 a.m.,11:32 a.m.
1246,1247, ,UA-2314-ATL-PHL,2:55 p.m.,2:55 p.m.,5:00 p..m,  4:47 p.m. 
1247,1248,myrateplan,AA-446-dfw-phl,11:50 a.mm.,12:12 p.m.,3:50 p.m.,4:09 p.m.
1248,1249,MYRATEPLAn,CO-102-IAH-DEN,11:40 a.m.,11:56 a.m.,1:17 p.m.,1:4 p.m.
1249,1250,myratepln,AA-466-IAH-MIA,6:00 a.m.,:608 a.m.,9:20 .am.,9:05 a.m.
1250,1251,unknown, ,11:005 a.m.,11:30 a.m.,4:57 p.m.,5:05 p.m.
1251,1252,NA/,  CO-89-IAH-EWR ,6:00 a.m.,6:02 a.m.,10:20 A.m.,10:27 a.m.
1252,1253,myrateplan,CO-1088-CLE-IAH,8:40 a.m.,8::40 a.m.,10:54 a.m.,10:56 a.m.
1253,1254,myrateplan,AA-1664-MIA-ATL,10:15 a.m.,10:18 a.m.,12:10 p.m.,111:56 a.m.
1254,1255,myrateplan,AA-1279-DFW-PHX,1:00 p.m.,2:04 p.m.,2:35 p.m.,3:30 p.m.
1255,1256,myrateplan,UA-854-SFO-IAH,7:53 a.m.,7:4 9a.m.,1:39 p.m.,1:30 p.m.
1256,1257,myrateplan, ,12:30 p.m.,12:35 p.m.,3:19 p.m.,3:21 p.m.
1257,1258,myrateplan, ,11:45 a.m.,12:13 p.m.,2:00 p.m.,2:10 p.m.
1258,1259,myrateplan,UA-257-JFK-SFO,2:30 p.m.,2:26 p.m.,6:15 p.m.,5:42 p.m.
1259,1260, ,UA-2945-PHL-CLT,12:00 a.m.,3:11 a.m.,1:45 p.m.,1:15 p.m.
1260,1261,myrateplan, ,5:25 p.m.,5:22 p.m.,8:22 P.M.,8:03 p.m.
1261,1262,myrateplan,N/A,7:10 p.m.,8:25 p.m.,8:56 p.m.,9:52 p.m.
1262,1263,myrateplan,AA-2050-ORD-MIA,10:40 a.m.,1:05 a.m.,2:45 p.m.,2:46 p.m.
1263,1264,myrateplan,UA-248-PHX-ORD,12:57 p.m.,1:32 p.m.,5:15 p..m.,55:34 p.m.
1264,1265,myrateplan,AA-4330-CVG-ord,3:35 p.m.,3:36 p.m.,4:00 p.m.,3:33 p.m.
1265,1266,myrateplan,AA-1434-DFW-MCO,7:15 a.m.,7:21 a.m.,10:35 a.m.,  10:36 a.m. 
1266,1267,myrateplan,AA-1640-MIA-MCO,63:0 p.m.,6:30 p.m.,7:25 p.m.,7:25 p.m.
1267,1268,myrateplan,AA-4307-ORD-DTW,6:45 p.m.,6:55 p.m.,9:10 p.m.,8:53 p.m.
1268,1269,myrateplan,AA-3-JFK-LAX,12:00 p.m.,12:11 p.m.,3:15 p.m.,3:16 p.m.
1269,1270,unknown,unknoown,7:15 p.m.,7:1 5p.m.,12:21 A.m.,1:221 a.m.
1270,1271,myrateplan,UA-843-LAX-ORD,1:55 P.M.,2:10 p.m.,7:53 p.m.,:758 p.m.
1271,1272,,CO-1193-ewr-mco,9:15 a.m.,9:14 a.m.,12:18 p.m.,1:09 p.m.
1272,1273,  myrateplan ,AA-8342-MSP-ORD,6:00 a.m.,6:56 a.m.,7:30 a.m.,7:51 a.m.
1273,1274,NA,AA-643-MIA-ORD,  7:10 a.m. ,7:30 a.m.,9:35 a.m.,9:31 a.m.
1274,1275,myrateplan,AA--1007-MIA-PHX,4:55 p.m.,5:08 p.m.,8:05 p.m.,7:55 p.m.
1275,1276,myrateplan,AA-2525-DFW-MIA,7:25 a.m.,7:39 a.m.,11:10 a.m.,11:06 a.m.
1276,1277,myrateplna,UA-2906-PHL-MCO,3:50  p.m.,4:28 p.m.,6:23 p.m.,6:38 p.m.
1277,1278,myrateplan,unknown,4:16 pp.m.,4:15 p.m.,7:35 p.m.,7:36 p.m.
1278,1279,myrateplan,,8:00 p.m.,8:23 p.m.,9:45 p.m.,9:53 p.m.
1279,1280,myrateplan,CO-16-LAX-EWR,10:25 a.m.,10:20 a.m.,6:44 p.m.,6:34 p.m.
1280,1281,myrateplan,UA-2515-DFW-CLT,7:05 a.m.,7:05 a.m.,10:31a.m.,10:47 a.m.
1281,1282,myrateplan,N/A,10:40 a.m.,11:01 a.m.,2:59 p.m.,  3:04 p.m. 
1282,1283,NA,UA-664O-RD-PHL,1:33 p.m.,1:31 p.m.,4:31 p.m.,4:23 p.m.
1283,1284,myrateplan,AA-3756-ORD-SLC,12::15 p.m.,12:41 p.m.,2:445 p.m.,2:50 p.m.
1284,1285,myrateplan,UA-37-EWR-MCO,:29 p.m.,1:48 p.m.,4:17p .m.,4:17 p.m.
1285,1286,  myrateplan ,AA-1522-SFO-ORD,11:55 p.m.,11:55 p.m.,5:50 a.m.,5:50 a.m.
1286,1287,  myrateplan ,UA-233-LAX-JFK,4:25 p.m.,4:25 p.m.,12:29 a.m.,12:29 a.m.
1287,1288,myrateplan,AA-3823-LAX-DEN,9:00 p.m.,9:00 p.m.,12:15 a.m.,12:15 a.m.
1288,1289,myrateplaan,AA-2312-DFW-DTW,8:25 p.m.,8:25 p.m.,11:50 p.m.,11:50 p.m.
1289,1290,,AA-1165-JFK-MIA,6:59 a.m.,7:22 a.m.,10:34 a.m.,10:04 a.m.
1290,1291,ymrateplan,  NA ,8:35 a.m.,8:51 a.m.,11:50 a.m.,11:44 a.m.
1291,1292,myrateplan,UA-3373-IAD-PHL,8:29 a.m.,8:26 a.m.,9:24 a.m.,9:13 a.m.
1292,1293,myrateplan,AA-649-ORD-SNA,1:30 p.m.,1:30 p..m,3:50 p.m.,3:50 p.m.
1293,1294,myrateplan,CO-12250-MIA-IAH,2:53 p.m.,3:01 p.m.,4:48 p.m.,4:59 p.m.
1294,1295,myrateplan,UA-6273-YYC-SFO,  7:35 a.m. ,7:27 a.m.,  9:43 a.m. ,8:45 a.m.
1295,1296,myrateplan,UA-828-SFO-ORD,111:08 p.m.,11:08 p.m.,5:11a.m.,5:11 a.m.
1296,1297,myrateplan,CO-4888-IAH-DAL,5:30 p.m.,5:30 p.m.,6:40 p.m.,6:40 p.m.
1297,1298,myrateplan,UA-858-PVG-SFO,1:45 p.m.,1:32 p.m.,8:27 a.m.,8:02 a.m.
1298,1299,myrateplan,UA-2704-DTW-PHX,11:15 a.m.,11:15 a.m.,1:40 p.m.,2:00 p.m.
1299,1300,myrateplan, ,8:20 p.m.,8:39 p.m.,9:0 p.m.,99:20 p.m.
1300,1301,myrateplan,UA-2708-EWR-CLT,2:55 p.m.,2:55 p.m.,4:53 p.m.,4:44 p.m.
1301,1302,myratepaln,UA-62-IAH-EWR,2:30 p.m.,  2:48 p.m. ,7:03 p.m.,7:10 p.m.
1302,1303,myrateplan,UA-1500-IAH-GUA,8:55 a.m.,9:16 a.m.,11:45 a.m.,11:56 a.m.
1303,1304,myrateplan,AA-38004-PHL-ORD,2:35 p.m.,2:44 p.m.,4:05 .pm.,3:43 p.m.
1304,1305,myrateplan,AA-1917-JFK-MCO,2:55 p.m.,3:27 p.m.,5:55 p.m.,5:43 p.m.
1305,1306,myrateplna,AA-2268-PHX-ORD,7:15 a.m.,7:2 a.m.,11:35 a.m.,11:06 a.m.
1306,1307,myrateplan,unknown,12:10 p.m.,12:10 p.m.,2:15 p.m.,1:43 p.m.
1307,1308,mryateplan,AA-2957-DFW-CVG,7:55 a.m.,8:04 a.m.,11:05 a.m.,11:01 a.m.
1308,1309,NA/,UA-37-EDI-EWR,9:05 a.m.,8:52 a.m.,11:53 a.m.,12:09 p.m.
1309,1310,myrateplan,AA-789-ORD-DEN,1:05 p.mm.,1:19 p.m.,2:35 p.m.,3:13 p.m.
1310,1311,myraetplan, ,8:35 a.m.,8:56 a.m.,10:40 a.m.,10:16 a.m.
1311,1312,myrateplan,AA-85-JFK-SFO,3:05 p.m.,3:36 p.m.,6:30 p.m.,6:43 p.m.
1312,1313,myrateplan,  AA-3979-CVG-ORD ,7:30 a.m.,  8:04 a.m. ,8:00 a.m.,8:06 a.m.
1313,1314,myrateplan,AA-3786-IAH-ORD,4:00 p.m.,4:12 p.m.,6:40 p.m.,6:15 p.m.
1314,1315,  myrateplan ,AA-271-MIA-LAX,11:35 a.m.,11:52 a.m.,2:25 P.m.,2:27 p.m.
1315,1316,myrateplan,,2:55 p.m.,3:31 p.m.,4:49 p.m.,5:26 p.m.
1316,1317,myrateplan,UA-3099-PHX-PHL,11:55 a.m.,11:55 a.m.,6:17 p.m.,5:38 p.m.
1317,1318,myrateplan,AA-4198-ORD-CLE,10:40 a.m.,10:54 a.m.,12:55 p.m.,12:50 p.m.
1318,1319,myrateplan,AA-404-MIA-MCO,6:45 a.m.,6:57 a.m.,7:45 a.m.,7:40 a.m.
1319,1320,N/A,  CO-45-EWR-MIA ,4:00 p.m.,3:58 p.m.,7:05 p.m.,6:36 p.m.
1320,1321,myrateplan,AA-3809-PHX-LAX,6:00 a.m.,6:10 a.m.,6:40a.m.,6:19 a.m.
1321,1322, ,AA-59-JFK-SFO,7:10 a.m.,7:39 a.m.,10:45 a.m.,11:12 a.m.
1322,1323,myrateplan,AA-222-LAX-BOS,7:10 a..,7:31 a.m.,3:30 p.m.,3:14 p.m.
1323,1324,orbitz,AA-3859-IAH-ORD,7:10 a.m.,  7:16 a.m. ,9:40 a.m.,9:32 a.m.
1324,1325,,,7:00 p.m.,7:14 p.m.,10:15 p.m.,10:29 p.m.
1325,1326,  orbitz ,AA-518-MIA-JFK,6:40 a.m.,6:54 a.m.,9:25 am..,9:28 a.m.
1326,1327,NA,UA-397-JFK-SFO,8:00 a.m.,8:29 a.m.,11:55 a.m.,11:58 a.m.
1327,1328,orbitz,UA-3925-IAD-ORF,8:41 a.m.,8:2 a.m.,9:54 a.m.,  9:43 a.m. 
1328,1329,orbitz,  AA-1733-ORD-PHX ,7:45 p.m.,7:58 p.m.,10:30 p.m.,10:30 p.m.
1329,1330,  NA ,AA-3-JFK-LAX,12:000 p.m.,12:11 p.m.,3:15 p.m.,3:16 p.m.
1330,1331,orbitz,UA-2830-MCO-CLT,3:27 p.m.,3:27 p.m.,5:05 p.m.,5:17 p.m.
1331,1332,N/A,CO-58-DEN-IAH,11:25 a.m.,11:32 a.m.,2:50 p.m.,3:31 p.m.
1332,1333,orbitz,UA-5487-SFO-MRY,  10:39 a.m. ,10:33 a.m.,11:19 a.m.,11:21 a.m.
1333,1334,orbitz,AA-204-LAX-MCO,11:25 p.m.,11:25 p.m.,6:55 a.m.,6:55 a.m.
1334,1335,orbbitz,UA-414-LAX-SFO,6:00 a.m.,5:56 a.m.,7:23 a.m.,7:17 a.m.
1335,1336,NA,CO-1614-LAX-IAH,12:30 a.m.,12:41 a.m.,5:35 a.m.,5:26 a.m.
1336,1337,orbitz,UA-2726-FLL-PHL,4:00 p.m.,4:00 p.m.,6:46p .m.,6:28 p.m.
1337,1338,orbitz,CO-52-iah-lax,7:35 A.m.,7:29 a.m.,9:21 a.m.,9:14 a.m.
1338,1339,orbitz,CO-1090-BOSI-AH,9:45 a.m.,10:19 a.m.,1:16 p.m.,1:19 p.m.
1339,1340,,AA-616-DFW-DTW,9:05 a.m.,10:10 a.m.,12::35 p.m.,1:27 p.m.
1340,1341,orbitz,UA-3515-IAD-MSP,8:15 a.m.,8:12 a.m.,10:06 a.m.,9:56 a.m.
1341,1342,orbitz,AA-3468-CVG-MIA,7:00 a.m.,7:25 a..m,9:55 a.m.,  9:45 a.m. 
1342,1343,orbitz,AA-484-DFW-MIA,4:15 p.m.,4:29 p.m.,7:55 p.m.,7:39 p.m.
1343,1344,,AA-1886-BOS-MIA,10:45 a.m.,10:55 a.m.,2:20 p.m.,1:40 p.m.
1344,1345,orbitz,CO-62-IAH-EWR,:30 p.m.,2:48 p.m.,7:03 p.m.,7:10 p.m.
1345,1346,orbitz,CO-1561-PHX-IAH,8:05 a.m.,8:00 a.m.,11:35 a..,11:32 a.m.
1346,1347,orbitz,UA-2314-ATL-PHL,2:55 p.m.,2:55 p.m.,5:00 p.m.,4:47 p.m.
1347,1348,orbitz,AA-446-DFW-PHL,11:50 a.m.,12:12 p.m.,3:50 p.m.,4:09 p.m.
1348,1349,orbitz,NA,11:40 a.m.,11:56 a.m.,  1:17 p.m. ,1:14 p.m.
1349,1350,,AA-466-IAH-MIA,6:00 a.m.,6:088 a.m.,9:20 a.m.,9:05 a.m.
1350,1351,orbitz,UA-3050-PHX-CLT,11:05 a.m.,11:30 a.m.,4:57 p.m.,5:05 p.m.
1351,1352,N/A,CO-89-IAH-EWR,6:00 a.m.,6:02 a.m.,10:20 a.m.,10:27 a.m.
1352,1353,unknown,CO-1088-CLE-IAH,8:40 aa.m.,8:40 a.m.,10:54 a.m.,10:56 a.m.
1353,1354,orbitz,AA-1664-MIA-ATL,10:15 a.m.,10:18 aa.m.,12:10 p.m.,11:56 a.m.
1354,1355,orbitz,AA-1279-DFW-PHX,1:00 p.m.,2:04 p.m.,2:35 p.m.,3:30 p.m.
1355,1356,orbitz,UA-854-SFO-IAH,7:53 a.m.,7:49 a.m.,1:39 p.m.,1:30 pp.m.
1356,1357, ,UA-382-IAD-LAX,12:30 p.m.,12:35 p.m.,3:19 p.m.,3:21 p.m.
1357,1358,orbitz,NA,11:45 a.m.,12:13 p.m.,2:00 p.m.,2:10 p.mm.
1358,1359,orbitz,UA-257-JFK-SFO,2:30 p.m.,2:26 p.m.,6:15 p.m.,5:42 p..
1359,1360,orbitz,,12:00 a.m.,  3:11 a.m. ,1:45 p.m.,:15 p.m.
1360,1361,orbitz,,5:25 pm.,5:22 P.M.,8:22 p.m.,8:03 p.m.
1361,1362,N/A,  CO-47-IAH-LAX ,7:10 p.m.,8:25 p.m.,8:65 p.m.,9:52 p.m.
1362,1363,orbitz,AA-2050-ORD-MIA,10:40 a.m.,11:05 a.m.,2:45 p.m.,:46 p.m.
1363,1364,orbitz,,12:57 p.m.,1:32 p.m.,5:15 p.m.,5:34 p.m.
1364,1365,,,3:35 p.m.,3:36 p.m.,4:00 p.m.,3:33 p.m.
1365,1366,orbitz,AA-1434-DFW-MCO,7:15 a.m.,7:21 a.m.,10:35 a.m.,10:36 a.m.
1366,1367,NA,AA-1640-MIA-MCO,6:30 p.m.,6:30 p.m.,7:25 p.m.,7:25 p.m.
1367,1368,orbitz,N/A,6:45 p.m.,6:55 p.m.,9:10 p.m.,8:53 p.m.
1368,1369,orbitz,CO-1694-LAX-IAH,7:15  p.m.,7:15 p.m.,12:21 a.m.,12:21 a.m.
1369,1370,orbitz,UA-843-LAX-ORD,1:55 p.m.,2:10 p.m.,7:53 p.m.,7:85 p.m.
1370,1371,NA,CO-1193-EWR-MCO,9:15 a.m.,9:14 a.m.,12:18 p.m.,12:09p .m.
1371,1372,orbitz,AA-3842-MSP-ORD,6:00 a.m.,6:56 a.m.,7:30 a.m.,7:51 a.m.
1372,1373,orbitz,AA6-43-MIA-ORD,7:10 a..,7:30 a.m.,9:35 a.m.,9:31 a.m.
1373,1374,orbitz,A-1007-MIA-PHX,4:55 p.m.,  5:08 p.m. ,8:05 p.m.,7:55 p.m.
1374,1375, ,UA-2906-PHL-MCO,3:50 p.m.,4:28 p.m.,6:23 p.m.,6:38 p.m.
1375,1376,unknown,UA-938-DEN-ORD,4:16 p.m.,4:15 p.m.,7:35 P.m.,7:36 .m.
1376,1377,orbitz,AA-1221-MCO-ORD,8:00 p.m.,8:23 p.m.,9:45 p.m.,9:53 p.m.
1377,1378,orbitz,CO-16L-AX-EWR,10:25 a.m.,10:20 a.m.,6:44 p.m.,6:34 p.m.
1378,1379,orbitz,UA-2515-DFW-CLT,7:05 a.m.,7:05 a.m.,10:31 a.m.,10:47 a.m.
1379,1380,  orbitz ,AA-400-DFW-JFK,10:40 a.m.,11:01 a.m.,2:59 p.m.,3:04 p.m.
1380,1381,orbitz,UA-664-ORD-PHL,1:33 p.m.,1:31 p.m.,4:31 p.m.,4:23 p.m.
1381,1382,orbitz,AA-375-ORD-SLC,12:15 p.m.,12:41 p.m.,2:45 p.m.,2:50 p.m.
1382,1383,orbitz,UA-37-EWR-MCO,  1:29 p.m. ,1:48 p.m.,4:17 p..m.,4:17 p.m.
1383,1384,orbitz,AA-1522-SFO-ORD,11:55 p.m.,11:55 p.m.,5:50 a.m.,5:50 a.m.
1384,1385,orbitz,UA-233-LAX-JFK,4:25 p.m.,4:25 p.m.,12:29 a.m.,12:29 a.m.
1385,1386,orbitz,AA-3823-LAX-DEN,9:00 p.m.,9:00 p.m.,12:15 a.m.,12:15 a.m.
1386,1387,ORBItz,AA-2312-DFW-DTW,8:25 pp.m.,8:25 p.m.,11:50 p.m.,11:50 p.m.
1387,1388,ORBitz,AA-1165-JFK-MIA,6:59 a.m.,7:22 a.m.,10:34 a.m.,10:04 a.m.
1388,1389,orbitz,AA-431-MIA-SFO,8:35 a.m.,8:51 a.m.,11:50 a.m.,11:44 a.m.
1389,1390,orbitz,AA-649-ORD-SNA,1:30 p.m.,1:30 p.m.,3::50 p.m.,3:50 p.m.
1390,1391,  orbitz ,CO-1250-MIA-IAH,2:53 p.m.,3:01 p.m.,4:48 p.m.,4:59 p.m.
1391,1392,, ,7:35 .am.,7:27 a.m.,9:43 a.m.,8:45 a.m.
1392,1393,orbitz,UA-828-SFO-ORD,11:08 p.m.,11:0 8p.m.,5:11 a.m.,5:11 a.m.
1393,1394,unknown,CO-4888-IAH-DAL,5:30 p.m.,5:30 p.m.,6:40 p.m.,6:40 p.m.
1394,1395,orbitz,UA-858-PVG-SFO,1:45 p.m.,1:32 p.m.,8:27 a.m.,8:02 a.m.
1395,1396,,UA-2704-DTW-PHX,11:15 a.m.,11:15 a.m.,1:40 p.m.,2:00 p.m.
1396,1397,orbitz,AA-3063-SLC-LAX,8:20 p.m.,8:39 p.mm.,9:20 p.m.,9:20 p.m.
1397,1398,  orbitz ,UA-2708-EWR-CLT,2:55 p.m.,2:55 pm.,4:53 p.m.,4:44 p.m.
1398,1399,ORBITz,unknown,2:30 p.m.,2:48 p.m.,7:03 p.m.,7:10 p.m.
1399,1400,orbitz,UA-1500-IAH-GUA,8:55 a.m.,9:16 am..,11:45 a.m.,11:56 a.m.
1400,1401,orbitz,NA,2:35 p.m.,2:44 p.m.,4:05 p.m.,3:43 p.m.
1401,1402,orbitz,AA-1917-JFK-MCO,2:55 p.m.,3:27 p.m.,5:55 p.m.,5:43 p.m.
1402,1403,  orbitz ,,7:15 a.m.,7:22 a.m.,  11:35 a.m. ,11:06 a.m.
1403,1404,orbitz,AA-4277-CVG-JFK,12:10 p.m.,12:10 p.m.,2:15 p.m.,1:43 p.m.
1404,1405,ORbitz,AA-2957-DFW-CVG,7:55 a.m.,8:04 a.m.,11:05 A.m.,11:01 a.m.
1405,1406,orbitz,UA-37-EDI-EWR,9:05 a.m.,8:52 a.m.,11:53 a.m.,12:09 p.m.
1406,1407,NA,AA-789-ORD-den,1:05 p.m.,1:19 p.m.,2:35 p.m.,3:13 p.m.
1407,1408,orbitz,AA-415-BOS-ORD,8:35 a.m.,8:56 a.m.,10:40 a.m.,10:16 a.m.
1408,1409, ,AA-85-JFK-SFO,3:05 p.m.,3:36 p.m.,6:30 p.m.,6:43 p.m.
1409,1410,oorbitz,AA-3979-CVG-ORD,7:30 a.m.,8:04 a.m.,8:00 a.m.,8:06 a.m.
1410,1411,orbitz,,11:25 a.m.,11:40 a.m.,5:25 p.m.,4:56 p.m.
1411,1412,orbitz,AA-3786-IAH-ORD,4:00 p.m.,4:12 p.m.,6:40 p.m.,6:15 p.m.
1412,1413,,unnkown,11:35 a.m.,11:52 a.m.,2:25 p.m.,2:27 p.m.
1413,1414,orbitz,AA-2525-DFW-MIA,7:25 a.m.,7:39 a.m.,11:0 a.m.,11:06 a.m.
1414,1415,orbitz,CO-50-CLE-EWR,2:55 p.m.,3:31 p.m.,4:49 p.m.,5:26 p.m.
1415,1416,oribtz,NNA,11:55 a.m.,11:55 a.m.,6:17 p.m.,5:38 p.m.
1416,1417,orbitz,AA-4198-ORD-CLE,10:40 a.m.,10:54 a.m.,12:55 p.m.,12:50 p.m.
1417,1418,orbitz,NA,6:45 a.m.,6:57 a.m.,7::45 a.m.,7:40 a.m.
1418,1419,N/A,CO-45-EWR-MIA,4:00 p.m.,3:58 p.m.,7:05 p.m.,6:36 p..m
1419,1420,orbitz,AA-3809-PHX-LAX,6:00 a.m.,6:10 a.m.,6:40 a.m.,6:19 a.m.
1420,1421,orbitz,AA-59-JFK-SFO,7:10a.m.,7:39 a.m.,10:45 a.m.,11:12 a.m.
1421,1422,oorbitz,AA-222-LAX-BOS,:10 a.m.,  7:31 a.m. ,3:30 p.m.,3:14 p.m.
1422,1423,phl,NA,11:50 a.m.,12:12 p.m.,3:50 p.m.,  4:09 p.m. 
1423,1424,,,8:29 a.m.,8:26 a.m.,9:24 a.m.,9:13 a.m.
1424,1425, ,AA-3804-phl-ord,2:35 p.m.,2:44 p.m.,4:05 p.m.,3:43 p.m.
1425,1426,hpl,UA-664-ORD-PHL,1:33 p.m.,1:31 p.m.,4:31 p.m.,4:23 P.M.
1426,1427,CO,,7:00 p.m.,7:14 p.m.,10:15 p.m.,102:9 p.m.
1427,1428,CO,CO-52-IAH-LAX,7:35 a.m.,7:29 a.m.,9:21 a.m.,  9:14 a.m. 
1428,1429,  CO ,CO-1023-IAH-DEN,11:40 a.m.,11:56 a.m.,1:17 p.m.,1:14 p.m.
1429,1430,Co,CO-89-iah-ewr,6:00 a.m.,6:02 a.m.,10:20 a.m.,10:27 a.m.
1430,1431,,CO-1694-LAX-IAH,7:15 p.m.,7:15 p.m.,12:21 a.m.,12:21 a.m.
1431,1432,CO,  CO-1614-LAX-IAH ,12:30 a.m.,12:41 a.m.,5:35 a.m.,5:26 a.m.
1432,1433,CO,,8:40 a.m.,8:40a.m.,10:54 a.m.,10:56 a.m.
1433,1434,O,CO-58-DEN-IAH,11:25 a.m.,11:32 a.m.,2:50 p.m.,  3:31 p.m. 
1434,1435,CO,CO-50-CLE-EWR,2:55 p.m.,3:31 p.m.,4:49 p.m.,5:26 p.m.
1435,1436,CO,CO-62-IAH-EWR,2:30 p.m.,2:48 p.m.,7:03 p.m.,7:10 p.m.
1436,1437,CO,NA,9:15 a.m.,9:14 a.m.,12:18 p.m.,12:09 p.m.
1437,1438,CO,CO-16-LAX-EWR,10:25 a.m.,10:20 a.m.,6:44 p.m.,6:34 p.m.
1438,1439,CO,CO-1090-bos-iah,9:45 .am.,10:19 a.m.,1:16 p.m.,1:19 p.m.
1439,1440,CO,CO1250-MIA-IAH,2:53 p.m.,3:01 p.m.,4:48 p.m.,4:59 p.m.
1440,1441,CO,CO-47-IAH-LAX,7:10 p.m.,  8:25 p.m. ,8:56 p.m.,9:52 p.m.
1441,1442,CO,CO-48888-IAH-DAL,5:30 p.m.,5:30 p.m.,6:40 p.m.,6:40 p.m.
1442,1443,OC,CO-45-EWR-MIA,4:00 p.m.,3:58 p.m.,70:5 p.m.,6:36 p.m.
1443,1444,CO,CO-63-EWR-IAH,5:25 p.m.,5:22 p.m.,8:22 p.m.,8:03 p.m.
1444,1445,CO,CO-1561-PHX-IAH,8:05 a.m.,8:00 a.m.,11:35 a.m.,11:32 a.m.
1445,1446,ifly,AA-3842-MSP-ORD,6:00 a.m.,6:56 a..m,7:30 a.m.,7:51 a.m.
1446,1447,,AA-3804-PHHL-ORD,2:35 p.m.,2:44 p.m.,4:05 p.m.,3:43 p.m.
1447,1448,ifly,CO-1090-BOS-IAH,9:45 a.m.,10:19 a.m.,1:16 p.m.,1:19 p.m.
1448,1449,ifly,AA-1917-JFK-MCO,2:55 p.m.,3:27 p.m.,5:55 p.m.,5:43 p.m.
1449,1450,ifly,unknown,3:50 p.m.,4:28 p.m.,6:23 p.m.,6:38 p.m.
1450,1451,ifly,CO-89-IAH--EWR,6:00 a.m.,6:02 a.m.,10:20 a.m.,10:27 a.m.
1451,1452, ,UA-938-DEN-ORD,4:16 p.m.,4:15 p.m.,7:35 p.m.,7:36 p.m.
1452,1453,ifly,UA-3925-IAD-ORF,8:41 a.m.,8:42 a.m.,9:54a .m.,9:43 a.m.
1453,1454,ifly, ,1:05 p.m.,1:19 p.m.,2:35 p.m.,3:13 p.m.
1454,1455,IFLy, ,7:15 a.m.,7:21 a.m.,10:35 a.m.,10:36 a.m.
1455,1456,Ifly,UA-664-ORD-PHL,1:33 p.m.,1:31 p.m.,4:31 p.m.,4:23 p.m.
1456,1457,ifly,AA-3756-ORD-SLC,12:15 p.m.,12:41 p.m.,2:45 p.m.,2:50 p.m.
1457,1458,,CO-1614-LAX-IAH,12:30 am.,21:41 a.m.,5:35 a.m.,5:26 a.m.
1458,1459,ifly,CO-58-DEN-IAH,11:25 a.m.,11:32 a.m.,2:50 p.m.,3:31 p.m.
1459,1460,ifly,,4:52 p.m.,4:25 p.m.,12:29 a.m.,12:29 a.m.
1460,1461,ifly,AA-3979-CVG-ORD,7:30 a.m.,8:04 a.m.,8:00 a.m.,8:06 a.m.
1461,1462,,AA-3823-LAX-DEN,9:00 p.m.,9:00 p.m.,12:15 a.m.,12:15 a.m.
1462,1463,N/A,AA-3786-IAH-ORD,4:00 .m.,4:12 p.m.,6:40 p.m.,6:15 .m.
1463,1464,ifly,AA-431-MIA-SFO,8:35 a.m.,8:51 a.m.,11:50 a.m.,11:44 a.m.
1464,1465,ifly,AA-1733--ORD-PHX,7:45 p.m.,7:58 p.m.,10:30 p.m.,10:30 p.m.
1465,1466, ,UA-3373-IAD-PHL,8:29a.m.,8:26 a.m.,9:24 a.m.,9:13 a.m.
1466,1467,ifly,UA-3099-PHX-PHL,11:55 a.m.,11:55 a.m.,6:17 p.m.,5:38 p..m
1467,1468,ifly,UA-2314-ATL-PHL,2:55  p.m.,2:55 p.m.,5:00 p.m.,4:47 p.m.
1468,1469,ifly,CO-16-AX-EWR,10:25 a.m.,  10:20 a.m. ,6:44 p.m.,6:34 p.m.
1469,1470,ifly,CO-1250-MIA-IAH,2:53 p.m.,3:01 p.m.,4:48 p..m.,4:59 p.m.
1470,1471,ifly,Na,7:00 a.m.,7:25 a.m.,9:55 a.m.,9:45 a.m.
1471,1472,ifly,AA-2050-ORD-MIA,10:40 a.m.,11:05 a.m.,2:45 p.m.,2:46 p.m.
1472,1473,,AA-415-BOS-ORD,8:35 a.m.,8:56 a.m.,10:40 a.m.,10:16 a.m.
1473,1474,N/A,AA-3063-SLC-LAX,8:20 p.m.,8:39 p.m.,9:20 p.m.,9:20 p.m.
1474,1475,ifly,AA-3809-PHX-LAX,6:00 a.m.,6:10 a.m.,:640 a.m.,6:19 a.m.
1475,1476,ifly,AA-59-JFK-SFO,7:10 a.m.,7:39 a.m.,10:45 a.m.,11:12 a.m.
1476,1477,ifly,UA-62-IAH-EWR,2:30 p.m.,:248 p.m.,7:03 p.m.,7:10 p.m.
1477,1478,ifly,AA-616-DFW-DTW,9:05 a.m.,10:10 a.m.,12:35 p.m.,1:27 p.m.
1478,1479,iifly,AA-3-JFK-LAX,21:00 p.m.,12:11 p.m.,3:15 p.m.,3:16 p.m.
1479,1480,ifly,CO-1694-LAX-IAH,7:15 p.m.,7:15 p.m.,12:21 a.m.,12:21 a.m.
1480,1481,ifly,,11:50 a.m.,12:12 p.m.,3:50 p.m.,4:09 p.m.
1481,1482,ssfo,UA-397-JFK-SFO,8:00 a.m.,8:29 a.m.,11:55 a.m.,11:58 a.m.
1482,1483,sfo,AA-85-JFK-SFO,3:05 p.m.,3:36 p.m.,6:30 p.m.,6:43 p.m.
1483,1484,  NA ,unknown,8:53 a.m.,8:51 a.m.,11:50 a.m.,11:44 a.m.
1484,1485,sfo,AA-59-JFK-SFO,7:10 a.m.,7:39 a.m.,10::45 a.m.,11:12 a.mm.
1485,1486,Sfo,UA-257-JFK-SFO,2:30 p.m.,2:26 p.m.,6:15 p.m.,5:42 p.m.
1486,1487,sfo,A,6:00 a.m.,5:56 a.m.,7:23 a.m.,7:17 a.m.
1487,1488,N/a,AA-3859-IAH-ORD,7:10 a.m.,7:16 a.m.,9:40 a.m.,9:32 a.m.
1488,1489,flytecomm,CO-1586-IAH-MCO,7:00 p.m.,7:14 p.m.,10:15 p.m.,10:29 p.m.
1489,1490,flytecomm,AA-518-MIA-JFK,6:40 a.m.,6:54 a.m.,9:25 a.m.,9:28 A.m.
1490,1491, ,UA-397-JFK-SFO,8:00 a.m.,8:29 a.m.,11:55 a.m.,11:58 a.m.
1491,1492,flytecomm,UA-3925-IAD-ORF,  8:41 a.m. ,8:42 a.m.,9:54 a.m.,9:43 a.m.
1492,1493,flytecomm,AA-1733-ORD-PHX,7:45 p.m.,7:58 p.m.,10:30 p.m.,10:30 p.m.
1493,1494,flytecomm,N/A,  3:27 p.m. ,3:27 p.m.,5:05 p.m.,5:1 p.m.
1494,1495,flytecomm,CO-58-DEN-IAH,11:25 a.m.,111:32 a.m.,2:50 p.m.,3:31 .m.
1495,1496,,unknown,11:25 A.M.,11:40 a.m.,5:25 p.m.,4:56 p.m.
1496,1497,flytecomm,UA-5487-SF-MRY,10:39 a.m.,10:33 a.m.,11:19 a.m.,11:21 a.m.
1497,1498,flytecomm,AA-204-LAX-MCO,11:25 p.m.,11:25 p.m.,6:55 a.m.,6:55 a.m.
1498,1499,NA,UA-4144-LAX-SFO,6:00 a.m.,  5:56 a.m. ,7:23 a.m.,7:17 a.m.
1499,1500,flytecomm,CO-1614-LAX-IAH,12:30 a.m.,12:41 a.m.,5:35 a.m.,5:26 a.m.
1500,1501,flytecomm,UA-2726-FLL-PHL,400 p.m.,4:00 p.m.,6:46 p.m.,6:28 p.m.
1501,1502,flytecomm,,7:35 a.m.,7:29 a.m.,9:21 a.m.,9:14 a.m.
1502,1503,flytecomm,CO-1090-BOS-IAH,9:45 a..m.,10:19 a.m.,1:16 p.m.,1:19 p.m.
1503,1504,N/A,AA-616-DFW-DTW,9:05 a.m.,10:10 a.m.,12:335 p.m.,1:27 p.m.
1504,1505,flytecomm, ,8:15 a.m.,8:12 a.m.,10:06 a.m.,9:56 a.m.
1505,1506, ,AA-3468-CVG-MIA,7:00 a.m.,7:25 a.m.,  9:55 a.m. ,9:45 a.m.
1506,1507, ,AA-484-DFW-MIA,4:15 p.m.,4:29 p.m.,7:55 p.m.,7:39 p.m.
1507,1508,unknown,AA-1886-OS-MIA,10:45 a.m.,10:55 a.m.,2:20 p.m.,  1:40 p.m. 
1508,1509,flytecomm,CO-62-IAH-EWR,2:30 p.m.,2:48 p.m.,7:03 p.m.,7:10 p.m.
1509,1510,flytecomm,CO-1561-PHX-IAH,8:05 a.m.,8:00 a..,11:35 a.m.,11:32 a.m.
1510,1511,flytecomm,UA-2314-ATL-PHL,2:55 p.m.,2:55 p.m.,5:00 p.m.,4:47 p.m.
1511,1512,flytecomm,AA-446-DFW-PHL,11:50 a.m.,12:12 p.m.,3:5 0p.m.,4:09 p.m.
1512,1513,  flytecomm ,CO-1023-IAH-DEN,  11:40 a.m. ,11:56 a.m.,1:17 pm..,1:14 p.m.
1513,1514,flytecomm,,66:00 a.m.,6:08 a.m.,9:20 a.m.,9:05 a.m.
1514,1515,,UA-3050-PHX-CLT,11:05 a.m.,11:30 a.m.,4:57 p.m.,5:05 p.m.
1515,1516,flytecomm,CO-89-IAH-EWR,6:00 a.m.,6:02 a.m.,10:20 a.m.,10:27 a.m.
1516,1517,flytecomm,CO-1088-CLE-IAH,8:40 a.m.,8:40 a.m.,10:54 a.m.,10:56 a.m.
1517,1518,fltyecomm,AA-1664-MIA-ATL,10:15 a.m.,10:18 a.m.,  12:10 p.m. ,11:56 a.m.
1518,1519,unknown,AA-1279-DFW-PHX,1:00 p..,2:04 p.m.,2:35 p.m.,3:30 p.m.
1519,1520,flytecomm,UA-854-SFO-IAH,7:53 a.m.,7:49 a.m.,1:39 p.m.,1:30p.m.
1520,1521,flytecomm,UUA-382-IAD-LAX,12:30 p.m.,12:35 p.m.,3:19 p.m.,3:21 p.m.
1521,1522,flytecomm,,11:45 a.m.,12:13 p.m.,2:00 P.M.,2:10 p.m.
1522,1523,flytecomm,UA-257-JFK-SFO,2:30 p.m.,2:26 p.m.,6:15 p.m.,5:42 p.m.
1523,1524,flytecomm,UA-2945-PHL-CLT,12:00 a.m.,3:11 a.m.,1:45 p.m.,1:1 5p.m.
1524,1525,  flytecomm ,CO-63-EWR-IAH,5:25 p.mm.,5:22 p.m.,8:22 p.m.,8:03 p.m.
1525,1526,flytecomm,CO-47-IAH-LAX,7:10 p.m.,8:25 p.m.,8:56 p.m.,9:52 p.m.
1526,1527,  flytecomm ,AA-2050-ORD-MIA,10:40 a.m.,11:05 a.m.,2:45 p.m.,2:46 p.m.
1527,1528,fltecomm,UA-248-PHX-ORD,12:57 p.m.,1:3 p.m.,5:15 p.m.,5::34 p.m.
1528,1529,unknown, ,3:35 p.m.,3:36 p..,4:00 p.m.,  3:33 p.m. 
1529,1530,  flytecomm ,AA-1434-DFW-MCO,7:15 a.m.,7:2 1a.m.,10:35 a.m.,10:36 a.m.
1530,1531,flytecomm,AA-1640-MIA-MCO,6:30 p.m.,6:30 p..m.,7:25 p.m.,7:25 p.m.
1531,1532,flytecomm, ,6:45 p.m.,6:55 p.m.,9:10 p.m.,8:53 p.m.
1532,1533,flytecommm,AA-3-JFK-LAX,12:00 p.m.,12:11 p.m.,3:15 p.m.,3:16 p.m.
1533,1534,flytecomm,CO-1694-LAX-IAH,7:15 p.m.,7:15 P.m.,112:21 a.m.,12:21 a.m.
1534,1535,NA,UA-843-LAX-ORD,1:55 p.m.,2:10 p.m.,7:53 p.m.,7:5 p.m.
1535,1536,flytecomm,,9:15 a.m.,9:14 .am.,12:18 p.m.,12:09 p.m.
1536,1537,fflytecomm,AA-3842-MSP-ORD,6:00 a.m.,6:56 a.m.,7:30 a.m.,7:51 a.m.
1537,1538, ,AA-643-MIA-ORD,7:10 a.m.,7:30 a.m.,9:35  a.m.,9:31 a.m.
1538,1539,flytecomm,A,4:55 p.m.,5:08 p.m.,8:05 p.m.,7:55 p.m.
1539,1540,  flytecomm ,AA-2525-DFW-MIA,7:25 a.m.,:739 a.m.,11:10 a.m.,11:006 a.m.
1540,1541,flytecomm,UA-2906-PHL-MCO,3:50 p.m.,4:28 p.m.,6:2 p.m.,6:38 p.m.
1541,1542,flytecomm,N/A,  4:16 p.m. ,4::15 p.m.,7:35 p.m.,7:36 p.m.
1542,1543,flytecomm, ,8:00 p.m.,8:23 p.m.,9:45 p.m.,9:53 p.m.
1543,1544,flytecomm,CO-16-LAX-EWR,10:25 a.m.,10:20 .m.,6:44 pm.,6:34 p.m.
1544,1545,FLytecomm,  N/A ,7:05 a.m.,7:05 a.m.,10:31 a.m.,10::47 a.m.
1545,1546,flytecomm,NA,10:40 a.m.,110:1 a.m.,2:59 p.m.,3:04 p.m.
1546,1547,flyttecomm,UA-664-ORD-PHL,1:33 p.m.,1:31 p.m.,4:31 p.m.,4:23 p.m.
1547,1548,flytecomm,AA-3756-ORD-SLC,12:15 p.m.,12:41 p.m.,2:45 p.m.,2:50 p.m.
1548,1549,flytecomm,UA-37-EWR-MCO,1:29 p.m.,1:48 p.m.,4:17 p.m.,4:17 p.m.
1549,1550,flytecomm,AA-1522-SFO-ORD,11:55 p.m.,11:55 p.m.,5:50 a.m.,5:50 .m.
1550,1551,flytecomm,NA,  4:25 p.m. ,4:25 p.m.,12:29 a.m.,12:29 a.m.
1551,1552,flytceomm,AA-3823-LAXDEN,9:00 p.m.,9:00 p.m.,  12:15 a.m. ,12::15 a.m.
1552,1553, ,AA-2312-DFW-DTW,8:25 p.m.,8:25 p.m.,11:50 p.m.,11:50 p.m.
1553,1554,flytecomm,AA-1165-JFK-MIA,6:59 a.m.,7:22 a.m.,10:34 a.m.,10:04 A.m.
1554,1555,flytecomm,AA-431-MIA-SFO,8:35 a.m.,8:51 a.m.,11:50 a.m.,11:44 a.m.
1555,1556, ,UA-3373-IAD-PHL,8:29 a.m.,8:26 a.m.,9:24 a.m.,9:13 a.m.
1556,1557,flytecomm,AA-649-ORD-SNA,1:30 p.m.,1:30 p.m.,3:50 p.m.,3:50 p.m.
1557,1558,flytecomm,CO-1250-MIAI-AH,2:53 p.m.,3:01 p.m.,4:48 p.m.,4:59 p.m.
1558,1559,flyteomm,NNA,7:35 a.m.,7:27 a.m.,9:43 a.m.,8:45 a.m.
1559,1560,unknown,UA-828-SFO-ORD,11:08 p.m.,11:08 p.m.,5:11 a.m.,5:11 a.m.
1560,1561,flytecomm,COO-4888-IAH-DAL,5:30 p.m.,5:30 p.m.,6:40 p.m.,6:40 p.m.
1561,1562,flytecomm,UA-858-PVGG-SFO,1:4 5p.m.,1:32 p.m.,8:27 a.m.,8:02 a.m.
1562,1563,flytecommm,UA-2704-DTW-PHX,11:15 a.m.,11:15 a.m.,1:40 p.m.,2:00 p.m.
1563,1564,flytecomm,AA-3063-SLC-LAX,8:20 p.m.,8:39 p.m.,9:20 p.m.,9:20 p.m.
1564,1565,flytecomm,UA-2708-EWR-CLT,2:55 p.m.,2:5 5p.m.,4:53 pm..,4:44 p.m.
1565,1566,flytecomm,UA-62-IAH-EWR,2:30 .m.,2:48 p.m.,7:03 p.m.,7:10 p.m.
1566,1567,unkonwn,UA-1500-IAH-GUA,8:55 a.m.,9:16 a.m.,11:45 a.m.,11:56 a.m.
1567,1568,FLYTECOMm,AA-3804-PHL-ORD,2:35 p.m.,2:44 p.m.,4:05 p.m.,3:43 p.m.
1568,1569,flytecomm,AA-1917-JFK-MCO,2:55 p.m.,3:27 p.m.,5:55 p.m.,5:43 p.m.
1569,1570, ,AA-2268-PHX-ORD,7:15 a.m.,7:22 a.m.,11:35 .m.,11:06 a.m.
1570,1571,N/A,AA-4277-CVG-JFK,12:10 p.m.,12:10 p.m.,2:15 p.m.,1:43 p.m.
1571,1572,NA,AA-2957-DFW-CVG,7:55 a.m.,8:04 a.m.,  11:05 a.m. ,111:01 a.m.
1572,1573,flytecomm,,9:05 a.m.,8:52 a.m.,11:53 a.m.,12:09 p.m.
1573,1574,flytecomm,AA-789-ORD-DEN,1:05p.m.,  1:19 p.m. ,2:35 p.m.,3:13 p.m.
1574,1575,flytecomm,AA-415-BS-ORD,8:35 a.m.,8:56 a.m.,10:40 a.m.,10:16 a.m.
1575,1576,flytecomm,AA-85-JFK-SFO,3:05 p.m.,3:36 p.m.,6:30 .pm.,6:43 p.m.
1576,1577,flytecomm,AA-3979-CVG-ORD,7:30 a.m.,8:04 a.m.,8:00 a.m.,8:06 a.m.
1577,1578,flytecomm,AA-3786-IAH-ORD,4:00 p.m.,4:12 p.m.,6:40 p.m.,6:15 p.m.
1578,1579,flytecomm,AA-271-MIA-LAX,11:35 a.m.,11:52 a.m.,2:25 p.m.,2:27 p.m.
1579,1580,,CO-50-CLE-EWR,2:55 p.m.,3:31 p.m.,4:49 p.m.,5:26 p.m.
1580,1581,flytecomm,UA-3099-PHX-PHL,11:55 a.m.,11:55 a.m.,6:17 p.m.,5:38 p.m.
1581,1582,FLYTEComm,AA-4198-ORD-CLE,10:40 a.m.,10:54 a.m.,12:55 p.m.,12:50 p.m.
1582,1583,flyteocmm,AA-404-MIA-MCO,6:45 a.m.,6:57 a.m.,7:45 a.m.,7:40 a.m.
1583,1584,flytecomm,CO-45-EWR-MIA,4:00 p.m.,3:58 p.m.,7:05 p.m.,6:36 p.m.
1584,1585,flytecomm,AA-3809-PHX-LAX,  6:00 a.m. ,6:10 a.m.,6:40 a.m.,6:19 a.m.
1585,1586,flytecomm,AA-59-JFK-SFO,7:10 a.m.,7:39 a.m.,10:45 a.m.,11:12 .m.
1586,1587,flytecomm,AA-222-LAX-BOS,7:10 a.m.,7:31 a.m.,3:30 p.m.,3:14 p.m.
1587,1588,NA,AA-1733-ORD-PHX,7:45 p.m.,7:58 p.m.,10:30 p.m.,10:30 p.m.
1588,1589,mytripandmore,CO-1586-IAH-MCO,7:00 p.m.,7:14 p.m.,10:15 p.m.,10:29 p.m.
1589,1590,mytripandmore,UA-3925-IAD-OF,8:41 a.m.,8:42 a.m.,9::54 a.m.,9:433 a.m.
1590,1591,mytripandmore,AA-1640-MIA-MCO,6:30 p.m.,6:30 p.m.,7:25 p.m.,7:25 P.m.
1591,1592,mytripandmore,UA-2830-MCO-CLT,3:27 p.m.,3:27 p.m.,5:05 p.m.,5:17 p.m.
1592,1593,mytripandmoe,UA-5487-SFO-MRY,10:39 a.m.,10:33 a.m.,11:19 a.m.,11:21 a.m.
1593,1594,mytripandmore,AA-204-LAX-MCO,11:25 p.m.,11:25 p..,6:55 a.m.,6:55 a.m.
1594,1595,mytripandmore,CO-1614-LAX-IAH,12:30 a.m.,12:41 a.m.,5:35 a.m.,5:26 a.m.
1595,1596,mytripandmore,UA-2726-FLL-PHL,4:00 p.m.,4:00 p.m.,6:46 p.m.,  6:28 p.m. 
1596,1597,mytripandmore,CO-1090-BOS-IAH,9:45 a.m.,  10:19 a.m. ,1:16 p.m.,1:19 p.m.
1597,1598,mytripandmore,AA-3468-CVG-MIA,7:00 a.m.,7:25 a.m.,9:55 a.m.,9:45 a.m.
1598,1599, ,CO-62-IAH-EWR,2:30 p.m.,22:48 p.m.,7:03 p.m.,7:10 p.m.
1599,1600,mytripandmore,CO-1023-IAH-DEN,11:40 a.m.,11:56 a.m.,1:17 p.m.,1:14 p.m.
1600,1601, ,AA-466-IAH-MIA,6:00 a.m.,6:08 a.m.,9:20 a.m.,9:05 a.m.
1601,1602,mytripandmore,NA,11:05 a.m.,  11:30 a.m. ,4:57 p.m.,5:0 p.m.
1602,1603,mytripanmore,AA-1664-MIA-ATL,10:15 a.m.,10:18 a.m.,12:10 p.m.,11:56 a.m.
1603,1604,unknown,AA-3979-CVG-ORD,7:30 a.m.,8:04 a.m.,8:00 a..,8:06 a.m.
1604,1605,NA,UA-382-IAD-LAX,12:30 p.m.,12:35 p.m.,3:19 p.m.,3:21 p.m.
1605,1606,mytripandmoer,AA-616-DFW-DTW,9:05 a.m.,10:10 a.m.,12:35 p.m.,1:27 p.m.
1606,1607,mytripandmore,AA-4344-ORD-DTW,11:45 a.m.,12:13 p.m.,2:00 p.m.,2:10 p.m.
1607,1608,mytripandmore,N/A,12:00 a.m.,3:11 a.m.,1:45 p.m.,1:15 p.m.
1608,1609,mytripandmore,CO-47-IAH-LAX,7:10 p.m.,8:25 p.m.,8:56 p.m.,9:52 p.m.
1609,1610,mytripandmore,,11:35 a.m.,11:52 a.m.,2:25 p.m.,2:27 p.m.
1610,1611,N/A,AA-3842-MSP-ORD,6:00 a.m.,6:56 a.m.,7:30 a.m.,7:51 a.m.
1611,1612,mytripandmore,,7:10 a.m.,7:30 a.m.,9:35 a.m.,9:31 a.m.
1612,1613,,AA-1007-MIA-PHX,4:55 p.m.,5:08 p.m.,8:05 p.m.,7:55 p.m.
1613,1614, ,AA-2525-DFW-MIA,7:25 a.m.,7:39 a.m.,11:10 a.m.,11:06 a.m.
1614,1615,mytripandmore,AA-1221-MCO-ORD,8:00 p.m.,8:23 p.m.,9:45 p.m.,9:53 p.m.
1615,1616, ,UA-2515-DFW-CLT,7:05 a.m.,7:05 a.m.,10:31 a.m.,10:47 a.m.
1616,1617,mytripandmore,AA-4307-ORD-DTW,6:45 p.m.,6:55 p.m.,9:10 p.m.,8:53 p.m.
1617,1618,mytripandmore,  UA-233-LAX-JFK ,4:25 p.m.,4:25 p.m.,12:29 a.m.,12:29 a.m.
1618,1619, ,AA-3823-LAX-DEN,9:00 p.m.,9:00 p.m.,12:15 a.m.,12:15 a.m.
1619,1620, ,AA-2312-DFW-DTW,8:25 p.m.,8:25 p.m.,11:50 p.m.,11:50 p.m.
1620,1621,mytripandmore,AA-1165-JFK-MIA,6:59 a.m.,7:22 a.m.,10:34 a.m.,10:04 a.m.
1621,1622,mytripandmore,,8:35 a.m.,8:51 a.m.,11:50 a.m.,11:44 a.m.
1622,1623,mytripandmore,UA-257-JFK-SFO,2:30 p.m.,2:26 p.m.,6:15 p.m.,5:42 p.m.
1623,1624,mytripandmore,  AA-649-ORD-SNA ,1:30 p.m.,1:30 p.m.,3:50 p.m.,3:50 p.m.
1624,1625,  mytripandmore ,CO-1250-MIA-IAH,2:53 p.m.,3:01 p.m.,4:48 p.m.,4:59 p.m.
1625,1626,mytripandmore,UA-828-SFO-ORd,11:08 p.m.,11:08 p.m.,5:11 a.m.,5:11 a.m.
1626,1627,mytripandmore,AA-3063-SLC-LAX,8:20 p.m.,8:39 p.m.,9:20 p.m.,9:20 p.m.
1627,1628,,AA-1917-JFK-MCO,2:55p.m.,3:27 p.m.,5:555 p.m.,5:43 p.m.
1628,1629,mytripandmore,UA-6273-yyc-sfo,7:35 a.m.,7:27 a.m.,9:43 a.m.,8:54 a.m.
1629,1630,mytrpiandmore,AA-4277-CVG-JFK,  12:10 p.m. ,12:10 p.m.,2:1 5p.m.,1:43 p.m.
1630,1631,mytripandmore,UA-37-EDI-EWR,:05 a.m.,8:52 a.m.,11:53 a.m.,12:09 p.m.
1631,1632,mytripandmore,unknown,7:10 A.m.,7:39 a.m.,0:45 a.m.,11:12 a.m.
1632,1633,mytripandmore,AA-415-BOS-ORD,  8:35 a.m. ,8:56 a.m.,10:40 a.m.,10:16 a.m.
1633,1634,mytripandmore,AA-1544-SAN-ORD,11:25 a.m.,11:40 a.m.,5:25 p.m.,4:56 p.m.
1634,1635,mytripandmore,AA-3786-IAH-ORD,4:00 p.m.,4:12 p.m.,6:40 p.m.,6:15 p.m.
1635,1636,mytripandmore,CO-50-CLE-EWR,2:55 p.m.,3:31 p.m.,4:49 p.m.,5:26 p.m.
1636,1637,mytripandmore,AA-404-MIA-MCO,6:45 a.m.,6:57 a.m.,7:45 a.m.,7:440 a.m.
1637,1638,,AA-3859-IAH-ORD,7:10 a.m.,7:1 a.m.,9:40 a.m.,9:32 a.m.
1638,1639,ord,  AA-3842-MSP-ORD ,6:0 a.m.,6:56 a.m.,7:30 a.m.,7:51 a..
1639,1640,ord,NA,7:10 a.m.,7:30 a.m.,9:35 a.m.,9:31 a.m.
1640,1641,ord,AA-3804-PHL-ORD,2:35 p.m.,2:44 p.m.,4:05 p.m.,3:43 p.m.
1641,1642,orrd,AA-2268-PHX-ORD,7:15a.m.,7:22 a.m.,11:5 a.m.,11:06 a.m.
1642,1643,ord,,8:00 p.m.,8:23  p.m.,9:45 p.m.,9:53 p.m.
1643,1644,unknown,UA-938-DEN-ORD,4:1 6p.m.,4:15 p.m.,7:35 p.m.,7:36 p.m.
1644,1645,rd,AA-789-ORD-DEN,  1:05 p.m. ,1:19 p.m.,2:35 p.m.,3:13 p.m.
1645,1646,ORd,NA,6:45 p.m.,6::55 p.m.,9:10 p.m.,8:553 p.m.
1646,1647,ord,AA-3979-CVG-ORD,  7:30 a.m. ,804 a.m.,  8:00 a.m. ,8:06 a.m.
1647,1648,ord,UA-664-ORD-HPL,1:33 p.m.,1:31 p.m.,4:31 p.m.,4:23 .m.
1648,1649,ord,  AA-3756-ORD-SLC ,12:15 p.m.,12:41 p.m.,2:45 p.m.,2:50 p.m.
1649,1650,ord,AA-3786-IAH-ORD,4:00 p.m.,4:12 p.m.,6:40 P.m.,6:15 p.m.
1650,1651,ord,,11:55 p.m.,11:5 p.m.,5:50 a.m.,5:50 a.m.
1651,1652,ord,AA-1544-SAN-ORD,11:25 a.m.,11:40 a.m.,5:25 p.m.,:456 p.m.
1652,1653,NA,AA-4344-ORD-DTW,114:5 a.m.,12:13 p.m.,2:00 p.m.,2:10 p.m.
1653,1654,ord,AA-1733-ORD-PHX,7:45 p.m.,7:58 p.m.,10:30 p.m.,10:30 p.m.
1654,1655,orrd, ,10:40 a.m.,10:54 a.m.,  12:55 p.m. ,12:50 p.m.
1655,1656,ord,UA-828-SFO-ORRD,11:08 p.m.,11:08 p.m.,5:11 a.m.,5:11 a.m.
1656,1657,ord,AA-2050-ORD-MIA,10:40 a.m.,11:05 a.m.,2:45 p.m.,2:46 p.m.
1657,1658,unknown,UA-248-PHX-ORD,12:57 p.m.,1:32 p.m.,5:15 p.m.,5:34 p.m.
1658,1659,ord,AA-415-BOS-ORD,8:35a .m.,8:56 a.m.,10:40 a.m.,10:16 a.m.
1659,1660,ord,  AA-4330-CVG-ORD ,3:35 p.m.,3:36 p.m.,4:000 p.m.,3:33 p.m.
1660,1661,ord,UA-843--LAX-ORD,1:55 p.m.,2:10 p.m.,7:53 p.m.,  7:58 p.m. 
1661,1662,wunderground,AA-359-IAH-ORD,7:10 a.m.,7:1 a.m.,9:40 a.m.,9:32 a.m.
1662,1663,wunderground,AA-518-MIA-JFK,6:40 a.m.,6:54 a.m.,9:25 a.m.,  9:28 a.m. 
1663,1664,unknown, ,7:00 p.m.,7:14 p.m.,10:15 p.m.,10::29 p.m.
1664,1665,wunderground,UA-3925-IAD-ORF,8:41 a.m.,8:42 a.m.,9:54 a.m.,9:43 a.m.
1665,1666,wundergrouund,AA-1733-ORD-PHX,7:45 p.m.,7:58 p.m.,10:30 p.m.,10:30 p.m.
1666,1667,wunderground,  AA-204-LAX-MCO ,11:25 p.m.,11:25 p.m.,  6:55 a.m. ,6:55 a.m.
1667,1668,unknown,N/A,4:00 p.m.,4:00 p.m.,6:46 p.m.,6:28 p.m.
1668,1669,wunderground,CO-52-IAH-LAX,7:35 a.m.,7:299 a.m.,9:21 a.m.,9:14 a.m.
1669,1670,wunderground,AA-3468-CVG-MIA,7:00 a.m.,7:25 a.m.,9:55 a.m.,9:45 a.m.
1670,1671,wunderground,AA-484-DFW-MIA,44:15 p.m.,4:29  p.m.,7:55 p.m.,7:39 p.m.
1671,1672,wunderground,AA-616-DFW-DTW,9:05 a.m.,10:10 a.m.,12:35 p.m.,1:27 p.m.
1672,1673,wunderground,AA-446-DFW-PHL,11:50 a.m.,12:12 p.m.,3:50 p.m.,4:09 p.m.
1673,1674,WUNDERGROund,CO-1023-IAH-DEN,11:40 a.m.,1:56 a.m.,1:17 p.m.,1:14 p.m.
1674,1675,wundergorund,,6:00 a.m.,6:08 a.m.,9:20 a.m.,9:05 a.m.
1675,1676,wunderground,UA-3050-PHX-CLT,11:05 a.m.,113:0 a.m.,4:57 p.m.,5:05 p.m.
1676,1677,wunderground,AA-2957-DFW-CVG,7:55 a.m.,8:04 a.m.,11:05 a.m.,11:01 a.m.
1677,1678,wunderground,AA-1664-MIA-ATL,10:15 a.m.,10:18 a.m.,12:100 p.m.,11:56 a.m.
1678,1679, ,AA-3979-CVG-ORD,7:30 a.m.,80:4 a.m.,8:00 a.mm.,8:06 a.m.
1679,1680,wunderground,AA-1279-DFW-PHX,1:00 p.m.,2:04 p.m.,2:35 p.m.,3:30 p.m.
1680,1681,wundergrround,A-404-MIA-MCO,6:45 a.m.,6:57 a.m.,7:45 a.m.,7:40 a.m.
1681,1682,wunderground,AA-3756-ORD-SLLC,12:15 p.m.,12:41 p.m.,2:45 p.m.,2:50 p.m.
1682,1683,/NA,UA-382-IAD-LAX,12:0 p.m.,12:35 p.m.,  3:19 p.m. ,3:21 p.m.
1683,1684,WUNDERGROUNd,N/A,2:30 p.m.,2:26 p.m.,6:15 p.m.,5:42 p.m.
1684,1685, ,UA-2945-PHL-CLT,12:00 a.m.,3:11 a.m.,1:45 p.m.,1:15 p.m.
1685,1686,wunderground,CCO-63-EWR-IAH,  5:25 p.m. ,5:22 p.m.,8:22 p.m.,8:03 p.m.
1686,1687,wunderground,AA-2525-DFW-MIA,7:25 a.m.,7:39 a.m.,11:10 a.m.,11:066 a.m.
1687,1688,wunderground,CO-47-IAH-LAX,7:10 p.m.,8:25 p.m.,8:56 p.m.,9:52 p.m.
1688,1689,wunderground,AA-271-MIA-LAX,11:35 a.m.,11:52 a.m.,2:25 p.m.,2:27 p.m.
1689,1690,WUNDERGround,AA-2050-ORD-MIA,10:40 a.m.,11:05 a.m.,2:455 p.m.,2:46 p.m.
1690,1691,wundergound,AA-4330-CVG-ORD,3:35p .m.,3:36 p.m.,4:00 p.m.,3:33 p.m.
1691,1692,uunknown,AA-14344-DFW-MCO,7:15 a.m.,7:21 A.M.,10:35 a.m.,10:36 a.m.
1692,1693, ,AA-1640-MIA-MCO,6:30 p.m.,6:30 p.m.,7:25 p.m.,7:25 p.m.
1693,1694,  wunderground , ,6:45 p.m.,6:55 p.m.,9:10 p.m.,8:53 p.m.
1694,1695,wunderground,AA-3-JFK-LAX,12:00p .m.,12:11 p.m.,3:15 p.m.,3:16 p.m.
1695,1696,wunderground,CO-1694-LAX-IAH,7:15 p.m.,7:15 p.m.,12:21 a.m.,12:21 a.m.
1696,1697,wunderground,CO-1193-EWR-MCO,9:15 a.m.,9:14 a.m.,12:18 p.m.,12:09 p.m.
1697,1698,wunderground,AA-3842-MSP-ORD,6:00 a.m.,6:56 a.m.,7:30 a.m.,7:51 a.m.
1698,1699,wunderground,AA-643-MIA-ORD,7:10 a.m.,  7:30 a.m. ,9:35 a.m.,9:31 a.m.
1699,1700,wuunderground,,4:55 p.m.,5:08 p.m.,8:05 p.m.,7:55 p.m.
1700,1701,wunderground,UA-2906-PHL-MCO,3:50 p.m.,4:28 p.m.,6:23 p.m.,6:38 p.m.
1701,1702,NA,AA-1221-MCO-ORD,8:00 p.m.,8:23 p.m.,9:45 p.m.,9:53 p.m.
1702,1703,wunderground,AA-400-DFW-JFK,  10:40 a.m. ,11:01 a.m.,2:59 p.m.,3:04 p.m.
1703,1704,wunderground,UA-664-ORD-PHL,1:33 P.m.,  1:31 p.m. ,4:331 p.m.,4:23 p.m.
1704,1705,wunderground,UA-37-EWR-MCO,1:29 p.m.,1:48 p.m.,4:17 p.m.,4:17 p.m.
1705,1706,N/A,UA-233-LAX-JFK,4:25 p.m.,4:25 p.m.,12:29 a.m.,12:29 a.m.
1706,1707,wunderground,AA-3823-LAX-DEN,9:00 p.m.,9:00 p.m.,12:15 a.m.,12:15 a.m.
1707,1708,N/A,AA-2312-DFW-DTW,8:25 p.m.,8:25 p.m.,11:50 p.m.,11:50 p.m.
1708,1709,,NA,6:59 a.m.,7:22 a.m.,10:34 a.m.,10:04 a.m.
1709,1710,wunderground,AA-431-MIA-SFO,8:35 a.m.,8:51 a.m.,11:50 a.m.,11:44 a.m.
1710,1711,wunderground,AA-649-ORD-SNA,1:30 p.m.,1:30 p.m.,3:50 p.m.,3:50 p.m.
1711,1712,,UA-828-SFO-ORD,11:08 p.m.,11:08 p.m.,5:11 a.m.,5:11 a.m.
1712,1713,wunderground,N/A,5:30 p.m.,5:30 p.m.,6:40 p.m.,6:40 p.m.
1713,1714,wunderground,AA-3063-SLC-LAX,8:20 p.m.,  8:39 p.m. ,9:20 p.m.,9:20 p.m.
1714,1715,wunderground,NA,2:35 p.m.,2:44 p.m.,4:50 p.m.,3:43 p.m.
1715,1716,,AA-1917-JFK-MCO,2:55 p.m.,3:27 p.m.,5:55 p.m.,5:43 p.m.
1716,1717,wunderground,AA-2268-PHX-ORD,7:15 a..m.,7:22 a.m.,11:35 a.m.,11:06 a.m.
1717,1718,wundergrouund,AN,  12:10 p.m. ,12:10 p.m.,2:15 p.m.,1:43 p.m.
1718,1719,AN,AA-789-ORD-DEN,1:05 p.m.,1:19 p.m.,2:35 p.m.,  3:13 p.m. 
1719,1720,wunderground,NA,3:05 p.m.,3:36 p.m.,6:03 p.m.,6:43 p.m.
1720,1721,unknown,NA,4:00 p.m.,4:12 p.m.,6:40 p.m.,6:15 p.m.
1721,1722,wunderground,AA-222-LAX-BOS,7:10 a.m.,7:31 a.m.,3:30 p.m.,3:14 p.m.
1722,1723,wunderground,UA-3099-PHX-PHL,  11:55 a.m. ,11:55 a.m.,6:17 p.m.,5:38 p.m.
1723,1724,wunderground,AA-4198-ORD-CLE,10:40 .am.,10:54 a.m.,12:55 p.m.,12:50 p.m.
1724,1725,N/A,A,4:00 .m.,3:58 p.m.,7:05 p.m.,6:336 p.m.
1725,1726,wunderground, ,6:00 a.m.,6:10 a.m.,6:40 a.m.,6:19 a.m.
1726,1727,wunderground,unknown,:710 a.m.,7:39 a.m.,10:45 a.m.,11:12 a.m.
1727,1728,ua,UA-397-JFK-SFO,8:00 a.m.,8:29a.m.,11:55 a.m.,11:58 a.m.
1728,1729,ua,UA-3925-IAD-ORF,8:41 a.m.,8:42 a..,9:54 a.m.,9:43 a.m.
1729,1730,ua,NA,3:27 p.m.,3:27 p.m.,  5:05 p.m. ,5:17 p.m.
1730,1731,ua,UA-5487-SFO-MRY,10:39 a.m.,10:33 a.m.,11:19 a.m.,11:21 a.m.
1731,1732,au, ,4:00 p.m.,4:00 p.m.,6:46 p.m.,6:228 p.m.
1732,1733,N/A,UA-3050-PHX-CLT,11:05 a..,11:30 a.m.,4:57 p.m.,5:05 p.m.
1733,1734,ua,UA-382-iad-lax,12:30 p..,12:35 p.m.,3:19 p.m.,3:21 P.M.
1734,1735,ua,UA-295-PHL-CLT,12:00 a.m.,3:11 A.m.,1:45 p.m.,  1:15 p.m. 
1735,1736,ua,UA-854-SFO-IAH,7:53 a.m.,7:49 a.m.,1:39 p.m.,1:30 p.m.
1736,1737,a,AU-3515-IAD-MSP,8:15 a.m.,8:12a.m.,10:06 a.m.,9:56 a.m.
1737,1738,ua,UA-248-phx-ord,12:57 p.m.,1:32 p.m.,5:15 p.m.,5:34 p.m.
1738,1739,ua,  UA-843-LAX-ORD ,1:55 p.m.,2:10 p.m.,7:53 p.m.,7:58 p.m.
1739,1740,ua,UA-2906-PHL-MCO,3:50 p.m.,4:28 P.m.,6:23 p.m.,6:38 p.m.
1740,1741,,UA-938-DEN-ORD,4:16 p.m.,4:15 p.m.,7:35 p.m.,7:36 p.m.
1741,1742,ua,UAA-2515-DFW-CLT,7:05 a.m.,7:05 a.m.,10:31 a.m.,10:47 a.m.
1742,1743,a, ,1:33 p.m.,1:31 p.m.,4:3 1p.m.,4:23 p.m.
1743,1744,ua,UA-37-EWR-MCO,1:29 p.m.,1:48 p.m.,4:17 p.m.,4:17 p.m.
1744,1745,au,UA-233-LAX-JFK,4:25 p.m.,4:25 p.m.,12:29 a.m.,12:29 a.m.
1745,1746,ua,UA-3373-IADPHL,8:29 a.m.,8:26 a.m.,9:24 a.m.,9:13 a.m.
1746,1747, ,UA-6273-YYC-SFO,7:35 a.m.,7:27 .am.,9:43 a.m.,8:45 a.m.
1747,1748,au,UA-828-SFO-ORD,11:08 p.m.,11:08 p.m.,5:11 a.m.,5:11 a.m.
1748,1749,ua,N/a,1:45 p.m.,1:32 p.m.,  8:27 a.m. ,8:02 a.m.
1749,1750,ua,UA-2704-DTW-PHX,11:15 a.m.,11:15 a.m.,1:40 p.m.,2:00 p.m.
1750,1751,ua,UA-22708-EWR-CLT,2:55 p.m.,2:55 p.m.,4:53 p.m.,4:44 p.m.
1751,1752,,UA-62-IAH-EWR,2:30 p.m.,2:48 p.m.,7:03 p.m.,  7:10 p.m. 
1752,1753,ua,UA-1500-IAH-GUA,8:55 a.m.,9:16 a.m.,11:45 a.m.,11:56 a.m.
1753,1754,N/A,UA-2314-ATL-PHL,2:55 p.m.,2:55 p.m.,5:00 p.m.,4:47 p.m.
1754,1755,ua,N/A,9:05 a.m.,  8:52 a.m. ,11:53 a.m.,12:09 p.m.
1755,1756,N/A,UA-3099-PHX-PHL,11:55 a.m.,11:55 a.m.,6:17 p.m.,5:38 p.m.
1756,1757,ua,UA-414-LAX-SFO,6:00 a.m.,5:56 a.m.,7:23 a.m.,:17 a.m.
1757,1758,ua,UA-257-JFK-SFO,2:30 p.m.,2:26 pm..,6:15 p.m.,5:42 p.m.
1758,1759,FLYLOuisville,,7:10 a.m.,7:16 a.m.,9:40 a.m.,9:32 a.m.
1759,1760,flyluoisville,CO-1586-IAH-MCO,7:00 p.m.,7:14 p.m.,10:15 p.m.,10:29 p.m.
1760,1761,flylouisville,AA-518-MIA-JFK,6:40 a.m.,6:54 a.m.,9:25 a.m.,9:28 a.m.
1761,1762,flylouisville,UA-397-JFK-SO,8:00 a.m.,8:29 a.m.,11:55 a.m.,11:58 a.m.
1762,1763,FLylouisville,UA-3925-IAD-ORF,8:41 a.m.,8:42 a.m.,9::54 a.m.,  9:43 a.m. 
1763,1764,Flylouisville,AA-1733-ORD-PHX,7:45 p.m.,7:58 p.m.,10:30 p.m.,10:30 p.m.
1764,1765,flylouisville,AA-3-JFK-LAX,12:00 p.m.,12:11 p.m.,3:15 p.m.,  3:16 p.m. 
1765,1766,flylouisville,UA-2830-MCO-CLT,3:27 p.m.,3:27 p.m.,5:05 p.m.,5:17 p.m.
1766,1767,flyluisville,NA,11:25 a.m.,11:32 a.m.,2:50 p.m.,3:31 p.m.
1767,1768,flylouisville,UA-5487-SFO-MRY,1:039 a.m.,10:33 a.m.,11:19 a.m.,11:21 a.m.
1768,1769,flylouisville,AA-204-LAX-MCO,11:25 p.m.,11:25 p.m.,6:55 a.m.,66:55 a.m.
1769,1770,flylouisville,UA-414-LAX-SFO,6:00 a.m.,5:56 a.m.,7:23 a.m.,7:17 a.m.
1770,1771,,CO-1614-LAX-IAH,12:30 a.m.,12:41 a.m.,5:35 a.m.,5:26 a.m.
1771,1772,flylouisville,UA-2726-FLL-PHL,4:00 p.m.,4:00 p.m.,6:46 p.m.,6:28 p.m.
1772,1773,flyluoisville,CO-52-IAH-LAX,7:35 a.m.,  7:29 a.m. ,9:21 a.m.,9:14 a.m.
1773,1774,flylouisville,CO-1090-BOS-IHA,9:45 a.m.,100:19 a.m.,1:16 p.m.,1:19 p.m.
1774,1775,flylouisville,AA-616-DFW-DTW,9:05 a.m.,10:10 a.m.,12:35 p.m.,1:27 p.m.
1775,1776,flylouisville,  N/A ,8:15 a.m.,8:12 a.m.,10:06 a.m.,9:56 a.m.
1776,1777,flylouisville,AA-3468-CVG-MIA,7:00 a.m.,7:25 a.m.,9:55 a.m.,9:45 a.m.
1777,1778,flylouisville,AA-484-DFW-MIA,4:15 p.m.,4:29 p.m.,7:55 p.m.,7:39 p.m.
1778,1779,flylouisville,,10:45 a.m.,10:55 a.m.,2:20 p.m.,1:40 p.m.
1779,1780,flylouisivlle,CO-62-IAH-EWR,  2:30 p.m. ,2:48 p.m.,7:03 p.m.,7:10 p.m.
1780,1781, , ,8:05 a.m.,8:00 a.m.,11:35 a.m.,11:32 .m.
1781,1782,flylouisville,UA-2314-ATL-PHL,2:55 p.m.,2:55 P.m.,5:00 p.m.,4:47 p.m.
1782,1783,NA,,11:50 a.m.,12:12 p.m.,3:50 p.m.,:09 p.m.
1783,1784,flylouisville,CO-1023-IAAH-DEN,11:40 a.m.,11:56 a.m.,1:17 p.m.,1:14 p.m.
1784,1785,N/A,AA-466-IAH-MIA,6:00 a.m.,6:08 a.m.,9:20 a.m.,9:05 a.m.
1785,1786,flylouisville,UA-3050-PHX-CLT,11:05 a.m.,11:30 .m.,4:57 p.m.,5:05 p.m.
1786,1787,flylouisville,CO-89-IAH-EWR,6:00 a.m.,6:02 a.m.,10:20 a.m.,10:27 a.m.
1787,1788,flylouisville,CO-1088-CLE-IAH,8:40 a.m.,8:40 a.m.,01:54 a.m.,10:56 am..
1788,1789,flylouisville,AA-1664-MIA-ATL,10:15 a.m.,10:18 a.m.,12:10 p.m.,11:56 a.m.
1789,1790,flylouisville,AA-1279-DFW-PHX,1:00 p.m.,2:04 p.m.,2:35 p.m.,3:30 p.m.
1790,1791,  N/A ,UA-854-SFO-IAH,7:53 a.m.,7:49 a.m.,1:39 p.m.,1:30 p.m.
1791,1792,flylouisville, ,1:30 p.m.,12:35 p.m.,3:19 p.m.,3:21 p.m.
1792,1793,unknown, ,1:45 a.m.,12:13 p.m.,2:00 p.m.,  2:10 p.m. 
1793,1794,flylouisville,UA-257-JFK-SFO,2:30  p.m.,2:26 p.m.,6:15 p.m.,5:42 p.m.
1794,1795,flylouisville,,12:00 a.m.,3:11 a.m.,1:45 p.m.,1:15 p.m.
1795,1796,flylouisville,CO-63-Ewr-iah,5:25 p.m.,5:22 p.m.,8:22 p.m.,8:03 p.m.
1796,1797,flylouisville,CO-47-IAH-LAX,7:10 p.m.,8:25 p.m.,8:56p.m.,9:52 p.m.
1797,1798,  flylouisville ,AA-2050-ORDMIA,10:40 a.m.,11:05 a.m.,2:45 p.m.,2:46 p.m.
1798,1799,flylouisville,UA-248-PHXX-ORD,12:57 p.m.,1:32 p.m.,5:15 p.m.,5:34 p.m.
1799,1800,flylouisville,AA-433-CVG-ORD,3:35 p.m.,3:36 P.m.,4:00 p.m.,3:33 p.m.
1800,1801,flylouisville,AA-1434-DFW-MCO,7:15 a.m.,7:21 a.m.,10:35 a.m.,10:36 a.m.
1801,1802,flylouisville,AA-1640-MIA-MCO,6:30 p.m.,6:30 p.m.,7:25 p.m.,7:25 p.m.
1802,1803,flylouisville,AA-4307-ORD-DTW,6:45 p.m.,6:55 p.m.,9:10 p.m.,8:53 p.m.
1803,1804,  flylouisville ,CO-1694-LAX-IAH,7:15 p.m.,7:15 p.m.,12:21 a.m.,12:21 a.m.
1804,1805,flylouisville,NA,1:55 p.m.,2:10 p.m.,7:53 .m.,7:58 p.m.
1805,1806,flylouisville,CO-1193-EWR-MCO,9:15 a.m.,9:14 a.m.,12:1 p.m.,12:09 p.m.
1806,1807,flylouisville,AA-3842-MSP-ORD,6:00 A.m.,6:56 a.m.,7:30 a.m.,7:5 1a.m.
1807,1808,flylouisville,AA-643-MIA-ORD,  7:10 a.m. ,7:30 a.m.,9:35 a.m.,9:31 a.m.
1808,1809,,N/A,4:55 p.m.,5:08 p.m.,8:05 p.m.,7:55 p.m.
1809,1810,NA,  UA-2906-PHL-MCO ,3:50 p.m.,4:28 p.m.,6:23 p.m.,6:38 p.m.
1810,1811,flylouisville,UA-938-DENN-ORD,4:16 p.m.,4:15 p.m.,  7:35 p.m. ,7:36 p.m.
1811,1812,flylouisville,AA-1221-MCO-ORD,8:00 p.m.,8:23 p.m.,9:45 p.m.,9:53 p.m.
1812,1813,flylouisville,NA,10:25 a.m.,10:20 a.m.,6:44 pm..,6:34 p.m.
1813,1814,FLYLOUISVIlle,NA,7:05 a.m.,7:05 a.m.,10:31 a.m.,  10:47 a.m. 
1814,1815,flylouisville,AA-400-DFW-JFK,10:40 a.m.,11:01 a.m.,2:59 p.m.,  3:04 p.m. 
1815,1816,flylouisville,UA-664-ORD-PHL,1:33 .m.,1:31 pm.,  4:31 p.m. ,4:23 p.m.
1816,1817,flylouisville,AA-3756-ORD-SLC,12:15 p.m.,12:41 p..m,2:45 p.m.,2:50 p.m.
1817,1818,flylouisville,UA-37-EWR-MCO,1:29 p.m.,1:48 p.m.,  4:17 p.m. ,4:17 p.m.
1818,1819,flylouisville,AA-1522-SFO-ORD,11:55 p.m.,  11:55 p.m. ,5:50 a.m.,5:50 a.m.
1819,1820,flylouisville,UA-233-LAX-JFK,4:25 p.m.,4:25 p.m.,12:29 a.m.,12:29 a.m.
1820,1821,N/A,AA-3823-LAX-DEN,9:00 p.m.,9:00 p..m,12:15 a.m.,12:15 a.m.
1821,1822,flylouisville,AA-2312-DFW-DTW,8:25 p.m.,8:25 p.m.,11:50 p.m.,11:50 p.m.
1822,1823,flylouisville,AA-1165-JFK-MIA,  6:59 a.m. ,7:22 a.m.,10:34 a.m.,10:04 a.m.
1823,1824,flylouisville, ,8:35 a.m.,8:51 a.m.,11:50 a.m.,11:44 a.m.
1824,1825,flylouisville,UA-3373-IAD-PHL,8:29 a.m.,8:26 a.m.,9:24 a.m.,9:13 a.m.
1825,1826,flylouisville,AA-649-ORD-SNA,1:30 p.m.,1:30 p.m.,3:50 p.m.,3:50 p.m.
1826,1827,FLYlouisville,CO-1250-mia-iah,253 p.m.,3:01 p.m.,4:48 p.m.,4:59 p.m.
1827,1828,,UA-6273-YYC-SFO,7:35 a.m.,7:27 a.m.,9:43 a.m.,8:45 a.m.
1828,1829,flylouisville,UA-828-SFO-ORD,11:08 p.m.,11:08 p.m.,5:11 a.m.,5:11 a.m.
1829,1830,flylouisville,CCO-4888-IAH-DAL,5::30 p.m.,5:30 p.m.,6:40 p.m.,6:40 p.m.
1830,1831,flylouisville,UA-858-PVG-SFO,1:45 p.m.,1:32 p.m.,8:27 a.m.,  8:02 a.m. 
1831,1832,flylouisville,N/A,11:15 a.m.,11:15 a.m.,1:40 p.m.,2:00 p.m.
1832,1833,flylouisville,AA-3063-SLC-LAX,8:20 p.m.,8:39 p.m.,9:20 .pm.,9:20 p.m.
1833,1834,flylouisville,UA-2708-ewr-clt,2:55 p.m.,2:55 p.m.,4:5 3p.m.,  4:44 p.m. 
1834,1835,flylouisville,UA-62-IAH-EWR,2:30 p.m.,2::48 p.m.,7:03 p.m.,7:10 p.m.
1835,1836,flylouisville,UA-1500-IAH-GUA,8:555 a.m.,9:16 a.m.,11:45 a.m.,11:56 a.m.
1836,1837,flylouisville,AA-3804-PHL-ORD,2:35 p.m.,2:44 p.m.,4:05 p.m.,3:43 p.m.
1837,1838,flylouissville,AA-1917-JFK-MCO,2:55p.m.,3:27 p.m.,5:55 p.m.,5:43 p.m.
1838,1839,flylouisville,AA-2268-PHX-ORD,7:15 a.m.,7:22 a.m.,11:35 a.m.,11:06 a.m.
1839,1840,flylouisville,AA-4277-CVG-JFK,12:10 p.m.,12:10 p.m.,2:15 p.m.,1:43 p.m.
1840,1841,flylouisville,AA-2957-DFW-CVG,7:55 a.m.,8:04 a.m.,11:05 a.m.,11:01 a.m.
1841,1842,flylouisville,UA-37-EDI-EWR,9:05 a.m.,8:52 a.m.,11:53 a.m.,12:09 p.m.
1842,1843,flylouisville,AA-789-ORD-DEN,1:05 p.m.,1:19 P.m.,2:35 p.m.,3:13 p.m.
1843,1844,flylouisville,AA-415-bos-ord,8:35 A.M.,8:56 a.m.,10:40 .am.,10:16 a.m.
1844,1845,flylouisville,NA,3:05 p.m.,3:36 p.m.,6:30 p.m.,6:43 p.m.
1845,1846,flylouisville,AA-3979-CVG-ORD,7:30 a.m.,8:04 a.m.,8:00 a.m.,8:06 a.m.
1846,1847,flylouisvillle,AA-1544-SAN-ORD,11:25 a.m.,11:40 a.m.,5:25 p.m.,4:56 p.m.
1847,1848,flylouisville,NA,4:00 p.m.,4:12 p.m.,6:40 p.m.,6:15 p.m.
1848,1849,flylouisville,AA-271-MIA-LAX,11:35 a.m.,11:52 a.m.,2:25 p.m.,2:27 p.m.
1849,1850,flylouisville,AA-2525-DFW-MIA,7:25 a.m.,7:39 a.m.,11:10 a.m.,11:06 a.m.
1850,1851,flylouisville,CO-50-CLE-EWR,2:55 p.m.,3:31 p.m.,4:49 p.m.,5:26 p.m.
1851,1852,flylouisville,UA-3099-PHX-PHL,11:55 a.m.,11:55 a.m.,6:17 p.m.,5:38 p.m.
1852,1853,flylouisville,AA-4198-ORD-CLE,10:40 a.m.,1:54 a.m.,12:55 p.m.,122:50 p.m.
1853,1854,flylouisville,N/A,6:45 a.m.,6:57 a.m.,7:45 a.m.,  7:40 a.m. 
1854,1855,,,4:00 p.m.,3:58 p.m.,7:05 P.M.,6:36 p..m.
1855,1856,flylouisville,AA-3809-PHX-LAX,  6:00 a.m. ,6:10 a.m.,6:40 a.m.,6:19 a.m.
1856,1857,flylouisville,AA-59-JFK-SFO,7:10 a.m.,7:39 a.m.,10:45 a.m.,11:12 A.m.
1857,1858,flylouisville,AA-222-LAX-BOS,7:10 a.m.,7:31 a.m.,3:30 p.m.,3:14 p.m.
1858,1859,quicktrip,NA,7:10 a.m.,7:16 a.m.,9:40 a.m.,9:32 a.m.
1859,1860,quicktrip,CO-1586-IAH-MCO,7:00 p.m.,7:14 p..m.,10:15 p.m.,10:29 p.m.
1860,1861,quicktrip,,6:40 a.m.,6:54 a.m.,9:25 a.m.,9:28 a.m.
1861,1862,quicktrip,UA-397-JFK-SFO,8:00 a.m.,8:29 a.m.,11:55 a.m.,11:58 a.m.
1862,1863,quicktrip,UA-3925-IAD-ORF,8:41 a.m.,  8:42 a.m. ,9:54 a.m.,9:43 a.m.
1863,1864,NA,AA-1733-ORD-PHX,7:45 p.m.,7:58 p.m.,10:30 p.m.,10:30 p.m.
1864,1865,quicktrip,AA4-344-ORD-DTW,11:45 a.m.,12:13 p..m.,2:00 p.m.,2:10 p.m.
1865,1866,quicktrip, ,6:30 p.m.,6:30 p.m.,7:25 p.m.,7:25 p.m.
1866,1867,N/A,UA-2830-MCO-CLT,3:27 p.m.,3:27 p.m.,5:05 p.m.,5:17 p.m.
1867,1868,N/A,CO-58-DEN-IAH,11:25 a.m.,11:32 a.m.,2:50 p.m.,3:31 p.m.
1868,1869,quikctrip,AA-204-LAX-MCO,11:25 p.m.,11:25 p.m.,6:55 a.m.,6:55 a.m.
1869,1870,quicktrip,UA-414-LAX-SFO,6:00 a.m.,5:56 a.m.,7:23 a.m.,7:17 a.m.
1870,1871,quicktrip,CO-1614-LAX-IAH,12:30 a.m.,12:41 a.m.,5:35 a.m.,5:2 a.m.
1871,1872,quicktrip,UA-2726-FLL-PHL,4:00p.m.,4:000 p.m.,6:46 p.m.,6:28 p.m.
1872,1873,,CO-52-IAH-LAX,77:35 a.m.,7:29 a.m.,:21 a.m.,9:14 a.m.
1873,1874,unknown,C-O1090-BOS-IAH,9:45 a.m.,10:19 a.m.,1:16 p.m.,1:19 .m.
1874,1875,quicktrip,AA-3468-CVG-MIA,7:00 a.m.,7:25 a.m.,9:55 a.m.,9:45 a.m.
1875,1876,quicktrip, ,8:15 a.m.,8:12 a.m.,10:06 .am.,9:56 a.m.
1876,1877,quicktrip,AA-484-DFW-MIA,4:15 p.m.,4:29 p.m.,7:55 p.m.,7:39 p.m.
1877,1878,quictkrip,A-616-DFW-DTW,9:05 a.m.,10:10 a.m.,12:35 p.m.,1:27 p.m.
1878,1879,quicktrip,CO-62-IAH-EWR,2:30 p.m.,2:48 p..m,7:03 p.m.,7:10 p.m.
1879,1880,quicktrip,CO-63-EWR-IAH,5:25 p.m.,5:22 p.m.,8:22 p.m.,8:03 p.m.
1880,1881,quicktrip,AA-446-DFW-phl,11:50 a.m.,12:12 p.m.,3:50 p.m.,4:09 p.m.
1881,1882,quicktrip,CO-1023-IAH-DEN,11:40 a.m.,11:56 a.m.,1:17 p.m.,1:14 p.m.
1882,1883,quicktrip,AA-466-IAH-MIA,6:00 a.m.,6:08 a.m.,9:220 a.m.,  9:05 a.m. 
1883,1884,quicktrip,UA-3050-PHX-CLT,11:05 a.m.,11:30 a.m.,4:57 p.m.,5:05 p.m.
1884,1885,NN/A,CO-89-IIAH-EWR,6:00 a.m.,6:02 a.m.,10:20 a.m.,10:27 a.m.
1885,1886,quicktrip,CO-1088-CLE-IAH,8:40 A.M.,8:40 a.m.,10:54 a.m.,10:56 a.m.
1886,1887,quicktrip,AA-2957-DFW-CVG,7:55 a.m.,  8:04 a.m. ,11:05 a.m.,11:01 a.m.
1887,1888,quicktrip,AA-1664-MIA-ATL,10:15 a.m.,10:18 a.m.,12:10 p.mm.,11:65 a.m.
1888,1889,quicktrip,AA-3979-CVG-ORD,7:30 a.m.,8:04 a.m.,  8:00 a.m. ,8:06 a.m.
1889,1890, ,AA-1279-DFW-PHX,1:00 p.m.,2:04 p.m.,  2:35 p.m. ,3:30 p.m.
1890,1891,quicktrip,AA-404-MIA-MCO,6:45 a.m.,6:57 a.m.,7:45 a.m.,7:40 a.m.
1891,1892,quicktrip,AA-3756-ORD-SLC,12:15 p.m.,12:41 p.m.,2:45 p.m.,2:50 p.m.
1892,1893,quicktrip, ,12:30 p.m.,12:35 .m.,  3:19 p.m. ,3:21 p.m.
1893,1894,quicktrip,UA-2945-PHL-CLT,12:00 a.m.,3:11 A.m.,1:45 pp.m.,1:15 p.m.
1894,1895,quicktrip,  unknown ,7:10 p.m.,8:25 p.m.,8:56 .pm.,  9:52 p.m. 
1895,1896,quicktrip,AA-271-MIAL-AX,11:35 aa.m.,11:52 a.m.,2:25 p.m.,2:27 p.m.
1896,1897,quicktrip,AA-2050-ORD-MIA,10:40 a.m.,  11:05 a.m. ,2:45 p.m.,2:46 p.m.
1897,1898,qiucktrip,UA-248-PHX-ORD,12:57 p.m.,1:32 p.m.,5:15 p.m.,5:34 p.m.
1898,1899,QUICKTrip,AA-4330-CVG-ORD,3:35 p.m.,3:36 .pm.,4:00 p.m.,3:33 p.m.
1899,1900,quicktrip,AA-1434-DFW-MCO,7:15 a.m.,7:21 a.m.,10:35 a.m.,10:36 a.m.
1900,1901,quicktrip,CO-1561-PHX-IAH,8:05 a.m.,8:00 a.m.,11:35 a.m.,11:32 a.m.
1901,1902,,AA-4307-ORD-DTW,6:45 pm..,6:55 p.m.,9:10 p.m.,8:53 p.m.
1902,1903,N/A,AA-3-JFK-LAX,12:00 p.m.,12:11 p.m.,3:15 p.m.,3:16 p.m.
1903,1904,quicktrip,CO-1694-LAX-IAH,7:15 p.m.,7:1 p.m.,12:21 a.m.,12:21 a.m.
1904,1905,quicktrip,NA,1:55 p.m.,2:10 p.m.,7:53 p.m.,7:58 p.m.
1905,1906,quicktrip,CO-1193-EWR-MCO,9:15 a.m.,9:14 a.m.,12:18 p.m.,12:09 p.m.
1906,1907,quicktrip,AA-3842-MSP-ORD,6:00 a.m.,6:6 a.m.,7:30 a.m.,  7:51 a.m. 
1907,1908,quicktrip,N/A,7:10 a.m.,7:30 a.m.,9:35 a.m.,9:31 a.m.
1908,1909,Na,AA-1007-MIA-PHX,4:55 p.m.,5:08 p.m.,8:05 p.m.,7:55 p..m
1909,1910,quicktrip,AA-2525-DFW-MIA,7:25 aa.m.,7:39 a.m.,11:10 a.m.,11:06 a.m.
1910,1911,unknown,UA-2906-PHL-MCO,3:50 p.m.,4:28 p.m.,6:23 p.m.,6:38 p.m.
1911,1912,quicktrip,UA-938-DEN-ORD,4:16 p.m.,4:15 p.m.,7:35 p.m.,7:36 p.m.
1912,1913,unknown,  AA-1221-MCO-ORD ,8:00 p.m.,8:23 p.m.,9:45 p.m.,9:53 p.m.
1913,1914,quicktrip,,10:25 a.m.,10:20 a.m.,6:44 p.m.,6:34 p.m.
1914,1915,,UA-2515-DFW-CLT,7:05 a.m.,7:05 a.m.,10:31 a.m.,10:47 a.m.
1915,1916,quicktrip,AA-400-DFW-JFK,10:40 a.m.,11:01 a.m.,2:59 p.m.,3:04 p.m.
1916,1917,quicktrip,UA-664-ORD-PHL,  1:33 p.m. ,1:31 p.m.,4:31 p..m,4:23 p.m.
1917,1918,quicktrip,UA-37-EWR-MCO,1:29 p.m.,1:48 p.m.,4:17 p.m.,4:17 p.m.
1918,1919,quicktrip,AA-1522-SFO-ORD,11:55 p.m.,11:55 p.m.,5:50 a.m.,5:50 a.m.
1919,1920,quicktrip,UA-233-LAX-JFK,4:25 p.m.,4:25 p.m.,12:29 a.m.,12:29 a.m.
1920,1921,quicktrip,AA-3823-LAX-DEN,9:00 p.m.,9:00 p.m.,12:15 a.m.,12:15 a.m.
1921,1922,quicktrip,AA-2312-DFW-DTW,8:25 p.m.,82:5 p.m.,11:50 p.m.,11:50 p.m.
1922,1923,quicktrip,UA-2314-ATL-PHL,2:55 p.m.,2:55 p.m.,5:00 p.m.,  4:47 p.m. 
1923,1924,quicktrip,AA-1165-JFK-MA,6:59 a.m.,7:22 a.m.,10:34 a.m.,10:04 a.m.
1924,1925,quicktrip,AA-431-MIA-SFO,8:35 a.m.,8:51 .am.,11:50 a.m.,11:44 a.m.
1925,1926,quicktrip,UA-257-JFK-SFO,2:30 p.m.,2:26 p.m.,6:15 p.m.,5:42 p.m.
1926,1927,quicktrip,,8:29 a.m.,8:26 a.m.,9:24 a.m.,9:13 a.m.
1927,1928,N/A,NA,2:53 p.m.,3:01 p.m.,4:48 p.m.,4:59 p.m.
1928,1929,quicktrip,UA-828-SFO-ORD,11:08 p.m.,  11:08 p.m. ,5:11 a.m.,  5:11 a.m. 
1929,1930,quicktrip,,5:30 p.m.,5:30 p.m.,6:40 p.m.,6:40 p.m.
1930,1931,quicktrip,UA-2704-DTW-PHX,11:15 a.m.,11:15 a.m.,1:40 p.m.,2:00 p.m.
1931,1932,quicktrip,AA-3063-SLC-LAX,8:20 p.m.,8:39 p.m.,9:20 p.m.,9:20 p.m.
1932,1933,quicktrip,  UA-2708-EWR-CLT ,2:55 p.m.,2:55 p.m.,4:53 p.m.,4:44 p.m.
1933,1934,quictrip,UA-62-IAH-EWR,2:30 p.m.,2:48 p.m.,7:3 p.m.,7:10 p.m.
1934,1935,quicktrip,AA-3804-PHL-ORD,2:35 p.m.,2:44 p.m.,4:05 p.m.,3:43 p.m.
1935,1936,quicktrip,AA-1917-JFK-MCO,2:55 p..m.,3:27 p.m.,5:55 p.m.,5:43 p.m.
1936,1937,quicktrip,AA-2268-PHX-ORD,7:15 a.m.,7:22 a.m.,11:35 a.m.,11:06 a.m.
1937,1938,quicktrip,AA-4277-CVG-JFK,12:10 p.m.,12:10 p.m.,2:15 p.m.,1:43 p.m.
1938,1939,quicktrip,AA-789-ORD-DEN,1:05 p.m.,1:19 p.m.,2:35 p.m.,  3:13 p.m. 
1939,1940,quicktrip,UA-854-SFO-IAH,7:53 a.m.,7:49 a.m.,1:39 p.m.,1:30 p.m.
1940,1941,quicktrip,unknown,8:35 a.m.,8:56 a.m.,  10:40 a.m. ,10:16 a.m.
1941,1942,quicktrip,AA-85-JFK-SFO,3:05 p.m.,3:36 p.m.,6:30 p.m.,6:43 p.m.
1942,1943,unknown,AA-3786-IAH-ORD,4:00 p.m.,4:12 p.m.,6:40 p.m.,  6:15 p.m. 
1943,1944,quicktrip,AA-222-LAX-BOS,7:10 a..m.,7:31 a.m.,3:30 p.m.,3:14 p.m.
1944,1945,quicktrip,CO-50-CLE-EWR,2:55 p.m.,3:31 p.m.,4:49 p.m.,5:26 p.m.
1945,1946,quicktrip,UA-3099-phx-phl,11:55 a.m.,11:55 a.m.,6:17 p.m.,5:38 p.m.
1946,1947,quicktrip,AAA-4198-ORD-CLE,10:40 a.m.,10:54 a.m.,12:55 p.m.,12:50 p.m.
1947,1948,quicktrip,CO-45-EWR-MIA,4:00 p.m.,3:58 p.m.,7:05 p.m.,6:36 p.m.
1948,1949,quickttrip,AA-3809-PHX-LAX,6:00 A.M.,6:10 a.m.,6:40 a.m.,6:19 .m.
1949,1950,quicktrip,AA-59-JFK-SOF,7:10 a.m.,7::39 a.m.,10:45 a.m.,11:12 a.m.
1950,1951,allegiantair,AA-3859-IAH-ORD,7:10 a.m.,7:16a.m.,9:40 a.m.,9:32 a.m.
1951,1952,allegiantair,CO-1586-IAH-MCO,7:00 p.m.,7:14 p.m.,10:15 p.m.,10:29 p.m.
1952,1953,allegiantair,AA-518-MIA-JFK,6:40 a.m.,6:54 a.m.,9:25 a.m.,9:28 a.m.
1953,1954,unknonw,UA-397-JFK-SFO,8:00 a.m.,8:29 a.m.,11:55 a.m.,11:58 a.m.
1954,1955,allegiantair,UA-3925-IAD-ORF,8:41 a.m.,8:42 am.,9:54 a.m.,9:43 a.m.
1955,1956,allegiantair,AA-1733-ORD-PHX,7:45 p.m.,7:58 p.m.,10:3 0p.m.,10:30 p.m.
1956,1957,allegiantair, ,12:00 p.m.,12:11 p.m.,3:15 p.m.,3:16 p.m.
1957,1958,allegiantair,UA-2830-MCO-CLT,33:27 p.m.,3:27 p.m.,5:05 p.m.,5:17 p.m.
1958,1959,ALLEGIANtair,CO-58-DEN-IAH,11:25 a.m.,11:32 a.m.,2:50 p.m.,3:31 p.m.
1959,1960,A,UA-5487-SFO-MRY,10:39 a.m.,10:33 a.m.,11:19 a.m.,11:21 a.m.
1960,1961,allegiantair,AA-204-LAX-MCO,11:25 p.m.,11:25 p.m.,  6:55 a.m. ,6:55 a.m.
1961,1962,allegiantair,UA-414-LLAX-SFO,6:00 a.m.,5:56 a.m.,7:23 a.m.,7:17 a.m.
1962,1963,allegiantair,CO-1614-LAX-IAH,12:30 a.m.,12:41 a.m.,5:35 a.m.,5:26 a.m.
1963,1964,allegiantair,,4:00 p.m.,4:00 p.m.,6:46 p.m.,6:28 p.m.
1964,1965,allegiantair,CO-52-IAH-LAX,7:35 a.m.,7:29 a.m.,9:21 a.m.,9:14 a.m.
1965,1966,allegiantair,CO-1090-BOS-IAH,9:45 a.m.,10:19 a.m.,1:16 p.m.,1:19 p.m.
1966,1967,allegiantair,NA,9:05 a.m.,10:10 a.m.,12:35 p.m.,1:27 p.m.
1967,1968,allegiantair,UA-3515-IAD-MSP,8:15 a.m.,8:12 a.m.,10:06 a.m.,9:56 a.m.
1968,1969,allegiantair,AA-3468-CVG-MIA,7:00 a.m.,7:25 aa.m.,9:55 a.m.,9:45 a.m.
1969,1970,allegiantair,AA-484-DFW-MIA,4:15 p.m.,4:29 p.m.,7:55 p.m.,7:39 p.m.
1970,1971,allegiantair,AA-1886-BOS-MIA,1:45 a.m.,10:55 a.m.,2:20  p.m.,1:40 p.m.
1971,1972,allegiantair,CO-62-IAH-EWR,2:30 p.m.,2:48 p.m.,7:03 p.m.,7:10 p.m.
1972,1973,  allegiantair ,CO-1561-PHX-IAH,8:05 a.m.,8:00 a.m.,11:35 a.m.,11:32 a.m.
1973,1974,allegiantair,UA-2314-ATL-PHL,2:55 p.m.,2:55 pp.m.,5:00 p.m.,4:47 p.m.
1974,1975,allegiantair,AA-446-DFW-PL,11:50 a.m.,12:12 p.m.,3:50 p.m.,:409 p.m.
1975,1976,allegiantair,CO-1023-IAH-DEN,11:40 a.m.,11:56 a.m.,1:17 p.m.,1:14 p.m.
1976,1977,N/A,AA-466-IAH-MIA,6::00 a.m.,6:08 a.m.,9:20 a.m.,9:05 a.m.
1977,1978,allegiantair,UA-3050-PHX-CLT,11:05 a.m.,11:30 am..,4:57 p.m.,5:05 p.m.
1978,1979,allegiantair,unknown,6:00 a.m.,66:02 a.m.,10:20 a.m.,10:27 a.m.
1979,1980,allegiantair,,8:40 a.m.,8:40 a.m.,10:54 a.m.,10:56 a.mm.
1980,1981,allegiantair,AA-1664-MIA-ATL,10:15 a.m.,10:18 a.m.,12:10 p.m.,11:56 a.m.
1981,1982,allegiantair,AA-1279-DFW-phx,1:00 p.m.,  2:04 p.m. ,2:35 p.m.,3:30 p.m.
1982,1983,allegiantaiir,UA-854-SFO-IAH,7:53 a.m.,7:49 a.m.,1:39 p.m.,1:30 p.m.
1983,1984,allegiantair,UA-382-IAD-LAX,12:30 p.m.,12:35 p.m.,3:19 p.m.,3:21 p.m.
1984,1985,,,11:45 a.m.,12:13 p.m.,2:00 p.m.,2:10 p.m.
1985,1986,allegiantair,UA-257-JFK-SFO,2:30 p.m.,2:26 p.m.,6:15 p.m.,5:42 p.m.
1986,1987,allegiantair,UA-2945-PHL-CLT,12::00 a.m.,3:11 a.m.,1:45 p.m.,1:15 p.m.
1987,1988,allegiantair, ,5:25 p.m.,5:22 p.m.,8:22 p.m.,8:03 p.m.
1988,1989,allegiantair,unknown,7:10 p.m.,8:25 p.m.,8:56 p.m.,9:52 p.m.
1989,1990,allegiantair,AA-2050-ORD-MIA,10:40 a.m.,11:05 a.m.,2:45 p.m.,2:46 p.m.
1990,1991,allegiantair,UA-248-PHX-ORD,12:57 p.m.,1:32 p.m.,5:15 p.m.,5:34 p.m.
1991,1992,,AA-4330-CVG-ORD,3:35 p.m.,3:36 P.M.,4:00 p.m.,3:33 p.m.
1992,1993,allegiantair,unknown,7:15 a.m.,7:21 a.m.,10:35 a.m.,10:36 a.m.
1993,1994,lalegiantair,unknown,63:0 p.m.,6:30 p.m.,7:25 p.m.,7:25 p.m.
1994,1995,allegiantair,AA-4307-ORD-DTW,6:45 p.m.,6:55 p.m.,9:10 p.m.,8:53 p.m.
1995,1996,allegiantair,CO-1694-LAX-IAH,7:15 p.m.,7:15 p.m.,12:21 a.m.,12:21 a.m.
1996,1997,allegiantair,unknown,1:55 p.m.,2:10 p.m.,7:53 p.m.,7:58 p.m.
1997,1998,  allegiantair ,CO-11193-EWR-MCO,9:15 a.m.,9:14 a.m.,12:18 p.m.,12:09 p.m.
1998,1999,allegiantair,,6:00 a.m.,6:56 a.m.,7:30 a.m.,7:51 a.m.
1999,2000,allegiantair,NA,7:10 a.m.,7:30 .am.,9:35 a.m.,9:31 a.m.
2000,2001,ALLegiantair,  AA-1007-MIA-PHX ,4:55 p.m.,5:08 p.m.,8:05 p.m.,755 p.m.
2001,2002,allegiantair,UA-2906-PHL-MCO,3:50 p.m.,4:2 p.m.,6:23 p.m.,6:38 p.m.
2002,2003,,UA-938-den-ord,4:16 p.m.,4:15 p.m.,7:35 p.m.,7:36 p.m.
2003,2004,allegiantair,AA-1221-MCO-ORD,8:00 p.m.,8:23 p.m.,9:45 p.m.,9:53 p.m.
2004,2005,allegiantair,CO-16-LAX-EWR,10:25 a.m.,10:20 a.m.,6:44 p.m.,6:34 p.m.
2005,2006,allegiantair,UA-2515-DFW-CLT,7:05 a.m.,7:05 a.m.,10:31 a.m.,10:47 aa.m.
2006,2007, ,AA-40-DFW-JFK,10:40 a.m.,1101 a.m.,2:59 p.m.,3:04 p.m.
2007,2008,allegiantair,,1:33 p.m.,1:31 p.m.,4:31 p.m.,4:23 p.m.
2008,2009,NA,AA-3756-ORD-SLC,12:15 p.m.,12:41 p.m.,2:45 p.m.,2:50 p.m.
2009,2010,allegiantair,UA-37-EWR-MCO,1:29 p.m.,1:48 p.m.,4:17 p.m.,4:17 p.m.
2010,2011,allegiantair,AA-1522-SFO-ORD,11:55 p.m.,11:55 p.m.,5:50 a.m.,5:50 a.m.
2011,2012,,UA-233-LAX-JFK,4:25 p.m.,4:25 pm.,12:29 a.m.,12:29 a.m.
2012,2013,NA,  AA-3823-LAX-DEN ,9:00 p.m.,9:00 p.m.,12:15 a.m.,12:15 a.m.
2013,2014,allegiantair,AA-2312-DFW-DTW,8:25 p.m.,8:25 p.m.,11:50 p.m.,11:50 p.m.
2014,2015, ,AA-165-JFK-MIA,6:59 a.m.,7:22 a.m.,10:34 a.m.,10:04 a.m.
2015,2016,,unknown,8:35 a.m.,8:51 a.m.,11:50 a.m.,11:44 a.m.
2016,2017,allegiantair,NA,8:29 a..,8:26 a.m.,9:24 a.m.,9:13 a.m.
2017,2018,,unknown,1:30 p.m.,1:30 p.m.,3:50 p.m.,3:50 p.m.
2018,2019,allegiantair,  CO-1250-MIA-IAH ,2:53 p.m.,3:01 p.m.,4:48 p.m.,4:59 p.m.
2019,2020,allegiantair,UA-6273-YYC-SFO,7:35 a.m.,7:27 a.m.,9:43 a.m.,8:45 a.m.
2020,2021,N/A, ,11:08 p.m.,11:08 p.m.,5:11 a.m.,5:11 A.m.
2021,2022,allegiantair,CO-4888-IAH-DAL,5:30  p.m.,5:30 p.m.,6:40 p.m.,6:40 p.m.
2022,2023,allegiantair,UA-858-PVG-SFO,1:45 p.m.,1:32 p.m.,8:27 a.m.,8:02 a.m.
2023,2024,,UA-2704-DTW-PHX,  11:15 a.m. ,11:15 a.m.,1:40 p.m.,2:00 p.m.
2024,2025,allegiantair,AA-3063-SLC-LAX,8:20 p.m.,8:39 p.m.,9:20 p.m.,9:20 p.m.
2025,2026,allegiantair, ,2:55 p.m.,2:55 p.m.,4:53 p.m.,4:44 p.m.
2026,2027,allegiantair, ,2:30 p.m.,2:48 p.m.,7:03 p.m.,7:10 p.m.
2027,2028,allegiantair,UA-1500I-AH-GUA,8:55 a.m.,9:16 a.m.,11:45 a.m.,11:56 a.m.
2028,2029,allegiantair,AA-3804-PHL-ORD,2:35 p.m.,2:44 p.m.,4:05 p.m.,3:43 p.m.
2029,2030,allegiantair,AA-1917-JFK-MCO,2:55 p.m.,3:27 p.m.,5:55 p.m.,5:43 p.m.
2030,2031,N/A,AA-2268-PHX-ORD,7:15 a.m.,7:22 a.m.,11:35 a.m.,11:06 a.m.
2031,2032,allegiantair,AA-4277-CVG-JFK,12:10 p.m.,12:10 p.m.,2:15 p.m.,1:43 p.m.
2032,2033,allegiantair,AA-2957-DFW-CVG,7:55 a.m.,8:04 a.m.,11:05 a.m.,11:01 a.m.
2033,2034,NA,UA-37-EDI-EWR,9:05 a.m.,8:52 a.m.,11:53 a.m.,12:09 p.m.
2034,2035,allegiantair,N/A,1:05 p.m.,1:19p .m.,2:35 p.m.,3:13 p.m.
2035,2036,allegiantair,AA-415-BOS-ORD,8:35 a.m.,8:56 a.m.,  10:40 a.m. ,10:6 a.m.
2036,2037,allegiantair,AA-85-JFK-SO,3:05 p.m.,3:36 p.m.,6:30 p.m.,6:43 p.m.
2037,2038,allegiantair,AAA-3979-CVG-ORD,7:30 a.m.,8:04 a.m.,88:00 a.m.,8:06 a.m.
2038,2039,N/A,AA-1544-SAN-ORD,  11:25 a.m. ,11::40 a.m.,5:25 p.m.,4:56 p.m.
2039,2040,allegiantair,AA-3786-IAH-ORD,4:00 p.mm.,4:12 p.m.,6:40 p.m.,6:15 p.m.
2040,2041,allegiantair,,11:35 a.m.,1:52 a.m.,2:25 p.m.,2:27 p.m.
2041,2042,allegiantair,AA-2525-DFW-MIA,7:25 a.m.,7:39 a.m.,11:10 a.m.,11:06 am..
2042,2043,Na,CO-50-CLE-EWR,2:55 p.m.,3:31 p.m.,4:49 p.m.,5:26 p.m.
2043,2044,,UA-3099-PHX-PHL,11:55 a.m.,11:55 a.m.,6:17 p.m.,5:38 p.m.
2044,2045,allegiantair,AA-4198-ord-cle,10:40 a.m.,10:54 a.m.,12:55 p.m.,21:50 p.m.
2045,2046,allegiantair,AA-404-MIA-MCO,6:45 a.m.,6:57 a.m.,7:45 a.m.,7:40 a.m.
2046,2047,allegiantair,NA,4:00 p.m.,3:58 p..m.,7:05 p.m.,6:36 p.m.
2047,2048,allegiantair,AA-3809-PHX-LAX,6:00 a.m.,6:10 a..,6:40 a.m.,6:19 a.m.
2048,2049,allegiantair,AA-59-JFKS-FO,7:10 a.m.,7:39 a.m.,10:45 a.m.,11:12 a.m.
2049,2050,allegiantair,AA-222-LAX-BOS,7:10 am..,7:31 a.m.,3:30 p..m,3:14 p.m.
2050,2051,businesstravellogue,AA-3859-IAH-ORD,7:10 a.m.,7:16 a.m.,9:40 a.m.,9:32 a.m.
2051,2052, ,CO-1586-IAH-MCO,7:00 p.m.,7:14 p.m.,10:15 pm.,10:29 p.m.
2052,2053,businesstravellogue,AA-518-MIA-JFK,6:40 a.m.,6:54 a.m.,9:25 a.m.,9:28 a.m.
2053,2054, ,UA-397-JFK-SFO,8:00 a.m.,8:29 a.m.,11:55 a.m.,11:58 a.m.
2054,2055,businesstravellogue, ,8:41 a.m.,8:42 a.m.,9:54 a.m.,9:43 a.m.
2055,2056,businesstravellogue,AA-1733--ORD-PHX,7:45 p.m.,7:58 p.m.,10:30 p.m.,10:30  p.m.
2056,2057,,N/A,12:00 p.m.,12:11 p.m.,3:15 p.m.,3:16 p.m.
2057,2058,businesstravellogue,unknown,3:27 p.m.,3:27 p.m.,5:05  p.m.,5:17 p.m.
2058,2059,businesstravellogue,CO-58-DEN-IAH,  11:25 a.m. ,11:32 a.m.,2:50 p.m.,3:331 p.m.
2059,2060,businesstravellogue,UA-5487-SFO-MRY,10:39 a.m.,10:33 a.m.,11:19 a.m.,11:21 a.m.
2060,2061,businesstravellogue,AA-204-LAX-MCO,11:25 p.m.,11:25 p.m.,6:55 a.m.,6:555 a.m.
2061,2062,businsstravellogue,UA-414-LAX-SFO,6:00 a.m.,5:56 a.m.,7:23 a.m.,7:17 a.m.
2062,2063,businesstravellogue,CO-1614-LAX-IHA,12:30 a.m.,12:41 a.m.,5:35 a.m.,:526 a.m.
2063,2064,businesstravellogue,UA-2726-FLL-PHL,4:00 p.m.,4:00 p.m.,6:46 p.m.,6:28 p.m.
2064,2065,businesstravellogue,CO-52-IAH-LAX,7:35 a.m.,7:29 a.m.,9:221 a.m.,9:14 a.m.
2065,2066,businesstravellogue,CO-1090-BOS-IAH,9:45 a.m.,10:19 a.m.,116 p.m.,1:19 p.m.
2066,2067,businesstravellogue,AA-616-DFW-DTW,9:05 a.m.,10:10 a.m.,12:35 p.m.,1:27 p.m.
2067,2068,businesstravellogue,UA-3515-IAD-MSP,8:15 a.m.,8:12 a.m.,10:06a.m.,9:56 a.m.
2068,2069,businesstravellogue,AA-3468-CVG-MIA,7:00 a.m.,  7:25 a.m. ,9:55 a.m.,9:45 a.m.
2069,2070,businesstravellogue,AA-484-DFW-MIA,4:15 p.m.,4:29 p.m.,7:55 p.m.,7:39 p.m.
2070,2071,businesstravellogue,AA-1886-BOS-MIA,10:45 a.m.,10:55a .m.,2:20 p.m.,1:40 p.m.
2071,2072,businesstravellogue,CO-62-IAH-EWR,2:30 p.m.,2:48 p.m.,7:03 p.m.,7:10 p.m.
2072,2073,businesstravellogue,CO-1561-PHX-IAH,8:05 a.m.,8:00 a.m.,11:35 a.m.,11:32 a.m.
2073,2074,businesstravellogue,UA-2314-ATL-PHL,2:55 p.m.,2:55 p.m.,5:00 p.m.,4:47 p.m.
2074,2075,businesstravellogue,,11:50 a.m.,12:12 p.m.,3:05 p.m.,4:09 p.m.
2075,2076,businesstravellogue,CO-1023-IAH-DEN,11:40 a.m.,11:56 a.m.,1:17 p.m.,1:14 p.m.
2076,2077,businesstravellogue,,6:00 .m.,6:08 a.m.,9:20 a.m.,9:05 a.m.
2077,2078,businesstravellogue, ,11:05 a.m.,11:30 a.m.,4:57 p.m.,5:05 p.m.
2078,2079,businesstravellogue,CO-89-IAH-EWR,6:00 a.m.,6:02 a.m.,10:20 a.m.,10:27 a.m.
2079,2080,businesstravellogue, ,8:40 a.m.,8:40 a.m.,10:54 a.m.,  10:56 a.m. 
2080,2081,businesstravellogue,AA-1664-MIA-ATL,10:15 a.m.,10:18 a.m.,12:10 p.m.,11:56 a.m.
2081,2082,businesstravellogue,AA-1279-DFW-PHX,1:00 p.m.,2:04 p.m.,2:35 p.m.,3:30 p.m.
2082,2083,businesstravellogue,UA-854-SFO-IAH,7:53 a.m.,7:49 a.m.,1:39 p.m.,1:30 p.m.
2083,2084,businesstravellogue,N/A,12:30 p.m.,12:35 p.m.,3:19 p.m.,3:21 p.m.
2084,2085, ,AA-4344-ORD-DTW,11:45 a.m.,12:13 p.m.,2:00 p.m.,2:10 p.m.
2085,2086,businesstravellogue,UA-257-JFK-SFO,  2:30 p.m. ,2:26 p.m.,6:15 p.m.,5:42 p.m.
2086,2087,busiensstravellogue,UA-2945-PHL-CLT,12:00 a.m.,3:11 a.m.,1:45 p.m.,1:15 p.m.
2087,2088,businesstravellogue,CO-63-EWR-IAH,5:25 p.m.,5:22 p.m.,8:22 p.m.,8:03 p.m.
2088,2089,businesstravellogue,unknown,7:10 p.m.,8:25 p.m.,8:56 p.m.,9:52 p.m.
2089,2090,businesstravellogue,AA-2050-ORD-MIA,10:40 a.m.,11:05 a.m.,2:45 p.m.,2:46 p.m.
2090,2091,businesstravelloue,UA-248-PHX-ORD,12:57 p.m.,1:32 pm..,5:15 p.m.,5:34 p.m.
2091,2092,businesstravellogue,AA-4330-CVG-ORD,3:35 p.m.,3:36 p.m.,4:00 p..m.,3:33 p.m.
2092,2093,N/A,AA-1434-DFW-MCO,7:15 a.m.,7:21 a.m.,10:35 a.m.,10:36 a.m.
2093,2094,businesstravellogue, ,  6:30 p.m. ,6:30 p.m.,7:25 p.m.,7:25 p.m.
2094,2095,businesstravellogue,AA-4307-ORD-DTW,6:45 p.m.,6:55 p.m.,9:0 p.m.,8:53 p.m.
2095,2096,businesstravellogue,  CO-1694-LAX-IAH ,7:15 p.mm.,7:15 p.m.,12:21 a.m.,1:221 a.m.
2096,2097,businesstravellogue,UA-483-LAX-ORD,1:55 p.m.,2:10 p.m.,7:53 p.m.,7:58 p.m.
2097,2098,businesstravellogue,COO-1193-EWR-MCO,9:15 a.m.,9:14 a.m.,12:18 p.m.,12:09 p.m.
2098,2099,businesstravellogue,NA,6:00 a.m.,6:56 a.m.,7:30 a.m.,7:51 a.m.
2099,2100,  unknown ,,7:10 a.m.,7:30 a.m.,9:35 a.m.,9:31 a.m.
2100,2101,busiensstravellogue,AA-1007-MIA-PHX,4:55 p.m.,5:08 p.m.,8:05 P.M.,7:55 p..
2101,2102,businesstravelllogue,Ua-2906-phl-mco,3:50 p.m.,4:28 p.m.,6:23 p.m.,6:38 p.m.
2102,2103,busnesstravellogue,UA-938-DEN-ORD,4:16 p.m.,4:15 p.m.,7:35 p.m.,7:36 p.m.
2103,2104,businesstravellogue,AA-1221-MCO-ORD,8:00 p.m.,8:23 p.m.,9:45 p.m.,9:53 p.m.
2104,2105,,CO-16-LAX-EWR,10:25 a.m.,10:20 a.m.,6:44 p.m.,6:34 p.m.
2105,2106,N/A,,7:05 a.m.,7:05 a.m.,10::31 a.m.,10:47 a.m.
2106,2107,businesstravellogue,AA-400-DFW-JFK,10:40 a.m.,11:01 a..m,2:59 p.m.,3:04 p..
2107,2108,businesstravellogue,UA-664-ORD-PHL,1:33 p.m.,  1:31 p.m. ,4:31 p.m.,4:23 p.m.
2108,2109,businesstravellgue,AA-3756-ORD-SLC,12:15 p.m.,12:41 p.m.,2:45 p.m.,2:50 P.m.
2109,2110,businesstravellogue,UA-37-EWR-MCO,1:29 p.m.,1:48 p.m.,4:17 p.m.,4:17 p.m.
2110,2111,businesstravellogue,,11:55 p.m.,11:55 p.m.,5:50 a.m.,5:50 a.m.
2111,2112,businesstravellogue,NA,4:25 pm.,4:25  p.m.,12:29 a.m.,12:29 a.m.
2112,2113,BUSINESSTRAVellogue,AA-3823-LAX-DEN,9:00 p.m.,9:00 p.m.,12:15 a.m.,12:15 a.m.
2113,2114,,AA-2312-DFW-DTW,8:25 p.m.,8:25 p.m.,11:50 p.m.,11:50 p.m.
2114,2115,businesstravellogue,AA-1165-JFK-MIA,6:59 a.m.,7:22 a.m.,10:34 a.m.,10:04 a.m.
2115,2116,businesstravellogue,AA-431-MIA-SFO,8:35 a.m.,8:51 a.m.,11:50 a.m.,11:44 a.m.
2116,2117,businesstravellogue,  UA-3373-IAD-PHL ,8:29 a.m.,8:26 a.m.,9:24 a..m,9:13 a.m.
2117,2118,businesstravellogue,NA,1:30 p.m.,1:30 p.mm.,3:50 p.m.,  3:50 p.m. 
2118,2119,businesstarvellogue,CO-1250-MIAIAH,2:53 p.m.,3:01 p.m.,4:48 p.m.,4:59 p.m.
2119,2120, ,UA-6273-YYC-SFO,7:35 a.m.,7:27 A.m.,9:43 a.m.,8:45 a.m.
2120,2121,businesstravellogue,UA-828-SFO-ORD,110:8 p.m.,11:08 p.m.,5:11 a.m.,5:11 a.m.
2121,2122,businesstravellogue,CO-4888-IAH-DAL,5:30 p.m.,5:30 p.m.,6:40 p.m.,6:40 p.m.
2122,2123,businesstravellogue,UA-858-PVG-SFO,1:45 p.m.,1:32 p.m.,8:27 a.m.,8:02 a.m.
2123,2124,businesstravellogue,UA-2704-DTW-PHX,11:15 a.m.,11:15 a.m.,1:40 p.m.,2:00 p.m.
2124,2125,businesstravellogue,AA-3063-SLC-LAX,8:20 p.m.,8:39 p.m.,9:20 p.m.,:20 p.m.
2125,2126,  businesstravellogue ,UA-2708-EWR-CLT,2:55 p.m.,2:55 p.m.,4:53 p.m.,4:44 p.m.
2126,2127,businesstravellogue,UA-62-IAH-EWR,2:30 p.m.,2:48 p.m.,7:03 p.m.,7:10 p.m.
2127,2128,businesstravellogue, ,8:55 a.m.,9:16 a..m.,11:45 a.m.,11:56 a.m.
2128,2129,businesstravellogue,AA-3804-PHL-ORD,2:35 p.m.,2:44 p.m.,4:05 p.m.,3:43 p.m.
2129,2130,businesstravellogue,AA-1917-JFK-MCO,2:55 p.m.,3:27 p.m.,5:55 p.m.,5:43 p.m.
2130,2131,businesstravellogue,AA-2268-PHX-ORD,7:15 .m.,7:22 a.m.,11:53 a.m.,11:06 a.m.
2131,2132,businesstravellogue,AA-4277-CVG-JFK,12:10 p.m.,12:10 p.m.,2::15 p.m.,1:43 p.m.
2132,2133,businesstravellogue,AA-2957-DFW-CVG,7:55 a.m.,8:04 a.m.,1105 a.m.,1:101 a.m.
2133,2134,businesstravellogue,UA-37-EDI-EWR,9:50 a.m.,8:5 2a.m.,11:53 a.m.,12:09 p.m.
2134,2135,businesstravellogue,AA-789-ORD-DEN,1:05 p.m.,1:19 p.m.,2:35 p.m.,3:13 p.m.
2135,2136,,AA-415-BOS-ORD,8:35 a.m.,8:56 a.m.,10:40 a.m.,10:16 a.m.
2136,2137,BUSINESSTRAVellogue,AA-85-JFK-SFO,3:05 p.m.,3:36 p.m.,6:30 p.m.,6:43 p.m.
2137,2138,unknown,AA-3979-CVG-ORD,7:30 A.M.,8:04 a.m.,8:00 a.m.,8:06 a.m.
2138,2139,,  AA-1544-SAN-ORD ,11:25 a.m.,11:40 a.m.,5:25 p.m.,4:56 p.m.
2139,2140,businesstravellogue,AA-3786-IAH-ORD,:400 p.m.,4:12 p.m.,6:40 p.m.,6:15 p.m.
2140,2141,bsinesstravellogue,AA-271-MIA-LAX,11:35 a.m.,11:52 a.m.,2:25 p.m.,2:27 p.m.
2141,2142,businesstravellogue,,7:25 a.m.,7:39 a.m.,11:10 a.m.,11:06 a.m.
2142,2143,businesstravellogue,CO-50-CLE-EWR,2:55 p.m.,3:31 p.m.,4:49 p.m.,5:26 .m.
2143,2144,nknown,UA-3099-PHX-PHL,11:55 a.m.,111:55 a.m.,6:17 p.m.,  5:38 p.m. 
2144,2145,businesstravellogue,AA-4198-ORD-CLE,10:40 a.m.,10:54 a.m.,12:55 p.m.,  12:50 p.m. 
2145,2146,businesstravellogue,AA-404-MIA-MCO,6:45 a.m.,6:57 a.m.,7:45 a.m.,7:40 a.m.
2146,2147,businesstravellogue,CO-45-EWR-MIA,4:000 p.m.,3:58 p.m.,7:05 p.m.,6:36 p.m.
2147,2148,businesstravellogue,AA-3809-PHX-LAX,6:00a.m.,6:10 a.m.,6:40 a.m.,6:19 a.m.
2148,2149,  businesstravellogue ,,7:10 a.m.,7:39 a.m.,10:45 a.m.,11:12 a.m.
2149,2150,businesstravellogue,AA-222-LAX-BOS,7:10 a.m.,7:31 a.m.,3:30 p.m.,3::14 p.m.
2150,2151,den,CO-58-DEN-IIAH,11:25 a.m.,11:32 a.m.,2:50 p.m.,3:31 p.m.
2151,2152,den,CO-1023-IAH-DEN,11:40 a.m.,11:56 a.m.,1:17 p.m.,1:14 p.m.
2152,2153,den,AA-3823-LAX-DEN,9:00 p.m.,  9:00 p.m. ,12:15 a.m.,12:15 a.m.
2153,2154,,UA-938-DEN-ORD,4:16 p.m.,4:15 p.m.,7:35 p.m.,7:36 p.m.
2154,2155,den,  AA-789-ORD-DEN ,1:05 p.m.,1:19 p.m.,2:35 p.m.,3:13 p.m.
2155,2156,,AA-3859-IAH-ORD,7:10 a.m.,7:16 a.m.,9:40 a.m.,9:32 a..
2156,2157,gofox,CO-1586-IAH-MCO,7:00 p.m.,7:14 p.m.,10:15 p.m.,10:29 p.m.
2157,2158,gofox,AA-518-MIA-JFK,6:40a.m.,6:54 a.m.,9:25 a.m.,9:28 a.m.
2158,2159,unknown,UA-397-JFK-SFO,  8:00 a.m. ,8:29 a.m.,11:55 A.m.,11:58 a.m.
2159,2160,  gofox ,unknown,8:41 a.m.,8:42 a.m.,9:54 a.m.,9:43 a.m.
2160,2161,gofox,NA,7:45 p.m.,7:58 p.m.,10:30 p.m.,10:30 p.m.
2161,2162,gofox,AA-3-JFK-LAX,12:00 .m.,12:11 p.m.,3:15 p.m.,3:16 p.m.
2162,2163,gofox, ,3:27 p.m.,3:27 p.m.,5:05 p.m.,5:17 p.m.
2163,2164,gofox,CO-58-DEN-IAH,11::25 a.m.,11:32 a.m.,2:50 p.m.,3:31 p.m.
2164,2165,A,UA-5487-SFO-MRY,10:399 a.m.,10:33 a.m.,11:19 a.m.,11:21 a.m.
2165,2166,gofox,,11:25 p.m.,11:25 p.m.,6:55 a.m.,6:55 a.m.
2166,2167,gofox,UA-414-LAX-SFO,6:00 a.m.,5:56 a.m.,7:23 a.m.,7:17 a.m.
2167,2168,gofox,CO-1614-LAX-IAH,12:30 a.m.,12:41 a.m.,5:35 a.m.,5:26 a.m.
2168,2169,gofox,UA-2726-FLL-PHL,4:00 p.m.,  4:00 p.m. ,6:46 p..m,6:28 .m.
2169,2170, ,CO-52--IAH-LAX,7:35 a.m.,7:29 a.m.,9:21 a.m.,9:14 a.m.
2170,2171,,CO-1090-BOS-IAH,9:45 a.m.,10:19a .m.,1:16 p.m.,1:19 p.m.
2171,2172,N/A,AA-616-DFW-DTW,9:05 a.m.,10:10 a.m.,12:35 p.m.,1:27 p.m.
2172,2173,gofox,UA-3515-IAD-MSP,8:15 a.m.,8:12 a.m.,10:06 a.m.,9:56 A.M.
2173,2174,  gofox ,AA-3468-CVG-MIA,7:00 a.m.,7:25 a.m.,9:55 a.m.,9:45 a.m.
2174,2175,gofox,AA-484-DFW-MIA,4:15  p.m.,4:29 p.m.,77:55 p.m.,7:39 p.m.
2175,2176,gfox,AA-1886-BOS-MIA,10:45 a.m.,10:55 a.m.,  2:20 p.m. ,1:40 P.M.
2176,2177,NA,unknown,2:30 p.m.,2:48 p.m.,7:03 p.m.,7:10 p.m.
2177,2178,gofox,N/A,8:05 a.m.,8:00 a.m.,11:35 a.m.,11:32 a.m.
2178,2179,gofox,N/A,2:55 p.m.,2:55 p.m.,5:00 p.m.,  4:47 p.m. 
2179,2180,gofox,AA-446-DFW-PHL,11:50 a.m.,12:12 p.m.,3:50 p.m.,4:09 p.m.
2180,2181,gofox,CO-103-IAH-DEN,11:40 a.m.,11:56 a.m.,1::17 p.m.,1:14 p.m.
2181,2182,gofox,AA-466-IAH-MIA,6:00 a.m.,6:08 a.m.,9:20 a.m.,9:05 a.m.
2182,2183,gofox,unknown,11:05 a.m.,11:30 a.m.,4:57 p.m.,5:05 p.m.
2183,2184,gofxo,CO-89-IAH-EWR,6:00 a.m.,6:02 a.m.,10:20 a.m.,10:27 a.m.
2184,2185,gofox,CO-1088-CLE-Iah,8:40 a.m.,8:40 a.m.,10:54 a.m.,10:56 a.m.
2185,2186,gofox,AA-1664-MIA-ATL,10:15 a.m.,10:18 a.m.,121:0 p.m.,11:56 a.m.
2186,2187,NA,AA-1279-DFW-PHX,1:00 p.m.,2:04 p.m.,2:35 p.m.,3:30 p.m.
2187,2188,gofox,UA-854-SFO-IAH,7:53 a.m.,7:49 a.m.,1:39 p.m.,1:30 p.m.
2188,2189, ,UA-382-IAD-LAX,12:30 p.m.,12:35 p.m.,3:19 pp.m.,3:21 p.m.
2189,2190,gofox,AA-4344-ORD-DTW,11:45 a.m.,12:13 p.m.,2:00 p.m.,:10 p.m.
2190,2191,gofox,UA-257-JFK-SFO,:30 p.m.,2:26 p.m.,6:15 p.m.,5:42 p.m.
2191,2192,GOFOx,UA-2945-PHL-CLT,12:00 a.m.,3:11 a.m.,1:45 p.m.,1:15 p.m.
2192,2193,gofox,CO-63-EWR-IAH,5:25 p.m.,5:22 p.m.,8:22 p.m.,8:03 p.m.
2193,2194,ogfox,,7:10 p.m.,8:25 p.m.,8:56 p.mm.,9:52 p.m.
2194,2195,  gofox ,AA-2050-ORD-MIA,10:40 a.m.,11:05 a.m.,2:45 p.m.,2:46 p.m.
2195,2196,gofox,UA-248-PHX-ORD,12:57 p.m.,1:332 p.m.,5:15 p.m.,55:34 p.m.
2196,2197,gofox,AA-4330-CVG-ORD,3:3 5p.m.,3:36 p..m,4:00 p.m.,3:33 p.m.
2197,2198,gofox,unknown,7:15 a.m.,7:21 a.m.,10:35 a.m.,10:36 a.m.
2198,2199,goofox,,6:30 p.m.,6:30 p.m.,7:25 p.m.,7:25 p.m.
2199,2200,gofox,AA-4307-ORD-DTW,6:45 p.m.,6:55 p.m.,9:10 p.m.,8:53 p.m.
2200,2201,unknown,unknown,7:15 p.m.,7:15 p.m.,12:21 a.m.,12:21 a.m.
2201,2202,gofox,UA-843-LAX-ORD,1:55 p.m.,2:10 p.m.,7:53 p.m.,7:8 p.m.
2202,2203,  gofox ,CO-1193-EWR-MCO,9:15 a.m.,9:14 a.m.,12:18 p.m.,12:09 p.m.
2203,2204,gofox, ,6:00 a.m.,6:56 a.m.,7:3 0a.m.,7:51 a..
2204,2205,gofox,AA-643-MIA-ORD,7:10 a.m.,7:30 a.m.,  9:35 a.m. ,9:31 a.m.
2205,2206,gofox,AA-1007-MIA-PHX,4:55 p.m.,5:08p .m.,8:05 p.m.,7:55 p.m.
2206,2207,gofox,UA-2906-PHL-MCO,3:50 p..m.,4:28 p.m.,6:23 .m.,6:38 p.m.
2207,2208,gofox,N/A,4:16 p.m.,4:15 p.m.,7:35 p.m.,7:36 p.m.
2208,2209,gofox,AA-1221-MCO-ORD,8:00 p.m.,8:23 p.m.,9:45 p.m.,9:53 p.m.
2209,2210,gofox,CO-16-LAX-EWR,10:25 a.m.,10:20 a.m.,6:44 p.m.,6:34 p.m.
2210,2211,gofox,UA-2515-DFW-CLT,7:05 a.m.,7:05 a.m.,10:31 a.m.,10:47 a.m.
2211,2212,gofox,,10:40 a.m.,11:01 a.m.,2:59 p.m.,3:04 p.m.
2212,2213, ,UA-664-ORD-PHL,1:33 p.m.,1:31 p.m.,4:31 p.m.,4:23 p.m.
2213,2214,gofox,NA,12:15 p.m.,12:41 p.m.,2:45 p.m.,2:50 p.m.
2214,2215,gofox,UA-37-EWR-MCO,  1:29 p.m. ,1:48 p.m.,4:17 p.m.,4:17 p.m.
2215,2216,gofox,AA-122-SFO-ORD,11:55 p.m.,11:55 p.m.,5:50 a.m.,5:50 a.m.
2216,2217,,,4:25 p..m.,4:25 p.m.,12:29 a.m.,12:29 A.m.
2217,2218, ,AA-3823-LAX-DEN,9:0 0p.m.,9:00 P.m.,12:15 a.m.,12:15 a.m.
2218,2219,,,8:25 p.m.,8:25 p.m.,11:50 p.m.,11:50 p.m.
2219,2220,NA,  AA-1165-JFK-MIA ,6:59 a.m.,7:22 a.m.,10:34 a.m.,10:04 a.m.
2220,2221,gofox,AA-431-MIA-SFO,8:35 a.m.,8:51 a.m.,11:50 a.m.,11:44 a.m.
2221,2222,gofox,UA-3373-IAD-HL,8:29 a.m.,8:26 a.m.,9:24 a.m.,9:13 a.m.
2222,2223,gofox,,1:30 p.m.,1:30 p.m.,3:50 p.m.,3:50 p.m.
2223,2224,gofox,CO-1250-MIA-IAH,2:53 .pm.,3:01 p.m.,4:48 p.m.,4:59 p.m.
2224,2225,gofox,UA-6273-YYC-SFO,:735 a.m.,7:27 a.m.,9:43 a.m.,8:45 a.m.
2225,2226,gofxo,AU-828-SFO-ORD,11:08 p.m.,11:08 p.m.,5:11 a.m.,5:1 1a.m.
2226,2227,gofox,CO-4888-IAH-DAL,5:30 p.m.,5:30 p.m.,6:40 p.m.,6:40 p.m.
2227,2228,gofox,unknown,1:45 p.m.,1:32 p.m.,8:27 a..m,8:02 a.m.
2228,2229,N/A,UA-2704-DTW-PHX,11:15 a.m.,11:15 a.m.,1:40 p.m.,  2:00 p.m. 
2229,2230,gofox,AA-3063SLC-LAX,8:20 p.m.,8:39 p.m.,9:20 p.m.,9:20 p.m.
2230,2231,gofox,,2:55 p.m.,2:55 p.m.,4:53 p.m.,4:444 p.m.
2231,2232,gofox,UA-62-IAH-EWR,2:30 pp.m.,2:48 p.m.,7:03 p.m.,7:10 p.m.
2232,2233,gofox,UA-1500-IAH-GUA,8:55 a.m.,9:16 a.m.,  11:45 a.m. ,11:56 a.m.
2233,2234,gofox,AA-3804-PHL-ORD,2:35 p.m.,2:44 p.m.,4:05 p.m.,  3:43 p.m. 
2234,2235,gofox,NA/,2:55 p.m.,3:27 p.m.,5:55 p.m.,5:43 p.m.
2235,2236,gofox,AA-2268-PHX-ORD,7:155 a.m.,7:22 a.m.,11:35 a.m.,11:06 a.m.
2236,2237,gofox,AA-4277-CVG-JFK,12:10 p.m.,12:10 p.m.,2:15 p.m.,1:43 p.m.
2237,2238,  gofox ,AA-2957-DFW-CVG,7:55 a.m.,8:04 a.m.,11:05 a.m.,11:01 a.m.
2238,2239,,UA-37-EDI-EWR,9:05 a.m.,8:52 a.m.,11:53 a.m.,12:09 p.m.
2239,2240, ,AA-789-ORD-DEN,1:05 p.m.,1:19 p.m.,2:35 p.m.,3:13 p.m.
2240,2241,N/A,AA-4415-BOS-ORD,8:35 a.m.,8:56 a.m.,0:40 a.m.,10:1 6a.m.
2241,2242,gofox,AA-85-JFK-SFO,3:05 p.m.,3:36 p.m.,6:30 p.m.,6:43 p.m.
2242,2243,gofox,AA-3979-CVG-ORD,7:3 a.m.,8:04 a.m.,8:00 a.m.,8:06 a.m.
2243,2244,gofox,AA-1544-SAN-ORD,11:25 a.m.,11:40 a..m.,5:25 p.m.,4:56 p.m.
2244,2245,unknown,AA-3786-IAH-ORD,4:00 p.m.,4:12 p.m.,6:40 p.m.,6:15 p.m.
2245,2246,gofox,AA-271-MIA-LAX,11:35 a.m.,1:52 a.m.,2:25 p.m.,2:27 p.m.
2246,2247,AN,AA-2525-DFW-MIA,7:25 a.m.,7:39 a.m.,11:10 a.m.,11:06 a.m.
2247,2248,gofx,CO-50-CLE-EWR,2:55 p.m.,3:31 p.m.,4:49 p.m.,5:26 p.m.
2248,2249,gofox,,11:55 a.m.,11:55 a.m.,6:17 p.m.,5:38 p.m.
2249,2250,gofox,AA-4198-ORD-CLE,10:40 a.m.,10:54 a.m.,12:55p.m.,12:50 p.m.
2250,2251,gofox,AA-404-MIA-MCO,6:45 a.m.,6:57 a.m.,7:45 a.m.,7:40 a.m.
2251,2252,gofox, ,4:00 p.m.,3:58 p.m.,7:05 p.m.,6:36 p.m.
2252,2253,gofox,AA-3809-PHX-LAX,6:00 a.m.,6:10 a.m.,  6:40 a.m. ,6:19 a.m.
2253,2254,gofox,AA-59-JFK-SFO,7:10 a.m.,7:39 a.m.,10:45 a.m.,11:12 a.m.
2254,2255,gofox,AA-222-LAX-BOS,7:10 a.m.,:31 a.m.,3:30 p.m.,3:14 p.m.
2255,2256,flightaware,AA-3859-IAH-ORD,7:10 a.m.,7:16 A.M.,9:40 a.m.,  9:32 a.m. 
2256,2257,flightaware,N/A,6:40 a.m.,6:54 a.m.,9:25 a.m.,9:28 a.m.
2257,2258,flightaware,CO-1586-IAH-MCO,7:00 p..,7:14 p.m.,10:15 p.m.,10:29 p.m.
2258,2259,,UA-3925-IAD-ORF,8:41 a.m.,8:42 a.m.,9:54 a.m.,9:43 a.m.
2259,2260,flightaware,AA-1733-ORD-PHX,7:45 p.m.,7:58 p.m.,10:30 p.m.,10:30 p.m.
2260,2261,flightaware,AA-204-LAX-MCO,11:25 p.m.,11:25 p.m.,:55 a.m.,6:55 a.m.
2261,2262,flightaware,UA-2726-FLL-PHL,4:00 p.m.,4:00 p.m.,6:46 p.m.,6:28 p.m.
2262,2263,flightaware,CO-52-IAH-LAX,7:35 a.m.,7:29 a.m.,9:21 a.m.,:914 a.m.
2263,2264,flgihtaware,AA-3468-CVG-MIA,7:00 a.m.,7:25a .m.,  9:55 a.m. ,9:45 a.m.
2264,2265,flightaware,AA-484-DFW-MIA,4:15 p.m.,4:29 p.m.,7:55 p.m.,7:39 p.m.
2265,2266,flightaware,AA-616-DFW-DTW,9:05 a.m.,10:10 a.m.,12:35 p.m.,1:27 p.m.
2266,2267,flightaware,unknown,11:50 a.m.,12:12 p.m.,3:50 p.m.,4:09 p.m.
2267,2268,flightaware,NA,11:40 a.m.,11:56 a.m.,  1:17 p.m. ,1:14 p.m.
2268,2269,flightaware,AA-466-IAH-MIA,6:00 a.m.,6:08 a.m.,9:20 a.m.,9:05 a.m.
2269,2270,flightaware,unknown,11:05 a.m.,11:30 a.m.,4:57 p.m.,5:05 p.m.
2270,2271,flightaware,AA-2957-DFW-CVG,  7:55 a.m. ,8:04 a.m.,11:05 .am.,11:01 a.m.
2271,2272,flightaware,AA-1664-MIA-ATL,10:15 a.m.,10:18 a.m.,12:10 p.m.,11:56 a.m.
2272,2273,flightaware,AA-3979-CVG-ORD,7:30 a.m.,:04 a.m.,8:00 a.m.,88:06 a.m.
2273,2274,flightaware,AA-1279-DFW-PHX,1:00 p..,2:04 p.m.,2:35 p.m.,3:30 p.m.
2274,2275,flightaware,AA-404-MIA-MCO,6:45 a.m.,6:57 a.m.,7:45 a.m.,7:40 a.m.
2275,2276,flighttaware,AA-3756-ORD-SLC,12:15 p.m.,12:1 p.m.,  2:45 p.m. ,2:50 p.m.
2276,2277,flightaware,UA-382-IAD-LAX,12:30 p.m.,12:35 p.m.,3:19 p.m.,3:21 p.m.
2277,2278,,UA-257-JFK-SFO,2:30  p.m.,2:26 p.m.,6:15 p.m.,5:42 p.m.
2278,2279,flightaare,UA2945-PHL-CLT,12:00 a.m.,3:11 a.m.,1:45 p.m.,1:15 p.m.
2279,2280,unknown,CO-63-EWR-IAH,5:25 p.m.,5:22 p.m.,8:22 p.m.,8:03 p.m.
2280,2281,flightawre,AA-2525-DFW-MIA,7:25 a.m.,7:39 a.m.,11:10 a.m.,  11:06 a.m. 
2281,2282,flightaware,CO-47-IAH-LAX,7:10 p.m.,8:25 p.m.,8:56 p.m.,9:522 p.m.
2282,2283, ,AA-271-MIA-LAX,11:35 a.m.,11:52 a.m.,2:25 p.m.,2:27 p.m.
2283,2284,flightaware,AA-2050-ORD-MIA,10:40 a.m.,11:05 a.m.,2:45 p.m.,2:46 p.m.
2284,2285,flightaware,AA-4330-CVG-ORD,3:35 p.m.,3:36 p.m.,4:00 p.m.,3:33 p..m
2285,2286,flightaware,AA-1434-DFW-MCO,7:15 a.m.,7:21 a.m.,10:35 a.m.,10:36 a.m.
2286,2287,flightaware,AA-1640-MIA-MCO,6:30 p.m.,6:30 p.m.,7:25 p.m.,7:25 p.mm.
2287,2288,N/A,AA-4307--ORD-DTW,6:45 p.m.,6:55 p.m.,9:10 p.m.,8:53 p.m.
2288,2289,flightaware,AA-3-JFK-LAX,12:00 p.m.,12:11 p.m.,3:15 p.m.,3:16 p.m.
2289,2290,flightaware,CO-1694-LAX-IAH,7:15 p.m.,7:15 p.m.,12:21  a.m.,12:21 a.m.
2290,2291,NA, ,9:15 a.m.,9:14a .m.,12:18 p.m.,12:09 p.m.
2291,2292,flightaware,  AA-3842-MSP-ORD ,6:00 a.m.,6:56 a.m.,7:30 a.m.,7:51 a.m.
2292,2293,flightaware,AA-643-MIA-ORD,7:10 a.m.,7:30 a.m.,9:35 a.m.,9:31 a.m.
2293,2294,fflightaware,AA-1007-MIA-PHX,4:55 p.m.,5:08p.m.,8:50 p.m.,7:55 p.m.
2294,2295,flightaware,UA-2906-PHL-MCO,3:50 p.m.,4:28 p.m.,6:23 p.m.,6:38 p.m.
2295,2296,NN/A,AA-1221-MCO-ORD,8:00 p.m.,8:23 p.mm.,9:45 p.m.,9:53 p.m.
2296,2297,flightaware,AA-400-DFW-JFK,10:40 a.m.,11:01 a.m.,2:59 p.m.,3:04 p.m.
2297,2298,N/A,UA-664-ORD-PHL,1:33 p.m.,1:31 p.m.,4:31 p.m.,4:23 p.m.
2298,2299,flightaware,UA-37-EWR-MCO,1:29 p.m.,  1:48 p.m. ,4:17 p..m,4:17 p.m.
2299,2300,flightaware,UA-233-LAX-JFK,4:25 p.m.,4::25 p.m.,12:29 a.m.,12:29 a.m.
2300,2301,flightaware,AA-3823-LAX-DEN,9:00 p.m.,9:00 p.m.,12:15 a.m.,12:15 a.m.
2301,2302,flightaware,,8:25 p.m.,8:25 p.m.,11:50 p..m,11:50 p.m.
2302,2303,flightaware,,6:59 a.m.,7:22 a.m.,10:34 a.m.,10:04 a.m.
2303,2304,flightaware,AA-431-MIA-SFO,8:35 a.m.,8:51 a.m.,11:50 a.m.,11:44 a.m.
2304,2305,,AA-649-ORD-SNA,1:30 p.m.,1:30 p.m.,3:50 p.m.,  3:50 p.m. 
2305,2306,flightaware,UA-828-SFO-ORD,  11:08 p.m. ,11:08 p.m.,5:11 a.m.,5:11 a.m.
2306,2307,flightaware,CO-4888-IAH-DAL,5:30 p.m.,5:30 p.m.,6:40 p.m.,6:40 p.m.
2307,2308,flightaware,AA-3063-SLC-LAX,8:20 pm..,8:39 p.m.,9:20 p.m.,9:20 p.m.
2308,2309,flightaware,AA-3804-PHL-ORD,2:35 p.m.,2:44 p.m.,4:05 p.m.,3:43 p.m.
2309,2310,flightaware,AA-1917-JFK-MCO,2:55 p.m.,3:27 p.m.,5:55 p.m.,5:43 p.m.
2310,2311,lfightaware,AA-2268-PHX-ORD,7:15 a.m.,7:22 a.m.,1:35 a.m.,11:06 a.m.
2311,2312,flightaware, ,12:10 p.m.,12:10 p.m.,2:15 p.m.,1:43 p.m.
2312,2313,  flightaware ,AA-789-ORD-DEN,1:05 p.m.,1:19 p.m.,2:35 p.m.,3:13 p.m.
2313,2314,flightaware,AA-85-JFK-SFO,3:05 p.m.,3:36 p.m.,6:30 p.m.,6:43 p.m.
2314,2315,flightaware,AA-3786-IAH-ORD,4:00 p.m.,4:12 p.m.,6:40p.m.,6:15 p.m.
2315,2316,N/A,AA-222-LAX-BOS,7:10 a.m.,7:31 a.m.,3:30 p.m.,3:14 p.m.
2316,2317,FLIGHTAware,  UA-3099-PHX-PHL ,11:55 a.m.,11:55 a.m.,6:17 p.m.,5:38 p.m.
2317,2318,,AA-4198-ORD-CLE,10:40 a.m.,10:54 a.m.,12:55 p.m.,12:50 p.m.
2318,2319,NA,unknown,4:00 p.m.,  3:58 p.m. ,7:05 p.m.,6:36 p.m.
2319,2320,flightware,AA-3809-PHX-LAX,6:00 a.m.,6:10 a.m.,6:40 a.m.,6:19 a.m.
2320,2321,flightaware,AA-59-JFK-SFO,7:10 a.m.,7:39 a.m.,10:45 a.m.,11:12 a.m.
2321,2322,world-flight-tracker,AA-3859-IAH-ORD,7:10 a.m.,7:16 a.m.,9:40 a.m.,9:32 a.m.
2322,2323,A,AA-518-MIA-JFK,6:40 a.m.,6:54 a.m.,9:25 a.m.,9:28 a.m.
2323,2324,world-flight-tracker,UA-397-JFK-SFO,8:00 a.m.,8:29 a.m.,11:55 a.m.,11:58 a.m.
2324,2325,world-flight-tracker,AA-1733-ORD-PHX,7:45 pp.m.,7:58 p.m.,10:30 p.m.,10:30 p.m.
2325,2326,world-flight-tracker,AA-1640-MIA-MCO,6:30 P.M.,  6:30 p.m. ,7:25 p.m.,  7:25 p.m. 
2326,2327,world-flight-tracker,CO-1694-LAX-IAH,7:15 p.m.,7:15 p.m.,12:21 a.m.,12:21 a.m.
2327,2328,world-flight-tracker,UA-2830-MCO-CLT,3:277 p.m.,3:27 p.m.,5:05 p.m.,5:17 p.m.
2328,2329,world-flight-tracker,unknown,11:25 p.m.,11:25 p.m.,6:55 a.m.,6:55 a.m.
2329,2330,world-flight-tracker,UA-27266-FLL-PHL,4:00 p.m.,400 p.m.,6:46 .m.,6:28 p.m.
2330,2331,,AA-3468-CVG-MIA,7:00 a.m.,7:25 a.m.,9:55 a.m.,9:45 a.m.
2331,2332,world-flight-tracker,AA484-DFW-MIA,4:15 p.m.,4:29 p.m.,7:55 p.m.,7:39 p.m.
2332,2333,world-flight-tracker,AA-616-DFW-DTW,9:05 a.m.,10:10 a.m.,12:35 p.m.,1:27 p.m.
2333,2334,world-flight-tracker,AA4-46-DFW-PHL,11:50  a.m.,12:12 p.m.,  3:50 p.m. ,4:09 p.m.
2334,2335,world-fllight-tracker,AA-466-IAH-MIA,6:00 a.m.,6:08 a.m.,9:20 a.m.,9:05 a.m.
2335,2336,world-flight-tracker,UA-3500-PHX-CLT,11:05 .am.,11:30 a.m.,4:57 p.m.,5:05 p.m.
2336,2337,world-flight-tracker, ,7:55 a.m.,8:04 a.m.,11:05 a.m.,11:01 a.m.
2337,2338,unknown,AA-1664-MIA-ATL,10:15 a.m.,10:18 a.m.,12:10 p.m.,11:56 a.m.
2338,2339,world-flight-tracker,AA-3979-CVG-ORD,7:30 a.m.,8:04 a.m.,8:00 a.m.,8:06 a.m.
2339,2340,world-flight-tracker,AA-1279-DFW-PHX,1:00 p.m.,2:04 p.m.,2:35 p.m.,3:30 p.m.
2340,2341,world-flight-tracker,AA-404-MIA-MCO,6:45 a.m.,6:57 a.m.,7:45 a.m.,7:40 a.m.
2341,2342,NA,AA-3756-ORD-SC,12:15 p.m.,12:41 p.m.,2:45 p.m.,2:50 p.m.
2342,2343,world-flight-tracker,unknown,12:00 a.m.,3:11 a.m.,:145 p.m.,1:15 p.m.
2343,2344, ,AA-2525-DFW-MIA,7:25 a.m.,7:39 a.m.,11:10  a.m.,11:06 a.m.
2344,2345, ,AA-271-MIA-LAX,11:35 a.m.,11:52 a.m.,2:25 p.m.,2:27 p.m.
2345,2346,world-flight-tracker,AA-2050-ORD-MIA,10:40 a.m.,11:05 a.m.,2:45 p.m.,2:46 p.m.
2346,2347,world-flight-tracker,AA-1434-DFW-MCO,7:15 a.m.,7:21 a.m.,10:35 a.m.,10:36 a.m.
2347,2348,world-flight-tracker,AA-4307-ORD-DTW,6:45 p.m.,6:55 p.m.,9:10 p.m.,8:53 p.m.
2348,2349,world-flight-tracker,AA-3-JFK-LAX,12:00 p.m.,12:11 p.m.,3:15 p.m.,3:16 p.m.
2349,2350,world-flight-tracker,,9:15 a.m.,914 a.m.,12:18 p.m.,12:09 p.m.
2350,2351,,AA-3842-MSP-ORD,6:00 a.m.,6:56 a.m.,7:30 a.m.,7:51 a.m.
2351,2352,world-flight-tracker,AA-643-MIA-ORD,7:10 a.m.,7:30 a.m.,9:35 a.m.,9:31 a.m.
2352,2353,world-flight-tracker,UA-2906-PHL-MCO,3:50 p.m.,4:28 p.m.,6:23 p.m.,6:38 p..
2353,2354, ,AA-1221-MCO-ORD,8:00 p.m.,8:23 p.m.,9:45 p.m.,9:53 p.m.
2354,2355, ,UA-664-ORD-PHL,1:33 p.m.,1:31 p.m.,4:31 p.m.,4:23 p.m.
2355,2356,world-flight-tracker,AA-1522-SFO-ORD,111:55 p.m.,11:55 p.m.,5:50 a.m.,5:50 a.m.
2356,2357,world-flight-traccker,UA-233-LAX-JFK,4:25 p.m.,4:25 p.m.,12:29 a.m.,12:29 a.m.
2357,2358,WORLD-flight-tracker,AA-3823-LAX-DEN,9:00 p.m.,  9:00 p.m. ,12:15 a.m.,1:215 a.m.
2358,2359,unknown,AA-2312-DFW-DTW,8:25 p.m.,8:25 p.m.,11:50 p.m.,11:50 p.m.
2359,2360,worldflight-tracker,AA-1165-JKF-MIA,6:59 a.m.,7:22 a.m.,10:34 a.m.,10:04 a.m.
2360,2361,world-flight-tracker,AA-431-MIA-SFO,8:35 a.m.,8:51 a.m.,11:50 a.m.,111:44 a.m.
2361,2362,world-flight-tracker,UA-257-JFK-SFO,23:0 p.m.,2:26 p.m.,6:15 p.m.,5:42 p.m.
2362,2363,world-flight-tracker,AA-649-ORD-SNA,1:30 p.m.,1:30 p.m.,3:50 p.m.,3:50 p.m.
2363,2364,NA,AA-3804-PHL-ORD,2:35 p.m.,2:44 p.m.,4:05 p.m.,3:43 P.M.
2364,2365,world-flight-tracker,AA-1917-JF-KMCO,2:55 p.m.,3:27 p.m.,5:55 p.m.,5:43 p.m.
2365,2366,world-flight-tracker,AA-2268-PHX-ORD,7:15 a.m.,7:22 a.m.,11:35 a.m.,11:06 a.m.
2366,2367,world-flight-tracker,AA-4277-CVG-JFK,12:10 p.m.,12:10 p.m.,2:15 P.m.,1:43 p.m.
2367,2368,world-flight-tracker,AA-789-ORD-DEN,1:05 p.m.,1:19 p.m.,2:35 .m.,3:13 p.m.
2368,2369,world-flight-tracker,AA-85-JFK-SFO,3:05 p.m.,3:36 p.m.,6:30 p.m.,:43 p.m.
2369,2370,,AA-3786-IAH-ORD,  4:00 p.m. ,4:12 p.m.,6:40 p.m.,6:15 p.m.
2370,2371,world-flight-tracker,AA-222-LAX-BOS,7:110 a.m.,7:31 a.m.,3:30 p.m.,3:14 p.m.
2371,2372,world-flight-tracker, ,11:55 a.m.,11:55 a.m.,6:17 p.m.,5:38 p.m.
2372,2373,world-flight-tracker,AA-4198-ORD-CLE,10:40 a.m.,10:54 a.m.,12:55 p.m.,12:500 p.m.
2373,2374,world-flight-tracker,CO-45-EWR-MIA,4:00 p.m.,3:58 p.m.,7:05 p.m.,6:36 p.m.
2374,2375,world-flight-tracker,AA-3809-PHX-LAX,6:00 a.m.,6::10 a.m.,6:40 a.m.,6:1 9a.m.
2375,2376,world-flight-tracker,AA-59-JFK-SFO,7:10 a.m.,7:39 a.m.,10:45 a.m.,11:12 a.m.
