row_id,tuple_id,src,flight,sched_dep_time,act_dep_time,sched_arr_time,act_arr_time
0,1,aa,AA-3859-IAH-ORD,07:10,07:16,09:40,09:32
1,2,aa,AA-1733-ORD-PHX,19:45,19:58,22:30,22:30
2,3,aa,unknown,18:30,18:30,19:25,19:25
3,4,aa,unknown,06:40,06:54,09:25,09:28
4,5,aa,AA-3756-ORD-SLC,12:15,12:41,14:45,14:50
5,6,aa,AA-204-LAX-MCO,23:25,23:25,06:55,06:55
6,7,aa,AA-3468-CVG-MIA,7:00 a..m.,7:2 5a.m.,09:55,09:45
7,8,aa,unknown,16:15,16:29,19:55,19:39
8,9,aa,unknown,11:50,12:12,15:50,16:09
9,10,aa,unknown,06:00,6:08 a..m.,9:20 am.,09:05
10,11,aa,AA-1886-BOS-MIA,10:45,10:55,2:20 pm..,13:40
11,12,aa,AA-2957-DFW-CVG,7:55 a.mm.,08:04,11:05,11:01
12,13,aa,AA-1664-MIA-ATL,10:15,10:18,12:10,11:56
13,14,aa,AA-3979-CVG-ORD,07:30,08:04,08:00,08:06
14,15,aa,AA-1279-DFW-PHX,13:00,14:04,14:35,15:30
15,16,aa,AA-616-DFW-DTW,09:05,10:10,12:35,13:27
16,17,aa,AA-4344-ORD-DTW,11:45,12:13 p..m,14:00,14:10
17,18,aa,AA-2525-DFW-MIA,07:25,07:39,11:10,11:06
18,19,aa,unknown,06:45,6:577 a.m.,07:45,07:40
19,20,aa,A,11:35,11:52,14:25,14:27
20,21,aa,AA-2050-ORD-MIA,10:40,11:05,14:45,14:46
21,22,aa,AA-4330-CVG-ORD,15:35,15:36,16:00,15:33
22,23,aa,unknown,07:15,07:21,10:35,10:36
23,24,aa,A-4307-ORD-DTW,18:45,18:55,21:10,20:53
24,25,aa,AA-3-JFK-LAX,12:00,12::11 p.m.,15:15,15:16
25,26,aa,AA-3842-MSP-ORD,06:00,06:56,07:30,07:51
26,27,aa,unknown,07:10,07:30,09:35,09:31
27,28,aa,AA-1007-MIAA-PHX,16:55,17:08,20:05,19:55
28,29,aa,AA-1221-MCO-ORD,20:00,20:23,21:45,21:53
29,30,aa,AA-400-DFW-JFK,10:40,11:01,14:59,15:04
30,31,aa,AA-4198-ORD-CLE,10:40,10:54,12:55,12:50
31,32,aa,AA-1522-SFO-ORD,23:55,23:55,05:50,05:50
32,33,aa,AA-3823-LAX-DEN,21:00,21:00,00:15,00:15
33,34,aa,AA-2312-DFW-DTW,8:2 5p.m.,20:25,23:50,23:50
34,35,aa,unknown,06:59,07:22,10:34,10:04
35,36,aa,AA-341-MIA-SFO,08:35,08:15,111:50 a.m.,11:44
36,37,aa,AA-649-ORD-SNA,13:30,13:30,15:50,15:50
37,38,aa,AA-3063-SLC-LAX,20:20,20:39,21:20,21:20
38,39,aa,unknown,14:35,14:44,16:05,15:43
39,40,aa,unknown,14:55,15:27,17:55,17:43
40,41,aa,AA-2268-PHX-ORD,07:15,07:22,11:35,11:06
41,42,aa,unknown,12:10,12:10,14:15,13:43
42,43,aa,AA-789-ORD-DEN,13:05,13:19,14:35,15:13
43,44,aa,AA-415-BOS-ORD,08:35,08:56,10:40,10:16
44,45,aa,AA-85-JFK-SFO,15:05,15:36,18:30,18:43
45,46,aa,AA-1544-SAN-ORD,11:25,11:40,17:25,16:56
46,47,aa,AA-3786-IAH-ORD,16:00,16:12,18:40,18:15
47,48,aa,AA-222-LAX-BOS,07:10,07:31,15:30,15:14
48,49,aa,AA-3809-PHX-LAX,06:00,06:10,06:40,06:19
49,50,Unknown,AA-59-JFK-SFO,07:10,07:39,10:45,11:12
50,51,aa,AA-3859-IAH-ORD,07:10,07:16,09:40,09:32
51,52,helloflight,unknown,19:00,19:14,22:15,22:29
52,53,helloflight,AA-518-MIA-JFK,06:40,06:54,09:25,09:28
53,54,helloflight,unknown,08:00,08:29,11:55,11:58
54,55,helloflight,UA-3925-IAD-OF,08:41,08:42,09:54,09:43
55,56,helloflight,AA-1733-ORD-PHX,19:45,19:58,22:30,22:30
56,57,helloflight,UA-2830-MCO-CLT,15:27,15:27,17:05,17:17
57,58,helloflight,unknown,11:25,11:32,2::50 p.m.,15:31
58,59,aa,AA-1544-SAN-ORD,11:25,111:40 a.m.,17:25,16:56
59,60,helloflight,UA-5487-SFO-MRY,10:39,103:3 a.m.,11:19 am..,11:21
60,61,helloflight,AA-204-LAX-MCO,23:25,23:25,06:55,06:55
61,62,helloflight,unknown,06:00,05:56,07:23,07:17
62,63,aa,unknown,00:30,00:41,05:35,05:26
63,64,helloflight,UA-2726-FLL-PHL,16:00,16:00,18:46,18:28
64,65,helloflight,CO-52-IAH-LAX,07:35,07:29,09:21,09:14
65,66,helloflight,CO-1090-BOS-IAH,09:45,10:19,13:16,13:19
66,67,helloflight,AA-616-DFW-DTW,09:05,10:10,12:35,13:27
67,68,helloflight,UA-3515-IAD-MSP,08:15,:12 a.m.,10:06,09:56
68,69,helloflight,unknown,07:00,07:25,09:55,09:45
69,70,helloflight,AA-484-DFW-MIA,16:15,16:29,19:55,19:39
70,71,helloflight,unknown,10:45,10:55,14:20,13:40
71,72,aa,COO-62-IAH-EWR,14:30,14:48,7:03 .m.,19:10
72,73,aa,CO-1561-PHX-IAH,08:05,08:00,11:35,11:32
73,74,helloflight,UA-2314-ATL-PHL,14:55,14:55,17:00,16:47
74,75,helloflight,AA-446-DFW-PHL,11:50,12:12,15:50,16:09
75,76,aa,unknown,11:40,11:56,13:17,13:14
76,77,helloflight,AA-466-iah-mia,06:00,06:08,9:20 aa.m.,09:05
77,78,helloflight,UA-3050-PHX-CLT,11:05,11:30,16:57,17:05
78,79,helloflight,CO-89-IAH-EWR,06:00,06:02,10:20,10:27
79,80,helloflight,unknown,08:40,08:04,10:54,10:56
80,81,helloflight,AA-1664-MIA-ATL,10:15,10:18,12:10 pm..,11:56
81,82,helloflight,AA-1279-DFW-PHX,1:000 p.m.,14:04,14:35,15:30
82,83,helloflight,UA-854-SFO-IAH,07:53,07:49,13:39,13:30
83,84,aa,UA-382-IAD-LAX,12:30,12:35,15:19,15:21
84,85,helloflight,AA-4344-ORD-DTW,11:45,12:13,14:00,14:10
85,86,aa,UA-257-JFK-SFO,14:30,14:26,18:15,17:42
86,87,helloflight,UA-2945-PHL-CLT,12:00 a..,03:11,1:45p .m.,13:15
87,88,helloflight,CO-63-EWR-IAH,17:25,17:22,20:22,20:03
88,89,helloflight,CO-47-IAH-LAX,19:10,8:25 p..m,20:56,21:52
89,90, ,AA-2050-ORD-MIA,10:40,11:05,2:45 pm.,14:46
90,91,helloflight,UA-248-PHX-ORD,12:57,13:32,17:15,17:34
91,92,helloflight,AA-4330-CVG-ORD,15:35,15:36,16:00,15:33
92,93,helloflight,unknown,:15 a.m.,07:21,10:35,10:36
93,94,helloflight,AA-1640-MIA-MCO,18:30,18:30,19:25,19:25
94,95,helloflight,unknown,18:45,18:55,21:10,20:53
95,96,helloflight,AA-3-JFK-LXA,12:00,12:11,3:15 p.mm.,31:6 p.m.
96,97,helloflight,unknown,19:15,19:15,00:21,12:21 a..m
97,98,helloflight,UA-84-LAX-ORD,13:55,14:10,19:53,19:58
98,99,helloflight,unknown,09:15,09:14,12:18,12:09
99,100,helloflight,AA-3842-MSP-ORD,06:00,06:56,07:30,07:51
100,101,helloflight,AA-643-MIA-ORD,07:10,07:30,9:35 a..,09:31
101,102,aa,unknown,16:55,17:08,20:05,19:55
102,103,aa,AA-25525-DFW-MIA,07:25,07:39,11:10,11:06
103,104,helloflight,unknown,15:50,16:28,18:23,18:38
104,105,helloflight,AU-938-DEN-ORD,16:16,16:15,19:35,19:36
105,106,helloflight,unknown,20:00,20:23,21:45,21:53
106,107,helloflight,CO-16-LAX--EWR,10:25,10:20,18:44,18:34
107,108,helloflight,unknown,07:05,07:05,10:31,10:47
108,109,helloflight,AA-400-DFW-JFK,10:40,11:01,14:59,15:04
109,110,helloflight,UA-664-ORD-PHL,1:33p .m.,13:31,44:31 p.m.,16:23
110,111,helloflight,unknown,12:15,12:41,14:45,14:50
111,112,helloflight,UA-7-EWR-MCO,13:29,13:48,16:17,16:17
112,113,helloflight,AA-1522-SFO-ORD,23:55,23:55,05:50,05:50
113,114,helloflight,UA-233-LAX-JFK,16:25,4:225 p.m.,00:29,00:29
114,115,helloflight,AA-3823-LAX-DEN,21:00,21:00,00:15,00:15
115,116,helloflight,AA-2312-DFW-DTW,20:25,20:25,23:50,23:50
116,117,helloflight,AA-1165-JFK-MIA,06:59,07:22,10:34,10:04
117,118,helloflight,unknown,08:35,08:51,11:5 0a.m.,11:44
118,119,helloflight,UA-3373-IAD-PHL,08:29,08:26,9:24 a.mm.,913 a.m.
119,120,aa,AA-649-ORD-SNA,13:30,13:30,15:50,15:50
120,121,helloflight,CO-1250-MIA-IAH,14:53,15:01,16:48,16:59
121,122,helloflight,UA-6273-YYC-SFO,07:35,07:27,9:443 a.m.,08:45
122,123,helloflight,UA-828-SFO-ORD,23:08,23:08,05:11,05:11
123,124,aa,CO-4888-IAH-DAL,17:30,17:30,18:40,18:40
124,125,helloflight,UA-858-PVG-SFO,13:45,13:32,08:27,08:02
125,126,helloflight,unknown,11:15,11:15,13:40,14:00
126,127,helloflight,unknown,20:20,20:39,21:20,21:20
127,128,helloflight,UA-2708-EWR-CLT,2:55 pp.m.,14:55,16:53,16:44
128,129,helloflight,UA-62-IAH-EWR,14:30,14:48,19:03,19:10
129,130,helloflight,unknown,08:55,09:16,11:45,11:56
130,131,helloflight,AA-3804-PHL-ORD,14:35,14:44,16:05,15:43
131,132,helloflight,AA-1917-JFK-MCCO,14:55,15:27,17:55,17:43
132,133,aa,AA-2268-PHX-ORD,07:15,7:22 a..,11:35,11:06
133,134,helloflight,AA-4277-CVG-JFK,12:10,12:10,14:15,13:43
134,135,helloflight,AA-2957-DFW-CVG,75:5 a.m.,8::04 a.m.,11::05 a.m.,11:01
135,136,helloflight,UA-37-EDI-EWR,09:05,8:552 a.m.,11:53,12:09
136,137,helloflight,AA-789-ORD-DEN,13:05,13:19,14:35,15:13
137,138,helloflight,AA-415-BOS-ORD,08:35,08:56,10:40,10:16
138,139,helloflight,AA-85-JFK-SFO,15:05,3:3 6p.m.,18:30,66:43 p.m.
139,140,helloflight,AA-3979-CVG-ORD,07:30,08:04,8:0 0a.m.,08:06
140,141,helloflight,AA-3786-IAH-ORD,16:00,16:12,18:40,18:15
141,142,aa,AA-271-MIA-LAX,11:35,11:52,14:25,14:27
142,143,helloflight,CO-50-CLE-EWR,14:55,15:31,16:49,17:26
143,144,helloflight,UA-3099-PHX-PHL,11:55,11:55,18:17,17:38
144,145,helloflight,AA-4198-ORD-CLE,10:40,10:54,12:55,12:50
145,146,helloflight,unknown,06:54,06:57,07:45,07:40
146,147,helloflight,CO-45-EWR-MIA,16:00,3:558 p.m.,19:05,6:36 pm.
147,148,helloflight,AA-3809-PHX-LAX,06:00,06:10,06:40,06:19
148,149,helloflight,AA-59-JFK-SFO,07:10,07:39,10:45,11:12
149,150,helloflight,AA-222-LAX-BOS,07:10,07:31,15:30,15:14
150,151,aa,AA-3859-IAH-ORD,07:10,07:16,09:40,09:32
151,152,boston,CO-1586-IAH-MCO,19:00,19:14,22:15,22:29
152,153,boston,unknown,06:40,:654 a.m.,09:25,09:28
153,154,boston,UA-397-JFK-Sfo,08:00,08:29,11:55,11:588 a.m.
154,155, ,UA-3925-IAD-ORF,08:41,08:42,09:54,09:43
155,156,boston,AA-1733-ORD-PHX,19:45,19:58,22:30,22:30
156,157,boston,AA-3-JFK-LAX,12:00,12:11,15:15,15:16
157,158,bston,UA-2830-MCO-CLT,15:27,15:27,17:05,5:17 p..m
158,159,boston,CO-58-DEN-IAH,11:25,11:32,14:50,15:31
159,160,boston,UA-5487-SFO-MRY,10:39,10:33 am.,11:19,11:21
160,161, ,AA-204-LAX-MCO,23:25,23:25,06:55,06:55
161,162,boston,unknown,06:00,05:56,07:23,07:17
162,163,boston,unknown,00:30,00:41,05:35,05:26
163,164,aa,U-2726-FLL-PHL,4:00 pp.m.,16:00,18:46,18:28
164,165,boston,CO-52-IAH-Lax,07:35,07:29,09:21,09:14
165,166,boston,unknown,09:45,10:19,13:16,1:19 p..m.
166,167,boston,AA-616-DFW-DTW,09:05,10:100 a.m.,12:35 pp.m.,13:27
167,168,unknown,UA-3515-IAD-msp,08:15,08:12,10:06,09:56
168,169,obston,AA-3468-CVG-MIA,07:00,07:25,09:55,09:45
169,170, ,AA-484-DFW-MIA,16:15,16:29,19:55,19:39
170,171,boston,AA-1886-BOS-MIA,10:45 aa.m.,10:55,14:20,13:40
171,172,boston,CO-62-IAH-EWR,14:30,14:48,19:03,19:10
172,173,bosotn,CO-1561-PHX-IAH,08:05,08:00,11:35,11:32
173,174,boston,UA-2314-ATL-PHL,14:55,14:55,17:00,16:47
174,175,boston,AA-446-DFW-PHL,11:50,12:12,15:50,16:09
175,176,botson,CO-1023-IAH-DEN,11:40,11:56,13:17,13:14
176,177,boston,AA-466-IAH-MIA,06:00,06:08,:20 a.m.,09:05
177,178,boston,UA-3050-PHX-CLT,11:05,11:30,16:57,17:05
178,179,aa,CO-89-IAH-EWR,06:00,06:02,10:20,10:27
179,180,aa,unknown,08:40,08:40,10:54,10:56
180,181,aa,unknown,10:15,10:18,12:10,11:56
181,182,aa,Aa-1279-dfw-phx,13:00,14:04,14:35,15:30
182,183,boston,UA-854-SFOIAH,07:53,07:49,13:39,13:30
183,184,aa,UA-382-IAD-LAX,12:30,12:35,15:19,15:21
184,185,aa,AA-4344-ORD-DTW,11:45,12:13,14:00,14:10
185,186,boston,UA-257-JFK-SFO,14:30,14:26,6:15 pm..,17:42
186,187, ,UA-2945-PHL-CLT,00:00,03:11,13:45,13:15
187,188,boston,CO-63-EWR-IAH,17:25,:22 p.m.,20:22,20:03
188,189,bston,CO-47-IAH-LAX,19:10,20:25,20:56,21:52
189,190,NA/,AA-2050-ORD-MIA,10:40,11:05,14:45,14:46
190,191,boston,unknown,12:57,13:32,17:15,534 p.m.
191,192,boston,AA-4330-CVG-ORD,15:35,15:36,16:00,15:33
192,193,boton,unknown,07:15,07:21,10:35,10:36
193,194, ,AA-1640-MIA-MCO,18:30,18:30,19:25,19:25
194,195,boston,unknown,18:45,18:55,21:10,20:53
195,196,bosston,unknown,19:15,19:15,00:21,12:21 aa.m.
196,197,aa,UA-843-LAX-ORD,13:55,14:10,19:53,19:58
197,198,boston,CO-1193-EWRM-CO,09:15,09:14,12:18,12:09
198,199,boston,unknown,06:00,06:56,07:30,07:51
199,200,boston,AA-643-MIA-ORD,07:10,07:30,09:35,09:31
200,201,boston,AA-1007-MIA-PHX,16:55,17:08,20:05,19:55
201,202,boston,UA-2906-PHL-MCO,15:50,16:28,18:23,18:38
202,203,botson,UA-938-DEN-ORD,16:16,16:15,19:35,19:36
203,204,aa,unknown,20:00,20:23,21:45,21:53
204,205,aa,CO-16-LAX-EWR,0:25 a.m.,10:20,6:44 .pm.,18:34
205,206,aa,N//A,07:05,07:05,10:31,10:47 a..
206,207,boston,AA-400-DFW-JFK,10:40,11:01,2:599 p.m.,15:04
207,208,boston,UA-664-ord-phl,13:33,13:31,16:31,16:23
208,209,boston,AA-3756-ORD-SLC,12:15,12:41,14:45,14:50
209,210,boston,UA-37-EWR-MCO,13:29,13:48,16:17,16:17
210,211,boston,AA-1522-SFO-ORD,23:55,23:55,05:50,5:500 a.m.
211,212,boston,UA-233-LAX-JFK,16:25,16:25,00:29,00:29
212,213,BOSTOn,AA-3823-LAX-DEN,21:00,21:00,00:15,00:15
213,214,bsoton,AA-2312-DFW-DTW,20:25,82:5 p.m.,11:50 pm.,23:50
214,215,obston,AA-1165-JFK-MIA,06:59,07:22,10:34,10:04
215,216,unknown,AA-431-MIA-SFO,08:35,08:51,11:50,11:44
216,217,boston,unknown,08:29,08:26,09:24,09:13
217,218,boston,AA-649-ORD-SNA,13:30,13:30,15:50,15:50
218,219,boston,unknown,14:53,15:01,16:48,16:59
219,220,aa,unknown,07:35,07:27,09:43,08:45
220,221,boston,UA-828-SFO-ORD,23:08,110:8 p.m.,05:11,05:11
221,222,boston,unknown,17:30,17:30,18:40,18:40
222,223,boston,unknown,13:45,13:02,08:27,08:02
223,224,aa,UA-2704-DTW-PHX,11:15,11:15,13:40,14:00
224,225,bboston,unknown,8:20 p..m.,20:39,21:20,21:20
225,226,boston,UA-2708-EWR-CLT,14:55,14:55,16:53,16:44
226,227,boston,UA-62-iah-ewr,14:30,14:48,19:03,19:10
227,228,boston,UA1-500-IAH-GUA,8:555 a.m.,09:16,11:45,11:56
228,229,boston,AA-3804-PHL-ORD,14:35,14:44,16:05,15:43
229,230,boston,AA-1917-JFK-MCO,14:55,15:27,17:55,5:43 p..m
230,231,bostno,unknown,07:15,07:22,11:35,11:06
231,232,aa,AA-4277-CVG-JFK,14:10,12:10,14:15,13:43
232,233,boston,unknown,07:05,08:04,11:05,11:01
233,234,boson,U-A37-EDI-EWR,09:05,08:52,11:53,12:09
234,235,boston,AA-789-ORD-DEN,13:05,23:09,14:35,15:13
235,236,boston,AA-415-BOS-ORD,08:35,08:56,10:40,10:16
236,237,boston,unknown,15:05,15:36,6:30 p..,18:43
237,238,boston,AA-3979-CVG-ORD,07:30,08:04,08:00,8:06 a.mm.
238,239,boston,AA-1544-SAN-ORD,11:25,11:40,17:25,16:56
239,240,unknown,AA-3786-IAH-ORD,16:00,16:12,18:40,18:15
240,241,aa,AA-271-MIA-LAX,11:35,11:52,14:25,14:27
241,242,boston,AA-2525-DFW-MIA,07:25,7:39 a..m,11:10,11:06
242,243,boton,unknown,14:55,15:31,16:49,5:26 p..
243,244,boston,UA-3099-PHX-PHL,11:55,11:55,18:17,17:38
244,245,boston,AA-4198-ord-cle,10:40,10:54 a..m,1255 p.m.,12:50
245,246,aa,AA-404-MIA-MCO,06:45,06:57,07:45,07:40
246,247,boston,CO-45-EWR-MIA,16:00,15:58,19:05,18:36
247,248,unknown,AA-3809-PHX-LAX,06:00,06:10,06:40,06:19
248,249,boston,unknown,07:10,7:93 a.m.,10:45,11:12
249,250,BOSton,AA-222-LAX-BOS,07:10,07:31,15:30,15:14
250,251, ,AA-3859-IAH-ORD,7:1 0a.m.,07:16,09:40,09:32
251,252,weather,AA-518-MAI-JFK,06:40,06:54,09:25,09:28
252,253,weather,UA-397-JFK-SFO,08:00,08:29,11:55,11:58
253,254,weather,unknown,08:41,08:42,09:54,09:43
254,255,weather,unknown,19:45,19:58,22:30,22:30
255,256,weather,AA-1640-MIA-MCO,18:30,18:30,19:25,19:25
256,257,aa,UA-2830-MCO-Clt,15:27,15:27,17:05,17:17
257,258,weather,CO-58-DEN-IAH,11:25,11:32,2:500 p.m.,15:31
258,259,weeather,unknown,11:25,11:40,17:25,16:56
259,260,aa,UA-5487-SFO-MRY,10:39,10:33,11:19,11:21
260,261,weather,unknown,23:25,23:25,06:55,06:55
261,262,weather,UA--414-LAX-SFO,06:00,05:56,07:23,07:17
262,263,aa,AA-3756-ORD-SLC,12:15,12:41,14:45,14:50
263,264,aa,unknown,16:00,16:00,6:46 p..m.,18:28
264,265,weather,CO-1090-BOS-IAH,9:45 am..,10:19,1:116 p.m.,13:19
265,266,weather,AA-346-CVG-MIA,07:00,07:25,09:55,09:45
266,267,weather,UA-3515-IAD-MSP,08:15,08:12,10:06,09:56
267,268,weather,unknown,16:15,16:29,7:555 p.m.,19:39
268,269,WEather,unknown,14:30,14:48,19:03,19:10
269,270,weather,AA-446-DFW-PHL,11:50,12:12,15:50,16:09
270,271,unknown,AA-466-IAH-MIA,06:00,06:08,09:20,09:05
271,272,ewather,UA-3050-PHX-CLT,11:05,11:30,16:57,17:05
272,273,weather,CO-89-IAH-EWR,06:00,06:02,10:20,10:27
273,274,WEather,CO-1088-CLE-IAH,08:40,08:40,10:54,10:56
274,275,WEAther,AA-1886-BOS-MIA,1:045 a.m.,10:55,14:20,13:40
275,276,weather,AA-1664-MIA-ATL,10:15,10:18 .am.,12:10,11:56
276,277,weather,AA-3979-CVG-ORD,7:30 .m.,08:04,08:00,8:06 a.mm.
277,278,weather,unknown,13:00,14:04,14:35,3:30 pm.
278,279,weather,CO-1614-LAX-IAH,12:30 am.,00:41,05:35,5:26 .am.
279,280,unknown,AA-616-DFW-DTW,09:05,10:10,12:35,13:27
280,281,aa,unknown,11:45,12:13 pm.,14:00,14:10
281,282,weather,UA-2945-PHL-CLT,00:00,03:11,13:45,13:15
282,283,  N/A ,AA-2525-DFW-MIA,07:25,07:39,11:10,11:06 am..
283,284,weather,NNA,11:35,11:52,14:25,14:27
284,285,weather,AA-2050-ORD-MIA,10:40,11:05,14:45,22:46 p.m.
285,286,weather,AA-1434-DFW-MCO,07:15,07:21,10:35,10:36
286,287,weather,CO-1561-PHX-IH,08:05,08:00,11:35,11:32
287,288,weather,AA-4307-ORD-DTW,18:45,18:55,21:10,20:53
288,289,weather,AA-3-JFK-LAX,12:00,12:11,15:15,15:16
289,290,aa,CO-1694-LAX-IAH,19:15,19:05,00:21,12:221 a.m.
290,291,weather,UA-843-LAX-ORD,13:55,14:10,19:53,19:58
291,292,weather,CO-1193-EWR-MCO,09:15,9:14 am.,12:18,12:09
292,293,wether,unknown,06:00,06:56,07:30,751 a.m.
293,294,weather,AA-643-MIA-ORD,07:10,07:30,09:35,09:31
294,295,weather,UA-2906-PHL-MCO,15:50,16:28,18:23,6:38 pp.m.
295,296,weaather,unknown,16:16,16:15,19:35,19:36
296,297,weather,unknown,20:00,20:23,21:45,21:53
297,298,weather,CO-16-LAX-EWR,10:25,10:20,18:44,18:34
298,299,weather,UA-255-DFW-CLT,07:05,07:05,10:31,10:47
299,300,weather,AA-400-DFW-JFK,10:40,11:01,14:59,15:04
300,301,aa,unknown,13:33,13:31,16:31,16:23
301,302,weather,unknown,11:55 pm..,23:55,05:50,05:50
302,303,aa,UA-233-LAX-JFK,16:25,16:25,00:29,00:29
303,304,weather,AA-3823--LAX-DEN,21:00,21:00,00:15,1215 a.m.
304,305,weather,unknown,20:25,20:25,13:50,23:50
305,306,aa,AA-1165-JFK-MIA,06:59,07:22,10:34,10:04
306,307,aa,AA-431-MIA-SFO,08:35,08:51,11:50,11:44
307,308,weather,UA-257J-FK-SFO,14:30,14:26,18:15,17:42
308,309,weather,unknown,08:29,08:26,09:24,09:13
309,310,aa,unknown,13:30,1:30 p..m,15:50,15:50
310,311,weather,unknown,2:53 p..m,15:01,16:48,16:59
311,312, ,UA-6273-YYC-SFO,07:35,07:27,09:43,8:45 a.mm.
312,313,weather,UA-858-pvg-sfo,13:45,13:32,8:27 a..,08:02
313,314,  weather ,A-2704-DTW-PHX,11:05,11:15,13:40,2:00 pp.m.
314,315,weather,AA-3063-SLC-LAX,20:20,20:39,21:20,21:20
315,316,aa,UA-2708-EWR-CLT,14:55,14:55,16:53,16:44
316,317,eather,UA-62-IAH-EWR,14:30,14:48,7:03 pp.m.,19:10
317,318,aa,AA-3804-PHL-ORD,14:35,14:44,16:05,15:43
318,319, ,unknown,14:55,15:27,17:55,17:43
319,320,weather,unknown,07:15,07:22,11:35,11:06
320,321,aa,UA-2314-ATL-PHL,14:55,14:55,17:00,16:47
321,322,weather,AA-4277C-VG-JFK,12:10,12:10 p..m.,14:15,1:43 pp.m.
322,323,weater,unknown,07:55,08:04,11:05,11:01
323,324,weather,UA-37-EDI-EWR,09:05,08:02,11:53,12:09
324,325,weather,unknown,13:05,13:19,14:35,15:13
325,326,WEATher,UA-854-SFo-iah,07:53,07:49,13:39,13:30
326,327,weather,unknown,08:35,08:56,10:40,10:16
327,328,weather,AA-85-JFK-SFO,15:05,15:36,18:03,18:43
328,329,  weather ,A-3786-IAH-ORD,16:00,16:12,18:40,18:15
329,330,aa,CO-50-CLE-EWR,14:55,3:331 p.m.,16:49,17:26
330,331,weather,unknown,11:55,1155 a.m.,6:71 p.m.,17:38
331,332,unknoown,AA-4198-ORD-CLE,10:40,10:54,12:55,12:50
332,333,aa,AA-404-MIA-MCO,06:45,06:57,07:45,07:40
333,334,weather,unknown,16:00,15:58,7:05 .pm.,18:36
334,335,weahter,AAA-3809-PHX-LAX,06:00,06:10,06:40,06:19
335,336,aa,AA-59-JFK-SFO,07:10,07:39,10:45,11:12
336,337,  weather ,AA-222-LAX-BOS,07:10,07:31,15:30,15:14
337,338,airtravelcenter,AA-3859-IAH-ORD,07:10,07:16,09:40,09:32
338,339,airtravelcenter,CO-1586-IAH-MCO,19:00,19:14,22:15,22:29
339,340,airtravelcenter,AA-518-MIA-JFK,06:40,06:54,09:25,09:28
340,341,airtravelcenter,UA-397-JFK-SFO,08:00,08:29,11:55,11:58 .m.
341,342,airtravelcenter,UA-3925-IAD-ORF,08:41,08:42,954 a.m.,09:43
342,343,aa,AA-1733-ORD-PHX,19:45,19:58,22:30,22:30
343,344,airtravlcenter,unknown,15:27,15:27,17:05,17:17
344,345,airtravelcenter,CO-58-DEN-IAH,11:25,11:32,14:50,15:31
345,346,aa,AA-1544-SAN-ORD,11:25,11:40,17:25,16:56
346,347,airtravelcenter,UA-5487-SFO-mry,10:39,10:33,11:19,11:21
347,348,aa,unknown,23:25,23:25,06:55,06:55
348,349,airtravelcenter,UA-414-LAX-SFO,06:00,05:06,07:23,07:17
349,350,aa,unknown,00:30,00:41,05:35,05:26
350,351,airtravellcenter,UA-2726-FLL-PHL,16:00,16:00,18:46,18:28
351,352,aa,CO-52-IAH-LAX,07:35,07:29,09:21,09:14
352,353,aa,CO-1090-BOS-IAH,09:45,10:19,13:16,13:19
353,354,airtravelcenter,NNA,09:05,10:10,12:35,13:27
354,355,airtravelcenter,UA-3515-IAD-MSP,08:15,08:12,10:06,09:56
355,356,airtravelcenter,AA-3468-CVG-MIA,07:00,07:25,09:55,09:45
356,357,  airtravelcenter ,AA-484-DFW-MIA,16:15,16:29,7:55 .pm.,19:39
357,358,airtravelcenter,AA-1886-BOS-MIA,10:45,10:55,14:20,13:40
358,359,airtravelcenter,CO-62-IAH-EWR,14:30,14:48,19:03,19:10
359,360,airtravelcenter,CO-1561-PHX-IAH,08:05,08:00,11:35,11:32
360,361,airtravelcenter,UA-2314-ATL-PHL,14:55,14:55,17:00,:47 p.m.
361,362,airravelcenter,unknown,11:50 a.mm.,12:12,15:50,4:90 p.m.
362,363,  airtravelcenter ,CO-1023-IAH-DEN,11:40,11:56,13:17,13:14
363,364,airtravelcenter,AA-466-IAH-MIA,06:00,06:08,920 a.m.,09:05
364,365,airtravelcenter,UA-3050-PHX-CLT,11:05,11:30,16:57,5:05 .m.
365,366,airtravelcenter,CO-89-Iah-ewr,06:00,06:02,10:20,10:27
366,367,airtravelcenter,CO-1088-CLE-IAH,08:40,08:40,10:54,10:56
367,368,  airtravelcenter ,unknown,10:15,10:18,12:10,11:56
368,369,N//A,AA-1279-DFW-PHX,13:00,14:04,14:35,15:30
369,370,airtravelcenter,UA-854-SFO-IAH,07:53,07:49,13:39,13:30
370,371,unknown,A-382-IAD-LAX,12:30 p..m,12:35,15:19,15:21
371,372,airtravelcenter,AA-4344-ORD-DTW,11:45,12:13,14:00,22:10 p.m.
372,373,airtravelcenter,UA-257-JFK-SFO,2:30 .pm.,14:26,18:15,17:42
373,374,aa,unknown,00:00,03:11,13:45,13:15
374,375,airtravelcenter,CO-63-EWR-IAH,17:25,17:22,20:22,80:3 p.m.
375,376,airtravelcenter,CO-47-IAH-LAX,71:0 p.m.,20:25,8:56 p..,21:52
376,377,aa,AA-2050-ORD-MIA,10:40,11:05,2:445 p.m.,14:46
377,378,airtravelcenter,Ua-248-phx-ord,12:75 p.m.,13:32,17:15,17:34
378,379, ,unknown,15:35,15:36,16:00,3:33 p.mm.
379,380,airtravelcenter,AA-1434-DFW-MCO,07:15,07:21,10:35,10:36
380,381,aa,AA-1640-MIA-MCO,18:30,18:30,19:25,19:25
381,382,airtravelcenter,AA-4307-ORD-DTW,18:45,18:55,21:10,20:53
382,383,airtravelcenter,NA,12:00,12:11,15:15,15:16
383,384,airtravelcenter,CO-1694-LAX-IAH,19:15,19:15,00:21,00:21
384,385, ,unknown,13:55,14:10,19:53,19:58
385,386,  airtravelcenter ,unknown,09:15,09:14,12:18,12:09
386,387,unkknown,AA-38842-MSP-ORD,6:00 a.mm.,06:56,07:30,77:51 a.m.
387,388,airtravelcenter,AA-643-MIA-ORD,07:10,07:30,09:35,09:31
388,389,airtravelcenter,unknown,4::55 p.m.,5:088 p.m.,20:05,7:55 .pm.
389,390,airtravelcenter,AA-2525-DFW-MIIA,07:25,07:39,11:10 a..,11:06
390,391,airtravelcenter,UA-2906-PHL-MCO,15:50,16:28,18:23,18:38
391,392,airtravelceenter,UA-938-DEN-ORD,44:16 p.m.,16:15,19:35,19:36
392,393,airtravelcenter,AA-1221-mco-ord,20:00,20:23,21:45,21:53
393,394,  NA ,CO-16-LAX-EWR,10:25,10:20,18:44,18:34
394,395,airtravelcenter,UA-2515-DFW-CLT,07:05,07:05,01:31,10:47
395,396,AIRTRAVELCENTer,AA-400-DFW-JFK,10:40,11:01,14:59,15:04
396,397,airtravelcenter,unknown,13:33,13:31,16:31,16:23
397,398,airtravelcenter,AA-3756-ORD-SLC,12:15,12:41,14:45,14:50
398,399,irtravelcenter,UA-37-EWR-MCO,13:29,13:48,16:17,16:17
399,400,airtravelcenter,AA-1522-SFO-ORD,23:55,11:55 pp.m.,05:05,05:50
400,401,aa,UA-233-LAX-JFK,16:25,16:25,00:29,122:29 a.m.
401,402,airtravelcenter,AA-3823-LAX-DEN,21:00,21:00,00:15,00:15
402,403,aa,AA-2312-DFW-DTW,20:25,20:25,23:50,23:50
403,404,airrtravelcenter,unknown,06:59,07:22,10:34,10:04
404,405,airtravelcenter,AA-431-MIA-SFO,08:05,08:51,11:50,11:44
405,406,unknown,UA-3373-IAD-PHL,08:29,08:26,09:04,09:13
406,407,aa,AA-649-ORD-SNA,13:30,13:30,15:50,:350 p.m.
407,408,airtravelcenter,CO-1250-MIA-IAH,14:53,15:01,16:48,16:59
408,409,airtravelcenter,UA-6273-YYC-SFO,07:35,07:27,09:43,08:45
409,410,airtravelcenter,UA-828-SFO-ORD,23:08,23:08,5:111 a.m.,05:11
410,411,airtravelcenter,CO-4888-IAH-DAL,17:30,17:30,18:40,6:40 pm.
411,412,aa,UA-858-PVG-SFO,13:45,1:32 .pm.,08:27,08:02
412,413,airtravelcenter,UA-2704-DTW-PHX,11:15,11:15,13:40,14:00
413,414,airtravelcenter,AA-3063-SLC-LAX,20:20,20:39,21:20,9:200 p.m.
414,415,airtravelcenter,UA-2708-EWR-CLT,14:55,14:55,16:53,16:44
415,416,airtravelcenter,UA-62-IAH-EWR,14:30,14:48,19:03,19:10
416,417,airtravelcenter,UA-1500-IAH-GUA,08:55,09:16,11:45,11:06
417,418,airtravelcenter,AA-3804-PHL-ORD,14:35,14:44,16:05,15:43
418,419,airtravelcenter,AA-1917-JFK-MCO,14:55,15:27,17:55,17:43
419,420,airtravecenter,unknown,07:15,07:22,11:35,11:06 am.
420,421,airtravelcenter,AA-4277-CVG-JFK,12:10,12:01,14:15,13:43
421,422,airtravelcenter,AA-2957-DFW-CVG,07:55,08:04,11:05,11:01
422,423,airtravelcenter,unknown,09:05,08:52,11:53,12:09
423,424,airtravelccenter,AA-789-ORD-DEN,1:05 pm.,13:19,14:35,15:13
424,425,airtravelcenter,unknown,08:35,08:56,10:40,10:16
425,426,airtravelcenter,AA-85-JFK-SFO,15:05,15:36,630 p.m.,18:43
426,427,airtravelcenter,AA-3979-CVG-RD,7:30 am..,08:04,08:00,08:06
427,428,airtravelcenter,AA-3786-IAH-ORD,16:00,16:21,18:40,18:15
428,429,airtravelcenter,AA-271-MIA-LAX,11:35,11:522 a.m.,2:25 p..,14:27
429,430,airtravelcenter,CO-50-CLE-EWR,14:55,15:31,16:49,5:26 .pm.
430,431,aa,UA-3099-PHX-PHL,11:55,11:55,18:17,5:38 .m.
431,432,airtravelcenter,AA-4198-ORD-CLE,10:40,10:54 a..m,12:55,12:50
432,433,airtravelcenter,AA-404-MIA-MCO,06:45,06:57,07:45,07:40
433,434,airtravelcenter,CO-45-EWR-MIA,16:00,15:58,19:05,18:36
434,435,airtravelcenter,AA-3809-PHX-LAX,06:00,6:10 .m.,06:40,06:19
435,436,airtravelcenter,unknown,07:10,07:39,10:45,11:12
436,437,airtravelcenter,AA-222-LAX-BOS,07:10,7:31 a.mm.,15:30,15:14
437,438,flightview,AA-3859-IAH-ORD,7:100 a.m.,07:16,09:40,09:02
438,439, ,unknown,19:00,19:14,22:15,22:29
439,440,aa,AA-518-MIAJ-FK,06:40,06:54,09:25,09:28
440,441,flightview,UA-397-JFK-SFO,08:00,8:29a .m.,11:55,11:58
441,442,flightview,UA-3925-IAD-ORF,08:41,8:4 2a.m.,09:54,09:43
442,443,flightview,unknown,19:45,19:58,22:30,22:30
443,444,flightview,AA-3-JFK-LAX,12:00,13:11,15:15,15:16
444,445,flightview,UA-2830-MCO-CLT,15:27,15:27,17:05,17:17
445,446,flightview,unknown,11:25,11:32,14:50,15:31
446,447,flightview,UA-5487-SFFO-MRY,10:39,10:33,11:19,11:21
447,448,flightview,AA-204-LAX-MCO,23:25,23:25,06:55,06:55
448,449,flightview,unknown,06:00,5:556 a.m.,07:23,07:17
449,450,NA/,CO-1614-LAX-IAH,00:30,00:41,05:35,05:26
450,451,flightview,NA,16:00,16:00,18:46,18:28
451,452, ,CO-52-IAH-LAX,07:35,07:29,09:21,09:14
452,453,flightview,CO-1090-BOS-IAH,09:45,10:19,13:16,13:19
453,454,flightview,unknown,09:05,10:10,12:35,13:27
454,455,unknown,UA-3515-IAD-MSP,08:15,8:12 a..m.,10:06,09:56
455,456,flightview,AA-3468-CVG-MIA,07:00,07:25,09:55,09:45
456,457,flightview,AA-484-DFW-MIA,16:15,16:29,19:55,19:39
457,458,flightview,AA-1886-bos-mia,10:45,10:55,14:20,13:40
458,459,flightview,CO-62-IIAH-EWR,14:30,14:48,19:03,19:10
459,460,flightview,unknown,08:05,08:00,11:35,11:32
460,461,flightview,UA-2314-ATL-PHL,14:55,14:55,17:00,16:47
461,462,flightview,AA-446-DFW-PHL,11:5 0a.m.,12:12 pm..,15:50,16:09
462,463,flightview,CO-1023-IAH-DEN,11:40,11:56,13:17,13:14
463,464,flightview,unknown,06:00,06:08,09:20,09:05
464,465,aa,UA-3050-PHX-CLT,11:05,11:30,16:57,17:05
465,466,flightview,CO-89-IAH-EWR,06:00,06:02,10:20,10:27
466,467,flightview,unknown,08:40,08:40,10:54,10:56
467,468,flightview,unknown,10:15,10:18,12:10,11:56
468,469,flightview,AA-12779-DFW-PHX,13:00,14:04,14:35,15:30
469,470,flightview,UA-854-SFO-IAH,07:53,07:49,13:39,13:30
470,471,flightview,UA-382-IAD-LAX,123:0 p.m.,12:35,15:19,15:21
471,472,flightview,AA-4344--ORD-DTW,11::45 a.m.,12:13,14:00,14:10
472,473,flightview,UA-257-JFK-SOF,14:30,14:26,6:115 p.m.,17:42
473,474,flightview,UA-2945-PHL-CLT,00:00,03:11,13:45,13:15
474,475,flightview,CO-63-EWR-IAH,17:25,17:22,20:22,20:03
475,476,flightview,unknown,19:10,20:25,20:56,21:52
476,477,flightview,AA-2050-ORD-MIA,10:40,11:05,14:45,14:46
477,478,flightview,UA-248-PHX-ORD,12:57,13:32,5:15p .m.,5:34 p..m
478,479,aa,AA-4330-CVG-ORD,15:35,15:36,16:00,15:33
479,480, ,AA-1434-DFW-MCO,07:15,07:21,10:35,10:36
480,481,flightview,unknown,18:30,18:30,19:25,19:25
481,482,flightview,AA-4307-ORD-DTW,18:45,18:55,21:10,20:53
482,483,flightview,CO-1694-LAX-IAH,19:15,19:15,00:21,12:2 1a.m.
483,484,flightview,UA-843-LAX-ORD,13:55,14:10,19:53,19:58
484,485,flightview,CO-1193-EWR-MCO,09:15,09:14,12:18,12:09
485,486,flightview,unknown,06:00,06:56,07:30,07:51
486,487,flightview,unknonw,07:10,07:30,09:03,09:31
487,488,flightview,unknown,4:55 p..m.,17:08,20:05,19:55
488,489,flightview,UA-2906-PHL-MCO,15:50,16:28,18:23,18:38
489,490,flightview,UA-938-DEN-ORD,16:16,16:15,19:35,19:36
490,491,flightview,AA-1221-mco-ord,8:000 p.m.,20:23,21:45,21:53
491,492,flightview,unknown,10:25,10:20,18:44,18:34
492,493,flightview,unknown,07:05,07:05,10:31,10:47
493,494,flightview,unnknown,1040 a.m.,11:01,14:59,15:04
494,495,flightview,UA-664-ORD-PHL,13:33,13:31,16:31,16:23
495,496,aa,AA-3756-ORD-SLC,12:15,12:41,14:45,14:50
496,497,flightview,UA-37-EWR-MCO,13:29,13:48,16:17,16:17
497,498,flightview,AA-1522-sfo-ord,23:55,23:55,05:50,05:50
498,499,flightview,UA-233-LAX-JFK,4:25 p..m.,16:25,122:29 a.m.,00:29
499,500,aa,AA-3823-LAX-DEN,21:00,21:00,00:15,00:15
500,501,flightview,AA-2312-DFW-DTW,8:25 pm..,20:25,23:50,23:50
501,502,flightview,AA-1165-JFK-MIA,06:59,07:22,10:34,10:04 aa.m.
502,503,flightview,AA-431-MIA-SFO,08:35,08:51,11:50,11:44
503,504,flightview,UA-3373-IAD-PHL,08:29,08:26,09:24,09:13
504,505,flightview,AA-649-ORD-SNA,1:30 .m.,13:30,15:50,15:50
505,506,aa,CO-1250-MIA-IAH,14:53,15:01,16:48,16:59
506,507,flightview,unknown,07:35,07:27,09:43,08:45
507,508,flightview,UA-828-SFO-ORD,23:08,23:08,05:11,05:11
508,509,flightview,unknown,17:30,17:30,18:40,18:40
509,510,flightview,UA-858-PVG-SFO,13:45,13:32,08:27,08:02
510,511,flightview,unknown,11:15,11:15,13:40,14:00
511,512,flightview,AA-3063-SLC-LAX,20:20,20:39,21:20,21:20
512,513,unknown,UA-2708-ewr-clt,14:55,14:55,16:53,:444 p.m.
513,514,flightview,UA-62-IAH-EWR,14:30,14:48,19:03,19:10
514,515,flightview,unknown,88:55 a.m.,09:16,11:45,11:56
515,516,flightview,unknown,14:35,14:44,16:05,34:3 p.m.
516,517,flightview,AA-1917-JFK-MCO,14:55,15:27,17:55,17:43
517,518,flightview,AA-2268-PHX-ORD,07:15,07:22,11:35,11:06
518,519,flightview,unknown,12:10,12:10,14:15,13:43
519,520,flightview,AA-2957-DFW-CVVG,07:55,8:04 am..,11:055 a.m.,11:01
520,521,flightview,UA-37EDI-EWR,09:05,08:52,11:53 a..m,12:09
521,522,flightview,AA-789-ORD-DEN,13:05,1:19p .m.,23:5 p.m.,15:13
522,523,flightview,AA-415-BOS-ORD,08:35,08:56,10:40,10:16
523,524,flightview,AA-85-JFK-SFO,15:05,15:36,18:30,18:43
524,525,flightview,A-3979-CVG-ORD,07:30,08:04,08:00,08:06
525,526,flightview,AA-1544-SAN-ORD,11:25,11:40,17:25,16:56
526,527, ,AA-3786-IAH-ORD,16:00,16:12,18:40,18:15
527,528,flightview,AA-271-MIA-LAX,11:35,11:52,14:25,14:27
528,529,flightview,AA-2525-DFW-MIA,07:25,07:39,11:10,11:06
529,530,flightview,CO-50-CLE-EWR,14:55,15:31,16:49,17:26
530,531,flightview,UA-3099-PHX-PHL,11:55,11:55,18:17,17:38
531,532,aa,AA-4198-ORD-CLE,10:40,10:54,12:55,12:50
532,533,flightview,unknown,06:45,06:57,7:45 a..m.,07:40
533,534,flightview,CO-45-EWR-MIA,16:00,15:58,19:05,18:36
534,535,flightview,AA-3809-PHX-LAX,600 a.m.,:10 a.m.,06:40,06:19
535,536,flightview,AA-59-JFK-SFO,07:10,07:39,110:45 a.m.,11:12 a..m.
536,537, ,unknown,7:100 a.m.,07:31,15:30,15:14
537,538,flights,AA-3859-IAH-ORD,07:10,07:16,09:40,09:32
538,539,flights,CO-186-IAH-MCO,19:00,19:14,22:15,22:29
539,540,flights,AA-518-MIA-JFK,06:40,06:54,09:25,09:28
540,541,aa,unknown,08:00,08:29,11:55,11:58
541,542,flights,UA-3925-IAD-ORF,08:41,08:42,09:54,9:43 a..
542,543,flights,unknown,19:45,19:58,10:330 p.m.,22:30
543,544,flights,AA-4344-ORD-DTW,11:45,12:13,14:00,14:10
544,545,flights,AA-1640-MIA-MCO,18:30,:630 p.m.,19:25,19:25
545,546,flights,UA-2830-MCO-CLT,15:27,15:27,17:05,17:17
546,547,flights,CO-58-DEN-IAH,11:25,11:32,14:50,15:31
547,548,flights,AA-204-LAX-MO,23:25,23:25,06:55,06:55
548,549,flights,unknown,06:00,05:56,07:23,07:17
549,550,flights,CO-1614-LAX-IAH,00:30,00:41,05:35,05:26
550,551,unknown,UA-2726-FLL-PHL,16:00,16:00,18:46,6:28 pm.
551,552, ,unknown,07:35,07:29,09:21,09:14
552,553,flights,CO-1090-BOS-IAH,09:45,10:19,13:16,13:19
553,554,flights,AA-3468-CVG-mia,07:00,07:25,99:55 a.m.,09:45
554,555,flights,UA-3515-IAD-MSP,08:15,08:12,10:06,09:56
555,556,flights,unknown,4::15 p.m.,16:29,19:55,19:39
556,557,aa,AA-616-DFW-dtw,9:05 am..,10:10,12:35,13:27
557,558,aa,CO-62-IAH-EWR,14:30,14:48,19:03,19:10
558,559,flights,CO-63-EWR-IAH,17:25,17:22,20:22,20:03
559,560,flights,unknown,11:50,12:12,15:50,16:09
560,561, ,CO-1023-IAH-DEN,11:40,11:56,13:17,13:14
561,562,flights,A-466-IAH-MIA,06:00,06:08,9::20 a.m.,9:0 5a.m.
562,563,flights,UA-3050-PHX-CLT,11:05,11:30,16:57,17:05
563,564,flights,CO-89-IAH-EWR,06:00,06:02,10:20,10:27
564,565,flights,CO-1088-CLE-IAH,08:40,08:40,10:54,10:56
565,566, ,AA-2957-DFFW-CVG,07:55,08:04,11:05,11:01
566,567,flights,unknown,10:15,10:18,12:10,11:56
567,568,flights,AA-3979-CVG-ORD,07:30,8:04a .m.,08:00,08:06
568,569,flights,unknown,13:00,14:04,14:35,15:30
569,570,flights,unknown,06:45,06:57,:45 a.m.,7:40 am..
570,571,flights,AA-3756-ORD-SLC,12:15,12:41,14:45,14:50
571,572,flights,UA-382-IAD-LAX,12:30,12:35,:319 p.m.,15:21
572,573,flights,UA-2945-PHL-CLT,00:00,03:11,13:45,13:15
573,574,flights,CO-47-IAH-LAX,19:10,8:25 p.mm.,20:56,21:52
574,575,flights,AA-271-MIA-LAX,11:35,11:52,14:25,14:27
575,576,unknown,NA,10:40,11:05,14:45,14:46
576,577,NA/,UA-248-PHX-ORD,12:57,13:32,17:15,17:34
577,578,aa,AA-4330-CVG-ORD,15:35,15:36,16:00,15:33
578,579,flights,unknown,07:15,07:21,10:35,10:36
579,580,flights,unknown,08:50,08:00,11:35,11:32
580,581,flights,AA-4307-ORD-DTW,18:45,18:55,21:10,20:53
581,582,flights,unknown,12:00 pm..,12:11,15:15,15:16
582,583,flights,CO-1694-LAX-IAH,19:15,19:15,00:21,00:21
583,584,flights,UA-843-LAX-ORD,13:55,14:10,19:53,19:58
584,585,flights,CO-1193-ewr-mco,:15 a.m.,09:14,12:18,12:09
585,586,aa,AA-3842-MSP-ORD,6:00 am..,06:56,07:30,07:51
586,587,flights,AA-643-MIA-ORD,07:10,07:30,09:35,09:31
587,588,flights,AA-1007-MIA-PHX,16:55,17:08,20:05,19:55
588,589,flights,AA-2525-DFW-MIA,07:25,07:39,11:100 a.m.,11:06
589,590,flights,unknown,15:05,16:28,18:23,18:38
590,591,flights,UA-938-DEN-ORD,16:16,:15 p.m.,19:35,7:36 .m.
591,592,flights,unknown,20:00,20:23,21:45,21:53
592,593,flights,CO-16-LAX-EWR,10:25,10:20 .am.,18:44,18:34
593,594,flights,unknown,07:05,07:05,10:31,10:47
594,595,flights,AA-400-DFW-JFK,10:40,11:01,14:59,3:04p .m.
595,596,flights,UA-664-ORDD-PHL,13:33,13:31,16:31,16:23
596,597,flights,UA-37-EWR-MCO,1:29 pp.m.,13:48,16:17,16:17
597,598,flights,AA-1522-SFO-ORD,23:55,13:55,05:50,05:50
598,599,unknown,UA-233-LAX-JFK,4:25 p..m.,44:25 p.m.,00:29,00:29
599,600,FLIGHTSTATs,AA-3823-LAX-DEN,21:00,21:00,00:15,00:15
600,601,flights,AA-2312-DFW-DTW,20:25,20:25,23:50,13:50
601,602, ,UA-2314-ATL-PHL,14:55,14:55,17:00,16:47
602,603,flights,AA-1165-JFK-MIA,06:59,07:22,10:34,10:04
603,604,NN/A,AA-431-MIA-SFO,08:35,08:51,11:50,11:44
604,605,flights,UA-257-JFK-SFO,14:30,14:26,18:15,17:42
605,606,flights,UA-3373-IAD-PHL,08:29,08:26,09:24,09:13
606,607,flights,unknown,14:53,15:01,16:48,16:59
607,608,flights,UA-828-SFO-ORD,23:08,23:08,05:11,05:11
608,609,flights,CO-4888-IAH-DAL,17:30,17:30,18:40,18:40
609,610,flights,UA-2704-DTW-PHX,11:15,11:15,13:40,14:00
610,611,FLIghtstats,unknown,20:20,20:39,21:20,21:20
611,612,flights,unknown,14:55,14:55,16:53,16:44
612,613,flights,UA-62-IAH-EWR,14:30,14:48,19:03,19:10
613,614,flights,AA-3804-PHL-ORD,14:35,14:44,16:05,3:43 .pm.
614,615,flights,AA-1917-JFK-MCO,14:55,15:27,17:55,17:43
615,616,flights,AA-2268-PHX-ORD,7:15 am..,07:22,01:35,11:06
616,617,flights,AA-4277-CVG-JFK,12:10,12:10,14:15,13:43
617,618,flights,AA-789-ORD-DEN,13:05,13:19,14:35,15:13
618,619,flights,UA-854-SFO-IAH,07:53,:749 a.m.,13:39,13:30
619,620, ,AA-415-BOS-ORD,08:35,08:56,10:40 am..,10:16
620,621,flights,AA-85-JFK-SFO,15:05,15:36,18:30,18:43
621,622,aa,AA-3786-IAH-ORD,16:00,16:12,18:40,18:15
622,623, ,AA-222-LAX-BOS,07:10,07:31,15:30,15:14
623,624,flights,CO-50-CLE-EWR,14:55,15:31,16:49,17:26
624,625,flights,unknown,11:55,11:55 .am.,18:17,17:38
625,626,flights,unknown,10:40,10:54,12:55,12:50
626,627,unknown,unknown,16:00,15:58,19:05,18:36
627,628,flights,AA-3809-PHX-LAX,06:00,06:10,06:40,06:19
628,629,flights,AA-59-JFK-SFO,07:10,07:39,10:45,11:12
629,630,panynj,AA-3859-IAH-ORD,07:10,07:16,09:40,09:32
630,631,aa,CO-1586-IAH-MCO,19:00,19:14,22:15,22:29
631,632,pnynj,unknown,06:40,06:54,09:25,09:28
632,633,panynj,UA-397-JFK-SOF,08:00,08:29,11:55 am.,11:58
633,634,panynj,UA-3925-IAd-orf,08:41,08:42,9:54 .am.,09:43
634,635,panynj,AA-1733-ORD-PHX,7:445 p.m.,19:58,22:30,22:30
635,636,panynj,AA-3-JFK-LAX,12:00,12:11,15:15,15:16
636,637,panynj,UA-2830-MCO-CLT,15:27,15:27,5:05 .pm.,17:17
637,638,panynj,CO-58-EDN-IAH,11:25,11:32,14:50,15:31
638,639,panynj,unknown,10:39,1033 a.m.,11:19,11:21
639,640,panynj,unknown,11:225 p.m.,23:25,6:55 am..,06:55
640,641,aa,UA-414-LAX-SFO,06:00,05:56,07:23,07:17
641,642,panynj,CO-1614-LAX-IAH,00:30,1:241 a.m.,5:35 am..,05:26
642,643,panynj,UA-2726-FLL-PHL,16:00,16:00,18:46,18:28
643,644,panynj,CO-52-IAH-LAX,07:35,07:29,09:21,09:14
644,645,panynj,CO-1090-BOS-IAH,09:45,10:19,13:16,13:19
645,646, ,AA-616-DFFW-DTW,09:05,10:10,12:35,13:27
646,647,aa,UA-3515--IAD-MSP,08:15,08:12,10:06,09:56
647,648,panynj,AA-3468-CVG-MIA,07:00,07:25,09:55,09:45
648,649,  panynj ,AA-484-DFW-MIA,16:15,4:29 p..m.,19:55,19:39
649,650, ,AA-1886-BOS-MIA,10:45,10:55,14:20,13:40
650,651,aa,CO-62-IAH-EWR,14:30,14:48,19:03,19:10
651,652,panynj,CO-1561-PHX-IAH,08:05,08:00,11:35a .m.,11:32 am.
652,653,aa,UA-2314-ATL-PHL,14:55,2:55p .m.,17:00,16:47
653,654, ,unknown,11:50,12:12,3:50 .pm.,16:09
654,655,panynj,CO-1023-IAH-DEN,11:40,11:56,13:17,13:14
655,656,panynj,unknown,06:00,06:08,09:20,09:05
656,657,panynj,unknown,11:05,11:30,16:57,17:05
657,658,panynj,CO-89-IAH-EWR,06:00,06:02,10:20,10:27
658,659,panynj,unknown,08:40,08:40,10:54,10:56
659,660,pnynj,unknown,10:15,10:18,12:10,11:56
660,661,aa,AA-1279-FDW-PHX,13:00,2:04 pm.,14:35,15:30
661,662,panynj,UA-854-SFO-IAH,75:3 a.m.,07:49,13:39,13:30
662,663,panynj,unknown,12:30,122:35 p.m.,15:19,15:21
663,664,panynj,AA-4344-ORD-DTW,11:45 .am.,12:13,14:00,14:10
664,665,aa,UA-257-JFK-SFO,14:30,14:26,18:15,17:42
665,666,panynj,U-2945-PHL-CLT,00:00,03:11,13:45,13:15
666,667,panynj,CO-63-EWR-IAH,17:25,17:22,20:02,20:03
667,668,aa,CO-47-IAH-LAX,7:10 .pm.,20:25,20:56,21:52
668,669,PANynj,AA-2050-ORD-MIA,10:40,11:05,14:45,14:46
669,670,panynj,UA-248-PHX-ORD,12:57,13:32,17:15,17:34
670,671,panynj,AA-4330-CVG-ORD,15:35,15:36,16:00,15:33
671,672,paynnj,AA-1434-DFW-MCO,07:15,07:21,10:35 a.mm.,10:36
672,673,panynj,AA-1640-MIA-MCO,18:30,18:30,19:25,19:25
673,674, ,AA-4307-ORD-DTW,18:45,18:55,21:10,20:53
674,675,panynj,CO-1694-LAX-IAH,19:15,19:15,00:21,00:21
675,676,panynj,UA-843-LAX-ORD,13:55,14:10,19:53,19:58
676,677,panynj,CO-1193-EWR-MCO,09:15,09:14,12:18,12:09
677,678,ppanynj,unknown,06:00,6:65 a.m.,07:30,07:51
678,679,panynj,AA-643-MIA-ORD,07:10,07:30,09:35,09:31
679,680,apnynj,AA-1007-MIA-PHX,16:55,17:08,20:05,:55 p.m.
680,681,PANYnj,UA-2906-PHL-MCO,15:50,16:28,18:23,18:38
681,682,panynj,UA-938-DEN-ORD,16:16,16:15,19:35,19:36
682,683,panynj,AA-1221-MCO-ORD,20:00,20:23,21:45,21:05
683,684,panynj,CO-166-LAX-EWR,10:02,10:20 am.,18:44,6:34 pm..
684,685,  panynj ,UA-2515-DFW-CLT,07:05,07:05,10:31,10:47
685,686,panynj,AA-400-DFW-JFK,10:40,11:01,2:5 9p.m.,15:04
686,687,panynj,UA-664-ORD-PHL,13:33,13:31,16:31,16:23
687,688, ,AA-3756-ORD-SLC,12:15,12:41,:45 p.m.,14:50
688,689,panynj,UA-37-EWR-MCO,13:29,1::48 p.m.,16:17,16:17
689,690,N/a,AA-1522-SFO-ORD,23:55,23:55,05:50,05:50
690,691,panynj,UA-233-LAX-JFK,16:25,16:25,00:29,00:29
691,692,aa,AA-3823-LAX-DEN,21:00,21:00,00:15,00:15
692,693,aa,unknown,20:25,20:25,23:50,23:50
693,694,panynj,unknown,06:59,07:22,10:34,10:04
694,695,PAnynj,unknown,08:35,08:51,11:50,11:44
695,696,paynj,UA-3373-IAD-PHL,08:29,08:26,09:24,09:13
696,697,panynj,AA-649-ORD-SNA,13:30,13:30,15:50,15:50
697,698,aa,CO-1250-MIA-IAH,14:53,15:01,16:48,16:59
698,699,panynj,UA-6273-YYYC-SFO,7:335 a.m.,07:27,09:43,08:45
699,700,panynj,UA-828-SFO-ORD,23:08,23:08,05:11,05:11
700,701,panynj,CO-488-8IAH-DAL,17:30,17:30,18:40,18:40
701,702,  panynj ,UA-858-PVG-FSO,13:45,13:32,08:27,08:02
702,703,panynj,UA-2704-DTW-PHX,11:15,11:15,13:40,14:00
703,704,panynj,AA-3063-SLC-LAX,20:20,20:39,21:20,21:20
704,705,panynj,unknown,14:55,14:55,16:53,16:44
705,706,aa,UA-62-IAH-EWR,14:30,14:48,19:03,19:10
706,707,panynj,UA-1500-IAH-GUA,08:55,09:16,11:45,11:56
707,708,panynj,AA-3804-PHL-ORD,14:35,14:44,16:05,15:43
708,709,unknown,AA-1917-JFK-MCO,14:55,3::27 p.m.,17:55,17:43
709,710,panynj,AA-2268-PHX-ORD,07:15,07:22,11:35,111:06 a.m.
710,711,aa,AA-4277-CVG-JFK,12:10 pm.,12:10,14:15,13:43
711,712,aa,AA-2957-DFW-CVG,07:55,08:04,11:05,11:01
712,713,aa,unknown,09:05,08:52,11:53,12:09
713,714, ,AA-789-ORD-DEN,13:05,13:19,14:35,3::13 p.m.
714,715,aa,AA-415-BOS-ORD,08:35,08:56,10:40,10:16
715,716,panynj,AA-85-JFK-SFO,15:05,15:36,18:30,18:43
716,717, ,unknown,07:30,08:04,08:00,8:06a .m.
717,718,panynj,AA-1544-SAN-ORD,11:25,11:40,17:25,16:56
718,719,unknown,unknown,16:00,16:12,18:40,18:15
719,720,panynj,AA-721-MIA-LAX,11:35,11:52,14:25,14:27
720,721,unknown,AA-2525-DFW-MIA,07:25,07:39,11:110 a.m.,11:06
721,722,  panynj ,CO-50-CLE-EWR,14:55,15:31,16:49,17:26
722,723,panynj,UA-3099-PHX-PHL,11:55,11:55 aa.m.,18:17,17:38
723,724,anynj,AA-4198-ORD-CLE,10:40,10:54,12:55,12:50
724,725,panynj,AA-044-MIA-MCO,06:45,06:57,07:45,7:40a .m.
725,726,panynj,CO-45-EWR-MIA,16:00,15:58,19:05,63:6 p.m.
726,727,panynj,AA-3809-PHX-LAX,06:00,06:10,06:40,06:19
727,728,aa,AA-59-JFK-SFO,07:10,07:39,10:45,11:12
728,729,panynj,AA-222-LAX-BOS,07:10,07:31,15:30,15:14
729,730,aa,unknown,07:10,07:16,09:40,09:32
730,731,flightexplorer,AA-1733-ORD-PHX,19:45,19:58,22:30,22:30
731,732,flightexplorer,CO-1586-IAH-MCO,19:00,19:14,22:15,1:029 p.m.
732,733,flightexplorer,UA-397-JFK-SFO,08:00,08:29,11:55,11:58
733,734,flightexplorer,UA-3925-IAD-ORF,08:41,08:42,09:54,09:43
734,735,flightexplorer,AA-1640-MIA-MCO,18:30,18:30,19:25,19:25
735,736,flightexplorer,AA-1544-SAN-ORD,11:25,11:40,17:25,16:56
736,737,aa,UA-5487-SFO-MRY,10:39,10:33,11:19,11:21
737,738,flightexplorer,AA-204-lax-mco,23:25,23:25,6:55a .m.,06:55
738,739, ,UA-414-LAX-SFO,06:00,05:56,07:23,07:17
739,740,flightexplorer,CO-1614-LAX-IAH,00:30,00:41,5:35 a.mm.,05:26
740,741,lightexplorer,unknown,12:15,12:41,14:45,2:50 .pm.
741,742,flighteexplorer,AA-3468-CVG-MIA,07:00,07:25,09:55,09:45
742,743,flgihtexplorer,AA-484-DFW-MIA,16:15,16:29,19:55,19:39
743,744,fflightexplorer,AA-616-DFW-DTW,09:05,10:10,12:35,13:27
744,745,flightexplorer,AA-446-DFW-PHL,11:50,12:12,15:50,16:09
745,746,flightexploerr,CO-1023-IAH-DEN,11:40,11:56,13:17,13:14
746,747,flighexplorer,AA-466-IAH-MIA,06:00,06:08,9:220 a.m.,09:05
747,748,flightexplorer,unknown,07:55,08:04,11:05,11:01
748,749,FLightexplorer,unknown,10:155 a.m.,10:18,12:10,11:56
749,750,flightexplorer,unknown,07:30,08:04,08:00,08:06
750,751,flightexplorer,AA-1279-DFW-PHX,13:00,14:04,14:35,15:30
751,752,flightexplroer,UA-382-IAD-LAX,12:30,12:35,3:91 p.m.,15:21
752,753,unknown,AA-4344-ORD-DTW,11:45,12:13,14:00,2:10 pp.m.
753,754,flightexplorer,UA-257-JFK-SFO,2:30 p..m,14:26,18:15,17:42
754,755,  flightexplorer ,AA-271-MIA-LAX,11:35,11:52,14:25,14:27
755,756,flightexplorer,AA-2050-ORD-MIA,10:40,11:05,14:45,14:46
756,757,flightexplorer,UA-248-PHX-ORD,12:57,13:32,17:15,17:34
757,758,aa,AA-4330-CVG-ORD,15:35,15:36,16:00,15:33
758,759,flightexplorer,AA-1434-DFW-MCO,07:15,07:21,10:35,10:36
759,760,FLIGHTEXplorer,unknown,18:45,18:55,21:10,8:553 p.m.
760,761,flightexplorer,AA-3-JFK-LAX,12:00,12:11,15:15,15:16
761,762,flightexplorer,CO-1193-EWR-MCO,9:15 .m.,09:14,12:18,12:09
762,763,aa,AA-3842-MSP-ORD,06:00,06:56,07:30,07:51
763,764,flightexplorer,AA-643-MIA-ORD,07:10,07:30,09:35,09:31
764,765,flightepxlorer,AA-1007-MIA-PHX,16:55,17:08,20:05,19:55
765,766,flightexplorer,AA-2525-DFW-MIA,07:25,07:39,1110 a.m.,11:06
766,767,flightexplorer,unknown,16:16,16:15,19:35,19:36
767,768,flightexplorer,AA-1221-CO-ORD,20:00,20:23,9:45 pp.m.,21:53
768,769,flightexplorer,AA-1886-BOS-MIA,10:45,10:55,14:20,13:40
769,770,aa,UA-664-ORD-PHL,13:33,13:31,16:31,16:23
770,771,flightexplorer,unknown,13:29,13:48,16:17,16:17
771,772,flightexplorer,AA-1522-SFO-ORD,23:55,23:55,05:50,05:50
772,773,flightexplorer,AA-3823-LAX-DEN,21:00,21:00,00:15,00:15
773,774,aa,AA-2312-DFW-DTW,20:25,20:25,23:50,23:50
774,775,flightexplorer,unkknown,06:59,07:22,10:34,10:04
775,776, ,AA-431-MIA-SFO,88:35 a.m.,08:51,11:50,11:44
776,777,flightexplorer,UA-3373-IAD-PHL,08:29,08:26,09:24,9:13 .am.
777,778,flightexplorer,unknown,13:30,13:30,15:50,15:50
778,779,flightexplorer,UA-828-SFO-ORD,23:08,23:08,05:11,05:11
779,780,flightexplorer,CO-4888-IAH-DAL,17:30,17:30,18:40,18:40
780,781,flightexplorer,unknown,08:05,08:00,11:35,11:32
781,782,flightexplorer,AA-3804-PHL-ORD,14:35,14:44,16:05,15:43
782,783,flightexplorer,unknown,7:15 a..,07:22,11:35,11:06
783,784,flightexplorer,UA-233-LAX-JFK,16:25,16:25,00:29,00:29
784,785,flightexplorer,UA-6273-YYC-SFO,07:35,07:27,09:43,08:45
785,786,fligtexplorer,AA-4277-CVG-JKF,12:10,12:10,14:15,13:43
786,787,flightexplorer,AA-789-ORD-DEN,13:05,23:09,14:35,15:13
787,788,flightexplorer,AA-222-LAX-BOS,07:10,07:31,15:30,15:14
788,789,flightexplorer,AA-498-ORD-CLE,10:40,10:54,12:55,12:50
789,790,flightexplorer,AA-404-MIA-MCO,06:45,06:57,07:45,07:40
790,791,flightexplorer,AA-3089-PHX-LAX,06:00,06:10,06:40,6:199 a.m.
791,792,flightexplorer,AA-59-JFK-SFO,07:10,07:39,10:45,11:12
792,793,ia,AA-2050-ORD-MIA,10:40,11:05,14:45,14:46
793,794,mia,unknown,6:59a .m.,7:22 aa.m.,10:34,10:04 aa.m.
794,795,miia,AA-484-DFW-MIA,16:15,16:29,19:55,19:39
795,796,aa,AA-466-IAH-MIA,06:00,06:08,09:20,09:05
796,797,mia,AA-2525-DFW-MIA,07:25,07:39,11:10,11:06
797,798,iad,UA-382-IAD-LAX,12:30,12:35,15:19,15:21
798,799,dfw,AA-1279-DFW-PHX,13:00,14:04,2:35 p..m.,15:30
799,800,dfw,AA-2312-DFW-DTW,20:25,20:25,23:50,23:50
800,801,aa,AA-446-DFW-PHL,11:50,12:12,15:50,16:09
801,802,dfw,AA-400-DFW-JFK,10:40,11:01,14:59,15:04
802,803,dfw,AA-484-DFW-MIA,16:15,16:29,19:55,19:39
803,804,mco,CO-1586-IAH-MCO,19:00,19:14,22:15,22:29
804,805,  mco ,AA-1917-JFK-MCO,14:55,15:27,17:55,17:43
805,806,mco,AA-1640-MIA-MCO,:630 p.m.,18:30,19:25,19:25
806,807,mco,AA-404-MIA-MCO,06:45,06:57,07:45,07:40
807,808,unknown,AA-204-LAX-MCO,23:25,23:25,06:55,06:55
808,809,mco,unknown,20:00,20:23,21:45,21:53
809,810,Mco,AA-1434-DFW-MCO,07:15,07:21,10:35,10:36
810,811,mco,CO-1193-EWR-MCO,9:155 a.m.,09:14,12:18,12:09 pp.m.
811,812,flights,AA-3859-IAH-ORD,07:10,07:16,9:40 aa.m.,09:32
812,813,flights,CO-1586-IAH-MCO,19:00,19:14,22:15,22:29
813,814,flights,unknown,06:40,06:54,09:25,09:28
814,815,flights,UA-397-JFK-SFO,08:00,08:29,11:55,11:58
815,816,flights,unknown,08:41,08:42,09:54,09:43
816,817,flights,unknown,19:45,19:58,22:30,22:30
817,818,flights,unknown,12:00,12:11,15:15,15:16
818,819,flights,unknown,15:27,15:27,17:05,17:17
819,820,flights,CO-58-DEN-IAH,11:25,11:32,14:50,15:31
820,821,flights,UA-5487-SFO-MRY,10:39,10:33,11:19,11:21
821,822,flights,AA-204-LAX-MCO,23:25,23:25,06:55,06:55
822,823,flights,UA-414-LAX-SFO,06:00,05:56,07:23,07:17
823,824,flights,CO-1614-LAX-IAH,00:30,00:41,05:35,05:26
824,825,flights,UA-2726-FLL-phl,4:00 pm..,16:00,18:46,18:28
825,826,aa,CO-52-IAH-LAX,07:35,07:29,09:21,09:14
826,827,flights,CO-1090-BOSIAH,09:45,10:19,13:16,13:19
827,828,flights,AA-616-DFW-DTW,09:05,10:10,12:35,13:27
828,829,aa,UA-3515-IAD-MSP,08:15,08:12,10:06,9:65 a.m.
829,830,flights,AA-3468-CVG-MIA,07:00,07:25,09:55,09:45
830,831,flights,AA-484-DFW-MIA,16:15,16:29,19:55,19:39
831,832,flights,unknown,10:45,10:55,14:20,13:40
832,833,flights,unknown,14:30,14:48,19:03,19:10
833,834,flights,CO-1561-PHX-IAH,08:05,08:00,11:35,11:32
834,835,flights,UA-2314-ATL-PHL,14:55,14:55,17:00,16:47
835,836,aa,AA-446-DFW-PHL,11:50,12:12,15:50,16:09
836,837,aa,CO-1023-IAH-DEN,11:40,11:56,13:01,13:14
837,838,flights,AA-466-IAH-MIA,06:00,06:08,09:20,09:05
838,839,flights,UA-3050-PHX-CLT,11:05,11:30,16:57,17:05
839,840, ,unknown,06:00,06:02,10:20,10:27
840,841,flights,CO-1088-CLE-IAH,08:40,08:40,10:54,10:56
841,842,flights,AA-1664-MIA-ATL,10:15 am..,10:18,12:10,111:56 a.m.
842,843,aa,AA-1279-DFW-PHX,13:00,14:04,14:35,15:30
843,844,flights,UA-854-SFO-IAH,07:53,07:49,13:39,13:30
844,845,aa,UA-382-IAD-LAX,12:30,12:35,15:19,15:21
845,846,flights,AA-4344-ORD-DTW,11:45,12:13,14:00,14:10
846,847,flights,UA-257-JFK-SFO,14:30,14:26,18:15,17:04
847,848,flights,UA2-945-PHL-CLT,12:00 a..m.,03:11,13:45,1:15 pm..
848,849,flights,unknown,17:25,17:22,20:22,20:03
849,850,flights,CO-47-IAH-LAX,19:10,20:25,20:56,21:05
850,851, ,AA-2050-ORD-MIA,10:40,11:05,14:45,14:46
851,852,flights,unknown,12:57,13:32,17:15,17:34
852,853,flights,AA-4330-CVG-ORD,15:35,15:36,16:00,15:33
853,854,flights,unknown,07:15,07:21,10:35,10:36
854,855,flights,AA-1640-MIA-MCO,18:30,18:30,19:25,19:25
855,856,flights,AA-4307-ORD-DTW,18:45,18:55,21:10,20:53
856,857,unknown,CO-1694-LAX-IAH,19:15,19:15,00:21,00:21
857,858,flights,/A,13:55,14:10,7:53 p..,19:58
858,859,flights,CO-1193-EWR-MCO,9:15 .m.,09:14,12:18,12:09
859,860,flights,AA-3842-MSP-ORD,06:00,6:56 aa.m.,07:30,07:51
860,861,flights,unknown,07:10,07:30,09:35,09:31
861,862,flights,AA-1007-MIA-PHX,16:55,17:08,20:05,19:55
862,863,flights,UA-290-PHL-MCO,15:50,16:28,18:23,18:38
863,864,aa,UA-938-DEN-ORD,16:16,16:15,19:35,19:36
864,865,flights,AA-1221-MCO-ORD,20:00,20:23,21:45,21:53
865,866,aa,CO-16-LAX-EWR,10:25,10:20,18:44,18:34
866,867,aa,UA-2515-DFW-CLT,07:05,07:05,10:31,10:74 a.m.
867,868,flights,AA-400-DFW-JFK,10:40,11:01,14:59,15:04
868,869,aa,UA-664-ORD-PHL,13:33,13:31,16:31,16:23
869,870,flights,A,12:15,12:41,14:45,14:50
870,871,aa,UA-37-EWR-MCO,13:29,13:48,16:17,16:17
871,872,flights,AA-1522-SFO-ORD,23:55,23:55,05:50,05:50
872,873,flights,UA-233-LAX-JFK,16:25,16:25,00:29,00:29
873,874,flights,AA-3823-LAX-DEN,21:00,21:00,00:15,00:15
874,875,flights,AA-2312-DFW-DTW,825 p.m.,20:25,23:50,23:50
875,876,flights,unknown,06:59,7:22 a..m.,10:34,10:04
876,877,flights,unknown,08:35,08:51,11:50,11:44
877,878,flights,UA-3373-IAD-PHL,08:29,08:26,09:24,09:13
878,879,flights,AA-649-ORD-SNA,13:30,13:30,15:50,15:50
879,880,flights,CO-1250-MIA-IAH,14:53,3:01 .m.,16:48,16:59
880,881,flights,unknown,7:335 a.m.,07:27,09:43,08:45
881,882,flights,UA-828-SFO-ORD,23:08,23:08,05:11,05:11
882,883,flights,CO-4888-IAH-DAL,17:30,17:30,18:40,18:40
883,884,flights,unknown,13:45,13:32,08:27,08:02
884,885,flights,UA-2704-DTW-PHX,11:15,11:15,13:40,14:00
885,886,flights,AA-3063-SLC-LAX,:820 p.m.,20:39,21:20,92:0 p.m.
886,887,flights,UA-2708-EWR-CLT,14:55,14:55,16:53,16:44
887,888,flights,unknown,14:30,14:48,7:033 p.m.,19:10
888,889,aa,UA-1500-IAH-GUA,08:55,09:16,11:45,11:56
889,890,flights,AA-3804-PHL-ORD,14:35,14:44,16:05,15:43
890,891,flights,AA-1917-JFK-MCO,14:55,15:27,17:55,17:43
891,892,aa,AA-2268-PHX-ORD,07:15,07:22,11:35,11:06
892,893,aa,AA-4277-CV-JFK,12:10,12:10,14:15,13:43
893,894,aa,AA-2957-DFW-CVG,7:55 aa.m.,08:04,11:05,11:01
894,895,flights,UA-37-EDI-EWR,09:05,08:52,11:53,12:09
895,896,flights,AA-789-ord-den,13:05,13:19,14:35,15:13
896,897,flights,AA-415-BOS-ORD,08:35,08:56,10:40,10:16
897,898,flights,unknown,15:05,15:36,18:30,18:43
898,899,flights,AA-3979-CVG-ORD,07:30,08:04,08:00,08:06
899,900,flights,AA-1544-SAN-ORD,11:25,11:40,17:25,16:56
900,901,flights,AA-3786-IAH-ORD,16:00,16:12,18:40,18:15
901,902,flights,AA-271-MIA-LAX,11:35,11:52,14:25,2:27p .m.
902,903,flights,AA-2525-DFW-MIA,07:25,07:39,11:10,11:06
903,904,flights,unknown,14:55,15:31,16:49,17:26
904,905,flights,UA-3099-PHX-PHL,11:55,11:55,18:17,17:38
905,906,flights,AA-4198-ORD-CLE,10:40,10:54,12:55,12:50
906,907,flights,unknown,06:45,06:57,07:45,07:40
907,908,flights,unknown,16:00,15:58,19:05,18:36
908,909,flights,AA-3809-PHX-LAX,06:00,06:10,06:40,06:19
909,910,aa,AA-59-JFK-SFO,07:10,7:39a .m.,10:45,11:12
910,911,flights,AA-222-LAX-BOS,07:10,07:31,15:30,3:14 p..
911,912,flightview,AA-3859-IAH-ORD,07:10,07:16,09:40,09:32
912,913,aa,AA-1640-MIAM-CO,18:30,18:30,19:25,19:25
913,914, ,UA-3925-IAD-ORF,:841 a.m.,08:42,09:54,09:43
914,915,flightview,AA-4344-ORD-DTW,11:45,12:13,14:00,14:10
915,916,flightview,UA-414-LAX-SFO,06:00,05:56,07:23,07:17
916,917,flightview,unknown,00:30,00:41,05:35,05:26
917,918,flightview,CO-52-IAH-LAX,07:35,07:29,09:21,09:14
918,919,flightview,CO-1090-BOS-IAH,9:45a .m.,10:19,13:16,13:19
919,920,flightview,AA-3468-CVG-MIA,07:00,07:25,09:55,09:45
920,921,flightview,unknown,14:30,14:48,19:03,19:10
921,922,flightview,AA-466-IAH-MIA,6:00a .m.,06:08,09:20,09:05
922,923,flightview,AA-1664-MIA-ATL,10:15,10:18,12:10,11:56
923,924,flightview,unknown,13:00,14:04,14:35,15:30
924,925,aa,AA-404-MIA-MCO,06:45,06:57,07:45,07:40
925,926,aa,UA-38-2IAD-LAX,12:30,12:35,15:19,15:21
926,927,flightview,unknown,14:55,3:31 p..m.,16:49,17:26
927,928,flightview,AA-616-DFW-DTW,09:05,10:10,12:35,13:27
928,929,flightview,unknown,11:35,11:52,14:25,14:27
929,930,flightview,AA-2050-ORD-MIA,10:40,11:05,14:45,14:46
930,931,  N/A ,unknown,18:45,18:55,21:10,20:53
931,932,unknown,AA-3-JFK-LAX,1:200 p.m.,12:11,15:15,15:16
932,933,unkonwn,CO-1694-LAX-IAH,7:115 p.m.,19:15,00:21,00:21
933,934,flightview,CO-1193-WER-MCO,09:15,09:14,12:18,12:09
934,935,flightview,UA-2906-PHL-MCO,15:50,16:28,18:23,18:38
935,936,flightview,AN,16:16,16:15,19:35,19:36
936,937,flightview,AA-1221-MCO-ORD,20:00,20:23,21:45,21:53
937,938,flightview,CO-16-LAX-EWR,10:25,10:20,6:4 4p.m.,18:34
938,939,flightview,Ua-2515-dfw-clt,07:05,07:05,10:31,10:47
939,940,flightview,AA-400-DFW-JFK,10:40,11:01,14:59,15:04
940,941,unknown,UA-664-ord-phl,:133 p.m.,13:31,16:31,16:23
941,942,flightview,UA-37-EWR-MCO,13:29,13:48,16:17,41:7 p.m.
942,943,flightview,UA-233-LAX-JFK,44:25 p.m.,16:25,00:29,00:29
943,944,flightview,AA-2312-DFW-DTW,20:25,20:25,23:50,23:50
944,945,flightview,AA-431-mia-sfo,08:35,08:51,11:50,11:44
945,946,flightview,UA-257-JFK-SFO,14:30,14:26,18:15,17:42
946,947,flightview,UA-3373-IAD-PHL,08:29,08:26,09:24,09:13
947,948,unknown,UA-828-SFO-ORD,23:08,23:08,05:11,05:11
948,949,flightview,unknown,17:30,17:30,18:40,18:40
949,950,flightview,UA-858-PVG-SFO,13:45,1:32 pp.m.,08:27,08:02
950,951,aa,UA-2704-DTW-PHX,11:15 a.mm.,11:15,13:40,14:00
951,952,flightview,AA-3063-SLC-LAX,20:20,20:39,21:20,9:20 p..m
952,953,flightview,unknown,08:55,09:16,11:45,11:56
953,954,aa,CO-1561-PHX-IAH,08:05,08:00,11:35,11:32
954,955,flightview,AA-2268-PHX-ORD,07:15,07:22,11:35,11:06 .m.
955,956,flightview,UA-2314-ATL-PHL,14:55,14:05,17:00,16:47
956,957,flightarrivval,unknown,07:35,07:27,09:43,08:45
957,958,FLIGHTARRIVAl,AA-4277-CVG-FJK,12:10,12:10,14:15,13:43
958,959,flightview,unknown,7:55 a..,08:04,11:05,11:01
959,960,aa,unknown,09:05,08:52,11:53,12:09
960,961,flightview,unknown,07:53,07:49,139 p.m.,13:30
961,962,unknown,AA-85-JFK-SFO,15:05,15:36,18:30,18:04
962,963,flightview,unknown,11:25,11:40,17:25,4:56 .pm.
963,964, ,unknown,16:00,16:12,18:40,6:15 .m.
964,965, ,CO-1088-CLE-IAH,08:40,08:40,10:54,10:56
965,966,/A,AA-4198-ORD--CLE,10:40,10:54,12:55,12:50
966,967,flightview,AA-3809-PHX-LAX,06:00,06:10,06:40,06:19
967,968,aa,AA-59-JFK-SFO,07:10,07:39,10:45,11:12
968,969,flightarriival,AA-222-LAX-BOS,07:10,07:31,15:30,31:4 p.m.
969,970,aa,A-3859-IAH-ORD,07:10,07:16,09:40,09:32
970,971,aa,AA-3824-MSP-ORD,06:00,06:56,07:30,07:51
971,972,flights,AA-643-MIA-ORD,07:10,07:30,09:35,09:31
972,973,flights,AA-11640-MIA-MCO,18:30,18:30,19:25,19:25
973,974,NN/A,AA-2525-DFW-MIA,07:25,07:39,11:10 a.mm.,11:06
974,975,flights,UA-3050-PHX-CLT,11:05,11:30,16:57,17:05
975,976,flights,UA-3925-IAD-ORF,08:41,08:42,09:54,09:43
976,977,flights,UA-664-ORD-PHL,13:33,13:31,16:31,16:23
977,978,flights,AA-789-ORD-DEN,13:05,13:19,14:35,15:13
978,979,flights,unknown,20:25,20:25,23:50,23:50
979,980,flights,CO-1694-LAX-IAH,19:15,19:15,00:21,00:21
980,981,flights,unknown,17:25,17:22,20:22,20:03
981,982,aa,AA-3786-IAH-ORD,16:00,16:12,18:40,18:15
982,983,flights,CO-47-IAH-LAX,19:10,20:25,20:56,21:52
983,984,flights,unknown,07:15,07:21,10:35,10:36
984,985,aa,AA-4330-CVG-ORD,15:35,15:36,16:00,15:33
985,986,FLIGHTWISe,unknown,06:00,06:10,06:40,06:19
986,987,flights,AA-59-JFK-SFO,07:10,07:39,10:45,11:12
987,988,aa,unknown,18:45,6:55 pm..,21:10,20:53
988,989,flights,AA-85-JFK-SFO,15:05,15:36,18:30,18:43
989,990,travelocity,AA-3859-IAH-ORD,07:10,07:16,09:40,09:02
990,991,tavelocity,AA-518-MIA-JFK,06:40,06:54,09:25,09:28
991,992,unknown,UA-397-JFK-SFO,08:00,08:29,11:55,11:58
992,993,travelociy,UA-3925-IAD-ORF,8:41 a.mm.,08:42,09:54,09:43
993,994,tavelocity,AA-1733-ORD-PHX,19:45,19:58,22:30,22:30
994,995,travelocity,AA-1640-MIA-MCO,18:30,18:30,19:52,19:25
995,996,travelocity,AA-3-JFK-LAX,12:00,12:11,15:15,15:16
996,997,travelocity,UA-2830-MCO-CLT,15:27,15:27,17:05,17:17
997,998,travelocity,AA-1544-SAN-ORD,11:25,11:40,17:25,16:56
998,999,travelcoity,AA-204-LA-XMCO,23:25,23:25,06:55,06:55
999,1000,travelocity,unknown,06:00,05:56,07:23,07:17
1000,1001,aa,unknown,12:15,12:41,14:45,14:50
1001,1002,travelocity,UA-2726-FLL-PHL,16:00,400 p.m.,:646 p.m.,18:28
1002,1003,travelocity,AA-3468-CVG-MIA,7:00 a..m,07:25,09:55,09:45
1003,1004,ttravelocity,UA-3515-IAD-MSP,08:15,08:12,10:06,09:05
1004,1005,travelocity,AA-484-DFW-MIA,16:15,16:29,19:55,19:39
1005,1006,travelocity,CO-62-IAH-EWR,14:30,14:04,19:03,19:10
1006,1007,aa,AA-446-DFW-PHL,1150 a.m.,12:12,15:50,16:09
1007,1008,travelocity,AA-466-IAH-MIA,06:00,06:08,09:20,09:05
1008,1009,travelocity,UA-3050-PHX-CLT,11:05,11:30,16:57,17:05
1009,1010,TRAVELOcity,CO-89-IAH-EWR,06:00,06:02,10:20,10:27
1010,1011,travelocty,CO-1088-CLE-IAH,08:40,08:40,10:54,10:56
1011,1012,TRAVElocity,AN,10:45,10:55,14:20,13:40
1012,1013,travelocity,AA-2957-DFW-CVG,:755 a.m.,08:04,11:05,11:01
1013,1014,aa,AA-1664-MIA-ATL,10:15,10:18,12:10,11:56
1014,1015,travelocity,AA-3979-CVG-ORD,07:30,08:04,08:00,08:06
1015,1016,travelocity,AA-1279-DFW-PHX,13:00,14:04,14:35,15:30
1016,1017,travelocity,AA-616-DFW-DTW,09:05,10:10,12:35,13:27
1017,1018,aa,AA-4344-ORD-DTW,11:45,12:13,14:00,2:10 pm..
1018,1019,travelocity,UA-2945-PHL-CLT,00:00,03:11,13:45,13:15
1019,1020,aa,unknown,07:25,07:39,11:10,11:06
1020,1021,traveloocity,AA-271-MIA-LAX,11:35,11:52,14:25,227 p.m.
1021,1022,travelocity,AA-20500-ORD-MIA,10:40,11:05,14:45,14:46
1022,1023,traevlocity,AA-1434-DFW-MCO,07:15,7:21 a.mm.,10:35,1:036 a.m.
1023,1024,travelocity,CO-1561-PHX-IAH,08:00,08:00,11:35,11:32 a..
1024,1025,travelocity,AA-4307-ORD-DTW,18:45,18:55,21:10,20:53
1025,1026,aa,CO-1694-LAX-IAH,19:15,19:15,00:21,00:21
1026,1027,travelocity,UA-843-LAX-ORD,13:55,14:10,19:53,7:58 pm.
1027,1028,travelocity,CO-1193-EWR-MCO,09:15,09:14,12:18 .m.,12:09
1028,1029,unknown,unknown,06:00,06:56,07:30,07:51
1029,1030,travelocity,AA-643M-IA-ORD,07:10,07:30,09:35,09:31
1030,1031,travelocity,UA-2906-PHL-MCO,15:50,16:28,18:23,18:38
1031,1032,TRavelocity,AA-1221-MCO-ORD,20:00,20:23,21:45,21:53
1032,1033,travelocity,UA-2515-DFW-CLT,07:05,07:05,10:31,10:47
1033,1034,aa,AA-400-DFW-JFK,10:40,11:01,14:59,304 p.m.
1034,1035,travelocity,UA-664-ORD-PHL,13:33,13:31,16:31,16:23
1035,1036,travelocity,AA-1522-SFO-ORD,23:55,23:55,05:50,05:50
1036,1037, ,unknown,16:25,16:25,00:29,00:29
1037,1038,aa,AA-3823-LAX-DEN,21:00,21:00,00:15,00:15
1038,1039,travelocity,AA-2312-dfw-dtw,20:25,20:25,23:50,23:50
1039,1040,travelocity,AA-1165-JFK-MIA,06:59,07:22,10:34,10:04
1040,1041,unknown,AA-431-MIA-SFO,08:35,08:51,11:50,11:44
1041,1042,aa,UA-257-JFK-SFO,14:30,14:26,18:15,17:42
1042,1043,unknown,UA-3373-IAD-PHL,08:29,08:26,09:24,09:13
1043,1044,travelocity,AA-649-ORD-SNA,13:30,13:30,15:50,15:50
1044,1045,travelocity,CO-1250-MIA-IAH,14:53,15:01,16:48,16:59
1045,1046,travelocity,UA-6273-YYC-SFO,07:35,07:27,09:43,08:45
1046,1047,travelocity,UA-858-PVG-SFO,13:45,13:32,08:27,08:02
1047,1048,travelocity,unknown,11:15,11:15,13:40,14:00
1048,1049,travelocity,AA-3063-SLC-LAX,20:20,20:39,21:20,21:20
1049,1050,aa,unknown,14:55,14:55,16:53,4:44 pp.m.
1050,1051,travelocity,UA-62-IAH-EWR,14:30,14:48,19:03,19:10
1051,1052,travelocity,AA-3804-PHL-ORD,14:35,14:44,16:05,15:43
1052,1053,aa,AA-1917-JFK-MCO,14:55,15:27,17:55,17:43
1053,1054,travelocity,AA-2268-PHX-ORD,07:15,07:22,11:35,11:06
1054,1055,travelocity,UA-2314-ATL-PHL,14:55,14:55,17:00,16:47
1055,1056,travelocity,AA-4277-CVG-JFK,12:10,12:01,14:15,13:43
1056,1057,TRAVelocity,UA-37-EDI-EWR,09:05,08:52,11::53 a.m.,12:09
1057,1058,travelocity,AA-789-ORD-DEN,13:05,13:19,14:35,15:13
1058,1059,travelocity,unknown,07:03,07:49,1:39 p..m,13:30
1059,1060,travelocity,AA-451-BOS-ORD,83:5 a.m.,08:56,10:40,10:16
1060,1061,travelocity,AA-85-jfk-sfo,15:05,15:36,18:30,18:43
1061,1062,traveelocity,unknown,16:00,16:12,18:40,18:15
1062,1063,aa,unknown,14:55,15:31,16:49,17:26
1063,1064, ,UA-3099-PHX-PHL,11:55,11:55,18:17,17:38
1064,1065,aa,unknown,10:40,10:54,12:55,12:50
1065,1066,travelocity,AA-222-LAX-BOS,07:10,07:31,15:30,15:14
1066,1067,travelocity,AA-404-MIA-MCO,06:45,06:57,07:45,07:40
1067,1068,  travelocity ,unknown,16:00,15:58,19:05,18:36
1068,1069,travelocity,AA-3809-PH-XLAX,600 a.m.,06:10,06:40,06:19
1069,1070,travelocity,AA-59-JFK-SFO,07:10,07:39,10:45,11:12
1070,1071,aa,AA-3859-IAH-ORD,07:10,7:1 6a.m.,09:40,09:32
1071,1072,foxbusiness,unknown,19:00,19:14,22:15,110:29 p.m.
1072,1073,aa,AA-518-MIA-JFK,06:40,06:04,09:05,09:28
1073,1074,unknown,UA-397-JFK-FSO,08:00,08:29,11:55,11:5 8a.m.
1074,1075,foxbusiness,unknown,08:41,08:42,09:54,09:43
1075,1076,foxbusiness,AA-1733-ORD-PHX,77:45 p.m.,19:58,22:30,22:30
1076,1077,foxbusiness,AA-3-JFK-LAX,12:00,12:11,15:15,15:16
1077,1078,foxbusiness,UA-2830MCO-CLT,15:27,15:27,17:05,17:17
1078,1079,foxbusiness,CO-58-DEN-IAH,11:25,11:32,14:50,15:31
1079,1080,foxbusiness,UA-5487-SFO-MRY,10:39a .m.,10:33,11:19,11:21
1080,1081,foxbusiness,AA-204-LAX-MCO,23:25,23:25,06:55,06:55
1081,1082,foxbusiness,UA-414-LAX-SO,06:00,05:56,07:23,07:17
1082,1083,foxbusiness,unknown,00:30,00:41,05:35,05:26
1083,1084,foxbusiness,UA-2726-FLL-PHL,16:00,16:00,18:46,18:28
1084,1085,foxbusiness,CO-52-IAH-LAX,07:35,07:29,09:21,09:14
1085,1086,foxbusiness,CO-1090-BOS-IAH,09:45,10:19,13:16,13:19
1086,1087,foxbusiness,unknown,09:05,10:10,12:35,13:27
1087,1088,foxbusiness,unknown,8:15 am..,08:12,10:06,09:56
1088,1089,foxbusiness,AA-3468-CVG-MIA,07:00,07:25,09:55,09:45
1089,1090,foxbusiness,unknown,4:15 .m.,16:29,19:55,19:39
1090,1091,foxbusiness,AA-1886-BOS-MIA,10:45,10:55,14:20,13:40
1091,1092,foxbusiness,CO-62-IAH-EWR,14:30,14:48,19:03,19:10
1092,1093,foxbusiness,CO-1561-PHX-IAH,08:05,08:00,11:35,113:2 a.m.
1093,1094,foxbusiness,UA-2314-ATL-PHL,14:55,14:55,17:00,16:47
1094,1095,foxbusiness,AA-446-DFW-PHL,11:50,12:12,3:50p .m.,16:09
1095,1096,foxbusiness,CO-1023-IAH-DEN,11:40,11:56,13:17,13:14
1096,1097,foxbusiness,AA-466-IAAH-MIA,06:00,06:08,09:20,09:05
1097,1098,foxbusiness,UA-3050-PHX-CLT,11:05,11:30,16:57,17:05
1098,1099,foxbusiness,CO-89-IAH-EWR,06:00,06:02,10:20,10:27
1099,1100,foxbusiness,CO-1088-CLE-IAH,08:40,08:40,10:54,10:56
1100,1101,foxbusiness,unknown,10:15,10:18,12:10 pm.,11:56
1101,1102,foxbusiness,AA-1279-DFW-PHX,13:00,14:04,14:35,15:30
1102,1103,foxbusiness,UA-854-SFO-IAH,07:53,07:49,13:39,13:30
1103,1104,foxbusiness,UA-382-IAD-LAX,12:30,12:35,15:19,15:21
1104,1105,foxbusiness,AA-4344-ORD-DTW,11:45,12:13,2:0 0p.m.,14:10
1105,1106,foxbusiness,unknown,14:30,14:26,18:15,17:42
1106,1107,foxbusiness,UA-2945-PHL-CLT,00:00,03:11,13:45,13:15
1107,1108,foxbusiness,CO-63-EWR-IAH,17:25,17:22,20:22,20:03
1108,1109,foxbusiness,CO-47-IAH-LAX,19:10,20:25,20:56,21:52
1109,1110,foxbusiness,unknown,10:40,11:05,14:45,2:46 pm..
1110,1111,aa,UA-248-PHX-ORD,12:57,13:32,17:15,17:34
1111,1112,foxbusiness,AA-4330-CVG-ORD,15:35,15:36,16:00,:333 p.m.
1112,1113,foxbusiness,AA-1434-DFW-MCO,07:15,07:21,10:35,10:36
1113,1114,foxbusiness,unknown,18:30,18:30,19:25,72:5 p.m.
1114,1115,foxbusiness,AA-4307-ORD-DTW,18:45,18:55,21:10,20:53
1115,1116,foxbusiness,CO-1694-LAX-IAH,19:15,19:15,00:21,00:21
1116,1117,foxbusiness,UA-843-LAX-ORD,13:55,14:10,19:53,19:58
1117,1118, ,CO-1193-EWR-MCO,09:15,09:14,12:18,12:09
1118,1119,foxbusiness,AA-3842-MSP-ORD,06:00,6:5 6a.m.,7:30 am..,07:51
1119,1120,aa,AA-643-MIA-ORD,07:10,07:30,09:35,09:31
1120,1121,foxbusiness,AA-1007-MIA-PHX,16:55,17:08,20:05,19:55
1121,1122,foxbusiness,A-2906-PHL-MCO,15:50,16:28,18:23,18:38
1122,1123,foxbusiness,UA-938-DEN-ORD,16:16,16:15,19:35,19:36
1123,1124,foxbusiness,AA-1221-MCO-ORD,20:00,20:23,21:45,21:53
1124,1125,foxbusiness,CO-16-LA-EWR,10:25,10:20,18:44,18:34
1125,1126,AN,unknown,07:05,07:05,10:31,10:47
1126,1127,foxbusiness,AA-400-DFW-JFK,10:40,11:01,14:59,15:04
1127,1128,foxbusiness,UA-664-ORD-PHL,13:33,1:31 .m.,16:31,16:23
1128,1129,foxbusiness,AA-3756-ORD-SLC,12:15,12:41,14:45,14:50
1129,1130,foxbusiness,UA-37-EWR-MCO,13:29,13:48,16:17,16:17
1130,1131,foxbusiness,AA-1522-SFO-ORD,23:55,23:55,05:50,05:50
1131,1132,foxbusiness,unknown,16:25,16:25,00:29,00:29
1132,1133,foxbusiness,unknown,21:00,21:00,00:15,00:15
1133,1134,foxbusiness,AA-2312-DFW-DTW,20:25,20:25,23:50,23:50
1134,1135,foxbusiness,AA-1165-JFK-MIA,06:59,07:22,10:34,10:04
1135,1136,foxbusiness,unknown,08:35,08:51,11:50,11:44
1136,1137,foxbusiness,UA-373-IAD-PHL,08:29,08:26,09:24,09:03
1137,1138,aa,unknown,13:30,13:30,15:50,15:50
1138,1139,foxbusiness,CO-1250-MIA-IAh,14:53,15:01,16:48,16:59
1139,1140,foxbusiness,UA-6273-YYC-SFO,07:35,07:27,09:43,08:45
1140,1141,foxbusiness,UA-828-SFO-ORD,23:08,23:08,05:11,05:11
1141,1142,foxbusiness,CO-4888-IAH-DAL,17:30,5:30p .m.,18:40,6:40 pm.
1142,1143,foxbusiness,UA-858-pvg-sfo,1:45 pp.m.,13:32,08:27,08:02
1143,1144,unknown,unknown,11:15,11:15,13:40,14:00
1144,1145,foxbusiness,AA-3063-SLC-LAX,20:02,20:39,21:20,21:20
1145,1146,aa,UA-2708-EWR-CLT,14:55,14:55,16:53,16:44
1146,1147,unknown,Ua-62-iah-ewr,14:30,14:48,19:03,19:10
1147,1148,aa,UA-1500-iah-gua,08:55,09:16,11:45,11:56
1148,1149,unknown,AA-3804-PHL-ORD,14:35,14:44,16:05,15:43
1149,1150,foxbusiness,AA-191-7JFK-MCO,14:55,15:27,17:55,17:43
1150,1151,foxbusiness,unknown,07:15,07:22,11:35,11:06
1151,1152,aa,AA-4277-CVG-JFK,12:10,12:10,14:15,13:43
1152,1153,foxbusiness,AA-2957-DFW-CVG,07:55,08:04,11:05,11:01
1153,1154,foxbusiness,UA-37-EDI-EWR,09:05,08:52,11:53,12:09
1154,1155,foxbusiness,AA-89-ORD-DEN,13:05,13:19,14:35,15:13
1155,1156, ,AA-415-BOS-ORD,08:35,08:56,10:40,10:16
1156,1157,aa,AA-85-JFK-SFO,15:05,3:36 pp.m.,18:30,18:43
1157,1158,foxbusiness,AA-3979-CVG-ORD,07:30,08:04,08:00,08:06
1158,1159,foxbusiness,AA-1544-SAN-ORD,11:25,11:40,17:25,16:56
1159,1160,foxbusiness,AA-3786-IAH-ORD,16:00,16:12,18:40,18:01
1160,1161,foxbusiness,AA-271-MIA-LAX,11:35,11:52,14:25,14:27
1161,1162,foxbusiness,AA-2525-DFW-MIA,07:25,07:39,11:10,11:06
1162,1163,foxbusiness,CO-50-CLE-EWR,14:55,15:31,16:49,17:26
1163,1164,foxbusiness,unknown,11:55,11:55,18:17,17:38
1164,1165,aa,AA-4198-ORD-CLE,10:40,10:54,12:55,12:50
1165,1166,foxbusiness,AA-404-MIA-MCO,06:45,06:57,07:45,07:40
1166,1167,aa,CO-45-EWR-MIA,16:00,15:58,19:05,18:36
1167,1168,foxbusiness,AA-3809-PHX-LAX,06:00,06:10,06:40,06:19
1168,1169,foxbusiness,AA-59-JFK-SFO,07:10,7:39 .am.,10:45 .am.,11:12
1169,1170,foxbusiness,AA-222-LAX-BOS,07:10,07:31,15:30,15:14
1170,1171,usatoday,AA-3859-IAH-ORD,71:0 a.m.,07:16,09:40,09:32
1171,1172,  usatoday ,AA-518-MIA-JFK,06:40,06:54,09:25,09:28
1172,1173,usatoday,CO-1586-IAH-MCO,19:00,19:14,22:15,22:29
1173,1174,usatoday,UA-3925-IAD-ORF,08:41,08:42,9:544 a.m.,09:43
1174,1175,usatoday,AA-1733-ORD-PHX,19:45,19:58,22:30,22:30
1175,1176,unknown,unknown,06:00,05:56,7:23 am.,07:17
1176,1177,aa,UA-3515-IAD-MSP,08:15,08:12,10:06,09:56
1177,1178,usatoday,AA-3468-CVG-MIA,07:00,7:25 aa.m.,09:55,09:45
1178,1179,usatody,AA-484-DFW-MIA,16:15,4::29 p.m.,19:55,19:39
1179,1180,usatoday,CO-63-EWR-IAH,17:25,17:22,20:22,20:03
1180,1181,usatoday,AA-466-IAH-MIA,06:00,06:08,09:20,09:05
1181,1182,usatoday,UA-3050-PHX-CLT,11:05,11:30,16:57,17:05
1182,1183,usatoday,AA-1886-BOS-MIA,10:45,10:55,14:20,13:40
1183,1184,usatoday,AA-1664-MIA-ATL,10:15,10:18,12:10p .m.,11:56
1184,1185,usatoday,unknown,06:45,06:57,07:45,07:40
1185,1186,usatoday,unknown,12:15,12:41,14:45,14:50
1186,1187,usatoday,UA-382-IAD-LAX,12:30,12:35,15:19,15:21
1187,1188,aa,UA-2945-phl-clt,00:00,03:11,1:45 pp.m.,13:15
1188,1189,usatoday,unknown,10:40,11:05,14:45,14:06
1189,1190,usatoday,UA-248-PHX-ORD,12:57,13:32,17:15,17:34
1190,1191,usatoday,AA-4330-CVG-ORD,15:35,15:36,16:00,15:33
1191,1192,  usatoday ,AA-4307-ORD-DTW,18:54,65:5 p.m.,9:10 p.mm.,20:53
1192,1193,unknown,CO-1694-LAX-IAH,19:15,19:15,00:21,00:21
1193,1194,suatoday,unknown,13:55,14:10,7::53 p.m.,19:58
1194,1195,usatoday,CO-1193-EWR-MCO,09:15,09:14,12:18,12:09
1195,1196,usatoday,AA-1221-MCO-ORD,20:00,20:23,21:45,21:53
1196,1197, ,CO-16-LAX-EWR,10:25,10:20,18:44,18:34
1197,1198, ,A-400-DFW-JFK,10:40,110:1 a.m.,14:59,15:04
1198,1199,usatoday,UA-664-ORD-PHL,1:3 3p.m.,13:31,16:31,16:23
1199,1200,USatoday,AA-1522-SFO-ORD,23:55,23:55,05:50,5:500 a.m.
1200,1201, ,UA-257-JFK-SFO,14:30,14:26,18:15,17:42
1201,1202,  usatoday ,UA-3373-IAD-PHL,08:29,08:26,09:24,09:13
1202,1203,USAToday,CO-1250-MIA-IAH,14:53,15:01,16:48,16:59
1203,1204,usatoday,UA-6273-YYC-SFO,07:35,07:27,09:43,08:45
1204,1205,usatoday,UA-828-SFO-ORD,23:08,23:08,05:11,05:11
1205,1206,  usatoday ,CO-4888-IAH-DAL,17:30,17:30,18:40,18:40
1206,1207,usatoday,UA-2704-DTW-PXH,11:15,11:15,13:40,14:00
1207,1208,usatoday,unknown,14:55,14:55,16:53,16:44
1208,1209,usatoday,unknown,855 a.m.,09:16,11:45,11:56
1209,1210,usatoday,AA-3804-PHL-ORD,14:35,14:44,16:05,15:43
1210,1211,usatoday,AA-2268-PHX-ORD,07:15,:22 a.m.,11:35,11:06
1211,1212,usatoday,unknown,16:25,16:25,00:29,00:29
1212,1213,usatoday,AA-4277-CVG-JFK,12:10,12:10,14:15,13:43
1213,1214,usatoday,AA-2957-DFW-CVG,:755 a.m.,08:04,11:05,11:01
1214,1215,usatoday,UA-37-EDI-EWR,09:05,08:52,11:53,12:09
1215,1216,usatoday,unknown,13:05,13:19,14:35,15:13
1216,1217,USATOday,UA-854-SFO-IAH,07:53,07:49,13:39,13:30
1217,1218,usatoday,AA-85-JFK-SFO,15:05,15:36,18:30,18:43
1218,1219,usatoday,unknown,18:30,18:30,7::25 p.m.,19:25
1219,1220,usatoday,AA-1544-SN-ORD,11:25,11:40,17:25,16:56
1220,1221,aa,AA-3786-IAH-ORD,16:00,412 p.m.,18:40,18:15
1221,1222,USAtoday,AA3-809-PHX-LAX,06:00,06:10,06:40,06:19
1222,1223,usatoday,AA-59-JFK-SFO,07:10,07:39,10:45,11:12a .m.
1223,1224,aa,AA-38599-IAH-ORD,07:10,07:16,09:40,09:32
1224,1225,aa,unknown,19:00,19:14,22:15,22:29
1225,1226,myratepan,AA-518-MIA-JFK,06:40,06:54,09:25,09:28
1226,1227,unknown,UA-397-JFK-SFO,08:00,8:92 a.m.,11:55,11:58
1227,1228,myrateplan,UA-3925-IAD-ORF,08:41,08:42,09:54,09:43
1228,1229,unknown,AA1733-ORD-PHX,77:45 p.m.,19:58,22:30,22:30
1229,1230,myrateplan,UA-2830-MCO-CLT,15:27,15:27,17:05,17:17
1230,1231,myrateplan,unknown,11:25,11:32,14:50,15:31
1231,1232,myrateplan,AA-1544-SAN-ORD,11:25,11:40,17:25,16:56
1232,1233,myrateplan,UA-5487-SFO-MRY,10:39,10:33,11:19,11:21
1233,1234,unknown,AA-204-LAX-MCO,23:25,23:25,06:55,06:55
1234,1235,myrateplan,unknown,06:00,5:65 a.m.,07:23,07:17
1235,1236,myrateplan,unknown,00:30,12:41 .am.,05:35,05:26
1236,1237,myrateplan,UA-2726-FLL-PHL,16:00,16:00,18:46,18:28
1237,1238, ,CO-52-IAH-LAX,07:35,07:29,09:21,09:14
1238,1239,myrateplan,unknown,09:45,10:19,13:16,13:19
1239,1240,  myrateplan ,AA-616-DFW-DTW,09:05,10:10,12:35,13:27
1240,1241,aa,UA-3515-IAD-MSP,08:15,8:12 a..,10:06,09:56
1241,1242,myrateplan,AA-3468-CVG-MIA,07:00,07:25,09:55,09:45
1242,1243,myrateplan,AA-484-DFW-MIA,16:15,16:29,19:55,19:39
1243,1244,myrateplan,AA-1886-BS-MIA,10:45,10:55,14:20,13:40
1244,1245,myrateplan,CO-62-IAH-EWR,14:30,14:48,19:03,19:10
1245,1246,myrateplan,CO-1561-PHX-IAH,08:05,08:00,11:35,11:32
1246,1247, ,UA-2314-ATL-PHL,14:55,14:55,5:00 p..m,16:47
1247,1248,myrateplan,AA-446-dfw-phl,11:50 a.mm.,12:12,15:50,16:09
1248,1249,MYRATEPLAn,CO-102-IAH-DEN,11:40,11:56,13:17,13:04
1249,1250,myratepln,AA-466-IAH-MIA,06:00,:608 a.m.,9:20 .am.,09:05
1250,1251,unknown,unknown,11:005 a.m.,11:30,16:57,17:05
1251,1252,NA/,CO-89-IAH-EWR,06:00,06:02,10:20,10:27
1252,1253,myrateplan,CO-1088-CLE-IAH,08:40,8::40 a.m.,10:54,10:56
1253,1254,myrateplan,AA-1664-MIA-ATL,10:15,10:18,12:10,111:56 a.m.
1254,1255,myrateplan,AA-1279-DFW-PHX,13:00,14:04,14:35,15:30
1255,1256,myrateplan,UA-854-SFO-IAH,07:53,7:4 9a.m.,13:39,13:30
1256,1257,myrateplan,unknown,12:30,12:35,15:19,15:21
1257,1258,myrateplan,unknown,11:45,12:13,14:00,14:10
1258,1259,myrateplan,UA-257-JFK-SFO,14:30,14:26,18:15,17:42
1259,1260, ,UA-2945-PHL-CLT,00:00,03:11,13:45,13:15
1260,1261,myrateplan,unknown,17:25,17:22,20:22,20:03
1261,1262,myrateplan,unknown,19:10,20:25,20:56,21:52
1262,1263,myrateplan,AA-2050-ORD-MIA,10:40,01:05,14:45,14:46
1263,1264,myrateplan,UA-248-PHX-ORD,12:57,13:32,5:15 p..m.,55:34 p.m.
1264,1265,myrateplan,AA-4330-CVG-ord,15:35,15:36,16:00,15:33
1265,1266,myrateplan,AA-1434-DFW-MCO,07:15,07:21,10:35,10:36
1266,1267,myrateplan,AA-1640-MIA-MCO,63:0 p.m.,18:30,19:25,19:25
1267,1268,myrateplan,AA-4307-ORD-DTW,18:45,18:55,21:10,20:53
1268,1269,myrateplan,AA-3-JFK-LAX,12:00,12:11,15:15,15:16
1269,1270,unknown,unknoown,19:15,7:1 5p.m.,00:21,1:221 a.m.
1270,1271,myrateplan,UA-843-LAX-ORD,13:55,14:10,19:53,:758 p.m.
1271,1272,aa,CO-1193-ewr-mco,09:15,09:14,12:18,13:09
1272,1273,  myrateplan ,AA-8342-MSP-ORD,06:00,06:56,07:30,07:51
1273,1274,aa,AA-643-MIA-ORD,07:10,07:30,09:35,09:31
1274,1275,myrateplan,AA--1007-MIA-PHX,16:55,17:08,20:05,19:55
1275,1276,myrateplan,AA-2525-DFW-MIA,07:25,07:39,11:10,11:06
1276,1277,myrateplna,UA-2906-PHL-MCO,15:50,16:28,18:23,18:38
1277,1278,myrateplan,unknown,4:16 pp.m.,16:15,19:35,19:36
1278,1279,myrateplan,unknown,20:00,20:23,21:45,21:53
1279,1280,myrateplan,CO-16-LAX-EWR,10:25,10:20,18:44,18:34
1280,1281,myrateplan,UA-2515-DFW-CLT,07:05,07:05,10:31,10:47
1281,1282,myrateplan,unknown,10:40,11:01,14:59,15:04
1282,1283,aa,UA-664O-RD-PHL,13:33,13:31,16:31,16:23
1283,1284,myrateplan,AA-3756-ORD-SLC,12::15 p.m.,12:41,2:445 p.m.,14:50
1284,1285,myrateplan,UA-37-EWR-MCO,:29 p.m.,13:48,4:17p .m.,16:17
1285,1286,  myrateplan ,AA-1522-SFO-ORD,23:55,23:55,05:50,05:50
1286,1287,  myrateplan ,UA-233-LAX-JFK,16:25,16:25,00:29,00:29
1287,1288,myrateplan,AA-3823-LAX-DEN,21:00,21:00,00:15,00:15
1288,1289,myrateplaan,AA-2312-DFW-DTW,20:25,20:25,23:50,23:50
1289,1290,aa,AA-1165-JFK-MIA,06:59,07:22,10:34,10:04
1290,1291,ymrateplan,NA,08:35,08:51,11:50,11:44
1291,1292,myrateplan,UA-3373-IAD-PHL,08:29,08:26,09:24,09:13
1292,1293,myrateplan,AA-649-ORD-SNA,13:30,1:30 p..m,15:50,15:50
1293,1294,myrateplan,CO-12250-MIA-IAH,14:53,15:01,16:48,16:59
1294,1295,myrateplan,UA-6273-YYC-SFO,07:35,07:27,09:43,08:45
1295,1296,myrateplan,UA-828-SFO-ORD,111:08 p.m.,23:08,05:11,05:11
1296,1297,myrateplan,CO-4888-IAH-DAL,17:30,17:30,18:40,18:40
1297,1298,myrateplan,UA-858-PVG-SFO,13:45,13:32,08:27,08:02
1298,1299,myrateplan,UA-2704-DTW-PHX,11:15,11:15,13:40,14:00
1299,1300,myrateplan,unknown,20:20,20:39,21:00,99:20 p.m.
1300,1301,myrateplan,UA-2708-EWR-CLT,14:55,14:55,16:53,16:44
1301,1302,myratepaln,UA-62-IAH-EWR,14:30,14:48,19:03,19:10
1302,1303,myrateplan,UA-1500-IAH-GUA,08:55,09:16,11:45,11:56
1303,1304,myrateplan,AA-38004-PHL-ORD,14:35,14:44,4:05 .pm.,15:43
1304,1305,myrateplan,AA-1917-JFK-MCO,14:55,15:27,17:55,17:43
1305,1306,myrateplna,AA-2268-PHX-ORD,07:15,07:02,11:35,11:06
1306,1307,myrateplan,unknown,12:10,12:10,14:15,13:43
1307,1308,mryateplan,AA-2957-DFW-CVG,07:55,08:04,11:05,11:01
1308,1309,NA/,UA-37-EDI-EWR,09:05,08:52,11:53,12:09
1309,1310,myrateplan,AA-789-ORD-DEN,1:05 p.mm.,13:19,14:35,15:13
1310,1311,myraetplan,unknown,08:35,08:56,10:40,10:16
1311,1312,myrateplan,AA-85-JFK-SFO,15:05,15:36,18:30,18:43
1312,1313,myrateplan,AA-3979-CVG-ORD,07:30,08:04,08:00,08:06
1313,1314,myrateplan,AA-3786-IAH-ORD,16:00,16:12,18:40,18:15
1314,1315,  myrateplan ,AA-271-MIA-LAX,11:35,11:52,14:25,14:27
1315,1316,myrateplan,unknown,14:55,15:31,16:49,17:26
1316,1317,myrateplan,UA-3099-PHX-PHL,11:55,11:55,18:17,17:38
1317,1318,myrateplan,AA-4198-ORD-CLE,10:40,10:54,12:55,12:50
1318,1319,myrateplan,AA-404-MIA-MCO,06:45,06:57,07:45,07:40
1319,1320,aa,CO-45-EWR-MIA,16:00,15:58,19:05,18:36
1320,1321,myrateplan,AA-3809-PHX-LAX,06:00,06:10,06:40,06:19
1321,1322, ,AA-59-JFK-SFO,07:10,07:39,10:45,11:12
1322,1323,myrateplan,AA-222-LAX-BOS,7:10 a..,07:31,15:30,15:14
1323,1324,orbitz,AA-3859-IAH-ORD,07:10,07:16,09:40,09:32
1324,1325,aa,unknown,19:00,19:14,22:15,22:29
1325,1326,  orbitz ,AA-518-MIA-JFK,06:40,06:54,9:25 am..,09:28
1326,1327,aa,UA-397-JFK-SFO,08:00,08:29,11:55,11:58
1327,1328,orbitz,UA-3925-IAD-ORF,08:41,08:02,09:54,09:43
1328,1329,orbitz,AA-1733-ORD-PHX,19:45,19:58,22:30,22:30
1329,1330,  NA ,AA-3-JFK-LAX,12:000 p.m.,12:11,15:15,15:16
1330,1331,orbitz,UA-2830-MCO-CLT,15:27,15:27,17:05,17:17
1331,1332,aa,CO-58-DEN-IAH,11:25,11:32,14:50,15:31
1332,1333,orbitz,UA-5487-SFO-MRY,10:39,10:33,11:19,11:21
1333,1334,orbitz,AA-204-LAX-MCO,23:25,23:25,06:55,06:55
1334,1335,orbbitz,UA-414-LAX-SFO,06:00,05:56,07:23,07:17
1335,1336,aa,CO-1614-LAX-IAH,00:30,00:41,05:35,05:26
1336,1337,orbitz,UA-2726-FLL-PHL,16:00,16:00,6:46p .m.,18:28
1337,1338,orbitz,CO-52-iah-lax,07:35,07:29,09:21,09:14
1338,1339,orbitz,CO-1090-BOSI-AH,09:45,10:19,13:16,13:19
1339,1340,aa,AA-616-DFW-DTW,09:05,10:10,12::35 p.m.,13:27
1340,1341,orbitz,UA-3515-IAD-MSP,08:15,08:12,10:06,09:56
1341,1342,orbitz,AA-3468-CVG-MIA,07:00,7:25 a..m,09:55,09:45
1342,1343,orbitz,AA-484-DFW-MIA,16:15,16:29,19:55,19:39
1343,1344,aa,AA-1886-BOS-MIA,10:45,10:55,14:20,13:40
1344,1345,orbitz,CO-62-IAH-EWR,:30 p.m.,14:48,19:03,19:10
1345,1346,orbitz,CO-1561-PHX-IAH,08:05,08:00,11:35 a..,11:32
1346,1347,orbitz,UA-2314-ATL-PHL,14:55,14:55,17:00,16:47
1347,1348,orbitz,AA-446-DFW-PHL,11:50,12:12,15:50,16:09
1348,1349,orbitz,unknown,11:40,11:56,13:17,13:14
1349,1350,aa,AA-466-IAH-MIA,06:00,6:088 a.m.,09:20,09:05
1350,1351,orbitz,UA-3050-PHX-CLT,11:05,11:30,16:57,17:05
1351,1352,aa,CO-89-IAH-EWR,06:00,06:02,10:20,10:27
1352,1353,unknown,CO-1088-CLE-IAH,8:40 aa.m.,08:40,10:54,10:56
1353,1354,orbitz,AA-1664-MIA-ATL,10:15,10:18 aa.m.,12:10,11:56
1354,1355,orbitz,AA-1279-DFW-PHX,13:00,14:04,14:35,15:30
1355,1356,orbitz,UA-854-SFO-IAH,07:53,07:49,13:39,1:30 pp.m.
1356,1357, ,UA-382-IAD-LAX,12:30,12:35,15:19,15:21
1357,1358,orbitz,unknown,11:45,12:13,14:00,2:10 p.mm.
1358,1359,orbitz,UA-257-JFK-SFO,14:30,14:26,18:15,5:42 p..
1359,1360,orbitz,unknown,00:00,03:11,13:45,:15 p.m.
1360,1361,orbitz,unknown,5:25 pm.,17:22,20:22,20:03
1361,1362,aa,CO-47-IAH-LAX,19:10,20:25,8:65 p.m.,21:52
1362,1363,orbitz,AA-2050-ORD-MIA,10:40,11:05,14:45,:46 p.m.
1363,1364,orbitz,unknown,12:57,13:32,17:15,17:34
1364,1365,aa,unknown,15:35,15:36,16:00,15:33
1365,1366,orbitz,AA-1434-DFW-MCO,07:15,07:21,10:35,10:36
1366,1367,aa,AA-1640-MIA-MCO,18:30,18:30,19:25,19:25
1367,1368,orbitz,unknown,18:45,18:55,21:10,20:53
1368,1369,orbitz,CO-1694-LAX-IAH,19:15,19:15,00:21,00:21
1369,1370,orbitz,UA-843-LAX-ORD,13:55,14:10,19:53,7:85 p.m.
1370,1371,aa,CO-1193-EWR-MCO,09:15,09:14,12:18,12:09p .m.
1371,1372,orbitz,AA-3842-MSP-ORD,06:00,06:56,07:30,07:51
1372,1373,orbitz,AA6-43-MIA-ORD,7:10 a..,07:30,09:35,09:31
1373,1374,orbitz,A-1007-MIA-PHX,16:55,17:08,20:05,19:55
1374,1375, ,UA-2906-PHL-MCO,15:50,16:28,18:23,18:38
1375,1376,unknown,UA-938-DEN-ORD,16:16,16:15,19:35,7:36 .m.
1376,1377,orbitz,AA-1221-MCO-ORD,20:00,20:23,21:45,21:53
1377,1378,orbitz,CO-16L-AX-EWR,10:25,10:20,18:44,18:34
1378,1379,orbitz,UA-2515-DFW-CLT,07:05,07:05,10:31,10:47
1379,1380,  orbitz ,AA-400-DFW-JFK,10:40,11:01,14:59,15:04
1380,1381,orbitz,UA-664-ORD-PHL,13:33,13:31,16:31,16:23
1381,1382,orbitz,AA-375-ORD-SLC,12:15,12:41,14:45,14:50
1382,1383,orbitz,UA-37-EWR-MCO,13:29,13:48,4:17 p..m.,16:17
1383,1384,orbitz,AA-1522-SFO-ORD,23:55,23:55,05:50,05:50
1384,1385,orbitz,UA-233-LAX-JFK,16:25,16:25,00:29,00:29
1385,1386,orbitz,AA-3823-LAX-DEN,21:00,21:00,00:15,00:15
1386,1387,ORBItz,AA-2312-DFW-DTW,8:25 pp.m.,20:25,23:50,23:50
1387,1388,ORBitz,AA-1165-JFK-MIA,06:59,07:22,10:34,10:04
1388,1389,orbitz,AA-431-MIA-SFO,08:35,08:51,11:50,11:44
1389,1390,orbitz,AA-649-ORD-SNA,13:30,13:30,3::50 p.m.,15:50
1390,1391,  orbitz ,CO-1250-MIA-IAH,14:53,15:01,16:48,16:59
1391,1392,aa,unknown,7:35 .am.,07:27,09:43,08:45
1392,1393,orbitz,UA-828-SFO-ORD,23:08,11:0 8p.m.,05:11,05:11
1393,1394,unknown,CO-4888-IAH-DAL,17:30,17:30,18:40,18:40
1394,1395,orbitz,UA-858-PVG-SFO,13:45,13:32,08:27,08:02
1395,1396,aa,UA-2704-DTW-PHX,11:15,11:15,13:40,14:00
1396,1397,orbitz,AA-3063-SLC-LAX,20:20,8:39 p.mm.,21:20,21:20
1397,1398,  orbitz ,UA-2708-EWR-CLT,14:55,2:55 pm.,16:53,16:44
1398,1399,ORBITz,unknown,14:30,14:48,19:03,19:10
1399,1400,orbitz,UA-1500-IAH-GUA,08:55,9:16 am..,11:45,11:56
1400,1401,orbitz,unknown,14:35,14:44,16:05,15:43
1401,1402,orbitz,AA-1917-JFK-MCO,14:55,15:27,17:55,17:43
1402,1403,  orbitz ,unknown,07:15,07:22,11:35,11:06
1403,1404,orbitz,AA-4277-CVG-JFK,12:10,12:10,14:15,13:43
1404,1405,ORbitz,AA-2957-DFW-CVG,07:55,08:04,11:05,11:01
1405,1406,orbitz,UA-37-EDI-EWR,09:05,08:52,11:53,12:09
1406,1407,aa,AA-789-ORD-den,13:05,13:19,14:35,15:13
1407,1408,orbitz,AA-415-BOS-ORD,08:35,08:56,10:40,10:16
1408,1409, ,AA-85-JFK-SFO,15:05,15:36,18:30,18:43
1409,1410,oorbitz,AA-3979-CVG-ORD,07:30,08:04,08:00,08:06
1410,1411,orbitz,unknown,11:25,11:40,17:25,16:56
1411,1412,orbitz,AA-3786-IAH-ORD,16:00,16:12,18:40,18:15
1412,1413,aa,unnkown,11:35,11:52,14:25,14:27
1413,1414,orbitz,AA-2525-DFW-MIA,07:25,07:39,11:00,11:06
1414,1415,orbitz,CO-50-CLE-EWR,14:55,15:31,16:49,17:26
1415,1416,oribtz,NNA,11:55,11:55,18:17,17:38
1416,1417,orbitz,AA-4198-ORD-CLE,10:40,10:54,12:55,12:50
1417,1418,orbitz,unknown,06:45,06:57,7::45 a.m.,07:40
1418,1419,aa,CO-45-EWR-MIA,16:00,15:58,19:05,6:36 p..m
1419,1420,orbitz,AA-3809-PHX-LAX,06:00,06:10,06:40,06:19
1420,1421,orbitz,AA-59-JFK-SFO,07:10,07:39,10:45,11:12
1421,1422,oorbitz,AA-222-LAX-BOS,:10 a.m.,07:31,15:30,15:14
1422,1423,phl,unknown,11:50,12:12,15:50,16:09
1423,1424,aa,unknown,08:29,08:26,09:24,09:13
1424,1425, ,AA-3804-phl-ord,14:35,14:44,16:05,15:43
1425,1426,hpl,UA-664-ORD-PHL,13:33,13:31,16:31,16:23
1426,1427,CO,unknown,19:00,19:14,22:15,102:9 p.m.
1427,1428,CO,CO-52-IAH-LAX,07:35,07:29,09:21,09:14
1428,1429,  CO ,CO-1023-IAH-DEN,11:40,11:56,13:17,13:14
1429,1430,Co,CO-89-iah-ewr,06:00,06:02,10:20,10:27
1430,1431,aa,CO-1694-LAX-IAH,19:15,19:15,00:21,00:21
1431,1432,CO,CO-1614-LAX-IAH,00:30,00:41,05:35,05:26
1432,1433,CO,unknown,08:40,08:40,10:54,10:56
1433,1434,O,CO-58-DEN-IAH,11:25,11:32,14:50,15:31
1434,1435,CO,CO-50-CLE-EWR,14:55,15:31,16:49,17:26
1435,1436,CO,CO-62-IAH-EWR,14:30,14:48,19:03,19:10
1436,1437,CO,unknown,09:15,09:14,12:18,12:09
1437,1438,CO,CO-16-LAX-EWR,10:25,10:20,18:44,18:34
1438,1439,CO,CO-1090-bos-iah,9:45 .am.,10:19,13:16,13:19
1439,1440,CO,CO1250-MIA-IAH,14:53,15:01,16:48,16:59
1440,1441,CO,CO-47-IAH-LAX,19:10,20:25,20:56,21:52
1441,1442,CO,CO-48888-IAH-DAL,17:30,17:30,18:40,18:40
1442,1443,OC,CO-45-EWR-MIA,16:00,15:58,70:5 p.m.,18:36
1443,1444,CO,CO-63-EWR-IAH,17:25,17:22,20:22,20:03
1444,1445,CO,CO-1561-PHX-IAH,08:05,08:00,11:35,11:32
1445,1446,ifly,AA-3842-MSP-ORD,06:00,6:56 a..m,07:30,07:51
1446,1447,aa,AA-3804-PHHL-ORD,14:35,14:44,16:05,15:43
1447,1448,ifly,CO-1090-BOS-IAH,09:45,10:19,13:16,13:19
1448,1449,ifly,AA-1917-JFK-MCO,14:55,15:27,17:55,17:43
1449,1450,ifly,unknown,15:50,16:28,18:23,18:38
1450,1451,ifly,CO-89-IAH--EWR,06:00,06:02,10:20,10:27
1451,1452, ,UA-938-DEN-ORD,16:16,16:15,19:35,19:36
1452,1453,ifly,UA-3925-IAD-ORF,08:41,08:42,9:54a .m.,09:43
1453,1454,ifly,unknown,13:05,13:19,14:35,15:13
1454,1455,IFLy,unknown,07:15,07:21,10:35,10:36
1455,1456,Ifly,UA-664-ORD-PHL,13:33,13:31,16:31,16:23
1456,1457,ifly,AA-3756-ORD-SLC,12:15,12:41,14:45,14:50
1457,1458,aa,CO-1614-LAX-IAH,12:30 am.,21:41 a.m.,05:35,05:26
1458,1459,ifly,CO-58-DEN-IAH,11:25,11:32,14:50,15:31
1459,1460,ifly,unknown,16:52,16:25,00:29,00:29
1460,1461,ifly,AA-3979-CVG-ORD,07:30,08:04,08:00,08:06
1461,1462,aa,AA-3823-LAX-DEN,21:00,21:00,00:15,00:15
1462,1463,aa,AA-3786-IAH-ORD,4:00 .m.,16:12,18:40,6:15 .m.
1463,1464,ifly,AA-431-MIA-SFO,08:35,08:51,11:50,11:44
1464,1465,ifly,AA-1733--ORD-PHX,19:45,19:58,22:30,22:30
1465,1466, ,UA-3373-IAD-PHL,08:29,08:26,09:24,09:13
1466,1467,ifly,UA-3099-PHX-PHL,11:55,11:55,18:17,5:38 p..m
1467,1468,ifly,UA-2314-ATL-PHL,14:55,14:55,17:00,16:47
1468,1469,ifly,CO-16-AX-EWR,10:25,10:20,18:44,18:34
1469,1470,ifly,CO-1250-MIA-IAH,14:53,15:01,4:48 p..m.,16:59
1470,1471,ifly,Na,07:00,07:25,09:55,09:45
1471,1472,ifly,AA-2050-ORD-MIA,10:40,11:05,14:45,14:46
1472,1473,aa,AA-415-BOS-ORD,08:35,08:56,10:40,10:16
1473,1474,aa,AA-3063-SLC-LAX,20:20,20:39,21:20,21:20
1474,1475,ifly,AA-3809-PHX-LAX,06:00,06:10,:640 a.m.,06:19
1475,1476,ifly,AA-59-JFK-SFO,07:10,07:39,10:45,11:12
1476,1477,ifly,UA-62-IAH-EWR,14:30,:248 p.m.,19:03,19:10
1477,1478,ifly,AA-616-DFW-DTW,09:05,10:10,12:35,13:27
1478,1479,iifly,AA-3-JFK-LAX,21:00 p.m.,12:11,15:15,15:16
1479,1480,ifly,CO-1694-LAX-IAH,19:15,19:15,00:21,00:21
1480,1481,ifly,unknown,11:50,12:12,15:50,16:09
1481,1482,ssfo,UA-397-JFK-SFO,08:00,08:29,11:55,11:58
1482,1483,sfo,AA-85-JFK-SFO,15:05,15:36,18:30,18:43
1483,1484,  NA ,unknown,08:53,08:51,11:50,11:44
1484,1485,sfo,AA-59-JFK-SFO,07:10,07:39,10::45 a.m.,11:12 a.mm.
1485,1486,Sfo,UA-257-JFK-SFO,14:30,14:26,18:15,17:42
1486,1487,sfo,A,06:00,05:56,07:23,07:17
1487,1488,N/a,AA-3859-IAH-ORD,07:10,07:16,09:40,09:32
1488,1489,flytecomm,CO-1586-IAH-MCO,19:00,19:14,22:15,22:29
1489,1490,flytecomm,AA-518-MIA-JFK,06:40,06:54,09:25,09:28
1490,1491, ,UA-397-JFK-SFO,08:00,08:29,11:55,11:58
1491,1492,flytecomm,UA-3925-IAD-ORF,08:41,08:42,09:54,09:43
1492,1493,flytecomm,AA-1733-ORD-PHX,19:45,19:58,22:30,22:30
1493,1494,flytecomm,unknown,15:27,15:27,17:05,17:01
1494,1495,flytecomm,CO-58-DEN-IAH,11:25,111:32 a.m.,14:50,3:31 .m.
1495,1496,aa,unknown,11:25,11:40,17:25,16:56
1496,1497,flytecomm,UA-5487-SF-MRY,10:39,10:33,11:19,11:21
1497,1498,flytecomm,AA-204-LAX-MCO,23:25,23:25,06:55,06:55
1498,1499,aa,UA-4144-LAX-SFO,06:00,05:56,07:23,07:17
1499,1500,flytecomm,CO-1614-LAX-IAH,00:30,00:41,05:35,05:26
1500,1501,flytecomm,UA-2726-FLL-PHL,400 p.m.,16:00,18:46,18:28
1501,1502,flytecomm,unknown,07:35,07:29,09:21,09:14
1502,1503,flytecomm,CO-1090-BOS-IAH,9:45 a..m.,10:19,13:16,13:19
1503,1504,aa,AA-616-DFW-DTW,09:05,10:10,12:335 p.m.,13:27
1504,1505,flytecomm,unknown,08:15,08:12,10:06,09:56
1505,1506, ,AA-3468-CVG-MIA,07:00,07:25,09:55,09:45
1506,1507, ,AA-484-DFW-MIA,16:15,16:29,19:55,19:39
1507,1508,unknown,AA-1886-OS-MIA,10:45,10:55,14:20,13:40
1508,1509,flytecomm,CO-62-IAH-EWR,14:30,14:48,19:03,19:10
1509,1510,flytecomm,CO-1561-PHX-IAH,08:05,8:00 a..,11:35,11:32
1510,1511,flytecomm,UA-2314-ATL-PHL,14:55,14:55,17:00,16:47
1511,1512,flytecomm,AA-446-DFW-PHL,11:50,12:12,3:5 0p.m.,16:09
1512,1513,  flytecomm ,CO-1023-IAH-DEN,11:40,11:56,1:17 pm..,13:14
1513,1514,flytecomm,unknown,66:00 a.m.,06:08,09:20,09:05
1514,1515,aa,UA-3050-PHX-CLT,11:05,11:30,16:57,17:05
1515,1516,flytecomm,CO-89-IAH-EWR,06:00,06:02,10:20,10:27
1516,1517,flytecomm,CO-1088-CLE-IAH,08:40,08:40,10:54,10:56
1517,1518,fltyecomm,AA-1664-MIA-ATL,10:15,10:18,12:10,11:56
1518,1519,unknown,AA-1279-DFW-PHX,1:00 p..,14:04,14:35,15:30
1519,1520,flytecomm,UA-854-SFO-IAH,07:53,07:49,13:39,13:30
1520,1521,flytecomm,UUA-382-IAD-LAX,12:30,12:35,15:19,15:21
1521,1522,flytecomm,unknown,11:45,12:13,14:00,14:10
1522,1523,flytecomm,UA-257-JFK-SFO,14:30,14:26,18:15,17:42
1523,1524,flytecomm,UA-2945-PHL-CLT,00:00,03:11,13:45,1:1 5p.m.
1524,1525,  flytecomm ,CO-63-EWR-IAH,5:25 p.mm.,17:22,20:22,20:03
1525,1526,flytecomm,CO-47-IAH-LAX,19:10,20:25,20:56,21:52
1526,1527,  flytecomm ,AA-2050-ORD-MIA,10:40,11:05,14:45,14:46
1527,1528,fltecomm,UA-248-PHX-ORD,12:57,13:03,17:15,5::34 p.m.
1528,1529,unknown,unknown,15:35,3:36 p..,16:00,15:33
1529,1530,  flytecomm ,AA-1434-DFW-MCO,07:15,7:2 1a.m.,10:35,10:36
1530,1531,flytecomm,AA-1640-MIA-MCO,18:30,6:30 p..m.,19:25,19:25
1531,1532,flytecomm,unknown,18:45,18:55,21:10,20:53
1532,1533,flytecommm,AA-3-JFK-LAX,12:00,12:11,15:15,15:16
1533,1534,flytecomm,CO-1694-LAX-IAH,19:15,19:15,112:21 a.m.,00:21
1534,1535,aa,UA-843-LAX-ORD,13:55,14:10,19:53,19:05
1535,1536,flytecomm,unknown,09:15,9:14 .am.,12:18,12:09
1536,1537,fflytecomm,AA-3842-MSP-ORD,06:00,06:56,07:30,07:51
1537,1538, ,AA-643-MIA-ORD,07:10,07:30,09:35,09:31
1538,1539,flytecomm,A,16:55,17:08,20:05,19:55
1539,1540,  flytecomm ,AA-2525-DFW-MIA,07:25,:739 a.m.,11:10,11:006 a.m.
1540,1541,flytecomm,UA-2906-PHL-MCO,15:50,16:28,18:02,18:38
1541,1542,flytecomm,unknown,16:16,4::15 p.m.,19:35,19:36
1542,1543,flytecomm,unknown,20:00,20:23,21:45,21:53
1543,1544,flytecomm,CO-16-LAX-EWR,10:25,10:20 .m.,6:44 pm.,18:34
1544,1545,FLytecomm,N/A,07:05,07:05,10:31,10::47 a.m.
1545,1546,flytecomm,unknown,10:40,110:1 a.m.,14:59,15:04
1546,1547,flyttecomm,UA-664-ORD-PHL,13:33,13:31,16:31,16:23
1547,1548,flytecomm,AA-3756-ORD-SLC,12:15,12:41,14:45,14:50
1548,1549,flytecomm,UA-37-EWR-MCO,13:29,13:48,16:17,16:17
1549,1550,flytecomm,AA-1522-SFO-ORD,23:55,23:55,05:50,5:50 .m.
1550,1551,flytecomm,unknown,16:25,16:25,00:29,00:29
1551,1552,flytceomm,AA-3823-LAXDEN,21:00,21:00,00:15,12::15 a.m.
1552,1553, ,AA-2312-DFW-DTW,20:25,20:25,23:50,23:50
1553,1554,flytecomm,AA-1165-JFK-MIA,06:59,07:22,10:34,10:04
1554,1555,flytecomm,AA-431-MIA-SFO,08:35,08:51,11:50,11:44
1555,1556, ,UA-3373-IAD-PHL,08:29,08:26,09:24,09:13
1556,1557,flytecomm,AA-649-ORD-SNA,13:30,13:30,15:50,15:50
1557,1558,flytecomm,CO-1250-MIAI-AH,14:53,15:01,16:48,16:59
1558,1559,flyteomm,NNA,07:35,07:27,09:43,08:45
1559,1560,unknown,UA-828-SFO-ORD,23:08,23:08,05:11,05:11
1560,1561,flytecomm,COO-4888-IAH-DAL,17:30,17:30,18:40,18:40
1561,1562,flytecomm,UA-858-PVGG-SFO,1:4 5p.m.,13:32,08:27,08:02
1562,1563,flytecommm,UA-2704-DTW-PHX,11:15,11:15,13:40,14:00
1563,1564,flytecomm,AA-3063-SLC-LAX,20:20,20:39,21:20,21:20
1564,1565,flytecomm,UA-2708-EWR-CLT,14:55,2:5 5p.m.,4:53 pm..,16:44
1565,1566,flytecomm,UA-62-IAH-EWR,2:30 .m.,14:48,19:03,19:10
1566,1567,unkonwn,UA-1500-IAH-GUA,08:55,09:16,11:45,11:56
1567,1568,FLYTECOMm,AA-3804-PHL-ORD,14:35,14:44,16:05,15:43
1568,1569,flytecomm,AA-1917-JFK-MCO,14:55,15:27,17:55,17:43
1569,1570, ,AA-2268-PHX-ORD,07:15,07:22,11:35 .m.,11:06
1570,1571,aa,AA-4277-CVG-JFK,12:10,12:10,14:15,13:43
1571,1572,aa,AA-2957-DFW-CVG,07:55,08:04,11:05,111:01 a.m.
1572,1573,flytecomm,unknown,09:05,08:52,11:53,12:09
1573,1574,flytecomm,AA-789-ORD-DEN,13:05,13:19,14:35,15:13
1574,1575,flytecomm,AA-415-BS-ORD,08:35,08:56,10:40,10:16
1575,1576,flytecomm,AA-85-JFK-SFO,15:05,15:36,6:30 .pm.,18:43
1576,1577,flytecomm,AA-3979-CVG-ORD,07:30,08:04,08:00,08:06
1577,1578,flytecomm,AA-3786-IAH-ORD,16:00,16:12,18:40,18:15
1578,1579,flytecomm,AA-271-MIA-LAX,11:35,11:52,14:25,14:27
1579,1580,aa,CO-50-CLE-EWR,14:55,15:31,16:49,17:26
1580,1581,flytecomm,UA-3099-PHX-PHL,11:55,11:55,18:17,17:38
1581,1582,FLYTEComm,AA-4198-ORD-CLE,10:40,10:54,12:55,12:50
1582,1583,flyteocmm,AA-404-MIA-MCO,06:45,06:57,07:45,07:40
1583,1584,flytecomm,CO-45-EWR-MIA,16:00,15:58,19:05,18:36
1584,1585,flytecomm,AA-3809-PHX-LAX,06:00,06:10,06:40,06:19
1585,1586,flytecomm,AA-59-JFK-SFO,07:10,07:39,10:45,11:12 .m.
1586,1587,flytecomm,AA-222-LAX-BOS,07:10,07:31,15:30,15:14
1587,1588,aa,AA-1733-ORD-PHX,19:45,19:58,22:30,22:30
1588,1589,mytripandmore,CO-1586-IAH-MCO,19:00,19:14,22:15,22:29
1589,1590,mytripandmore,UA-3925-IAD-OF,08:41,08:42,9::54 a.m.,9:433 a.m.
1590,1591,mytripandmore,AA-1640-MIA-MCO,18:30,18:30,19:25,19:25
1591,1592,mytripandmore,UA-2830-MCO-CLT,15:27,15:27,17:05,17:17
1592,1593,mytripandmoe,UA-5487-SFO-MRY,10:39,10:33,11:19,11:21
1593,1594,mytripandmore,AA-204-LAX-MCO,23:25,11:25 p..,06:55,06:55
1594,1595,mytripandmore,CO-1614-LAX-IAH,00:30,00:41,05:35,05:26
1595,1596,mytripandmore,UA-2726-FLL-PHL,16:00,16:00,18:46,18:28
1596,1597,mytripandmore,CO-1090-BOS-IAH,09:45,10:19,13:16,13:19
1597,1598,mytripandmore,AA-3468-CVG-MIA,07:00,07:25,09:55,09:45
1598,1599, ,CO-62-IAH-EWR,14:30,22:48 p.m.,19:03,19:10
1599,1600,mytripandmore,CO-1023-IAH-DEN,11:40,11:56,13:17,13:14
1600,1601, ,AA-466-IAH-MIA,06:00,06:08,09:20,09:05
1601,1602,mytripandmore,unknown,11:05,11:30,16:57,17:00
1602,1603,mytripanmore,AA-1664-MIA-ATL,10:15,10:18,12:10,11:56
1603,1604,unknown,AA-3979-CVG-ORD,07:30,08:04,8:00 a..,08:06
1604,1605,aa,UA-382-IAD-LAX,12:30,12:35,15:19,15:21
1605,1606,mytripandmoer,AA-616-DFW-DTW,09:05,10:10,12:35,13:27
1606,1607,mytripandmore,AA-4344-ORD-DTW,11:45,12:13,14:00,14:10
1607,1608,mytripandmore,unknown,00:00,03:11,13:45,13:15
1608,1609,mytripandmore,CO-47-IAH-LAX,19:10,20:25,20:56,21:52
1609,1610,mytripandmore,unknown,11:35,11:52,14:25,14:27
1610,1611,aa,AA-3842-MSP-ORD,06:00,06:56,07:30,07:51
1611,1612,mytripandmore,unknown,07:10,07:30,09:35,09:31
1612,1613,aa,AA-1007-MIA-PHX,16:55,17:08,20:05,19:55
1613,1614, ,AA-2525-DFW-MIA,07:25,07:39,11:10,11:06
1614,1615,mytripandmore,AA-1221-MCO-ORD,20:00,20:23,21:45,21:53
1615,1616, ,UA-2515-DFW-CLT,07:05,07:05,10:31,10:47
1616,1617,mytripandmore,AA-4307-ORD-DTW,18:45,18:55,21:10,20:53
1617,1618,mytripandmore,UA-233-LAX-JFK,16:25,16:25,00:29,00:29
1618,1619, ,AA-3823-LAX-DEN,21:00,21:00,00:15,00:15
1619,1620, ,AA-2312-DFW-DTW,20:25,20:25,23:50,23:50
1620,1621,mytripandmore,AA-1165-JFK-MIA,06:59,07:22,10:34,10:04
1621,1622,mytripandmore,unknown,08:35,08:51,11:50,11:44
1622,1623,mytripandmore,UA-257-JFK-SFO,14:30,14:26,18:15,17:42
1623,1624,mytripandmore,AA-649-ORD-SNA,13:30,13:30,15:50,15:50
1624,1625,  mytripandmore ,CO-1250-MIA-IAH,14:53,15:01,16:48,16:59
1625,1626,mytripandmore,UA-828-SFO-ORd,23:08,23:08,05:11,05:11
1626,1627,mytripandmore,AA-3063-SLC-LAX,20:20,20:39,21:20,21:20
1627,1628,aa,AA-1917-JFK-MCO,14:55,15:27,5:555 p.m.,17:43
1628,1629,mytripandmore,UA-6273-yyc-sfo,07:35,07:27,09:43,08:54
1629,1630,mytrpiandmore,AA-4277-CVG-JFK,12:10,12:10,2:1 5p.m.,13:43
1630,1631,mytripandmore,UA-37-EDI-EWR,:05 a.m.,08:52,11:53,12:09
1631,1632,mytripandmore,unknown,07:10,07:39,0:45 a.m.,11:12
1632,1633,mytripandmore,AA-415-BOS-ORD,08:35,08:56,10:40,10:16
1633,1634,mytripandmore,AA-1544-SAN-ORD,11:25,11:40,17:25,16:56
1634,1635,mytripandmore,AA-3786-IAH-ORD,16:00,16:12,18:40,18:15
1635,1636,mytripandmore,CO-50-CLE-EWR,14:55,15:31,16:49,17:26
1636,1637,mytripandmore,AA-404-MIA-MCO,06:45,06:57,07:45,7:440 a.m.
1637,1638,aa,AA-3859-IAH-ORD,07:10,07:01,09:40,09:32
1638,1639,ord,AA-3842-MSP-ORD,06:00,06:56,07:30,7:51 a..
1639,1640,ord,unknown,07:10,07:30,09:35,09:31
1640,1641,ord,AA-3804-PHL-ORD,14:35,14:44,16:05,15:43
1641,1642,orrd,AA-2268-PHX-ORD,07:15,07:22,11:05,11:06
1642,1643,ord,unknown,20:00,20:23,21:45,21:53
1643,1644,unknown,UA-938-DEN-ORD,4:1 6p.m.,16:15,19:35,19:36
1644,1645,rd,AA-789-ORD-DEN,13:05,13:19,14:35,15:13
1645,1646,ORd,unknown,18:45,6::55 p.m.,21:10,8:553 p.m.
1646,1647,ord,AA-3979-CVG-ORD,07:30,804 a.m.,08:00,08:06
1647,1648,ord,UA-664-ORD-HPL,13:33,13:31,16:31,4:23 .m.
1648,1649,ord,AA-3756-ORD-SLC,12:15,12:41,14:45,14:50
1649,1650,ord,AA-3786-IAH-ORD,16:00,16:12,18:40,18:15
1650,1651,ord,unknown,23:55,23:05,05:50,05:50
1651,1652,ord,AA-1544-SAN-ORD,11:25,11:40,17:25,:456 p.m.
1652,1653,aa,AA-4344-ORD-DTW,114:5 a.m.,12:13,14:00,14:10
1653,1654,ord,AA-1733-ORD-PHX,19:45,19:58,22:30,22:30
1654,1655,orrd,unknown,10:40,10:54,12:55,12:50
1655,1656,ord,UA-828-SFO-ORRD,23:08,23:08,05:11,05:11
1656,1657,ord,AA-2050-ORD-MIA,10:40,11:05,14:45,14:46
1657,1658,unknown,UA-248-PHX-ORD,12:57,13:32,17:15,17:34
1658,1659,ord,AA-415-BOS-ORD,8:35a .m.,08:56,10:40,10:16
1659,1660,ord,AA-4330-CVG-ORD,15:35,15:36,4:000 p.m.,15:33
1660,1661,ord,UA-843--LAX-ORD,13:55,14:10,19:53,19:58
1661,1662,wunderground,AA-359-IAH-ORD,07:10,07:01,09:40,09:32
1662,1663,wunderground,AA-518-MIA-JFK,06:40,06:54,09:25,09:28
1663,1664,unknown,unknown,19:00,19:14,22:15,10::29 p.m.
1664,1665,wunderground,UA-3925-IAD-ORF,08:41,08:42,09:54,09:43
1665,1666,wundergrouund,AA-1733-ORD-PHX,19:45,19:58,22:30,22:30
1666,1667,wunderground,AA-204-LAX-MCO,23:25,23:25,06:55,06:55
1667,1668,unknown,unknown,16:00,16:00,18:46,18:28
1668,1669,wunderground,CO-52-IAH-LAX,07:35,7:299 a.m.,09:21,09:14
1669,1670,wunderground,AA-3468-CVG-MIA,07:00,07:25,09:55,09:45
1670,1671,wunderground,AA-484-DFW-MIA,44:15 p.m.,16:29,19:55,19:39
1671,1672,wunderground,AA-616-DFW-DTW,09:05,10:10,12:35,13:27
1672,1673,wunderground,AA-446-DFW-PHL,11:50,12:12,15:50,16:09
1673,1674,WUNDERGROund,CO-1023-IAH-DEN,11:40,01:56,13:17,13:14
1674,1675,wundergorund,unknown,06:00,06:08,09:20,09:05
1675,1676,wunderground,UA-3050-PHX-CLT,11:05,113:0 a.m.,16:57,17:05
1676,1677,wunderground,AA-2957-DFW-CVG,07:55,08:04,11:05,11:01
1677,1678,wunderground,AA-1664-MIA-ATL,10:15,10:18,12:100 p.m.,11:56
1678,1679, ,AA-3979-CVG-ORD,07:30,80:4 a.m.,8:00 a.mm.,08:06
1679,1680,wunderground,AA-1279-DFW-PHX,13:00,14:04,14:35,15:30
1680,1681,wundergrround,A-404-MIA-MCO,06:45,06:57,07:45,07:40
1681,1682,wunderground,AA-3756-ORD-SLLC,12:15,12:41,14:45,14:50
1682,1683,/NA,UA-382-IAD-LAX,12:00,12:35,15:19,15:21
1683,1684,WUNDERGROUNd,unknown,14:30,14:26,18:15,17:42
1684,1685, ,UA-2945-PHL-CLT,00:00,03:11,13:45,13:15
1685,1686,wunderground,CCO-63-EWR-IAH,17:25,17:22,20:22,20:03
1686,1687,wunderground,AA-2525-DFW-MIA,07:25,07:39,11:10,11:066 a.m.
1687,1688,wunderground,CO-47-IAH-LAX,19:10,20:25,20:56,21:52
1688,1689,wunderground,AA-271-MIA-LAX,11:35,11:52,14:25,14:27
1689,1690,WUNDERGround,AA-2050-ORD-MIA,10:40,11:05,2:455 p.m.,14:46
1690,1691,wundergound,AA-4330-CVG-ORD,3:35p .m.,15:36,16:00,15:33
1691,1692,uunknown,AA-14344-DFW-MCO,07:15,07:21,10:35,10:36
1692,1693, ,AA-1640-MIA-MCO,18:30,18:30,19:25,19:25
1693,1694,  wunderground ,unknown,18:45,18:55,21:10,20:53
1694,1695,wunderground,AA-3-JFK-LAX,12:00p .m.,12:11,15:15,15:16
1695,1696,wunderground,CO-1694-LAX-IAH,19:15,19:15,00:21,00:21
1696,1697,wunderground,CO-1193-EWR-MCO,09:15,09:14,12:18,12:09
1697,1698,wunderground,AA-3842-MSP-ORD,06:00,06:56,07:30,07:51
1698,1699,wunderground,AA-643-MIA-ORD,07:10,07:30,09:35,09:31
1699,1700,wuunderground,unknown,16:55,17:08,20:05,19:55
1700,1701,wunderground,UA-2906-PHL-MCO,15:50,16:28,18:23,18:38
1701,1702,aa,AA-1221-MCO-ORD,20:00,20:23,21:45,21:53
1702,1703,wunderground,AA-400-DFW-JFK,10:40,11:01,14:59,15:04
1703,1704,wunderground,UA-664-ORD-PHL,13:33,13:31,4:331 p.m.,16:23
1704,1705,wunderground,UA-37-EWR-MCO,13:29,13:48,16:17,16:17
1705,1706,aa,UA-233-LAX-JFK,16:25,16:25,00:29,00:29
1706,1707,wunderground,AA-3823-LAX-DEN,21:00,21:00,00:15,00:15
1707,1708,aa,AA-2312-DFW-DTW,20:25,20:25,23:50,23:50
1708,1709,aa,unknown,06:59,07:22,10:34,10:04
1709,1710,wunderground,AA-431-MIA-SFO,08:35,08:51,11:50,11:44
1710,1711,wunderground,AA-649-ORD-SNA,13:30,13:30,15:50,15:50
1711,1712,aa,UA-828-SFO-ORD,23:08,23:08,05:11,05:11
1712,1713,wunderground,unknown,17:30,17:30,18:40,18:40
1713,1714,wunderground,AA-3063-SLC-LAX,20:20,20:39,21:20,21:20
1714,1715,wunderground,unknown,14:35,14:44,16:50,15:43
1715,1716,aa,AA-1917-JFK-MCO,14:55,15:27,17:55,17:43
1716,1717,wunderground,AA-2268-PHX-ORD,7:15 a..m.,07:22,11:35,11:06
1717,1718,wundergrouund,AN,12:10,12:10,14:15,13:43
1718,1719,AN,AA-789-ORD-DEN,13:05,13:19,14:35,15:13
1719,1720,wunderground,unknown,15:05,15:36,18:03,18:43
1720,1721,unknown,unknown,16:00,16:12,18:40,18:15
1721,1722,wunderground,AA-222-LAX-BOS,07:10,07:31,15:30,15:14
1722,1723,wunderground,UA-3099-PHX-PHL,11:55,11:55,18:17,17:38
1723,1724,wunderground,AA-4198-ORD-CLE,10:40 .am.,10:54,12:55,12:50
1724,1725,aa,A,4:00 .m.,15:58,19:05,6:336 p.m.
1725,1726,wunderground,unknown,06:00,06:10,06:40,06:19
1726,1727,wunderground,unknown,:710 a.m.,07:39,10:45,11:12
1727,1728,ua,UA-397-JFK-SFO,08:00,08:29,11:55,11:58
1728,1729,ua,UA-3925-IAD-ORF,08:41,8:42 a..,09:54,09:43
1729,1730,ua,unknown,15:27,15:27,17:05,17:17
1730,1731,ua,UA-5487-SFO-MRY,10:39,10:33,11:19,11:21
1731,1732,au,unknown,16:00,16:00,18:46,6:228 p.m.
1732,1733,aa,UA-3050-PHX-CLT,11:05 a..,11:30,16:57,17:05
1733,1734,ua,UA-382-iad-lax,12:30 p..,12:35,15:19,15:21
1734,1735,ua,UA-295-PHL-CLT,00:00,03:11,13:45,13:15
1735,1736,ua,UA-854-SFO-IAH,07:53,07:49,13:39,13:30
1736,1737,aa,AU-3515-IAD-MSP,08:15,08:12,10:06,09:56
1737,1738,ua,UA-248-phx-ord,12:57,13:32,17:15,17:34
1738,1739,ua,UA-843-LAX-ORD,13:55,14:10,19:53,19:58
1739,1740,ua,UA-2906-PHL-MCO,15:50,16:28,18:23,18:38
1740,1741,aa,UA-938-DEN-ORD,16:16,16:15,19:35,19:36
1741,1742,ua,UAA-2515-DFW-CLT,07:05,07:05,10:31,10:47
1742,1743,aa,unknown,13:33,13:31,4:3 1p.m.,16:23
1743,1744,ua,UA-37-EWR-MCO,13:29,13:48,16:17,16:17
1744,1745,au,UA-233-LAX-JFK,16:25,16:25,00:29,00:29
1745,1746,ua,UA-3373-IADPHL,08:29,08:26,09:24,09:13
1746,1747, ,UA-6273-YYC-SFO,07:35,7:27 .am.,09:43,08:45
1747,1748,au,UA-828-SFO-ORD,23:08,23:08,05:11,05:11
1748,1749,ua,N/a,13:45,13:32,08:27,08:02
1749,1750,ua,UA-2704-DTW-PHX,11:15,11:15,13:40,14:00
1750,1751,ua,UA-22708-EWR-CLT,14:55,14:55,16:53,16:44
1751,1752,aa,UA-62-IAH-EWR,14:30,14:48,19:03,19:10
1752,1753,ua,UA-1500-IAH-GUA,08:55,09:16,11:45,11:56
1753,1754,aa,UA-2314-ATL-PHL,14:55,14:55,17:00,16:47
1754,1755,ua,unknown,09:05,08:52,11:53,12:09
1755,1756,aa,UA-3099-PHX-PHL,11:55,11:55,18:17,17:38
1756,1757,ua,UA-414-LAX-SFO,06:00,05:56,07:23,:17 a.m.
1757,1758,ua,UA-257-JFK-SFO,14:30,2:26 pm..,18:15,17:42
1758,1759,flylouisville,unknown,07:10,07:16,09:40,09:32
1759,1760,flylouisville,CO-1586-IAH-MCO,19:00,19:14,22:15,22:29
1760,1761,flylouisville,AA-518-MIA-JFK,06:40,06:54,09:25,09:28
1761,1762,flylouisville,UA-397-JFK-SO,08:00,08:29,11:55,11:58
1762,1763,flylouisville,UA-3925-IAD-ORF,08:41,08:42,9::54 a.m.,09:43
1763,1764,flylouisville,AA-1733-ORD-PHX,19:45,19:58,22:30,22:30
1764,1765,flylouisville,AA-3-JFK-LAX,12:00,12:11,15:15,15:16
1765,1766,flylouisville,UA-2830-MCO-CLT,15:27,15:27,17:05,17:17
1766,1767,flylouisville,unknown,11:25,11:32,14:50,15:31
1767,1768,flylouisville,UA-5487-SFO-MRY,1:039 a.m.,10:33,11:19,11:21
1768,1769,flylouisville,AA-204-LAX-MCO,23:25,23:25,06:55,66:55 a.m.
1769,1770,flylouisville,UA-414-LAX-SFO,06:00,05:56,07:23,07:17
1770,1771,aa,CO-1614-LAX-IAH,00:30,00:41,05:35,05:26
1771,1772,flylouisville,UA-2726-FLL-PHL,16:00,16:00,18:46,18:28
1772,1773,flylouisville,CO-52-IAH-LAX,07:35,07:29,09:21,09:14
1773,1774,flylouisville,CO-1090-BOS-IHA,09:45,100:19 a.m.,13:16,13:19
1774,1775,flylouisville,AA-616-DFW-DTW,09:05,10:10,12:35,13:27
1775,1776,flylouisville,N/A,08:15,08:12,10:06,09:56
1776,1777,flylouisville,AA-3468-CVG-MIA,07:00,07:25,09:55,09:45
1777,1778,flylouisville,AA-484-DFW-MIA,16:15,16:29,19:55,19:39
1778,1779,flylouisville,unknown,10:45,10:55,14:20,13:40
1779,1780,flylouisville,CO-62-IAH-EWR,14:30,14:48,19:03,19:10
1780,1781, ,unknown,08:05,08:00,11:35,11:32 .m.
1781,1782,flylouisville,UA-2314-ATL-PHL,14:55,14:55,17:00,16:47
1782,1783,aa,unknown,11:50,12:12,15:50,:09 p.m.
1783,1784,flylouisville,CO-1023-IAAH-DEN,11:40,11:56,13:17,13:14
1784,1785,aa,AA-466-IAH-MIA,06:00,06:08,09:20,09:05
1785,1786,flylouisville,UA-3050-PHX-CLT,11:05,11:30 .m.,16:57,17:05
1786,1787,flylouisville,CO-89-IAH-EWR,06:00,06:02,10:20,10:27
1787,1788,flylouisville,CO-1088-CLE-IAH,08:40,08:40,01:54,10:56 am..
1788,1789,flylouisville,AA-1664-MIA-ATL,10:15,10:18,12:10,11:56
1789,1790,flylouisville,AA-1279-DFW-PHX,13:00,14:04,14:35,15:30
1790,1791,  N/A ,UA-854-SFO-IAH,07:53,07:49,13:39,13:30
1791,1792,flylouisville,unknown,13:30,12:35,15:19,15:21
1792,1793,unknown,unknown,01:45,12:13,14:00,14:10
1793,1794,flylouisville,UA-257-JFK-SFO,14:30,14:26,18:15,17:42
1794,1795,flylouisville,unknown,00:00,03:11,13:45,13:15
1795,1796,flylouisville,CO-63-Ewr-iah,17:25,17:22,20:22,20:03
1796,1797,flylouisville,CO-47-IAH-LAX,19:10,20:25,20:56,21:52
1797,1798,flylouisville,AA-2050-ORDMIA,10:40,11:05,14:45,14:46
1798,1799,flylouisville,UA-248-PHXX-ORD,12:57,13:32,17:15,17:34
1799,1800,flylouisville,AA-433-CVG-ORD,15:35,15:36,16:00,15:33
1800,1801,flylouisville,AA-1434-DFW-MCO,07:15,07:21,10:35,10:36
1801,1802,flylouisville,AA-1640-MIA-MCO,18:30,18:30,19:25,19:25
1802,1803,flylouisville,AA-4307-ORD-DTW,18:45,18:55,21:10,20:53
1803,1804,flylouisville,CO-1694-LAX-IAH,19:15,19:15,00:21,00:21
1804,1805,flylouisville,unknown,13:55,14:10,7:53 .m.,19:58
1805,1806,flylouisville,CO-1193-EWR-MCO,09:15,09:14,12:01,12:09
1806,1807,flylouisville,AA-3842-MSP-ORD,06:00,06:56,07:30,7:5 1a.m.
1807,1808,flylouisville,AA-643-MIA-ORD,07:10,07:30,09:35,09:31
1808,1809,aa,unknown,16:55,17:08,20:05,19:55
1809,1810,aa,UA-2906-PHL-MCO,15:50,16:28,18:23,18:38
1810,1811,flylouisville,UA-938-DENN-ORD,16:16,16:15,19:35,19:36
1811,1812,flylouisville,AA-1221-MCO-ORD,20:00,20:23,21:45,21:53
1812,1813,flylouisville,unknown,10:25,10:20,6:44 pm..,18:34
1813,1814,flylouisville,unknown,07:05,07:05,10:31,10:47
1814,1815,flylouisville,AA-400-DFW-JFK,10:40,11:01,14:59,15:04
1815,1816,flylouisville,UA-664-ORD-PHL,1:33 .m.,1:31 pm.,16:31,16:23
1816,1817,flylouisville,AA-3756-ORD-SLC,12:15,12:41 p..m,14:45,14:50
1817,1818,flylouisville,UA-37-EWR-MCO,13:29,13:48,16:17,16:17
1818,1819,flylouisville,AA-1522-SFO-ORD,23:55,23:55,05:50,05:50
1819,1820,flylouisville,UA-233-LAX-JFK,16:25,16:25,00:29,00:29
1820,1821,aa,AA-3823-LAX-DEN,21:00,9:00 p..m,00:15,00:15
1821,1822,flylouisville,AA-2312-DFW-DTW,20:25,20:25,23:50,23:50
1822,1823,flylouisville,AA-1165-JFK-MIA,06:59,07:22,10:34,10:04
1823,1824,flylouisville,unknown,08:35,08:51,11:50,11:44
1824,1825,flylouisville,UA-3373-IAD-PHL,08:29,08:26,09:24,09:13
1825,1826,flylouisville,AA-649-ORD-SNA,13:30,13:30,15:50,15:50
1826,1827,flylouisville,CO-1250-mia-iah,253 p.m.,15:01,16:48,16:59
1827,1828,aa,UA-6273-YYC-SFO,07:35,07:27,09:43,08:45
1828,1829,flylouisville,UA-828-SFO-ORD,23:08,23:08,05:11,05:11
1829,1830,flylouisville,CCO-4888-IAH-DAL,5::30 p.m.,17:30,18:40,18:40
1830,1831,flylouisville,UA-858-PVG-SFO,13:45,13:32,08:27,08:02
1831,1832,flylouisville,unknown,11:15,11:15,13:40,14:00
1832,1833,flylouisville,AA-3063-SLC-LAX,20:20,20:39,9:20 .pm.,21:20
1833,1834,flylouisville,UA-2708-ewr-clt,14:55,14:55,4:5 3p.m.,16:44
1834,1835,flylouisville,UA-62-IAH-EWR,14:30,2::48 p.m.,19:03,19:10
1835,1836,flylouisville,UA-1500-IAH-GUA,8:555 a.m.,09:16,11:45,11:56
1836,1837,flylouisville,AA-3804-PHL-ORD,14:35,14:44,16:05,15:43
1837,1838,flylouisville,AA-1917-JFK-MCO,14:55,15:27,17:55,17:43
1838,1839,flylouisville,AA-2268-PHX-ORD,07:15,07:22,11:35,11:06
1839,1840,flylouisville,AA-4277-CVG-JFK,12:10,12:10,14:15,13:43
1840,1841,flylouisville,AA-2957-DFW-CVG,07:55,08:04,11:05,11:01
1841,1842,flylouisville,UA-37-EDI-EWR,09:05,08:52,11:53,12:09
1842,1843,flylouisville,AA-789-ORD-DEN,13:05,13:19,14:35,15:13
1843,1844,flylouisville,AA-415-bos-ord,08:35,08:56,10:40 .am.,10:16
1844,1845,flylouisville,unknown,15:05,15:36,18:30,18:43
1845,1846,flylouisville,AA-3979-CVG-ORD,07:30,08:04,08:00,08:06
1846,1847,flylouisville,AA-1544-SAN-ORD,11:25,11:40,17:25,16:56
1847,1848,flylouisville,unknown,16:00,16:12,18:40,18:15
1848,1849,flylouisville,AA-271-MIA-LAX,11:35,11:52,14:25,14:27
1849,1850,flylouisville,AA-2525-DFW-MIA,07:25,07:39,11:10,11:06
1850,1851,flylouisville,CO-50-CLE-EWR,14:55,15:31,16:49,17:26
1851,1852,flylouisville,UA-3099-PHX-PHL,11:55,11:55,18:17,17:38
1852,1853,flylouisville,AA-4198-ORD-CLE,10:40,01:54,12:55,122:50 p.m.
1853,1854,flylouisville,unknown,06:45,06:57,07:45,07:40
1854,1855,aa,unknown,16:00,15:58,19:05,6:36 p..m.
1855,1856,flylouisville,AA-3809-PHX-LAX,06:00,06:10,06:40,06:19
1856,1857,flylouisville,AA-59-JFK-SFO,07:10,07:39,10:45,11:12
1857,1858,flylouisville,AA-222-LAX-BOS,07:10,07:31,15:30,15:14
1858,1859,quicktrip,unknown,07:10,07:16,09:40,09:32
1859,1860,quicktrip,CO-1586-IAH-MCO,19:00,7:14 p..m.,22:15,22:29
1860,1861,quicktrip,unknown,06:40,06:54,09:25,09:28
1861,1862,quicktrip,UA-397-JFK-SFO,08:00,08:29,11:55,11:58
1862,1863,quicktrip,UA-3925-IAD-ORF,08:41,08:42,09:54,09:43
1863,1864,aa,AA-1733-ORD-PHX,19:45,19:58,22:30,22:30
1864,1865,quicktrip,AA4-344-ORD-DTW,11:45,12:13 p..m.,14:00,14:10
1865,1866,quicktrip,unknown,18:30,18:30,19:25,19:25
1866,1867,aa,UA-2830-MCO-CLT,15:27,15:27,17:05,17:17
1867,1868,aa,CO-58-DEN-IAH,11:25,11:32,14:50,15:31
1868,1869,quicktrip,AA-204-LAX-MCO,23:25,23:25,06:55,06:55
1869,1870,quicktrip,UA-414-LAX-SFO,06:00,05:56,07:23,07:17
1870,1871,quicktrip,CO-1614-LAX-IAH,00:30,00:41,05:35,05:02
1871,1872,quicktrip,UA-2726-FLL-PHL,16:00,4:000 p.m.,18:46,18:28
1872,1873,aa,CO-52-IAH-LAX,77:35 a.m.,07:29,:21 a.m.,09:14
1873,1874,unknown,C-O1090-BOS-IAH,09:45,10:19,13:16,1:19 .m.
1874,1875,quicktrip,AA-3468-CVG-MIA,07:00,07:25,09:55,09:45
1875,1876,quicktrip,unknown,08:15,08:12,10:06 .am.,09:56
1876,1877,quicktrip,AA-484-DFW-MIA,16:15,16:29,19:55,19:39
1877,1878,quicktrip,A-616-DFW-DTW,09:05,10:10,12:35,13:27
1878,1879,quicktrip,CO-62-IAH-EWR,14:30,2:48 p..m,19:03,19:10
1879,1880,quicktrip,CO-63-EWR-IAH,17:25,17:22,20:22,20:03
1880,1881,quicktrip,AA-446-DFW-phl,11:50,12:12,15:50,16:09
1881,1882,quicktrip,CO-1023-IAH-DEN,11:40,11:56,13:17,13:14
1882,1883,quicktrip,AA-466-IAH-MIA,06:00,06:08,9:220 a.m.,09:05
1883,1884,quicktrip,UA-3050-PHX-CLT,11:05,11:30,16:57,17:05
1884,1885,NN/A,CO-89-IIAH-EWR,06:00,06:02,10:20,10:27
1885,1886,quicktrip,CO-1088-CLE-IAH,08:40,08:40,10:54,10:56
1886,1887,quicktrip,AA-2957-DFW-CVG,07:55,08:04,11:05,11:01
1887,1888,quicktrip,AA-1664-MIA-ATL,10:15,10:18,12:10 p.mm.,11:65 a.m.
1888,1889,quicktrip,AA-3979-CVG-ORD,07:30,08:04,08:00,08:06
1889,1890, ,AA-1279-DFW-PHX,13:00,14:04,14:35,15:30
1890,1891,quicktrip,AA-404-MIA-MCO,06:45,06:57,07:45,07:40
1891,1892,quicktrip,AA-3756-ORD-SLC,12:15,12:41,14:45,14:50
1892,1893,quicktrip,unknown,12:30,12:35 .m.,15:19,15:21
1893,1894,quicktrip,UA-2945-PHL-CLT,00:00,03:11,1:45 pp.m.,13:15
1894,1895,quicktrip,unknown,19:10,20:25,8:56 .pm.,21:52
1895,1896,quicktrip,AA-271-MIAL-AX,11:35 aa.m.,11:52,14:25,14:27
1896,1897,quicktrip,AA-2050-ORD-MIA,10:40,11:05,14:45,14:46
1897,1898,quicktrip,UA-248-PHX-ORD,12:57,13:32,17:15,17:34
1898,1899,quicktrip,AA-4330-CVG-ORD,15:35,3:36 .pm.,16:00,15:33
1899,1900,quicktrip,AA-1434-DFW-MCO,07:15,07:21,10:35,10:36
1900,1901,quicktrip,CO-1561-PHX-IAH,08:05,08:00,11:35,11:32
1901,1902,aa,AA-4307-ORD-DTW,6:45 pm..,18:55,21:10,20:53
1902,1903,aa,AA-3-JFK-LAX,12:00,12:11,15:15,15:16
1903,1904,quicktrip,CO-1694-LAX-IAH,19:15,19:01,00:21,00:21
1904,1905,quicktrip,unknown,13:55,14:10,19:53,19:58
1905,1906,quicktrip,CO-1193-EWR-MCO,09:15,09:14,12:18,12:09
1906,1907,quicktrip,AA-3842-MSP-ORD,06:00,06:06,07:30,07:51
1907,1908,quicktrip,unknown,07:10,07:30,09:35,09:31
1908,1909,Na,AA-1007-MIA-PHX,16:55,17:08,20:05,7:55 p..m
1909,1910,quicktrip,AA-2525-DFW-MIA,7:25 aa.m.,07:39,11:10,11:06
1910,1911,unknown,UA-2906-PHL-MCO,15:50,16:28,18:23,18:38
1911,1912,quicktrip,UA-938-DEN-ORD,16:16,16:15,19:35,19:36
1912,1913,unknown,AA-1221-MCO-ORD,20:00,20:23,21:45,21:53
1913,1914,quicktrip,unknown,10:25,10:20,18:44,18:34
1914,1915,aa,UA-2515-DFW-CLT,07:05,07:05,10:31,10:47
1915,1916,quicktrip,AA-400-DFW-JFK,10:40,11:01,14:59,15:04
1916,1917,quicktrip,UA-664-ORD-PHL,13:33,13:31,4:31 p..m,16:23
1917,1918,quicktrip,UA-37-EWR-MCO,13:29,13:48,16:17,16:17
1918,1919,quicktrip,AA-1522-SFO-ORD,23:55,23:55,05:50,05:50
1919,1920,quicktrip,UA-233-LAX-JFK,16:25,16:25,00:29,00:29
1920,1921,quicktrip,AA-3823-LAX-DEN,21:00,21:00,00:15,00:15
1921,1922,quicktrip,AA-2312-DFW-DTW,20:25,82:5 p.m.,23:50,23:50
1922,1923,quicktrip,UA-2314-ATL-PHL,14:55,14:55,17:00,16:47
1923,1924,quicktrip,AA-1165-JFK-MA,06:59,07:22,10:34,10:04
1924,1925,quicktrip,AA-431-MIA-SFO,08:35,8:51 .am.,11:50,11:44
1925,1926,quicktrip,UA-257-JFK-SFO,14:30,14:26,18:15,17:42
1926,1927,quicktrip,unknown,08:29,08:26,09:24,09:13
1927,1928,aa,unknown,14:53,15:01,16:48,16:59
1928,1929,quicktrip,UA-828-SFO-ORD,23:08,23:08,05:11,05:11
1929,1930,quicktrip,unknown,17:30,17:30,18:40,18:40
1930,1931,quicktrip,UA-2704-DTW-PHX,11:15,11:15,13:40,14:00
1931,1932,quicktrip,AA-3063-SLC-LAX,20:20,20:39,21:20,21:20
1932,1933,quicktrip,UA-2708-EWR-CLT,14:55,14:55,16:53,16:44
1933,1934,quicktrip,UA-62-IAH-EWR,14:30,14:48,19:03,19:10
1934,1935,quicktrip,AA-3804-PHL-ORD,14:35,14:44,16:05,15:43
1935,1936,quicktrip,AA-1917-JFK-MCO,2:55 p..m.,15:27,17:55,17:43
1936,1937,quicktrip,AA-2268-PHX-ORD,07:15,07:22,11:35,11:06
1937,1938,quicktrip,AA-4277-CVG-JFK,12:10,12:10,14:15,13:43
1938,1939,quicktrip,AA-789-ORD-DEN,13:05,13:19,14:35,15:13
1939,1940,quicktrip,UA-854-SFO-IAH,07:53,07:49,13:39,13:30
1940,1941,quicktrip,unknown,08:35,08:56,10:40,10:16
1941,1942,quicktrip,AA-85-JFK-SFO,15:05,15:36,18:30,18:43
1942,1943,unknown,AA-3786-IAH-ORD,16:00,16:12,18:40,18:15
1943,1944,quicktrip,AA-222-LAX-BOS,7:10 a..m.,07:31,15:30,15:14
1944,1945,quicktrip,CO-50-CLE-EWR,14:55,15:31,16:49,17:26
1945,1946,quicktrip,UA-3099-phx-phl,11:55,11:55,18:17,17:38
1946,1947,quicktrip,AAA-4198-ORD-CLE,10:40,10:54,12:55,12:50
1947,1948,quicktrip,CO-45-EWR-MIA,16:00,15:58,19:05,18:36
1948,1949,quicktrip,AA-3809-PHX-LAX,06:00,06:10,06:40,6:19 .m.
1949,1950,quicktrip,AA-59-JFK-SOF,07:10,7::39 a.m.,10:45,11:12
1950,1951,allegiantair,AA-3859-IAH-ORD,07:10,07:16,09:40,09:32
1951,1952,allegiantair,CO-1586-IAH-MCO,19:00,19:14,22:15,22:29
1952,1953,allegiantair,AA-518-MIA-JFK,06:40,06:54,09:25,09:28
1953,1954,unknonw,UA-397-JFK-SFO,08:00,08:29,11:55,11:58
1954,1955,allegiantair,UA-3925-IAD-ORF,08:41,8:42 am.,09:54,09:43
1955,1956,allegiantair,AA-1733-ORD-PHX,19:45,19:58,10:3 0p.m.,22:30
1956,1957,allegiantair,unknown,12:00,12:11,15:15,15:16
1957,1958,allegiantair,UA-2830-MCO-CLT,33:27 p.m.,15:27,17:05,17:17
1958,1959,allegiantair,CO-58-DEN-IAH,11:25,11:32,14:50,15:31
1959,1960,A,UA-5487-SFO-MRY,10:39,10:33,11:19,11:21
1960,1961,allegiantair,AA-204-LAX-MCO,23:25,23:25,06:55,06:55
1961,1962,allegiantair,UA-414-LLAX-SFO,06:00,05:56,07:23,07:17
1962,1963,allegiantair,CO-1614-LAX-IAH,00:30,00:41,05:35,05:26
1963,1964,allegiantair,unknown,16:00,16:00,18:46,18:28
1964,1965,allegiantair,CO-52-IAH-LAX,07:35,07:29,09:21,09:14
1965,1966,allegiantair,CO-1090-BOS-IAH,09:45,10:19,13:16,13:19
1966,1967,allegiantair,unknown,09:05,10:10,12:35,13:27
1967,1968,allegiantair,UA-3515-IAD-MSP,08:15,08:12,10:06,09:56
1968,1969,allegiantair,AA-3468-CVG-MIA,07:00,7:25 aa.m.,09:55,09:45
1969,1970,allegiantair,AA-484-DFW-MIA,16:15,16:29,19:55,19:39
1970,1971,allegiantair,AA-1886-BOS-MIA,01:45,10:55,14:20,13:40
1971,1972,allegiantair,CO-62-IAH-EWR,14:30,14:48,19:03,19:10
1972,1973,allegiantair,CO-1561-PHX-IAH,08:05,08:00,11:35,11:32
1973,1974,allegiantair,UA-2314-ATL-PHL,14:55,2:55 pp.m.,17:00,16:47
1974,1975,allegiantair,AA-446-DFW-PL,11:50,12:12,15:50,:409 p.m.
1975,1976,allegiantair,CO-1023-IAH-DEN,11:40,11:56,13:17,13:14
1976,1977,aa,AA-466-IAH-MIA,6::00 a.m.,06:08,09:20,09:05
1977,1978,allegiantair,UA-3050-PHX-CLT,11:05,11:30 am..,16:57,17:05
1978,1979,allegiantair,unknown,06:00,66:02 a.m.,10:20,10:27
1979,1980,allegiantair,unknown,08:40,08:40,10:54,10:56 a.mm.
1980,1981,allegiantair,AA-1664-MIA-ATL,10:15,10:18,12:10,11:56
1981,1982,allegiantair,AA-1279-DFW-phx,13:00,14:04,14:35,15:30
1982,1983,allegiantair,UA-854-SFO-IAH,07:53,07:49,13:39,13:30
1983,1984,allegiantair,UA-382-IAD-LAX,12:30,12:35,15:19,15:21
1984,1985,aa,unknown,11:45,12:13,14:00,14:10
1985,1986,allegiantair,UA-257-JFK-SFO,14:30,14:26,18:15,17:42
1986,1987,allegiantair,UA-2945-PHL-CLT,12::00 a.m.,03:11,13:45,13:15
1987,1988,allegiantair,unknown,17:25,17:22,20:22,20:03
1988,1989,allegiantair,unknown,19:10,20:25,20:56,21:52
1989,1990,allegiantair,AA-2050-ORD-MIA,10:40,11:05,14:45,14:46
1990,1991,allegiantair,UA-248-PHX-ORD,12:57,13:32,17:15,17:34
1991,1992,aa,AA-4330-CVG-ORD,15:35,15:36,16:00,15:33
1992,1993,allegiantair,unknown,07:15,07:21,10:35,10:36
1993,1994,allegiantair,unknown,63:0 p.m.,18:30,19:25,19:25
1994,1995,allegiantair,AA-4307-ORD-DTW,18:45,18:55,21:10,20:53
1995,1996,allegiantair,CO-1694-LAX-IAH,19:15,19:15,00:21,00:21
1996,1997,allegiantair,unknown,13:55,14:10,19:53,19:58
1997,1998,allegiantair,CO-11193-EWR-MCO,09:15,09:14,12:18,12:09
1998,1999,allegiantair,unknown,06:00,06:56,07:30,07:51
1999,2000,allegiantair,unknown,07:10,7:30 .am.,09:35,09:31
2000,2001,allegiantair,AA-1007-MIA-PHX,16:55,17:08,20:05,755 p.m.
2001,2002,allegiantair,UA-2906-PHL-MCO,15:50,16:02,18:23,18:38
2002,2003,aa,UA-938-den-ord,16:16,16:15,19:35,19:36
2003,2004,allegiantair,AA-1221-MCO-ORD,20:00,20:23,21:45,21:53
2004,2005,allegiantair,CO-16-LAX-EWR,10:25,10:20,18:44,18:34
2005,2006,allegiantair,UA-2515-DFW-CLT,07:05,07:05,10:31,10:47 aa.m.
2006,2007, ,AA-40-DFW-JFK,10:40,1101 a.m.,14:59,15:04
2007,2008,allegiantair,unknown,13:33,13:31,16:31,16:23
2008,2009,aa,AA-3756-ORD-SLC,12:15,12:41,14:45,14:50
2009,2010,allegiantair,UA-37-EWR-MCO,13:29,13:48,16:17,16:17
2010,2011,allegiantair,AA-1522-SFO-ORD,23:55,23:55,05:50,05:50
2011,2012,aa,UA-233-LAX-JFK,16:25,4:25 pm.,00:29,00:29
2012,2013,aa,AA-3823-LAX-DEN,21:00,21:00,00:15,00:15
2013,2014,allegiantair,AA-2312-DFW-DTW,20:25,20:25,23:50,23:50
2014,2015, ,AA-165-JFK-MIA,06:59,07:22,10:34,10:04
2015,2016,aa,unknown,08:35,08:51,11:50,11:44
2016,2017,allegiantair,unknown,8:29 a..,08:26,09:24,09:13
2017,2018,aa,unknown,13:30,13:30,15:50,15:50
2018,2019,allegiantair,CO-1250-MIA-IAH,14:53,15:01,16:48,16:59
2019,2020,allegiantair,UA-6273-YYC-SFO,07:35,07:27,09:43,08:45
2020,2021,aa,unknown,23:08,23:08,05:11,05:11
2021,2022,allegiantair,CO-4888-IAH-DAL,17:30,17:30,18:40,18:40
2022,2023,allegiantair,UA-858-PVG-SFO,13:45,13:32,08:27,08:02
2023,2024,aa,UA-2704-DTW-PHX,11:15,11:15,13:40,14:00
2024,2025,allegiantair,AA-3063-SLC-LAX,20:20,20:39,21:20,21:20
2025,2026,allegiantair,unknown,14:55,14:55,16:53,16:44
2026,2027,allegiantair,unknown,14:30,14:48,19:03,19:10
2027,2028,allegiantair,UA-1500I-AH-GUA,08:55,09:16,11:45,11:56
2028,2029,allegiantair,AA-3804-PHL-ORD,14:35,14:44,16:05,15:43
2029,2030,allegiantair,AA-1917-JFK-MCO,14:55,15:27,17:55,17:43
2030,2031,aa,AA-2268-PHX-ORD,07:15,07:22,11:35,11:06
2031,2032,allegiantair,AA-4277-CVG-JFK,12:10,12:10,14:15,13:43
2032,2033,allegiantair,AA-2957-DFW-CVG,07:55,08:04,11:05,11:01
2033,2034,aa,UA-37-EDI-EWR,09:05,08:52,11:53,12:09
2034,2035,allegiantair,unknown,13:05,1:19p .m.,14:35,15:13
2035,2036,allegiantair,AA-415-BOS-ORD,08:35,08:56,10:40,10:06
2036,2037,allegiantair,AA-85-JFK-SO,15:05,15:36,18:30,18:43
2037,2038,allegiantair,AAA-3979-CVG-ORD,07:30,08:04,88:00 a.m.,08:06
2038,2039,aa,AA-1544-SAN-ORD,11:25,11::40 a.m.,17:25,16:56
2039,2040,allegiantair,AA-3786-IAH-ORD,4:00 p.mm.,16:12,18:40,18:15
2040,2041,allegiantair,unknown,11:35,01:52,14:25,14:27
2041,2042,allegiantair,AA-2525-DFW-MIA,07:25,07:39,11:10,11:06 am..
2042,2043,Na,CO-50-CLE-EWR,14:55,15:31,16:49,17:26
2043,2044,aa,UA-3099-PHX-PHL,11:55,11:55,18:17,17:38
2044,2045,allegiantair,AA-4198-ord-cle,10:40,10:54,12:55,21:50 p.m.
2045,2046,allegiantair,AA-404-MIA-MCO,06:45,06:57,07:45,07:40
2046,2047,allegiantair,unknown,16:00,3:58 p..m.,19:05,18:36
2047,2048,allegiantair,AA-3809-PHX-LAX,06:00,6:10 a..,06:40,06:19
2048,2049,allegiantair,AA-59-JFKS-FO,07:10,07:39,10:45,11:12
2049,2050,allegiantair,AA-222-LAX-BOS,7:10 am..,07:31,3:30 p..m,15:14
2050,2051,businesstravellogue,AA-3859-IAH-ORD,07:10,07:16,09:40,09:32
2051,2052, ,CO-1586-IAH-MCO,19:00,19:14,10:15 pm.,22:29
2052,2053,businesstravellogue,AA-518-MIA-JFK,06:40,06:54,09:25,09:28
2053,2054, ,UA-397-JFK-SFO,08:00,08:29,11:55,11:58
2054,2055,businesstravellogue,unknown,08:41,08:42,09:54,09:43
2055,2056,businesstravellogue,AA-1733--ORD-PHX,19:45,19:58,22:30,22:30
2056,2057,aa,unknown,12:00,12:11,15:15,15:16
2057,2058,businesstravellogue,unknown,15:27,15:27,17:05,17:17
2058,2059,businesstravellogue,CO-58-DEN-IAH,11:25,11:32,14:50,3:331 p.m.
2059,2060,businesstravellogue,UA-5487-SFO-MRY,10:39,10:33,11:19,11:21
2060,2061,businesstravellogue,AA-204-LAX-MCO,23:25,23:25,06:55,6:555 a.m.
2061,2062,businesstravellogue,UA-414-LAX-SFO,06:00,05:56,07:23,07:17
2062,2063,businesstravellogue,CO-1614-LAX-IHA,00:30,00:41,05:35,:526 a.m.
2063,2064,businesstravellogue,UA-2726-FLL-PHL,16:00,16:00,18:46,18:28
2064,2065,businesstravellogue,CO-52-IAH-LAX,07:35,07:29,9:221 a.m.,09:14
2065,2066,businesstravellogue,CO-1090-BOS-IAH,09:45,10:19,116 p.m.,13:19
2066,2067,businesstravellogue,AA-616-DFW-DTW,09:05,10:10,12:35,13:27
2067,2068,businesstravellogue,UA-3515-IAD-MSP,08:15,08:12,10:06,09:56
2068,2069,businesstravellogue,AA-3468-CVG-MIA,07:00,07:25,09:55,09:45
2069,2070,businesstravellogue,AA-484-DFW-MIA,16:15,16:29,19:55,19:39
2070,2071,businesstravellogue,AA-1886-BOS-MIA,10:45,10:55a .m.,14:20,13:40
2071,2072,businesstravellogue,CO-62-IAH-EWR,14:30,14:48,19:03,19:10
2072,2073,businesstravellogue,CO-1561-PHX-IAH,08:05,08:00,11:35,11:32
2073,2074,businesstravellogue,UA-2314-ATL-PHL,14:55,14:55,17:00,16:47
2074,2075,businesstravellogue,unknown,11:50,12:12,15:05,16:09
2075,2076,businesstravellogue,CO-1023-IAH-DEN,11:40,11:56,13:17,13:14
2076,2077,businesstravellogue,unknown,6:00 .m.,06:08,09:20,09:05
2077,2078,businesstravellogue,unknown,11:05,11:30,16:57,17:05
2078,2079,businesstravellogue,CO-89-IAH-EWR,06:00,06:02,10:20,10:27
2079,2080,businesstravellogue,unknown,08:40,08:40,10:54,10:56
2080,2081,businesstravellogue,AA-1664-MIA-ATL,10:15,10:18,12:10,11:56
2081,2082,businesstravellogue,AA-1279-DFW-PHX,13:00,14:04,14:35,15:30
2082,2083,businesstravellogue,UA-854-SFO-IAH,07:53,07:49,13:39,13:30
2083,2084,businesstravellogue,unknown,12:30,12:35,15:19,15:21
2084,2085, ,AA-4344-ORD-DTW,11:45,12:13,14:00,14:10
2085,2086,businesstravellogue,UA-257-JFK-SFO,14:30,14:26,18:15,17:42
2086,2087,businesstravellogue,UA-2945-PHL-CLT,00:00,03:11,13:45,13:15
2087,2088,businesstravellogue,CO-63-EWR-IAH,17:25,17:22,20:22,20:03
2088,2089,businesstravellogue,unknown,19:10,20:25,20:56,21:52
2089,2090,businesstravellogue,AA-2050-ORD-MIA,10:40,11:05,14:45,14:46
2090,2091,businesstravellogue,UA-248-PHX-ORD,12:57,1:32 pm..,17:15,17:34
2091,2092,businesstravellogue,AA-4330-CVG-ORD,15:35,15:36,4:00 p..m.,15:33
2092,2093,aa,AA-1434-DFW-MCO,07:15,07:21,10:35,10:36
2093,2094,businesstravellogue,unknown,18:30,18:30,19:25,19:25
2094,2095,businesstravellogue,AA-4307-ORD-DTW,18:45,18:55,21:00,20:53
2095,2096,businesstravellogue,CO-1694-LAX-IAH,7:15 p.mm.,19:15,00:21,1:221 a.m.
2096,2097,businesstravellogue,UA-483-LAX-ORD,13:55,14:10,19:53,19:58
2097,2098,businesstravellogue,COO-1193-EWR-MCO,09:15,09:14,12:18,12:09
2098,2099,businesstravellogue,unknown,06:00,06:56,07:30,07:51
2099,2100,  unknown ,unknown,07:10,07:30,09:35,09:31
2100,2101,businesstravellogue,AA-1007-MIA-PHX,16:55,17:08,20:05,7:55 p..
2101,2102,businesstravellogue,Ua-2906-phl-mco,15:50,16:28,18:23,18:38
2102,2103,businesstravellogue,UA-938-DEN-ORD,16:16,16:15,19:35,19:36
2103,2104,businesstravellogue,AA-1221-MCO-ORD,20:00,20:23,21:45,21:53
2104,2105,aa,CO-16-LAX-EWR,10:25,10:20,18:44,18:34
2105,2106,aa,unknown,07:05,07:05,10::31 a.m.,10:47
2106,2107,businesstravellogue,AA-400-DFW-JFK,10:40,11:01 a..m,14:59,3:04 p..
2107,2108,businesstravellogue,UA-664-ORD-PHL,13:33,13:31,16:31,16:23
2108,2109,businesstravellogue,AA-3756-ORD-SLC,12:15,12:41,14:45,14:50
2109,2110,businesstravellogue,UA-37-EWR-MCO,13:29,13:48,16:17,16:17
2110,2111,businesstravellogue,unknown,23:55,23:55,05:50,05:50
2111,2112,businesstravellogue,unknown,4:25 pm.,16:25,00:29,00:29
2112,2113,businesstravellogue,AA-3823-LAX-DEN,21:00,21:00,00:15,00:15
2113,2114,aa,AA-2312-DFW-DTW,20:25,20:25,23:50,23:50
2114,2115,businesstravellogue,AA-1165-JFK-MIA,06:59,07:22,10:34,10:04
2115,2116,businesstravellogue,AA-431-MIA-SFO,08:35,08:51,11:50,11:44
2116,2117,businesstravellogue,UA-3373-IAD-PHL,08:29,08:26,9:24 a..m,09:13
2117,2118,businesstravellogue,unknown,13:30,1:30 p.mm.,15:50,15:50
2118,2119,businesstravellogue,CO-1250-MIAIAH,14:53,15:01,16:48,16:59
2119,2120, ,UA-6273-YYC-SFO,07:35,07:27,09:43,08:45
2120,2121,businesstravellogue,UA-828-SFO-ORD,110:8 p.m.,23:08,05:11,05:11
2121,2122,businesstravellogue,CO-4888-IAH-DAL,17:30,17:30,18:40,18:40
2122,2123,businesstravellogue,UA-858-PVG-SFO,13:45,13:32,08:27,08:02
2123,2124,businesstravellogue,UA-2704-DTW-PHX,11:15,11:15,13:40,14:00
2124,2125,businesstravellogue,AA-3063-SLC-LAX,20:20,20:39,21:20,:20 p.m.
2125,2126,businesstravellogue,UA-2708-EWR-CLT,14:55,14:55,16:53,16:44
2126,2127,businesstravellogue,UA-62-IAH-EWR,14:30,14:48,19:03,19:10
2127,2128,businesstravellogue,unknown,08:55,9:16 a..m.,11:45,11:56
2128,2129,businesstravellogue,AA-3804-PHL-ORD,14:35,14:44,16:05,15:43
2129,2130,businesstravellogue,AA-1917-JFK-MCO,14:55,15:27,17:55,17:43
2130,2131,businesstravellogue,AA-2268-PHX-ORD,7:15 .m.,07:22,11:53,11:06
2131,2132,businesstravellogue,AA-4277-CVG-JFK,12:10,12:10,2::15 p.m.,13:43
2132,2133,businesstravellogue,AA-2957-DFW-CVG,07:55,08:04,1105 a.m.,1:101 a.m.
2133,2134,businesstravellogue,UA-37-EDI-EWR,09:50,8:5 2a.m.,11:53,12:09
2134,2135,businesstravellogue,AA-789-ORD-DEN,13:05,13:19,14:35,15:13
2135,2136,aa,AA-415-BOS-ORD,08:35,08:56,10:40,10:16
2136,2137,businesstravellogue,AA-85-JFK-SFO,15:05,15:36,18:30,18:43
2137,2138,unknown,AA-3979-CVG-ORD,07:30,08:04,08:00,08:06
2138,2139,aa,AA-1544-SAN-ORD,11:25,11:40,17:25,16:56
2139,2140,businesstravellogue,AA-3786-IAH-ORD,:400 p.m.,16:12,18:40,18:15
2140,2141,businesstravellogue,AA-271-MIA-LAX,11:35,11:52,14:25,14:27
2141,2142,businesstravellogue,unknown,07:25,07:39,11:10,11:06
2142,2143,businesstravellogue,CO-50-CLE-EWR,14:55,15:31,16:49,5:26 .m.
2143,2144,nknown,UA-3099-PHX-PHL,11:55,111:55 a.m.,18:17,17:38
2144,2145,businesstravellogue,AA-4198-ORD-CLE,10:40,10:54,12:55,12:50
2145,2146,businesstravellogue,AA-404-MIA-MCO,06:45,06:57,07:45,07:40
2146,2147,businesstravellogue,CO-45-EWR-MIA,4:000 p.m.,15:58,19:05,18:36
2147,2148,businesstravellogue,AA-3809-PHX-LAX,06:00,06:10,06:40,06:19
2148,2149,businesstravellogue,unknown,07:10,07:39,10:45,11:12
2149,2150,businesstravellogue,AA-222-LAX-BOS,07:10,07:31,15:30,3::14 p.m.
2150,2151,den,CO-58-DEN-IIAH,11:25,11:32,14:50,15:31
2151,2152,den,CO-1023-IAH-DEN,11:40,11:56,13:17,13:14
2152,2153,den,AA-3823-LAX-DEN,21:00,21:00,00:15,00:15
2153,2154,aa,UA-938-DEN-ORD,16:16,16:15,19:35,19:36
2154,2155,den,AA-789-ORD-DEN,13:05,13:19,14:35,15:13
2155,2156,aa,AA-3859-IAH-ORD,07:10,07:16,09:40,9:32 a..
2156,2157,gofox,CO-1586-IAH-MCO,19:00,19:14,22:15,22:29
2157,2158,gofox,AA-518-MIA-JFK,06:40,06:54,09:25,09:28
2158,2159,unknown,UA-397-JFK-SFO,08:00,08:29,11:55,11:58
2159,2160,gofox,unknown,08:41,08:42,09:54,09:43
2160,2161,gofox,unknown,19:45,19:58,22:30,22:30
2161,2162,gofox,AA-3-JFK-LAX,12:00 .m.,12:11,15:15,15:16
2162,2163,gofox,unknown,15:27,15:27,17:05,17:17
2163,2164,gofox,CO-58-DEN-IAH,11::25 a.m.,11:32,14:50,15:31
2164,2165,A,UA-5487-SFO-MRY,10:399 a.m.,10:33,11:19,11:21
2165,2166,gofox,unknown,23:25,23:25,06:55,06:55
2166,2167,gofox,UA-414-LAX-SFO,06:00,05:56,07:23,07:17
2167,2168,gofox,CO-1614-LAX-IAH,00:30,00:41,05:35,05:26
2168,2169,gofox,UA-2726-FLL-PHL,16:00,16:00,6:46 p..m,6:28 .m.
2169,2170, ,CO-52--IAH-LAX,07:35,07:29,09:21,09:14
2170,2171,aa,CO-1090-BOS-IAH,09:45,10:19a .m.,13:16,13:19
2171,2172,aa,AA-616-DFW-DTW,09:05,10:10,12:35,13:27
2172,2173,gofox,UA-3515-IAD-MSP,08:15,08:12,10:06,09:56
2173,2174,gofox,AA-3468-CVG-MIA,07:00,07:25,09:55,09:45
2174,2175,gofox,AA-484-DFW-MIA,16:15,16:29,77:55 p.m.,19:39
2175,2176,gofox,AA-1886-BOS-MIA,10:45,10:55,14:20,13:40
2176,2177,aa,unknown,14:30,14:48,19:03,19:10
2177,2178,gofox,unknown,08:05,08:00,11:35,11:32
2178,2179,gofox,unknown,14:55,14:55,17:00,16:47
2179,2180,gofox,AA-446-DFW-PHL,11:50,12:12,15:50,16:09
2180,2181,gofox,CO-103-IAH-DEN,11:40,11:56,1::17 p.m.,13:14
2181,2182,gofox,AA-466-IAH-MIA,06:00,06:08,09:20,09:05
2182,2183,gofox,unknown,11:05,11:30,16:57,17:05
2183,2184,gofox,CO-89-IAH-EWR,06:00,06:02,10:20,10:27
2184,2185,gofox,CO-1088-CLE-Iah,08:40,08:40,10:54,10:56
2185,2186,gofox,AA-1664-MIA-ATL,10:15,10:18,121:0 p.m.,11:56
2186,2187,aa,AA-1279-DFW-PHX,13:00,14:04,14:35,15:30
2187,2188,gofox,UA-854-SFO-IAH,07:53,07:49,13:39,13:30
2188,2189, ,UA-382-IAD-LAX,12:30,12:35,3:19 pp.m.,15:21
2189,2190,gofox,AA-4344-ORD-DTW,11:45,12:13,14:00,:10 p.m.
2190,2191,gofox,UA-257-JFK-SFO,:30 p.m.,14:26,18:15,17:42
2191,2192,gofox,UA-2945-PHL-CLT,00:00,03:11,13:45,13:15
2192,2193,gofox,CO-63-EWR-IAH,17:25,17:22,20:22,20:03
2193,2194,gofox,unknown,19:10,20:25,8:56 p.mm.,21:52
2194,2195,gofox,AA-2050-ORD-MIA,10:40,11:05,14:45,14:46
2195,2196,gofox,UA-248-PHX-ORD,12:57,1:332 p.m.,17:15,55:34 p.m.
2196,2197,gofox,AA-4330-CVG-ORD,3:3 5p.m.,3:36 p..m,16:00,15:33
2197,2198,gofox,unknown,07:15,07:21,10:35,10:36
2198,2199,gofox,unknown,18:30,18:30,19:25,19:25
2199,2200,gofox,AA-4307-ORD-DTW,18:45,18:55,21:10,20:53
2200,2201,unknown,unknown,19:15,19:15,00:21,00:21
2201,2202,gofox,UA-843-LAX-ORD,13:55,14:10,19:53,19:08
2202,2203,gofox,CO-1193-EWR-MCO,09:15,09:14,12:18,12:09
2203,2204,gofox,unknown,06:00,06:56,7:3 0a.m.,7:51 a..
2204,2205,gofox,AA-643-MIA-ORD,07:10,07:30,09:35,09:31
2205,2206,gofox,AA-1007-MIA-PHX,16:55,5:08p .m.,20:05,19:55
2206,2207,gofox,UA-2906-PHL-MCO,3:50 p..m.,16:28,6:23 .m.,18:38
2207,2208,gofox,unknown,16:16,16:15,19:35,19:36
2208,2209,gofox,AA-1221-MCO-ORD,20:00,20:23,21:45,21:53
2209,2210,gofox,CO-16-LAX-EWR,10:25,10:20,18:44,18:34
2210,2211,gofox,UA-2515-DFW-CLT,07:05,07:05,10:31,10:47
2211,2212,gofox,unknown,10:40,11:01,14:59,15:04
2212,2213, ,UA-664-ORD-PHL,13:33,13:31,16:31,16:23
2213,2214,gofox,unknown,12:15,12:41,14:45,14:50
2214,2215,gofox,UA-37-EWR-MCO,13:29,13:48,16:17,16:17
2215,2216,gofox,AA-122-SFO-ORD,23:55,23:55,05:50,05:50
2216,2217,aa,unknown,4:25 p..m.,16:25,00:29,00:29
2217,2218, ,AA-3823-LAX-DEN,9:0 0p.m.,21:00,00:15,00:15
2218,2219,aa,unknown,20:25,20:25,23:50,23:50
2219,2220,aa,AA-1165-JFK-MIA,06:59,07:22,10:34,10:04
2220,2221,gofox,AA-431-MIA-SFO,08:35,08:51,11:50,11:44
2221,2222,gofox,UA-3373-IAD-HL,08:29,08:26,09:24,09:13
2222,2223,gofox,unknown,13:30,13:30,15:50,15:50
2223,2224,gofox,CO-1250-MIA-IAH,2:53 .pm.,15:01,16:48,16:59
2224,2225,gofox,UA-6273-YYC-SFO,:735 a.m.,07:27,09:43,08:45
2225,2226,gofox,AU-828-SFO-ORD,23:08,23:08,05:11,5:1 1a.m.
2226,2227,gofox,CO-4888-IAH-DAL,17:30,17:30,18:40,18:40
2227,2228,gofox,unknown,13:45,13:32,8:27 a..m,08:02
2228,2229,aa,UA-2704-DTW-PHX,11:15,11:15,13:40,14:00
2229,2230,gofox,AA-3063SLC-LAX,20:20,20:39,21:20,21:20
2230,2231,gofox,unknown,14:55,14:55,16:53,4:444 p.m.
2231,2232,gofox,UA-62-IAH-EWR,2:30 pp.m.,14:48,19:03,19:10
2232,2233,gofox,UA-1500-IAH-GUA,08:55,09:16,11:45,11:56
2233,2234,gofox,AA-3804-PHL-ORD,14:35,14:44,16:05,15:43
2234,2235,gofox,NA/,14:55,15:27,17:55,17:43
2235,2236,gofox,AA-2268-PHX-ORD,7:155 a.m.,07:22,11:35,11:06
2236,2237,gofox,AA-4277-CVG-JFK,12:10,12:10,14:15,13:43
2237,2238,gofox,AA-2957-DFW-CVG,07:55,08:04,11:05,11:01
2238,2239,aa,UA-37-EDI-EWR,09:05,08:52,11:53,12:09
2239,2240, ,AA-789-ORD-DEN,13:05,13:19,14:35,15:13
2240,2241,aa,AA-4415-BOS-ORD,08:35,08:56,0:40 a.m.,10:1 6a.m.
2241,2242,gofox,AA-85-JFK-SFO,15:05,15:36,18:30,18:43
2242,2243,gofox,AA-3979-CVG-ORD,07:03,08:04,08:00,08:06
2243,2244,gofox,AA-1544-SAN-ORD,11:25,11:40 a..m.,17:25,16:56
2244,2245,unknown,AA-3786-IAH-ORD,16:00,16:12,18:40,18:15
2245,2246,gofox,AA-271-MIA-LAX,11:35,01:52,14:25,14:27
2246,2247,AN,AA-2525-DFW-MIA,07:25,07:39,11:10,11:06
2247,2248,gofox,CO-50-CLE-EWR,14:55,15:31,16:49,17:26
2248,2249,gofox,unknown,11:55,11:55,18:17,17:38
2249,2250,gofox,AA-4198-ORD-CLE,10:40,10:54,12:55,12:50
2250,2251,gofox,AA-404-MIA-MCO,06:45,06:57,07:45,07:40
2251,2252,gofox,unknown,16:00,15:58,19:05,18:36
2252,2253,gofox,AA-3809-PHX-LAX,06:00,06:10,06:40,06:19
2253,2254,gofox,AA-59-JFK-SFO,07:10,07:39,10:45,11:12
2254,2255,gofox,AA-222-LAX-BOS,07:10,:31 a.m.,15:30,15:14
2255,2256,flightview,AA-3859-IAH-ORD,07:10,07:16,09:40,09:32
2256,2257,flightview,unknown,06:40,06:54,09:25,09:28
2257,2258,flightview,CO-1586-IAH-MCO,7:00 p..,19:14,22:15,22:29
2258,2259,aa,UA-3925-IAD-ORF,08:41,08:42,09:54,09:43
2259,2260,flightview,AA-1733-ORD-PHX,19:45,19:58,22:30,22:30
2260,2261,flightview,AA-204-LAX-MCO,23:25,23:25,:55 a.m.,06:55
2261,2262,flightview,UA-2726-FLL-PHL,16:00,16:00,18:46,18:28
2262,2263,flightview,CO-52-IAH-LAX,07:35,07:29,09:21,:914 a.m.
2263,2264,flgihtaware,AA-3468-CVG-MIA,07:00,7:25a .m.,09:55,09:45
2264,2265,flightview,AA-484-DFW-MIA,16:15,16:29,19:55,19:39
2265,2266,flightview,AA-616-DFW-DTW,09:05,10:10,12:35,13:27
2266,2267,flightview,unknown,11:50,12:12,15:50,16:09
2267,2268,flightview,unknown,11:40,11:56,13:17,13:14
2268,2269,flightview,AA-466-IAH-MIA,06:00,06:08,09:20,09:05
2269,2270,flightview,unknown,11:05,11:30,16:57,17:05
2270,2271,flightview,AA-2957-DFW-CVG,07:55,08:04,11:05 .am.,11:01
2271,2272,flightview,AA-1664-MIA-ATL,10:15,10:18,12:10,11:56
2272,2273,flightview,AA-3979-CVG-ORD,07:30,:04 a.m.,08:00,88:06 a.m.
2273,2274,flightview,AA-1279-DFW-PHX,1:00 p..,14:04,14:35,15:30
2274,2275,flightview,AA-404-MIA-MCO,06:45,06:57,07:45,07:40
2275,2276,flightview,AA-3756-ORD-SLC,12:15,12:01,14:45,14:50
2276,2277,flightview,UA-382-IAD-LAX,12:30,12:35,15:19,15:21
2277,2278,aa,UA-257-JFK-SFO,14:30,14:26,18:15,17:42
2278,2279,flights,UA2945-PHL-CLT,00:00,03:11,13:45,13:15
2279,2280,unknown,CO-63-EWR-IAH,17:25,17:22,20:22,20:03
2280,2281,flights,AA-2525-DFW-MIA,07:25,07:39,11:10,11:06
2281,2282,flightview,CO-47-IAH-LAX,19:10,20:25,20:56,9:522 p.m.
2282,2283, ,AA-271-MIA-LAX,11:35,11:52,14:25,14:27
2283,2284,flightview,AA-2050-ORD-MIA,10:40,11:05,14:45,14:46
2284,2285,flightview,AA-4330-CVG-ORD,15:35,15:36,16:00,3:33 p..m
2285,2286,flightview,AA-1434-DFW-MCO,07:15,07:21,10:35,10:36
2286,2287,flightview,AA-1640-MIA-MCO,18:30,18:30,19:25,7:25 p.mm.
2287,2288,aa,AA-4307--ORD-DTW,18:45,18:55,21:10,20:53
2288,2289,flightview,AA-3-JFK-LAX,12:00,12:11,15:15,15:16
2289,2290,flightview,CO-1694-LAX-IAH,19:15,19:15,00:21,00:21
2290,2291,aa,unknown,09:15,9:14a .m.,12:18,12:09
2291,2292,flightview,AA-3842-MSP-ORD,06:00,06:56,07:30,07:51
2292,2293,flightview,AA-643-MIA-ORD,07:10,07:30,09:35,09:31
2293,2294,flightview,AA-1007-MIA-PHX,16:55,17:08,20:50,19:55
2294,2295,flightview,UA-2906-PHL-MCO,15:50,16:28,18:23,18:38
2295,2296,NN/A,AA-1221-MCO-ORD,20:00,8:23 p.mm.,21:45,21:53
2296,2297,flightview,AA-400-DFW-JFK,10:40,11:01,14:59,15:04
2297,2298,aa,UA-664-ORD-PHL,13:33,13:31,16:31,16:23
2298,2299,flightview,UA-37-EWR-MCO,13:29,13:48,4:17 p..m,16:17
2299,2300,flightview,UA-233-LAX-JFK,16:25,4::25 p.m.,00:29,00:29
2300,2301,flightview,AA-3823-LAX-DEN,21:00,21:00,00:15,00:15
2301,2302,flightview,unknown,20:25,20:25,11:50 p..m,23:50
2302,2303,flightview,unknown,06:59,07:22,10:34,10:04
2303,2304,flightview,AA-431-MIA-SFO,08:35,08:51,11:50,11:44
2304,2305,aa,AA-649-ORD-SNA,13:30,13:30,15:50,15:50
2305,2306,flightview,UA-828-SFO-ORD,23:08,23:08,05:11,05:11
2306,2307,flightview,CO-4888-IAH-DAL,17:30,17:30,18:40,18:40
2307,2308,flightview,AA-3063-SLC-LAX,8:20 pm..,20:39,21:20,21:20
2308,2309,flightview,AA-3804-PHL-ORD,14:35,14:44,16:05,15:43
2309,2310,flightview,AA-1917-JFK-MCO,14:55,15:27,17:55,17:43
2310,2311,lfightaware,AA-2268-PHX-ORD,07:15,07:22,01:35,11:06
2311,2312,flightview,unknown,12:10,12:10,14:15,13:43
2312,2313,flightview,AA-789-ORD-DEN,13:05,13:19,14:35,15:13
2313,2314,flightview,AA-85-JFK-SFO,15:05,15:36,18:30,18:43
2314,2315,flightview,AA-3786-IAH-ORD,16:00,16:12,18:40,18:15
2315,2316,aa,AA-222-LAX-BOS,07:10,07:31,15:30,15:14
2316,2317,FLIGHTAware,UA-3099-PHX-PHL,11:55,11:55,18:17,17:38
2317,2318,aa,AA-4198-ORD-CLE,10:40,10:54,12:55,12:50
2318,2319,aa,unknown,16:00,15:58,19:05,18:36
2319,2320,flights,AA-3809-PHX-LAX,06:00,06:10,06:40,06:19
2320,2321,flightview,AA-59-JFK-SFO,07:10,07:39,10:45,11:12
2321,2322,world-flight-tracker,AA-3859-IAH-ORD,07:10,07:16,09:40,09:32
2322,2323,A,AA-518-MIA-JFK,06:40,06:54,09:25,09:28
2323,2324,world-flight-tracker,UA-397-JFK-SFO,08:00,08:29,11:55,11:58
2324,2325,world-flight-tracker,AA-1733-ORD-PHX,7:45 pp.m.,19:58,22:30,22:30
2325,2326,world-flight-tracker,AA-1640-MIA-MCO,18:30,18:30,19:25,19:25
2326,2327,world-flight-tracker,CO-1694-LAX-IAH,19:15,19:15,00:21,00:21
2327,2328,world-flight-tracker,UA-2830-MCO-CLT,3:277 p.m.,15:27,17:05,17:17
2328,2329,world-flight-tracker,unknown,23:25,23:25,06:55,06:55
2329,2330,world-flight-tracker,UA-27266-FLL-PHL,16:00,400 p.m.,6:46 .m.,18:28
2330,2331,aa,AA-3468-CVG-MIA,07:00,07:25,09:55,09:45
2331,2332,world-flight-tracker,AA484-DFW-MIA,16:15,16:29,19:55,19:39
2332,2333,world-flight-tracker,AA-616-DFW-DTW,09:05,10:10,12:35,13:27
2333,2334,world-flight-tracker,AA4-46-DFW-PHL,11:50,12:12,15:50,16:09
2334,2335,world-fllight-tracker,AA-466-IAH-MIA,06:00,06:08,09:20,09:05
2335,2336,world-flight-tracker,UA-3500-PHX-CLT,11:05 .am.,11:30,16:57,17:05
2336,2337,world-flight-tracker,unknown,07:55,08:04,11:05,11:01
2337,2338,unknown,AA-1664-MIA-ATL,10:15,10:18,12:10,11:56
2338,2339,world-flight-tracker,AA-3979-CVG-ORD,07:30,08:04,08:00,08:06
2339,2340,world-flight-tracker,AA-1279-DFW-PHX,13:00,14:04,14:35,15:30
2340,2341,world-flight-tracker,AA-404-MIA-MCO,06:45,06:57,07:45,07:40
2341,2342,aa,AA-3756-ORD-SC,12:15,12:41,14:45,14:50
2342,2343,world-flight-tracker,unknown,00:00,03:11,:145 p.m.,13:15
2343,2344, ,AA-2525-DFW-MIA,07:25,07:39,11:10,11:06
2344,2345, ,AA-271-MIA-LAX,11:35,11:52,14:25,14:27
2345,2346,world-flight-tracker,AA-2050-ORD-MIA,10:40,11:05,14:45,14:46
2346,2347,world-flight-tracker,AA-1434-DFW-MCO,07:15,07:21,10:35,10:36
2347,2348,world-flight-tracker,AA-4307-ORD-DTW,18:45,18:55,21:10,20:53
2348,2349,world-flight-tracker,AA-3-JFK-LAX,12:00,12:11,15:15,15:16
2349,2350,world-flight-tracker,unknown,09:15,914 a.m.,12:18,12:09
2350,2351,aa,AA-3842-MSP-ORD,06:00,06:56,07:30,07:51
2351,2352,world-flight-tracker,AA-643-MIA-ORD,07:10,07:30,09:35,09:31
2352,2353,world-flight-tracker,UA-2906-PHL-MCO,15:50,16:28,18:23,6:38 p..
2353,2354, ,AA-1221-MCO-ORD,20:00,20:23,21:45,21:53
2354,2355, ,UA-664-ORD-PHL,13:33,13:31,16:31,16:23
2355,2356,world-flight-tracker,AA-1522-SFO-ORD,111:55 p.m.,23:55,05:50,05:50
2356,2357,world-flight-traccker,UA-233-LAX-JFK,16:25,16:25,00:29,00:29
2357,2358,WORLD-flight-tracker,AA-3823-LAX-DEN,21:00,21:00,00:15,1:215 a.m.
2358,2359,unknown,AA-2312-DFW-DTW,20:25,20:25,23:50,23:50
2359,2360,worldflight-tracker,AA-1165-JKF-MIA,06:59,07:22,10:34,10:04
2360,2361,world-flight-tracker,AA-431-MIA-SFO,08:35,08:51,11:50,111:44 a.m.
2361,2362,world-flight-tracker,UA-257-JFK-SFO,23:0 p.m.,14:26,18:15,17:42
2362,2363,world-flight-tracker,AA-649-ORD-SNA,13:30,13:30,15:50,15:50
2363,2364,aa,AA-3804-PHL-ORD,14:35,14:44,16:05,15:43
2364,2365,world-flight-tracker,AA-1917-JF-KMCO,14:55,15:27,17:55,17:43
2365,2366,world-flight-tracker,AA-2268-PHX-ORD,07:15,07:22,11:35,11:06
2366,2367,world-flight-tracker,AA-4277-CVG-JFK,12:10,12:10,14:15,13:43
2367,2368,world-flight-tracker,AA-789-ORD-DEN,13:05,13:19,2:35 .m.,15:13
2368,2369,world-flight-tracker,AA-85-JFK-SFO,15:05,15:36,18:30,:43 p.m.
2369,2370,aa,AA-3786-IAH-ORD,16:00,16:12,18:40,18:15
2370,2371,world-flight-tracker,AA-222-LAX-BOS,7:110 a.m.,07:31,15:30,15:14
2371,2372,world-flight-tracker,unknown,11:55,11:55,18:17,17:38
2372,2373,world-flight-tracker,AA-4198-ORD-CLE,10:40,10:54,12:55,12:500 p.m.
2373,2374,world-flight-tracker,CO-45-EWR-MIA,16:00,15:58,19:05,18:36
2374,2375,world-flight-tracker,AA-3809-PHX-LAX,06:00,6::10 a.m.,06:40,6:1 9a.m.
2375,2376,world-flight-tracker,AA-59-JFK-SFO,07:10,07:39,10:45,11:12
