row_id,tuple_id,src,flight,sched_dep_time,act_dep_time,sched_arr_time,act_arr_time
0,1,aa,AA-3859-IAH-ORD,07:10,07:16,09:40,09:32
1,2,aa,AA-1733-ORD-PHX,19:45,19:58,22:30,22:30
2,3,aa,AA-1640-MIA-MCO,18:30,18:30,19:25,19:25
3,4,aa,AA-518-MIA-JFK,06:40,06:54,09:25,09:28
4,5,aa,AA-3756-ORD-SLC,12:15,12:41,14:45,14:50
5,6,aa,AA-204-LAX-MCO,23:25,23:25,06:55,:55 a.m.
6,7,aa,AA-3468-CVG-MIA,07:00,07:25,09:55,09:45
7,8,aa,AA-484-DFW-MIA,16:15,16:29,19:55,19:39
8,9,aa,AA-446-DFW-PHL,11:50,12:12,15:50,16:09
9,10,aa,AA-466-IAH-MIA,06:00,06:08,09:02,09:05
10,11,aa,AA-1886-BOS-MIA,10:45,10:55,14:20,13:40
11,12,aa,AA-2957-DFW-CVG,07:55,08:04,11:05,11:01
12,13,aa,,10::15 a.m.,10:18,12:10,11:56
13,14,aa,AA-3979-CVG-ORD,07:30,08:04,08:00,08:06
14,15,aa,AA-1279-DFW-PHX,13:00,14:04,14:35,15:30
15,16,aa,AA-1640-MIA-MCO,09:05,10:10,12:35,13:27
16,17,aa,AA-4344-ORD-DTW,11:45,12:13,14:00,14:10
17,18,flights,AA-2525-DFW-MIA,07:25,07:39,11:10,11:06
18,19,aa,AA-404-MIA-MCO,06:45,06:57,07:45,07:40
19,20,aa,AA-271-MIA-LAX,11:35,11:52,14:25,14:27
20,21,aa,AA-2050-ORD-MIA,10:40,11:05,14:45,14:46
21,22,aa,AA-4330-CVG-ORD,15:35,15:36,16:00,15:33
22,23,aa,AA-1434-DFW-MCO,07:15,07:21,10:35,10:36
23,24,aa,AA-4307-ORD-DTW,18:45,18:55,21:10,20:53
24,25,aa,AA-3-JFK-LAX,12:00,12:11,15:15,15:16
25,26,aa,AA-3842-MSP-ORD,06:00,06:56,07:30,07:51
26,27,aa,AA-643-MIA-ORD,07:10,07:30,09:35,09:31
27,28,aa,AA-1007-MIA-PHX,16:55,17:08,20:05,19:55
28,29,aa,AA-1221-MCO-ORD,8:00 p..m,20:23,21:45,21:53
29,30,aa,AA-400-DFW-JFK,10:40,11:01,14:59,15:04
30,31,aa,AA-4198-ORD-CLE,10:40,10:54,12:55,12:50
31,32,aa,AA-1522-SFO-ORD,23:55,23:55,05:50,05:50
32,33,aa,,21:00,21:00,00:15,00:15
33,34,aa,AA-2312-DFW-DTW,20:25,20:25,23:50,23:50
34,35,aa,AA-1165-JFK-MIA,06:59,07:22,10:34,10:04
35,36,aa,AA-431-MIA-SFO,08:35,08:51,11:50,11:44
36,37,aa,AA-649-ORD-SNA,13:30,13:30,15:50,15:50
37,38,aa,AA-3063-SLC-LAX,20:20,20:39,21:20,21:20
38,39,aa,AA-3804-PHL-ORD,14:35,14:44,16:05,15:43
39,40,aa,AA-1917-JFK-MCO,14:55,15:27,17:55,17:43
40,41,aa,AA-2268-PHX-ORD,07:15,07:22,11:35,11:06
41,42,aa,unknonw,12:10,12:10,14:15,13:43
42,43,aa,AA-789-ord-den,13:05,13:19,2:355 p.m.,15:13
43,44,aa,AA-415-BOS-ORD,08:35,08:56,10:40,10:16
44,45,aa,AA-85-JFK-SFO,15:05,15:36,18:30,18:43
45,46,aa,AA-1544-SAN-ORD,11:25,11:40,17:25,16:56
46,47,aa,AA-3786-IAH-ORD,16:00,16:12,18:40,18:15
47,48,aa,AA-222-LAX-BOS,07:10,07:31,15:30,15:14
48,49,aa,AA-3809-PHX-LAX,06:00,06:10,06:40,06:19
49,50,aa,AA-59-JFK-SFO,07:10,07:39,10:45,11:12
50,51,helloflight,AA-1640-MIA-MCO,07:10,07:16,09:40,09:32
51,52,helloflight,CO-1586-IAH-MCO,19:00,19:14,22:15,22:29
52,53,helloflight,AA-518-MIA-JFK,06:40,06:54,09:25,09:28
53,54,helloflight,UA-397-JFK-SFO,08:00,08:29,11:55,11:58
54,55,helloflight,UA-3925-IAD-ORF,08:41,08:42,09:54,09:43
55,56,helloflight,AA-1733-ORD-PHX,19:54,19:58,22:30,22:30
56,57,helloflight,UA-2830-MCO-CLT,15:27,15:27,17:05,17:17
57,58,helloflight,CO-58-DEN-IAH,11:25,11:32,14:50,15:31
58,59,helloflight,N/A,11:25,11:40,17:25,16:56
59,60,helloflight,UA-5487-SFO-MRY,10:39,10:33,11:19,11:21
60,61,helloflight,AA-204-LAX-MCO,23:25,23:25,06:55,06:55
61,62,helloflight,UA-414-LAX-SFO,06:00,05:56,07:23,07:17
62,63,helloflight,CO-1614-LAX-IAH,00:30,00:41,05:35,05:26
63,64,helloflight,UA-2726-FLL-PHL,16:00,16:00,18:46,18:28
64,65,helloflight,CO-52-IAH-LAX,07:35,07:29,09:21,09:14
65,66,helloflight,CO-1090-BOS-IAH,09:45,10:19,13:16,13:19
66,67,helloflight,AA-616-DFW-DTW,09:05,10:10,12:35,13:27
67,68,helloflight,UA-3515-IAD-MSP,08:15,08:12,10:06,09:56
68,69,helloflight,AA-3468-CVG-MIA,07:00,07:25,09:55,09:45
69,70,helloflight,AA-484-DFW-MIA,16:15,16:29,19:55,19:39
70,71,helloflight,AA-1886-BOS-MIA,10:45,10:55,14:20,13:40
71,72,helloflight,CO-62-IAH-EWR,14:30,14:48,19:03,19:10
72,73,helloflight,CO-1561-PHX-IAH,08:05,08:00,11:35,11:32
73,74,helloflight,unknown,14:55,14:55,17:00,16:47
74,75,helloflight,AA-446-DFW-PHL,11:50,12:12,15:50,16:09
75,76,helloflight,CO-1023-IAH-DEN,11:40,11:56,13:17,13:14
76,77,helloflight,AA-466-IAH-MIA,06:00,06:08,09:20,09:05
77,78,helloflight,UA-3050-PHX-CLT,11:05,11:30,16:57,17:05
78,79,helloflight,CO-89-IAH-EWR,06:00,06:02,10:20,10:27
79,80,helloflight,CO-1088-CLE-IAH,08:40,08:40,10:54,10:56
80,81,helloflight,AA-1664-MIA-ATL,10:15,10:18,12:10,11:56
81,82,helloflight,AA-1279-DFW-PHX,13:00,14:04,14:35,15:30
82,83,helloflight,UA-854-SFO-IAH,07:53,07:49,13:39,13:30
83,84,helloflight,UA-382-IAD-LAX,12:30,12:35,15:19,15:21
84,85,helloflight,AA-4344-ORD-DTW,11:45,12:13,14:00,14:10
85,86,helloflight,UA-257-JFK-SFO,14:30,14:26,18:15,17:42
86,87,helloflight,UA-2945-PHL-CLT,00:00,03:11,13:45,13:15
87,88,helloflight,CO-63-EWR-IAH,17:25,17:22,20:22,20:03
88,89,flights,CO-47-IAH-LAX,19:10,20:25,20:56,21:52
89,90,helloflight,AA-2050-ORD-MIA,10:40,11:05,14:45,14:46
90,91,helloflight,UA-248-PHX-ORD,12:57,13:32,17:15,17:34
91,92,helloflight,AA-4330-CVG-ORD,15:35,15:36,16:00,15:33
92,93,helloflight,AA-1434-DFW-MCO,07:15,07:21,10:35,10:36
93,94,helloflight,AA-1640-MIA-MCO,18:30,18:30,19:25,19:25
94,95,helloflight,AA-4307-ORD-DTW,18:45,18:55,21:10,8:53 p.mm.
95,96,helloflight,AA-3-JFK-LAX,12:00p .m.,12:11 p.mm.,15:15,15:16
96,97,helloflight,CO-1694-LAX-IAH,19:15,19:15,00:21,00:21
97,98,helloflight,UA-843-LAX-ORD,13:55,14:10,19:53,19:58
98,99,helloflight,CO-1193-EWR-MCO,09:15,09:14,12:18,12:09
99,100,helloflight,AA-3842-MSP-ORD,06:00,06:56,07:30,07:51
100,101,helloflight,AA-643-MIA-ORD,07:10,07:30,09:35,09:31
101,102,flights,AA-1007-MIA-PHX,4:5 5p.m.,17:08,20:05,19:55
102,103,helloflight,AA-2525-DFW-MIA,07:25,07:39,11:10,11:06
103,104,helloflight,AA-1640-MIA-MCO,15:50,16:28,18:23,18:38
104,105,helloflight,UA-938-DEN-ORD,16:16,16:15,19:35,19:36
105,106,helloflight,AA-1221-MCO-ORD,20:00,20:23,21:45,21:53
106,107,helloflight,CO-16-LAX-EWR,10:25,10:20,18:44,18:34
107,108,helloflight,UA-2515-DFW-CLT,07:05,07:05,10:31,10:47
108,109,helloflight,AA-400-DFW-JFK,10:40,11:01,14:59,15:04
109,110,helloflight,UA-664-ORD-PHL,13:33,13:31,16:31,16:23
110,111,helloflight,AA-3756-ORD-SLC,12:15,12:41,14:45,14:50
111,112,helloflight,UA-37-EWR-MCO,13:29,13:48,16:17,16:17
112,113,helloflight,AA-1522-SFO-ORD,23:55,23:55,05:50,05:50
113,114,helloflight,UA-233-LAX-JFK,16:25,16:25,00:29,00:29
114,115,helloflight,AA-3823-LAX-DEN,21:00,21:00,00:15,122:15 a.m.
115,116,helloflight,AA-2312-DFW-DTW,20:25,8:25 .m.,23:50,23:50
116,117,helloflight,AA-1165-JFK-MIA,06:59,07:22,10:34,10:04
117,118,helloflight,AA-431-MIA-SFO,08:35,08:51,11:50,11:44
118,119,helloflight,UA-3373-IAD-PHL,08:29,08:26,09:24,09:13
119,120,helloflight,AA-649-ORD-SNA,13:30,13:30,15:50,15:50
120,121,helloflight,CO-1250-MIA-IAH,14:53,15:01,16:48,16:59
121,122,helloflight,UA-6273-YYC-SFO,07:03,07:27,09:43,08:45
122,123,helloflight,UA-828-SFO-ORD,23:08,23:08,511 a.m.,05:11
123,124,helloflight,CO-4888-IAH-DAL,17:30,17:30,18:40,18:40
124,125,helloflight,UA-858-PVG-SFO,13:45,13:32,08:27,8:002 a.m.
125,126,helloflight,UA-2704-DTW-PHX,11:15,11:15,13:40,14:00
126,127,helloflight,AA-3063-SLC-LAX,20:20,20:39,21:20,21:20
127,128,helloflight,UA-2708-EWR-CLT,14:55,14:55,16:53,16:44
128,129,helloflight,UA-62-IAH-EWR,14:30,14:48,19:03,19:10
129,130,helloflight,UA-1500-IAH-GUA,08:55,09:16,11:45,11:56
130,131,helloflight,AA-3804-PHL-ORD,14:35,22:44 p.m.,16:05,15:43
131,132,helloflight,AA-1917-JFK-MCO,14:55,15:27,17:55,17:43
132,133,helloflight,AA-2268-PHX-ORD,07:15,07:22,11:35,11:06
133,134,helloflight,AA-4277-CVG-JFK,12:10,12:10,14:15,13:43
134,135,helloflight,AA-2957-DFW-CVG,07:55,08:04,11:05,11:01
135,136,helloflight,UA-37-EDI-EWR,09:05,08:52,11:53,12:09
136,137,helloflight,AA-789-ORD-DEN,13:05,13:19,14:35,15:13
137,138,helloflight,AA-415-BOS-ORD,08:35,08:56,10:40,10:16
138,139,helloflight,AA-85-JFK-SFO,15:05,15:36,18:30,18:43
139,140,helloflight,AA-3979-CVG-ORD,07:30,08:04,8:00 a..m,08:06
140,141,helloflight,AA-3786-IAH-ORD,16:00,16:12,18:40,18:15
141,142,helloflight,AA-271-MIA-LAX,11:35,11:52,14:25,14:27
142,143,helloflight,CO-50-CLE-EWR,14:55,15:31,16:49,17:26
143,144,helloflight,UA-3099-PHX-PHL,11:55,11:55,18:17,5:38p .m.
144,145,helloflight,AA-4198-ORD-CLE,10:40,10:54,12:55,12:50
145,146,helloflight,AA-404-MIA-MCO,06:45,06:57,07:45,07:40
146,147,unknown,CO-45-EWR-MIA,16:00,15:58,19:05,18:36
147,148,helloflight,AA-3809-PHX-LAX,06:00,06:10,06:40,06:19
148,149,helloflight,AA-59-JFK-SFO,07:10,07:39,10:45,11:12
149,150,helloflight,AA-222-LAX-BOS,07:10,07:31,15:30,15:14
150,151,boston,AA-3859-IAH-ORD,07:10,07:16,09:40,09:32
151,152,boston,CO-1586-IAH-MCO,19:00,19:14,22:15,22:29
152,153,boston,AA-518-MIA-JFK,06:40,06:54,09:25,09:28
153,154,boston,UA-397-JFK-SFO,08:00,08:29,11:55,11:58
154,155,boston,UA-3925-IAD-orf,08:41,08:42,09:54,09:43
155,156,boston,AA-1640-MIA-MCO,19:45,19:58,22:30,22:30
156,157,flights,AA-3-JFK-LAX,12:00,12:11,15:15,15:16
157,158,booston,UA-2830-MCO-CLT,15:27,15:27,17:05,17:17
158,159,boston,CO-58-DEN-IAH,11:25,11:32,14:50,15:31
159,160,boston,UA-5487-SFO-MRY,10:39,10:33,11:19,11:21
160,161,boston,AA-204-LAX-MCO,23:25,23:25,06:55,06:55
161,162,boston,UA-414-LAX-SFO,06:00,05:56,07:23,07:17
162,163,boston,CO-1614-LAX-IAH,00:30,00:41,05:35,05:26
163,164,boston,UA-2726-FLL-PHL,16:00,16:00,18:46,18:28
164,165,boston,CO-52-IAH-LAX,07:35,07:29,09:21,09:14
165,166,boston,CO-1090-BOS-IAH,09:45,10:19,13:16,13:19
166,167,boston,AA-616-DFW-DTW,09:05,10:10,12:35,13:27
167,168,boston,UA-3515-IAD-MSP,08:15,08:12,10:06,09:56
168,169,boston,AA-3468-CVG-MIA,07:00,07:25,09:55,09:45
169,170,boston,AA-484-DFW-MIA,16:15,16:29,19:55,19:39
170,171,boston,AA-1886-BOS-MIA,10:45,10:55,14:20,:40 p.m.
171,172,boston,CO-62-IAH-EWR,14:30,14:48,19:03,19:10
172,173,boston,CO-1561-PHX-IAH,08:05,08:00,11:35,11:32
173,174,boston,UA-2314-ATL-PHL,14:55,14:55,17:00,16:47
174,175,boston,AA-446-DFW-PHL,11:50,12:12,15:50,16:09
175,176,boston,CO-1023-IAH-DEN,11:40,11:56,13:17,13:14
176,177,boston,AA-466-IAH-MIA,06:00,06:08,09:20,09:05
177,178,unknown,UA-3050-PHX-CLT,11:05,11:30,16:57,17:05
178,179,boston,CO-89-IAH-EWR,06:00,06:02,10:20,10:27
179,180,bsoton,CO-1088-CLE-IAH,08:40,08:40,10:54,10:56
180,181,boston,AA-1664-MIA-ATL,10:15,10:18,12:10,11:56
181,182,boston,AA-1279-DFW-PHX,13:00,14:04,14:35,15:30
182,183,boston,UA-854-SFO-IAH,07:53,07:49,13:39,13:30
183,184,boston,UA-382-IAD-LAX,12:30,12:35,15:19,15:21
184,185,boston,AA-4344-ORD-DTW,11:45,12:13,14:00,14:10
185,186,boston,UA-257-JFK-SFO,14:30,14:26,18:15,17:42
186,187,boston,UA-2945-PHL-CLT,00:00,03:11,13:45,13:15
187,188,boston,CO-63-EWR-IAH,17:25,17:22,20:22,20:03
188,189,boston,CO-47-IAAH-LAX,19:10,20:25,20:56,21:52
189,190,boston,unknown,10:40,11:05,14:45,14:46
190,191,boston,UA-248-PHX-ORD,12:57,13:32,17:15,17:34
191,192,boston,AA-4330-CVG-ORD,15:35,15:36,16:00,15:33
192,193,boston,AA-1434-DFW-MCO,07:15,07:21,10:35,10:36
193,194,boston,AA-1640-MIA-MCO,18:30,18:30,19:25,19:25
194,195,unknown,AA-4307-ORD-DTW,18:45,18:55,21:10,20:53
195,196,boston,CO-1694-LAX-IAH,19:15,19:15,00:21,00:21
196,197,bosotn,UA-843L-AX-ORD,13:55,14:10,19:53,19:58
197,198,boston,AA-1640-MIA-MCO,09:15,09:14,12:18,12:09
198,199,boston,AA-3842-MSP-ORD,06:00,06:56,07:30,07:51
199,200,boston,AA-643-MIA-ORD,07:10,07:00,09:35,09:31
200,201,boston,AA-1007-MIA-PHX,16:55,17:08,20:05,19:55
201,202,flights,UA-2906-PHL-MCO,15:50,16:28,18:23,18:38
202,203,boston,UA-938-DEN-ORD,16:16,16:15,19:35,19:36
203,204,boson,AA-1221-MCO-ORD,20:00,20:23,21:45,21:53
204,205,boston,CO-16-LAX-EWR,10:25,10:20,18:44,18:34
205,206,boston,AA-1640-MIA-MCO,07:05,07:05,10:31,10:47
206,207,boston,AA-400-DFW-JFK,10:40,11:01,14:59,15:04
207,208,boston,UA-664-ORD-PHL,13:33,13:31,16:31,16:23
208,209,boston,AA-3756-ORD-SLC,12:15,12:41,14:45,14:50
209,210,boston,UA-37-EWR-MCO,13:29,13:48,16:17,16:17
210,211,boston,AA-1522-SFO-ORD,13:55,23:55,05:50,05:50
211,212,flights,UA-233-LAX-JFK,16:25,16:25,00:29,00:29
212,213,boston,AA-3823-LAX-DEN,21:00,21:00,00:15,21:15 a.m.
213,214,flights,AA-2312-DFW-DTW,20:25,20:25,111:50 p.m.,23:50
214,215,boston,AA-1165-JFK-MIA,06:59,07:22,10:34,10:04
215,216,BOSTon,unknown,08:35,08:51,11:50,11:44
216,217,boston,UA-3373-IAD-PHL,08:29,08:26,09:24,09:13
217,218,boston,AA-649-ORD-SNA,13:30,13:30,15:50,15:50
218,219,boston,CO-1250-MIA-IAH,2:53 pm..,15:01,16:48,16:59
219,220,boston,UA-6273-YYC-SFO,07:35,07:27,09:43,08:45
220,221,boston,UA-828-SFO-ORD,23:08,23:08,05:11,05:11
221,222,boston,CO-4888-IAH-DAL,17:30,17:30,18:40,18:40
222,223,boston,UA-858-PVG-SFO,13:45,13:32,08:27,08:02
223,224,boston,UA-2704-DTW-PHX,11:15,11:15,13:40,14:00
224,225,boston,AA-3063-SLC-LAX,20:20,20:39,21:20,21:20
225,226,boston,UA-2708-EWR-CLT,14:55,14:55,16:53,16:44
226,227,boston,UA-62-IAH-EWR,14:30,14:48,19:03,19:10
227,228,flights,UA-1500-IAH-GUA,08:55,09:16,11:45,11:56
228,229,boston,AA-3804-PHL-ORD,14:35,14:44,16:05,15:43
229,230,boston,AA-1917-JFK-MCO,14:55,15:27,17:55,17:43
230,231,BOSTon,AA-2268-PHX-ORD,07:15,07:22,11:35,11:06
231,232,boston,AA-4277-CVG-JFK,12:10,12:10,14:15,13:43
232,233,boston,AA-2957-DFW-CVG,07:55,08:04,11:05,11:01
233,234,boston,UA-37-EDI-EWR,09:05,08:52,11:53,12:09
234,235,boston,AA-789-ORD-DEN,13:05,13:19,14:35,15:13
235,236,boston,AA-415-BOS-ORD,08:35,08:56,10:40,10:16
236,237,boston,AA-85-JFK-SFO,15:05,15:36,18:30,18:43
237,238,boston,AA-3979-CVG-ORD,07:30,08:04,08:00,08:06
238,239,boston,AA-1544-SAN-ORD,11:25,11:40,17:25,16:56
239,240,boston,AA-3786-IAH-ORD,16:00,16:12,18:40,18:15
240,241,boston,AA-271-MIA-LAX,11:35,11:52,14:25,14:27
241,242,boston,AA-2525-DFW-MIA,07:25,07:39,11:10,11:06
242,243,boston,CO-50-CLE-EWR,14:55,15:31,16:49,17:26
243,244,boston,UA-3099-PHX-PHL,11:55,11:55,18:17,17:38
244,245,boston,AA-4198-ORD-CLE,10:40,10:54,12:55,12:50
245,246,boston,AA-404-MIA-MCO,06:45,06:57,07:45,07:40
246,247,boston,CO-45-EWR-MIA,4:00 p..m,15:58,19:05,18:36
247,248,boston,AA-3809-PHX-LAX,06:00,06:10,06:40,06:19
248,249,boston,AA-59-JFK-SFO,07:10,07:39,10:45,11:12
249,250,boston,AA-222-LAX--BOS,07:10,7:3 1a.m.,15:30,15:14
250,251,weather,,07:10,07:16,09:40,09:32
251,252,weather,AA-518-MIA-JFK,06:40,06:54,09:25,09:28
252,253,weather,UA-397-JFK-SFO,08:00,08:29,11:55,11:58
253,254,weather,UA-3925-IAD-ORF,08:41,08:42,09:54,09:43
254,255,weather,AA-1733-ORD-PHX,7:445 p.m.,19:58,22:30,22:30
255,256,weather,AA-1640-MIA-MCO,18:30,18:30,19:25,19:25
256,257,weather,UA-2830-MCO-CLT,15:27,15:27,17:05,17:17
257,258,weather,CO-58-DEN-IAH,11:25,11:32,14:50,15:31
258,259,weather,AA-1544-SAN-ORD,11:25,11:40,17:25,16:56
259,260,weather,UAA-5487-SFO-MRY,10:39,10:33 am..,11:19,11:21
260,261,weather,AA-204-LAX-MCO,23:25,23:25,06:55,06:55
261,262,weather,UA-414-LAX-SFO,06:00,05:56,07:23,07:17
262,263,weather,AA-3756-ORD-SLC,12:15,12:41,14:45,14:50
263,264,weather,unknown,16:00,16:00,18:46,18:28
264,265,weather,CO-1090-BOS-IAH,09:45,10:09,13:16,13:19
265,266,weather,AA-3468-CVG-MIA,07:00,07:25,09:55,09:45
266,267,weather,UA-3515-IAD-MSP,08:15,08:12,10:06,09:56
267,268,weather,AA-484-DFW-MIA,16:15,16:29,19:55,19:39
268,269,weather,CO-62-IAH-EWR,14:30,14:48,19:03,19:10
269,270,weather,AA-446-DFW-PHL,11:05,12:12,15:50,16:09
270,271,weather,AA-466-IAH-MIA,06:00,06:08,09:20,09:05
271,272,weather,UA-3050-PHX-CLT,11:05,11:30,16:57,17:05
272,273,weather,CO-89-IAH-EWR,06:00,06:02,10:20,10:27
273,274,weather,CO-1088-CLE-IAH,08:40,08:40,10:54,10:56
274,275,weather,AA-1886-BOS-MIA,10:45,10:55,14:20,13:40
275,276,weather,AA-1664-MIA-ATL,10:15,10:18,12:10,11:56
276,277,weather,AA-3979-CVG-ORD,07:30,08:04,08:00,08:06
277,278,weather,AA-1279-DFW-PHX,13:00,14:04,14:35,15:30
278,279,weather,CO-1614-LAX-IAH,00:30,00:41,05:35,05:26
279,280,weather,AA-616-DFW-DTW,09:05,10:10,12:35,13:27
280,281,weather,AA-4344-ORD-DTW,11:45,12:13,14:00,14:10
281,282,weather,AA-1640-MIA-MCO,00:00,03:11,13:45,13:15
282,283,weather,AA-2525-DFW-MIA,07:25,07:39,11:10,11:06
283,284,weather,AA-1640-MIA-MCO,11:35 a..m.,11:52,14:25,14:27
284,285,weather,AA-2050-ORD-MIA,10:40,11:05,14:45,14:46
285,286,weather,AA-1434-DFW-MCO,07:15,07:21,10:35,10:36
286,287,weather,CO-1561-PHX-IAH,08:05,08:00,11:35,11:32
287,288,weather,AA-4307-ORD-DTW,18:45,18:55,21:10,20:53
288,289,weather,AA-3-jfk-lax,12:00,12:11,15:15,15:16
289,290,weather,AA-1640-MIA-MCO,19:15,19:15,00:21,00:21
290,291,weather,UA-843-LAX-ORD,13:55,14:10,19:53,19:58
291,292,flights,CO-1193-EWR-MCO,09:15,09:14,12:08,12:09
292,293,weather,AA-3842-MSP-ORD,06:00,06:56,07:30,07:51
293,294,weather,AA-643-MIA-ORD,07:10,07:30,09:35,09:31
294,295,wetaher,UA-2906-PHL-MCO,15:50,16:28,18:23,18:38
295,296,weather,UA-938-DEN-ORD,16:16,16:15,19:35,19:36
296,297,weather,AA-1221-MCO-ORD,20:00,20:23,21:45,21:53
297,298,weather,CO-16-LAX-EWR,10:25,10:20,18:44,18:34
298,299,weather,UA-2515-DFW-CLT,07:05,07:05,10:31,10:47 .am.
299,300,weather,AA-400-DFW-JFK,10:40,11:01,14:59,15:04
300,301,weather,UA-664-ORD-PHL,13:33,13:31,16:31,16:23
301,302,weather,AA-1522-SFO-ORD,23:55,23:55,05:50,05:50
302,303,flights,UA-233-LAX-JFK,16:25,16:25,00:29,00:29
303,304,weather,AA-3823-LAX-DEN,21:00,21:00,00:15,00:15
304,305,weather,AA-2312-dfw-dtw,20:25,20:25,23:50,23:50
305,306,wetaher,N/a,06:59,07:22,10:34,10:04
306,307,weather,AA-1640-MIA-MCO,08:35,08:51,11:50,11:44
307,308,weather,UA-257-JFK-SFO,14:30,14:26,18:15,17:42
308,309,weather,UA-3373-IAD-PHL,08:29,08:26,09:24,09:13
309,310,weather,AA-649-ORD-sna,13:30,13:30,15:50,15:50
310,311,weather,AA-1640-MIA-MCO,14:53,15:01,16:48,16:59
311,312,weather,UA-6273-YYC-SFO,07:35,07:27,09:43,08:45
312,313,weather,UA-858-PVG-SFO,13:45,13:32,08:27,08:02
313,314,weather,UA-2704-DTW-PHX,11:15,11:15,13:40,14:00
314,315,weather,AA-3063-SLC-LAX,20:20,20:39,21:20,21:20
315,316,weather,UA-2708-EWR-CLT,14:55,14:55,16:53,16:44
316,317,weather,UA-62-IAH-EWR,14:30,14:48,19:03,19:10
317,318,weather,AA-3804-PHL-ORD,14:35,14:44,16:05,15:43
318,319,weather,AA-1917-JFK-MCO,14:55,15:27,17:55,17:43
319,320,weather,AA-2268-PHX-ORD,07:15,07:22,11:35,11:06
320,321,weather,UA-2314-ATL-PHL,14:55,14:55,17:00,16:47
321,322,weather,AA-4277-CVG-JFK,12:10,12:10,14:15,13:43
322,323,weather,AA-2957-DFW-CVG,07:55,08:04,11:05,11:01
323,324,weather,UA-37-EDI-EWR,09:05,08:52,11:53,12:09
324,325,weather,AA-789-ORD-DEN,13:05,13:19,14:35,15:13
325,326,weather,UA-854-SFO-IAH,07:53,7:499 a.m.,13:39,13:30
326,327,weather,AA-415-BOS-ORD,08:35,08:56,10:40,10:16
327,328,weather,AA-85-JFK-SFO,15:05,15:36,18:30,18:43
328,329,weather,AA-3786-IAH-ORD,16:00,16:12,18:40,18:15
329,330,unknown,CO-50-CLE-EWR,14:55,15:31,16:49,17:26
330,331,weather,UA-099-PHX-PHL,11:55,11:55,18:17,17:38
331,332,weather,AA-4198-ORD--CLE,10:40,10:54,12:55,12:50
332,333,flights,AA-1640-MIA-MCO,06:45,06:57,07:45,07:40
333,334,weather,CO-45-EWR-MIA,4::00 p.m.,15:58,19:00,18:36
334,335,weather,AA-3809-PHX-LAX,06:00,06:10,06:40,06:19
335,336,weather,AA-59-JFK-SFO,07:10,07:39,10:45,11:12
336,337,weather,AA-222-LAX-BOS,07:10,07:31,15:30,15:14
337,338,airtravelcenter,AA-3859-IAH-ORD,07:10,07:16,09:40,09:32
338,339,airtravelcenter,CO-1586-IAH-MCO,19:00,19:14,22:15,22:29
339,340,airtravelcenter,AA-518-MIA-JFK,06:40,06:54,09:25,09:28
340,341,airtravelcenter,UA-397-JFK-SFO,08:00,08:29,11:55,11:58
341,342,airtravelcenter,UA-3925-IAD-ORF,08:41,08:42,09:54,09:43
342,343,airtravelcenter,,19:45,19:58,22:30,22:30
343,344,airtravelcenter,UA-2830-MCO-CLT,15:27,15:27,17:05,17:17
344,345,airtravelcenter,CO-58-DEN-IAH,11:25,11:32,14:50,15:31
345,346,airtravelcenter,AA-1544-SAN-ORD,11:25,11:40,17:25,16:56
346,347,airtravelcenter,UA-5487-SFO-MRY,10:39,10:33,11:19,11:21
347,348,airtravelcenter,AA-204-LAX-MCO,23:25,23:25,06:55,06:55
348,349,airtravelcenter,UA-414-LAXSFO,06:00,05:56,07:23,07:17
349,350,airtravelcenter,CO-1614-LAX-IAH,00:30,00:41,05:35,05:26
350,351,airtravelcenter,unkown,16:00,16:00,18:46,18:28
351,352,airtravelcenter,,07:35,07:29,09:21,09:14
352,353,airtravelcenter,CO-1090-BOS-IAH,09:45,10:19,13:16,13:19
353,354,airtravelcenter,AA-616-DFW-DTW,09:05,10:10,12:35,13:27
354,355,airtravelcenter,UA-3515-IAD-MSP,08:15,08:12,10:06,9:56 a..
355,356,airtravelcenter,AA-3468-CVG-MIA,07:00,07:25,09:55,09:45
356,357,airtravelcenter,AA-484-DFW-MIA,16:15,16:29,19:55,19:39
357,358,flights,AA-1886-BOS-MIA,10:45,10:55,14:20,13:40
358,359,airtravelcenter,CO-62-IAH-EWR,14:30,14:48,19:03,19:10
359,360,airtravelcenter,CO-1561-PHX-IAH,08:05,08:00,11:35,11:32
360,361,airtravelcenter,UA-2314-ATL-PHL,14:55,14:55,17:00,16:47
361,362,airtravelcenter,AA-446-DFW-PHL,11:50,12:12,15:50,16:09
362,363,airtravelcenter,CO-1023-IAH-DEN,11:40,11:56,13:17,13:14
363,364,airtravelcenter,AA-466-IAH-MIA,06:00,06:08,09:20,09:05
364,365,airtravelcenter,UA-3050-PHX-CLT,11:05,11:30,16:57,17:05
365,366,airtravelcenter,CO-89-IAH-EWR,06:00,06:02,10:20,10:27
366,367,airtravelcenter,CO-1088-CLE-IAH,08:40,08:40,10:54,10:56
367,368,airtravelcenter,AA-1664-MIA-ATL,10:15,10:18,12:10,11:56
368,369,airtravelcenter,AA-1279-DFW-PHX,13:00,14:04,2::35 p.m.,15:30
369,370,airtravelcenter,UA-854-SFO-IAH,07:53,07:49,13:39,13:30
370,371,airtravelcenter,UA-382-IAD-LAX,12:30,12:35,15:19,15:21
371,372,airtravelcenter,AA-4344-ORD-DTW,11:45,12:13,14:00,14:10
372,373,airtravelcenter,UA-257-JFK-SFO,14:30,14:26,18:15,17:42
373,374,airtravelcenter,UA-2945-PHL-CLT,00:00,03:11,13:45,13:15
374,375,airtravelcenter,CO-63-EWR-IAH,17:25,17:22,20:22,20:03
375,376,airtravelcenter,CO-47-IAH-LAX,19:10,20:25,20:56,21:52
376,377,unknown,AA-2050-ORD-MIA,10:40,11:05,14:45,14:46
377,378,airtravelcenter,UA-248-PHX-ORD,12:57,13:32,17:15,17:34
378,379,airtravelcenter,AA-4330-CVG-ORD,15:35,15:36,16:00,15:33
379,380,NNA,AA-1434-DFW-MCO,07:15,07:21,10:35,10:36
380,381,airtravelcenter,AA-1640-MIA-MCO,18:30,18:30,19:25,19:25
381,382,airtravelcenter,AA-4307-ORD-DTW,18:45,18:55,21:10,20:53
382,383,airtravelcenter,AA-3-JFK-LAX,12:00,12:11,15:15,15:16
383,384,airtravelcenter,CO-1694-LAX-IAH,19:15,19:15,00:21,00:21
384,385,airtravelcenter,UA-843-LAX-ORD,13:55,14:10,19:53,19:58
385,386,airtravelcenter,CO-1193-EWR-MCO,09:15,09:14,12:18,12:09
386,387,airtravelcenter,AA-3842-MSP-ORD,06:00,06:56,07:30,07:51
387,388,airtravelcenter,AA-643-MIA-ORD,07:10,07:30,93:5 a.m.,09:31
388,389,airtravelcenter,AA-1007-MIA-PHX,16:55,17:08,20:05,19:55
389,390,airtravelcenter,AA-2525-DFW-MIA,07:25,07:39,11:10,11:06
390,391,airtravelcenter,UA-2906-PHL-MCO,15:50,16:28,18:23,18:38
391,392,airtravelcenter,UA-938-DEN-ORD,16:16,16:15,19:35,19:36
392,393,airtravelcenter,AA-1221-mco-ord,20:00,20:23,21:45,21:53
393,394,airtravelcenter,AA-1640-MIA-MCO,10:25,10:20,18:44,18:34
394,395,airtravelcenter,UA-2515-DFW-CLT,07:05,07:05,10:31,10:47
395,396,airtravelcenter,AA-400-DFW-JFK,10:40,11:01,14:59,15:04
396,397,airtravelcenter,UA-664-ORD-PHL,13:33,13:31,16:31,16:23
397,398,airtravelcenter,AA-3756-ORD-SLC,12:15,12:41,14:45,14:50
398,399,airtravelcenter,UA-37-EWR-MCO,13:29,13:48,16:17,16:17
399,400,airtravelcenter,AA-1522-SFO-ORD,23:55,23:55,05:50,05:50
400,401,airtravelcenter,UA-233-LAX-JFK,16:25,16:25,00:29,00:29
401,402,airtravelcenter,AA-3823-LXA-DEN,21:00,21:00,00:15,00:15
402,403,airtravelcenter,AA-2312-DFW-DTW,20:25,20:25,23:50,23:50
403,404,airtravelcenter,,06:59,07:22,10:34,10:04
404,405,airtravelcenter,AA-431-MIA-SFO,08:35,08:51,11:50,11:44
405,406,airtravelcenter,UA-3373-IAD-PHL,08:29,08:26,09:24,09:13
406,407,airtravelcenter,AA-649-ORD-SNA,13:30,13:30,15:50,15:50
407,408,airtravelcenter,CO-1250-MIA-IAH,14:53,15:01,16:48,16:59
408,409,airtravelcenter,UA-6273-YYC-SFO,07:35,07:27,09:43,08:45
409,410,airtravelcenter,UA-828-SFOO-RD,23:08,23:08,05:11,05:11
410,411,airtravelcenter,CO-4888-IAH-DAL,17:30,17:30,18:40,18:40
411,412,airtravelcenter,AA-1640-MIA-MCO,13:45,13:32,08:27,08:02
412,413,airtravelcenter,UA-2704-DTW-PHX,11:15,11:15,13:40,14:00
413,414,airtravelcenter,AA-3063-SLC-LAX,20:20,20:39,21:20,21:20
414,415,airtravelcenter,UA-2708-EWR-CLT,14:55,14:55,16:53,16:44
415,416,airtravelcenter,UA-62-IAH-EWR,14:30,14:48,19:03,19:10
416,417,flights,UA-1500-IAH-GUA,08:55,09:16,11:45,11:56
417,418,airtravelcenter,AA-3804-PHL-ORD,14:35,14:44,16:05,15:43
418,419,airtravelcenter,AA-1917-JFK-MCO,14:55,15:27,17:55,17:43
419,420,airtravelcenter,AA-2268-PHX-ORD,07:15,07:22,11:35,11:06
420,421,airtravelcenter,AA-4277-CVG-JFK,12:10,12:10,14:15,13:43
421,422,airtravelcenter,AA-2957-DFW-CVG,07:55,08:04,11:05,11:01
422,423,airtravelcenter,UA-37-EDI-EWR,09:05,08:52,11:53,12:09
423,424,airtravelcenter,AA-789-ORD-DEN,13:05,13:19,14:35,15:13
424,425,airtravelcenter,AA-415-BOS-ORD,08:35,08:56,10:40,10:16
425,426,airtravelcenter,AA-85-JFK-SFO,15:05,15:36,18:30,18:43
426,427,airtravelcenter,AA-3979-CVG-ORD,07:30,08:04,08:00,08:06
427,428,airtravelcenter,AA-3786-IAH-ORD,16:00,16:12,:40 p.m.,18:15
428,429,airtravelcenter,AA-271-MIA-LAX,11:35,11:52,14:25,14:27
429,430,airtravelcenter,CO-50-CLE-EWR,14:55,15:31,16:49,17:26
430,431,airtravelcenter,unknown,11:55,11:55,18:17,17:38
431,432,airtravelcenter,AA-4198-ORD-CLE,10:40,10:54,12:55,12:50
432,433,airtravelcenter,AA-404-MIA-MCO,06:45,06:57,07:45,07:40
433,434,airtravelcenter,CO-45-EWR-MIA,16:00,15:58,19:05,18:36
434,435,airtravelcenter,AA-3809-PHX-LAX,06:00,06:10,06:40,06:19
435,436,airtravelcenter,AA-59-JFK-SFO,07:10,07:39,10:45,11:12
436,437,airtravelcenter,AA-222-LAX-BOS,07:10,07:31,15:30,15:14
437,438,flights,AA-3859-IAH-ORD,07:10,07:16,09:40,09:32
438,439,flights,CO-1586-IAH-MCO,19:00,19:14,22:15,22:29
439,440,flights,AA-518-MIA-JFK,06:40,06:54,09:25,09:28
440,441,flights,UA-397-JFK-SFO,08:00,08:29,11:55,11:58
441,442,flights,UA-3925-IAD-ORF,08:41,08:42,09:54,09:43
442,443,flights,AA-1733-ORD-PHX,19:45,19:58,22:30,22:30
443,444,flights,AA-3-JFK-LAX,12:00,12:11,15:15,15:16
444,445,flights,UA-2830-MCO-CLT,15:27,15:27,17:05,17:17
445,446,flights,CO-58-DEN-IAH,11:25,11:32,14:50,15:31
446,447,flights,UA-5487-SFO-MRY,10:39,10:33,11:19,11:21
447,448,flights,AA-204-LAX-MCO,23:25,23:25,6:555 a.m.,06:55
448,449,flights,UA-414-LAX-SFO,06:00,05:56,07:23,07:17
449,450,flights,CO-1614-LAX-IAH,00:30,00:41,05:35,05:26
450,451,flights,UA-2726-FLL-PHL,16:00,16:00,18:46,18:28
451,452,flights,CO-52-IAH-LAX,07:35,07:29,09:21,09:14
452,453,flights,,09:45,10:19,13:16,13:19
453,454,flights,AA-616-DFW-DTW,09:05,10:10,12:35,13:27
454,455,flights,UA-3515-IAD-MSP,08:15,08:12,10:06,09:56
455,456,flights,AA-3468-CVG-MIA,07:00,07:25,09:55,09:45
456,457, ,AA-484-DFW-MIA,16:15,16:29,19:55,19:39
457,458,flights,AA-1886-BOS-MIA,10:45,10:55,14:20,13:40
458,459,flights,CO-62-IAH-EWR,14:30,14:48,19:03,19:10
459,460,flights,CO-1561-PHX-IAH,08:05,08:00,11:35,11:32
460,461,flights,UA-2314-ATL-PHL,14:55,14:55,17:00,16:47
461,462,flights,AA-446-DFW-PHL,11:50,12:12,15:50,16:09
462,463,flights,CO-1023-IAH-DEN,11:40 a..,11:56,13:17,13:14
463,464,flights,AA-466-IAHH-MIA,06:00,06:08,09:20,09:05
464,465,flights,UA-3050-PHX-CLT,11:05,11:30,16:57,17:05
465,466,flights,AA-1640-MIA-MCO,06:00,06:02,10:20,10:27
466,467,flights,CO-1088-CLE-IAH,08:40,08:40,10:54,10:56
467,468,flights,AA-1664-MIA-ATL,10:15,10:18,12:10,11:56
468,469,flights,AA-1279-DFW-PHX,13:00,14:04,14:35,15:30
469,470,flights,UA-854-SFO-IAH,07:53,07:49,13:39,13:30
470,471,flights,UA-382-IAD-LAX,12:30,12:35,15:19,15:21
471,472,flights,AA-4344-ORD-DTW,11:45,12:13,14:00,14:10
472,473,flights,UA-257-JFK-SFO,14:30,14:26,18:15,17:42
473,474,flights,UA-2945-PHL-CLT,00:00,03:11,13:45,13:15
474,475,flights,CO-63-EWR-IAH,17:25,17:22,20:22,20:03
475,476,flights,CO-47-IAH-LAX,19:10,20:25,20:56,21:52
476,477,flights,AA-2050-ORD-MIA,10:40,11:05,14:45,14:46
477,478,flights,UA-248-PHX-ORD,12:57,13:32,17:15,17:34
478,479,flights,AA-4330-CVG-ORD,3:35 p.mm.,15:36,16:00,15:33
479,480,flights,AA-1434-DFW-MCO,07:15,07:21,10:35,10:36
480,481,flights,AA-1640-MIA-MCO,18:30,18:30,19:25,19:25
481,482,flights,AA-4307-ORD-DTW,18:45,18:55,21:10,20:53
482,483,flights,CO-1694-LAX-IAH,19:15,19:15,00:21,00:21
483,484,flights,UA-843-LAX-ORD,13:55,14:10,19:53,19:58
484,485,flights,CO-1193-EWR-MCO,09:15,09:14,12:18,12:09
485,486,flights,AA-3842-MSP-ORD,06:00,06:56,07:30,07:51
486,487,flights,AA-643-MIA-ORD,07:10,07:30,09:35,09:31
487,488,flights,AA-1007-MIA-PHX,16:55,17:08,20:05,7:555 p.m.
488,489,flights,UA-2906-PHL-MCO,15:50,16:28,18:23,18:38
489,490,flights,UA-938-DEN-ORD,16:16,16:15,19:35,19:36
490,491,flights,AA-1221-MCO-ORD,20:00,20:23,21:45,21:53
491,492,flights,CO-16-LAX-EWR,10:25,10:20,18:44,18:34
492,493,flights,UA-2515-DFW-CLT,07:05,07:05,10:31,10:47
493,494,flights,AA-400-DFW-JFK,10:40,11:01,14:59,15:04
494,495,flights,UA-664-ORD-PHL,13:33,13:31,16:31,16:23
495,496,flights,AA-3756-ORD-SLC,12:15,12:41,14:54,14:50
496,497,flights,UA-37-EWR-MCO,13:29,13:48,16:17,16:17
497,498,flights,AA-1522-SFO-ORD,23:55,23:55,05:50,05:50
498,499,flights,UA-233-LAX-JFK,16:25,16:25,00:29,00:29
499,500,flights,AA-3823-LAX-DEN,21:00,21:00,00:15,00:15
500,501,flights,AA-2312-DFW-DTW,20:25,20:25,23:50,23:50
501,502,flights,AA-1165-JFK-MIA,06:59,07:22,10:34,10:04
502,503,flights,AA-431-MIA-SFO,08:35,08:51,11:50,11:44
503,504,flights,UA-3373-IAD-PHL,08:29,08:26,09:24,09:13
504,505,flights,AA-649-ORD-SNA,13:30,13:30,15:50,15:50
505,506,flights,CO-1250-MIA-IAH,14:53,15:01,16:48,16:59
506,507,flights,AA-1640-MIA-MCO,07:35,07:27,09:43,08:45
507,508,flights,UA-828-SFO-ORD,23:08,23:08,05:11,05:11
508,509,flights,CO-4888-IAH-DAL,17:30,17:30,18:40,18:40
509,510,flights,UA-858-PVG-SFO,13:45,13:32,08:27,08:02
510,511,flights,UA-2704-DTW-PHX,11:15,11:15,13:40,14:00
511,512,flights,AA-3063-SLC-LAX,20:20,20:39,21:20,21:20
512,513,flights,UA-2708-EWR-CLT,14:55,14:55,16:53,16:44
513,514,flights,UA-62-IAH-EWR,14:30,14:48,19:03,19:10
514,515,flights,UA-1500-IAH-GUA,08:55,09:16,11:45,11:56
515,516,flights,AA-3804-PHL-ORD,14:35,14:44,16:05,15:43
516,517,flights,AA-1917-JFK-MCO,14:55,15:27,17:55,17:43
517,518,flights,AA-2268-PHX-ORD,07:15,07:22,11:35,11:06
518,519,flights,AA-4277-CVG-JFK,12:10,12:10,14:15,13:43
519,520,flights,AA-2957-DFW-CVG,07:55,08:04,11:05,11:01
520,521,flights,UA-37-EDI-EWR,09:05,08:52,11:53,12:09
521,522,flights,AA-789-ORD-DEN,13:05,13:19,14:35,15:13
522,523,flights,AA-415-BOS-ORD,08:35,08:56,10:40,10:16
523,524,flights,AA-85-JFK-SFO,15:05,:36 p.m.,18:30,18:43
524,525,flights,AA-3979-CVG-ORD,07:30,08:04,08:00,08:06
525,526,fligthview,AA-1544-SAN-ORD,11:25,11:40,17:25,16:56
526,527,flights,AA-3786-IAH-ORD,16:00,16:12,18:40,18:15
527,528,flights,AA-271-MIA-LAX,11:35,11:52,14:25,14:27
528,529,flights,AA-2525-DFW-MIA,07:25,07:39,11:10,11:06
529,530,flights,CO-50-CLE-EWR,14:55,15:31,16:49,17:26
530,531,flights,UA-3099-PHX-PHL,11:55,11:55,18:17,17:38
531,532,flights,AA-4198-ORD-CLE,10:40,10:54,12:55,12:50
532,533,flights,unknown,06:45,06:57,07:45,07:40
533,534,flights,CO-45-EWR-MIA,16:00,15:58,19:05,18:36
534,535,flights,AA-3809-PHX-LAX,06:00,06:10,06:40,06:19
535,536,flights,AA-59-JFK-SFO,07:10,07:39,10:45,11:12
536,537,flights,AA-222-LAX-BOS,07:10,07:31,15:30,15:14
537,538,flightstats,AA-3859-IAH-ORD,07:10,07:16,09:40,09:32
538,539,flightstats,CO-1586-IAH-MCO,19:00,19:14,22:15,22:29
539,540,flightstats,AA-518-MIA-JFK,06:40,06:54,09:25,09:28
540,541,flightstats,UA-397-JFK-SFO,08:00,08:29,11:55,11:58
541,542,flightstats,UA-3925-IAD-ORF,08:41,08:42,09:54,09:43
542,543,flightstats,AA-1733-ORD-PHX,19:45,19:58,22:30,22:30
543,544,flightstats,AA-4344-ORD-DTW,11:45,12:13,14:00,14:10
544,545,flightstats,AA-1640-MIA-MCO,18:30,18:30,19:25,19:25
545,546,flightstats,UA-2830-MCO-CLT,15:27,15:27,17:05,17:17
546,547,flightstats,CO-58-DEN-IAH,11:25,11:32,250 p.m.,15:31
547,548,flightstats,AA-204-LAX-MCO,23:25,23:25,06:55,06:55
548,549,flightstats,UA-414-LAX-SFO,06:00,05:56,07:23,07:17
549,550,flightstats,CO-1614-LAX-IAH,00:30,00:41,05:35,05:26
550,551,flightstats,UA-2726-FLL-PHL,16:00,16:00,18:46,18:28
551,552,flightstats,AA-1640-MIA-MCO,07:35,07:29,09:21,09:14
552,553,flightstats,CO-1090-BOS-IAH,09:45,10:19,13:16,13:19
553,554,flightstats,AA-3468-CVG-MIA,07:00,07:25,09:55,09:45
554,555,flightstats,UA-3515-IAD-MSP,08:15,08:12,10:06,09:56
555,556,flightstats,AA-484-DFW-MIA,16:15,16:29,19:55,19:39
556,557,flightstats,AA-616-DFW-DTW,09:05,10:10,12:35,13:27
557,558,flightstats,CO-62-IAH-EWR,14:30,14:48,19:03,19:10
558,559,flightstats,CO-63-EWR-IAH,17:25,17:22,20:22,20:03
559,560,flightstats,AA-446-DFW-PHL,11:50,12:12,15:50,16:09
560,561,flightstats,CO-1023-IAH-DEN,11:40 am..,11:56,13:17,13:14
561,562,flightstats,AA-466-IAH-MIA,06:00,06:08,09:20,09:05
562,563,flightstats,UA-3050-PHX-CLT,11:05,11:30,16:57,17:05
563,564,flightstats,CO-89-IAH-EWR,06:00,06:02,10:20,10:27
564,565,flights,CO-1088-CLE-IAH,08:40,08:40,10:54,10:56
565,566,flightstats,AA-2957-DFW-CVG,07:55,08:04,11:05,11:01
566,567,flightstats,AA-1664-MIA-ATL,10:15,10:18,12:10,11:56
567,568,flightstats,AA-3979-CVG-ORD,07:30,08:04,08:00,08:06
568,569,flightstats,AA-1279-DFW-PHX,13:00,2:04 p..,14:35,15:30
569,570,flightstats,AA-404-MIA-MCO,06:45,06:57,07:45,07:40
570,571,flightstats,AA-3756-ORD-SLC,12:15,12:41,14:45,14:50
571,572,flightstats,UA-382-IAD-LAX,12:30,12:35,15:19,15:21
572,573,flightstats,UA-2945-PHL-CLT,12:00 aa.m.,03:11,13:45,13:15
573,574,flightstats,CO-47-IAH-LAX,19:10,20:25,20:56,21:52
574,575,flightstats,AA-271-MIA-LAX,11:35,11:52,14:25,14:27
575,576,flightstats,AA-2050-ORD-MIA,10:40,11:05,14:45,14:46
576,577,flightstats,UA-248-PHX-ORD,12:57 pm..,13:32,17:15,17:34
577,578,flightstats,AA-4330-CVG-ORD,15:35,15:36,16:00,15:33
578,579,flightstats,AA-1434-DFW-MCO,07:15,07:21,10:35,10:36
579,580,flightstats,CO-1561-PHX-IAH,08:05,08:00,11:35,11:32
580,581,flightstats,AA-4307-ORD-DTW,18:45,18:55,21:10,20:53
581,582,flightstats,AA-3-JFK-LAX,12:00,12:11,15:15,15:16
582,583,flightstats,CO-1694-LAX-IAH,19:15,19:15,00:21,00:21
583,584,flightstats,UA-843-LAX-ORD,13:55,14:10,19:53,19:58
584,585,flightstats,CO-1193-EWR-MCO,09:15,09:14,12:18,12:09
585,586,flightstats,AA-3842-MSP-ORD,06:00,06:56,07:30,07:51
586,587,flightstats,AA-643-MIA-ORD,07:10,07:30,09:35,09:31
587,588,flightstats,AA-1007-MIA-PHX,16:55,17:08,20:05,19:55
588,589,flightstats,AA-2525-DFW-MIA,07:25,07:39,11:10,11:06
589,590,flightstats,UA-2906-PHL-MCO,15:50,16:28,18:23,18:38
590,591,flightstats,UA-938-DEN-ORD,16:16,16:15,19:35,19:36
591,592,flightstats,AA-1221-MCO-ORD,20:00,20:23,21:45,21:53
592,593,flightstats,CO-16-LAX-EWR,10:25,10:20,18:44,18:34
593,594,flightstats,UA-2515-DFW-CLT,07:05,07:05,10:31,10:47
594,595,flightstats,AA-400-DFW-JFK,10:40,11:01,14:59,15:04
595,596,flightstats,UA-664-ORD-PHL,13:33,13:31,16:31,16:23
596,597,flightstats,UA-37-EWR-MCO,13:29,13:48,16:17,16:17
597,598,flightstats,AA-1522-SFO-ORD,23:55,23:55,05:50,05:50
598,599,flightstats,UA-233-LAX-JFK,16:25,16:25,00:29,00:29
599,600,flightstats,AA-1640-MIA-MCO,21:00,21:00,00:15,00:15
600,601,flightstats,AA-2312-DFW-DTW,20:25,20:25,23:05,23:50
601,602,flightstats,UA-2314-ATL-PHL,14:55,14:55,17:00,16:47
602,603,flightstats,AA-1165-JFK-MIA,06:59,07:22,10:34,10:04
603,604,flightstats,AA-431-MIA-SFO,08:35,08:51,11:50,11:44
604,605,flightstats,UA-257-JFK-SFO,14:30,14:26,18:15,17:42
605,606,flightstats,UA-3373-IAD-PHL,08:29,08:26,09:24,09:13
606,607,flightstats,CO-1250-MIA-IAH,14:53,15:01,16:48,16:59
607,608,flightstats,UA-828-SFO-ORD,23:08,23:08,05:11,05:11
608,609,flightstats,CO-4888-IAH-DAL,17:30,17:30,18:40,18:40
609,610,flightstats,UA-2704-DTW-PHX,11:15,11:15,13:40,14:00
610,611,flightstats,AA-3063-SLC-LAX,20:20,20:39,21:20,21:20
611,612,flightstats,UA-2708-EWR-CLT,14:55,14:55,16:53,16:44
612,613,flightstats,UA-62-IAH-EWR,14:30,14:48,19:03,19:10
613,614,flightstats,AA-3804-PHL-ORD,14:35,14:44,16:05,15:43
614,615,flightstats,AA-1917-JFK-MCO,14:55,15:27,17:55,17:43
615,616,flightstats,AA-2268-PHX-ORD,07:15,07:22,11:35,11:06
616,617,flightstats,AA-4277-CVG-JFK,12:10,12:10,2:15 p..,13:43
617,618,flightstats,AA-789-ORD-DEN,13:05,13:19,14:35,15:13
618,619,flightstats,UA-854-SFO-IAH,07:53,07:49,13:39,13:30
619,620,flightstats,AA-415-BOS-ORD,08:35,08:56,10:40,10:16
620,621,flightstats,AA-85-JFK-SFO,15:05,15:36,18:30,18:43
621,622,flightstats,AA-3786-IAH-ORD,16:00,16:12,18:40,18:15
622,623,flightstats,AA-222-LAX-BOS,07:10,07:31,15:30,15:14
623,624,flightstats,CO-50-CLE-EWR,14:55,15:31,16:49,17:26
624,625,flightstats,UA-3099-PHX-PHL,11:55,11:55,18:17,17:38
625,626,flightstats,AA-4198-ORD-CLE,10:40,10:54,12:55,12:50
626,627,flightstats,CO-45-EWR-MIA,16:00,15:58,19:05,18:36
627,628,flightstats,AA-3809-PHX-LAX,06:00,06:10,06:40,06:19
628,629,flightstats,AA-59-JFK-SFO,07:10,07:39,10:45,11:12
629,630,panynj,AA-3859-IAH-ORD,07:10,07:16,09:40,09:32
630,631,panynj,CO-1586-IAH-MCO,19:00,19:14,22:15,22:29
631,632,panynj,AA-518-MIA-JFK,06:40,06:54,09:25,09:28
632,633,panynj,UA-397-JFK-SFO,08:00,08:29,11:55,11:58
633,634,panynj,UA-3925-IAD-ORF,08:41,08:42,09:54,09:43
634,635,panynj,AA-1733-ORD-PHX,19:45,19:58,22:30,22:30
635,636,flights,AA-3-JFK-LAX,12:00,12:11,15:15,15:16
636,637,panynj,UA-2830-MCO-CLT,15:27,15:27,17:05,17:17
637,638,panynj,CO-58-DEN-IAH,11:25,1:132 a.m.,14:50,15:31
638,639,panynj,UA-5487-SFO-MRY,10:39,10:33,11:19,11:21
639,640,panynj,AA-204-LAX-MCO,23:25,23:25,06:55,06:55
640,641,panynj,UA-414-LAX-SFO,06:00,05:56,723 a.m.,07:17
641,642,panynj,CO-1614-LAX-IAH,00:30,00:41,05:35,05:26
642,643,panynj,UA-2726-FLL-PHL,16:00,16:00,18:46,18:28
643,644,panynj,CO-52-IAH-ALX,07:35,07:29,09:21,09:14
644,645,panynj,CO-1090-BOS-IAH,09:45,10:19,13:16,13:19
645,646,panynj,AA-616-DFW-DTW,09:05,10:10,12:35,13:27
646,647,panynj,AA-1640-MIA-MCO,08:15,08:12,10:06,09:56
647,648,panynj,AA-1640-MIA-MCO,07:00,07:25,09:55,09:45
648,649,panynj,AA-484-DFW-MIA,16:15,16:29,19:55,7:39p .m.
649,650,panynj,AA-1886-BOS-MIA,10:45,10:55,14:20,13:40
650,651,panynj,CO-62-IAH-EWR,14:30,14:48,19:03,19:10
651,652,panynj,CO-1561-PHX-IAH,08:05,08:00,11:35,11:32
652,653,panynj,UA-2314-ATL-PHL,14:55,14:55,17:00,16:47
653,654,panynj,AA-446-DFW-PHL,11:50,12:12,15:50,16:09
654,655,panynj,CO-1023-IAH-DEN,11:40,11:56,13:17,1:14 p..
655,656,panynj,AA-466-IAH-MIA,06:00,06:08,09:20,09:05
656,657,flights,UA-3050-PHX-CLT,11:05 aa.m.,11:30,16:57,17:05
657,658,panynj,CO-89-IAH-EWR,06:00,6:02 a..m,10:20,10:27
658,659,panynj,CO-1088-CLE-IAH,08:40,08:40,10:54,10:56
659,660,panynj,AA-1664-MIA-ATL,10:15,10:18,12:10,11:56
660,661,panynj,AA-1279-DFW-PHX,13:00,14:04,14:35,15:30
661,662,panynj,UA-854-SFO-IAH,07:53,07:49,13:39,23:30
662,663,panynj,UA-382-IAD-LAX,12:30,12:35,15:19,15:21
663,664,panynj,AA-4344-ORD-DTW,11:45,12:13,14:00,14:10
664,665,panynj,UA-257-JFK-SFO,14:30,14:26,18:15,17:42
665,666,panynj,UA-2945-PHL-CLT,00:00,03:11,13:45,13:15
666,667,panynj,CO-63-EWR-IAH,17:25,17:22,20:22,20:03
667,668,panynj,CO-47-IAH-LAX,19:10,20:25,20:56,21:52
668,669,panynj,AA-2050-ORD-MIA,10:40,11:05,14:45,14:46
669,670,panynj,UA-248-PHX-ORD,12:57,13:32,17:15,17:34
670,671,panynj,AA-4330-CVG-ORD,15:35,15:36,16:00,15:33
671,672,panynj,AA-1434-DFW-MCO,07:15,07:21,10:35,10:36
672,673,panynj,AA-1640-MIA-MCO,18:30,18:30,19:25,19:25
673,674,panynj,AA-4307-ORD-DTW,18:45,18:55,21:10,20:53
674,675,panynj,AA-1640-MIA-MCO,19:15,19:15,00:21,00:21
675,676,panynj,UA-843-LAX-ORD,13:55,14:10,19:53,19:58
676,677,panynj,CO-1193-EWR-MCO,9:15 am..,09:14,12:18,12:09
677,678,panynj,AA-3842-MSP-ORD,:600 a.m.,06:56,7:330 a.m.,07:51
678,679, ,AA-643-MIA-ORD,07:10,07:30,09:35,09:31
679,680,panynj,AA-1007-MIA-PHX,16:55,17:08,20:05,19:55
680,681,panynj,UA-2906-PHL-MCO,15:50,16:28,18:23,18:38
681,682,panynj,UA-938-DEN-ORD,16:16,16:15,19:35,19:36
682,683,panynj,AA-1221-MCO-ORD,20:00,20:23,21:45,21:53
683,684,panynj,CO-16-LAX-EWR,10:25,10:20,18:44,18:34
684,685,panynj,UA-2515-DFW-CLT,07:05,07:05,10:31,10:47
685,686,panynj,AA-400-DFW-JFK,10:40,11:01,14:59,15:04
686,687,panynj,UA-6664-ORD-PHL,13:33,13:31,16:31,16:23
687,688,panynj,AA-3756-ORD-SLC,12:15,12:41,14:45,14:50
688,689,panynj,UA-37-EWR-MCO,13:29,13:48,16:17,16:17
689,690,panynj,AA-1640-MIA-MCO,23:55,23:55,05:50,05:50
690,691,panynj,UA-233-LAX-JFK,16:25,16:25,00:29,00:29
691,692,panynj,AA-3823-LAX-DEN,21:00,21:00,00:15,00:15
692,693,panynj,AA-2312-DFW-DTW,20:25,20:25,23:50,23:50
693,694,panynj,AA-1165-JFK-MIA,06:59,07:22,10::34 a.m.,10:04
694,695,panynj,AA-431-MIA-SFO,08:35,08:51,11:50,11:44
695,696,panynj,UA-3373-IAD-PHL,08:29,08:26,9::24 a.m.,09:13
696,697,panynj,AA-649-ORD-SNA,13:30,1:30 p.mm.,15:50,15:50
697,698,panynj,CO-1250-MIA-IAH,14:53,15:01,16:48,16:59
698,699,panynj,UA-6273-YYC-SFO,07:35,07:27,09:43,08:45
699,700,panynj,UA-828-SFO-ORD,23:08,23:08,05:11,05:11
700,701,panynj,CO-4888-IAH-DAL,17:30,17:30,18:40,18:40
701,702,panynj,UA-858-PVG-SFO,13:45,13:32,08:27,08:02
702,703,panynj,UA-2704-DTW-PHX,11:15,11:15,13:40,14:00
703,704,panynj,AA-3063S-LC-LAX,20:20,20:39,21:20,21:20
704,705,panynj,UA-2708-EWR-CLT,14:55,14:55,16:53,16:44
705,706,panynj,UA-62-IAH-EWR,14:30,14:48,19:03,19:10
706,707,panynj,,08:55,09:16,11:45,11:56 am..
707,708,panynj,AA-3804-PHL-ORD,14:35,14:44,16:05,15:43
708,709,panynj,AA-1917-JFK-MCO,14:55,15:27,17:55,17:43
709,710,panynj,AA-2268-PHX-ORD,07:15,07:22,11:35,11:06
710,711,panynj,AA-4277-CVG-JFK,12:10,12:10,14:15,13:43
711,712,panynj,AA-2957-DFW-CVG,07:55,08:04,11:05,11:01
712,713,panynj,UA-37-EDI-EWWR,09:05,08:52,11:53,12:09
713,714,panynj,AA-789-ORD-DEN,13:05,13:19,14:35,15:13
714,715,panynj,AA-415-BOS-ORD,08:35,08:56,10:40,10:06
715,716,panynj,AA-1640-MIA-MCO,15:05,15:36,18:30,18:43
716,717,panynj,AA-3979-CVG-ORD,07:30,08:04,08:00,08:06
717,718,panynj,AA-1544-SAN-ORD,11:25,11:40,17:25,16:56
718,719,panynj,AA-1640-MIA-MCO,16:00,16:12,18:40,18:15
719,720,panynj,AA-271-MIA-LAX,11:35,11:52,14:25,14:27
720,721,panynj,AA-2525-DFW-MIA,07:25,07:39,11:10,11:06
721,722,panynj,CO-50-CLE-EWR,14:55,15:31,16:49,17:26
722,723,panynj,UA-3099-PHX-PHL,11:55,11:55,18:17,17:38
723,724,panynj,AA-4198-ORD-CLE,10:40,10:54,12:55,12:50
724,725,panynj,AA-404-MIA-MCO,06:45,06:57,07:45,07:40
725,726,panynj,CO-45-EWR-MIA,16:00,15:58,19:05,18:36
726,727,panynj,AA-3809-PHX-LAX,06:00,06:10,06:40,06:19
727,728,panynj,AA-59-JFK-SFO,07:10,07:39,10:45,11:12
728,729,panynj,AA-222-LAX-BOS,07:10,07:31,15:30,15:14
729,730,flightexplorer,AA-3859-IAH-ORD,07:10,07:16,09:40,09:32
730,731,flightexplorer,AA-1733-ORD-PHX,19:45,19:58,22:30,22:30
731,732,flightexplorer,CO-1586-IAH-MCO,19:00,19:14,22:15,22:29
732,733,flights,UA-397-JFK-SFO,08:00,08:29,11:555 a.m.,11:58
733,734,flightexplorer,UA-3925-IAD-ORF,08:41,08:42,09:54,09:43
734,735,flightexplorer,AA-1640-MIA-MCO,18:30,18:30,19:25,19:25
735,736,flightexplorer,AA-1544-SAN-ORD,11:25,11:40,17:25,16:56
736,737,flightexplorer,UA-548-7SFO-MRY,10:39,10:33,11:19,11:21
737,738,flightexplorer,AA-1640-MIA-MCO,23:25,23:25,06:55,06:55
738,739,flightexplorer,UA-414-LAX-SFO,06:00,05:56,07:23,07:17
739,740,  flightexplorer ,AA-1640-MIA-MCO,00:30,00:41,05:35,05:26
740,741,flightexplorer,AA-3756-ORD-SLC,12:15,12:41,14:45,14:50
741,742,flightexplorer,AA-3468-CVG-MIA,07:00,07:25,09:55,09:45
742,743,flightexplorer,AA-484-DFW-MIA,16:15,16:29,19:55,7:399 p.m.
743,744,flightexplorer,AA-616-DFW-DTW,09:05,10:10,12:35,13:27
744,745,flightexplorer,AA-446-DFW-PHL,11:50,12:12,15:50,16:09
745,746,flightexplorer,CO-1023-IAH-DEN,11:40,11:56,13:17,13:14
746,747,flightexplorer,AA-466-IAH-MIA,06:00,06:08,09:20,09:05
747,748,flightexplorer,AA-2957-DFW-CVG,07:55,08:04,11:05,11:01
748,749,flightexplorer,AA-1664-MIA-ATL,10:15,10:18,12:10,11:56
749,750,flightexplorer,AA-3979-CVG-ORD,07:30,08:04,08:00,08:06
750,751,flightexplorer,AA-1279-DFW-PHX,13:00,14:04,14:35,15:30
751,752,flightexplorer,UA-382-IAD-LAX,12:30,12:35,15:19,15:21
752,753,flightexplorer,AA-4344-ORD-DTW,11:45,12:13,14:00,14:10
753,754,flightexplorer,UA-257-JFK-SFO,14:30,14:26,18:15,17:42
754,755,flightexplorer,AA-271-MIA-LAX,11:35,11:52,14:25,14:27
755,756,flightexplorer,AA-2050-ORD-MIA,10:40,11:05,14:45,14:46
756,757,flightexplorer,UA-248-PHX-ORD,12:57,13:32,17:15,17:34
757,758,flights,AA-4330-CVG-ORD,15:35,15:36,16:00,15:33
758,759,flightexplorer,AA-1434-DFW-MCO,07:15,07:21,10:35,10:36
759,760,flightexplorer,AA-4307-ORD-DTW,18:45,18:55,21:10,20:53
760,761,flightexplorer,AA-3-JFK-LAX,12:00,12:11,15:15,15:16
761,762,flightexplorer,CO-1193-EWR-MCO,09:15,09:14,12:18,12:09
762,763,flightexplorer,AA-3842-MSP-ORD,06:00,06:56,07:30,07:51
763,764,flightexplorer,AA-1640-MIA-MCO,07:10,07:30,09:35,09:31
764,765,flightexplorrer,AA-1007-MIA-PHX,16:55,5:0 8p.m.,20:05,19:55
765,766,flightexplorer,AA-2525-DFW-MIA,07:25,07:39,11:10,11:06
766,767,flightexplorer,UA-938-DEN-ORD,16:16,16:15,19:35,19:36
767,768,flightexplorer,AA-1221-MCO-ORD,20:00,20:23,21:45,21:53
768,769,flightexplorer,AA-1886-BOS-MIA,10:45,10:55,14:20,13:40
769,770,flightexplorer,UA-664-ORD-PHL,13:33,13:31,16:31,16:23
770,771,flightexplorer,UA-37-EWR-MCO,13:29,13:48,16:17,16:17
771,772,flights,AA-1522-SFO-ORD,23:55,23:55,05:50,05:50
772,773,flightexplorer,AA-3823-LAX-DEN,21:00,21:00,00:15,00:15
773,774,flightexplorer,AA-2312-DFW-DTW,20:25,20:25,23:50,23:50
774,775,flightexplorer,AA-1165-JFK-MIA,06:59,07:22,10:34,10:04
775,776,flightexplorer,AA-431-MIA-SFO,08:35,08:51,11:50,11:44
776,777,flightexplorer,UA-3373-IAD-PHL,08:29,08:26,09:24,09:13
777,778,flightexplorer,AA-649-ORD-SNA,13:30,13:30,15:50,15:50
778,779,  flightexplorer ,UA-828-SFO-ORD,23:08,23:08,05:11,05:11
779,780,flightexplorer,CO-4888-IAH-DAL,17:30,17:30,18:40,18:40
780,781,flightexplorer,CO-1561-PHX-IAH,08:05,08:00,11:35,11:32
781,782,flightexplorer,AA-3804-PHL-ORD,14:35,14:44,16:05,15:43
782,783,flightexplorer,AA-2268-PHX-ORD,07:15,07:22,11:35,11:06
783,784,flightexplorer,UA-233-LAX-JFK,16:25,16:25,00:29,00:29
784,785,flightexplorer,UA-6273-YYC-SFO,07:35,07:27,09:43,08:45
785,786,flightexplorer,AA-4277-CVG-JFK,12:10,12:10,14:15,13:43
786,787,flightexplorer,AA-789-ORD-DEN,13:05,13:19,14:35,15:13
787,788,flightexplorer,AA-222-LAX-BOS,07:10,07:31,15:30,15:14
788,789,flightexplorer,AA-4198-ORD-CLE,10:40,10:54,12:55,12:50
789,790,flightexplorer,AA-404-MIA-MCO,06:45,06:57,07:45,07:40
790,791,flightexplorer,AA-3809-PHX-LAX,06:00,06:10,06:40,06:19
791,792,flightexplorer,AA-59-JFK-SFO,07:10,07:39,10:45,11:12
792,793,mia,AA-2050-ORD-MIA,10:40,11:05,14:45,14:46
793,794,mia,AA-1165-JFK-MIA,06:59,07:22,10:34,10:04
794,795,mia,AA-484-DFW-MIA,16:15,16:29,19:55,19:39
795,796,mia,AA-466-IAH-MIA,06:00,06:08,09:20,09:05
796,797,mia,AA-2525-DFW-MIA,07:25,07:39,11:10,11:06
797,798,iad,UA-382-IAD-LAX,12:30,12:35,15:19,15:21
798,799,dfw,AA-1279-DFW-PHX,13:00,14:04,14:35,15:30
799,800,dfw,AA-2312-DFW-DTW,20:25,20:25,23:50,23:50
800,801,dfw,AA-446-DFW-PHL,11:50,12:12,15:50,16:09
801,802,dfw,AA-400-DFW-JFK,10:40,11:01,14:59,15:04
802,803,dfw,AA-484-DFW-MIA,16:15,16:29,19:55,7:39 p..m.
803,804,mco,CO-1586-IAH-MCO,19:00,19:14,22:15,22:29
804,805,mco,AA-1917-JFK-MCO,14:55,15:27,17:55,17:43
805,806,mco,AA-1640-MIA-MCO,18:30,18:30,19:25,19:25
806,807,mco,AA-404-MIA-MCO,06:45,06:57,07:45,07:40
807,808,mco,AA-204-LAX-MCO,23:25,23:25,06:55,06:55
808,809,mco,AA-1221-MCO-ORD,20:00,20:23,21:45,21:53
809,810,mco,AA-1434-DFW-MCO,07:15,7::21 a.m.,10:35,10:36
810,811,mco,CO-1193-EWR-MCO,09:15,09:14,12:18,12:09
811,812,flights,AA-3859-IAH-ORD,07:10,07:16,09:40,09:32
812,813,flights,CO-1586-IAH-MCO,19:00,19:14,22:15,22:29
813,814,flights,AA-518-MIA-JFK,06:40,06:54,09:25,09:28
814,815,flights,UA-397-JFK-SFO,08:00,08:29,11:55,11:58
815,816,flights,UA-3925-IAD-ORF,08:41,08:42,09:54,09:43
816,817, ,AA-1733-ORD-PHX,19:45,19:58,22:30,22:30
817,818,flights,AA-3-JFK-LAX,12:00,12:11,15:15,15:16
818,819,flights,UA-2830-MCO-CLT,15:27,15:27,17:05,17:17
819,820,flights,CO-58-DEN-IAH,11:25,11:32,14:50,15:31
820,821,flights,UA-5487-SFO-MRY,10:39,10:33,11:19,11:21
821,822,flights,AA-204-LAX-MCO,23:25,23:25,06:55,06:55
822,823,flights,UA-414-LAX-SFO,06:00,05:56,07:23,07:17
823,824,flights,CO-1614-LAX-IAH,00:30,00:41,05:35,05:26
824,825,flights,UA-2726-FLL-PHL,16:00,16:00,18:46,18:28
825,826,flights,CO-52-IAH-LAX,07:35,07:29,09:21,09:14
826,827,flights,CO-1090-BOS-IAH,09:45,10:19,13:16,13:19
827,828,flights,AA-616-DFW-DTW,09:05,10:10,12:35,13:27
828,829,flights,UA-3515-IAD-MSP,08:15,08:12,10:06,09:56
829,830,flights,AA-3468-CVG-MIA,07:00,07:25,09:55,09:45
830,831,flights,AA-484-DFW-MIA,16:15,16:29,19:55,19:39
831,832,flights,AA-1886-BOS-MIA,10:45,10:55,14:20,13:40
832,833,flights,CO-62-IAH-EWR,14:30,14:48,19:03,19:10
833,834,flights,CO-1561-PHX-IAH,08:05,08:00,11:35,11:32
834,835,flights,UA-2314-ATL-PHL,14:55,14:55,17:00,16:47
835,836,flights,AA-446-DFW-PHL,11:50,12:12,15:50,16:09
836,837,flights,CO-1023-IAH-DEN,11:40,11:56,13:17,13:14
837,838,flights,AA-466-IAH-MIA,06:00,06:08,09:20,09:05
838,839,flights,UA-3050-PHX-CLT,11:05,11:30,16:57,17:05
839,840,flights,CO-89-IAH-EWR,06:00,06:02,10:20,10:27
840,841, ,CO-108-8CLE-IAH,08:40,08:40,10:54,10:56
841,842,flights,AA-1664-MIA-ATL,10:15,10:18,12:10,11:56
842,843,flights,AA-1279-DFW-PHX,13:00,14:04,14:35,15:30
843,844,flights,unknown,07:53,07:49,13:39,13:30
844,845,flights,UA-382-IAD-LAX,12:30,12:35,15:19,15:21
845,846,flights,AA-4344-ORD-DTW,11:45,12:13,14:00,14:10
846,847,flights,UA-257-JFK-SFO,14:30,14:26,18:15,17:42
847,848,flights,UA-2945-PHL-CLT,00:00,03:11,13:45,13:15
848,849,flights,CO-63-EWR-IAH,17:25,17:22,20:22,20:03
849,850,flights,CO-47-IAH-LAX,19:10,20:25,20:56,21:52
850,851,flights,AA-2050-ORD-MIA,10:40,11:05,14:45,14:46
851,852,flights,AA-1640-MIA-MCO,12:57,13:32,17:15,17:34
852,853,flights,AA-4330-CVG-ORD,15:35,15:36,16:00,15:33
853,854,flights,AA-1434-DFW-MCO,07:15,07:21,10:35,10:36 a..m.
854,855,flights,AA-1640-MIA-MCO,18:30,18:30,19:25,19:25
855,856,flights,AA-4307-ORD-DTW,18:45,18:55,21:10,20:53
856,857,flights,CO-1694-LAX-IAH,19:15,19:15,00:21,00:21
857,858,flights,UA-843-LAX-ORD,13:55,14:10,19:53,19:58
858,859,flights,CO-1193-EWR-MCO,09:15,09:14,12:18,12:09
859,860,flights,AA-3842-MSP-ORD,06:00,06:56,07:30,07:51
860,861,flights,AA-643-MIA-ORD,07:10,07:30,09:35,09:31
861,862,flights,AA-1007-MIA-PHX,16:55,17:08,20:05,19:55
862,863,flights,UA-2906-PHL-MCO,15:50,16:28,18:23,18:38
863,864,flights,UA-938-DEN-ORD,16:16,16:15,19:35,19:36
864,865,flights,AA-1221-MCO-ORD,20:00,20:23,21:45,21:53
865,866,flights,CO-16-LAX-EWR,10:25,10:20,18:44,18:34
866,867,flights,UA-2515-DFW-CLT,07:05,07:05,10:31,10:47
867,868,flights,AA-1640-MIA-MCO,10:40,11:01,14:59,3:044 p.m.
868,869,flights,UA-664-ORD-PHL,13:33,13:31,16:31,16:23
869,870,flights,AA-3756-ORD-SLC,12:15,12:41,14:45,14:50
870,871,flights,UA-37-EWR-MCO,13:29,13:48,16:17,16:17
871,872,flights,AA-1522-SFO-ORD,23:55,23:55,05:50,05:50
872,873,flights,UA-233-LAX-JFK,16:25,16:25,00:29,00:29
873,874,flights,AA-3823-LAX-DEN,21:00,21:00,00:15,00:15
874,875,flights,AA-2312-DFW-DTW,20:25,8:25 p..,23:50,23:50
875,876,flights,AA-1165-JFK-MIA,06:59,07:22,10:34,10:04
876,877,flights,AA-431-MIA-SFO,08:35,08:51,11:50,11:44
877,878,flights,UA-3373-IAD-PHL,08:29,08:26,09:24,09:13
878,879,flights,AA-649-ORD-SNA,13:30,13:30,15:50,15:50
879,880,flights,CO-1250-MIA-IAH,14:53,15:01,16:48,16:59
880,881,flights,UA-6273-YYC-SFO,07:35,07:27,09:43,08:45
881,882,flights,UA-828-SFO-ORD,23:08,23:08,5:111 a.m.,05:11
882,883,flights,CO-4888-IAH-DAL,17:30,17:30,18:40,18:40
883,884,flights,UA-858-PVG-SFO,13:45,13:32,08:27,08:02
884,885,flights,UA-2704-DTW-PHX,11:15,11:15,13:40,14:00
885,886,flights,AA-3063-SLC-LAX,20:20,20:39,21:20,21:20
886,887,flights,UA-2708-EWR-CLT,14:55,14:55,16:53,16:44
887,888,flights,UA-62-IAH-EWR,14:30,14:48,19:03,19:10
888,889,flights,UA-1500-IAH-GUA,08:55,09:16,11:45,11:56
889,890,flights,AA-3804-PHL-ORD,14:35,14:44,16:05,15:43
890,891,flights,AA-1917-JFK-MCO,14:55,15:27,17:55,17:43
891,892,flights,AA-2268-PHX-ORD,07:15,07:22,11:35,11:06
892,893,flights,AA-4277-CVG-JFK,12:10,12:10,14:15,13:43
893,894,flights,AA-2957-DFW-CVG,07:55,08:04,11:05,11:01
894,895,flights,UA-37-EDI-EWR,09:05,08:52,11:53,12:09
895,896,flights,AA-789-ORD-DEN,13:05,13:19,14:35,15:13
896,897,flights,AA-415-BOS-ORD,08:35,08:56,10:40,10:16
897,898,flights,AA-85-JFK-SFO,15:05,15:36,18:30,18:43
898,899,flights,AA-3979-CVG-ORD,07:30,08:04,08:00,08:06
899,900,flights,AA-1544-SAN-ORD,11:25,11:40,17:25,16:56
900,901,flights,AA-3786-IAH-ORD,16:00,16:12,18:40,18:15
901,902,flights,AA-271-MIA-LAX,11:35 .am.,11:52,14:25,14:27
902,903,flights,AA-2525-DFW-MIA,07:25,07:39,11:10,11:06
903,904,flights,CO-50-CLE-EWR,14:55,15:31,16:49,17:26
904,905,flights,UA-3099-PHX-PHL,11:55,11:55,18:17,17:38
905,906,flights,AA-4198-ORD-CLE,10:40,10:54,12:55,12:50
906,907,flights,AA-404-MIA-MCO,06:45,06:57,07:45,07:40
907,908,flights,CO-45-EWR-MIA,16:00,15:58,19:05,18:36
908,909,flights,AA-3809-PHX-LAX,06:00,06:10,06:40,06:19
909,910,flights,AA-59-JFK-SFO,07:10,07:39,10:45,11:12
910,911,flights,AA-222-LAX-BOS,07:10,07:31,15:30,15:14
911,912,flights,AA-3859-IAH-ORD,07:10,07:16,09:40,09:32
912,913,flights,AA-1640-MIA-MCO,18:30,18:30,19:25,19:05
913,914,flights,UA-3925-IAD-ORF,08:41,08:42,09:54,09:43
914,915,flights,AA-4344-ORD-DTW,11:45,12:13,14:00,14:10
915,916,flights,UA-414-LAX-SFO,06:00,05:56,07:23,07:17
916,917,flights,CO-1614-LAX-IAH,00:30,00:41,05:35,05:26
917,918,flights,CO-52-IAH-LAX,07:35,07:29,09:21,09:14
918,919,flights,CO-1090-BOS-IAH,09:45,10:19,13:16,13:19
919,920,flights,AA-3468-CVG-MIA,07:00,07:25,09:55,09:45
920,921,flights,CO-62-IAH-EWR,14:30,14:48,19:03,19:10
921,922,flights,AA-466-IAH-MIA,06:00,06:08,09:20,09:05
922,923,flights,AA-1664-MIA-ATL,10:15,10:18,12:10,11:56
923,924,flights,AA-1279-DFW-PHX,13:00,14:04,14:35,15:30
924,925,flights,AA-404-MIA-MCO,06:45,06:57,07:45,07:40
925,926,flights,UA-382-IAD-LAX,12:30,12:35,15:19,15:21
926,927,flights,CO-50-CLE-EWR,14:55,15:31,16:49,17:26
927,928,flights,AA-616-DFW-DTW,09:05,10:10,12:35,13:27
928,929,flights,AA-271M-IA-LAX,11:35,11:52,14:25,14:27
929,930,flights,AA-2050-ORD-MIA,10:40,11:05,14:45,14:46
930,931,flights,AA-4307-ORD-DTW,18:45,18:55,21:10,20:53
931,932,flights,AA-3-JFK-LAX,12:00,12:11,15:15,15:16
932,933,flights,unknown,19:15,19:15,00:21,00:21
933,934,flights,CO-1193-EWR-MCO,09:15,09:14,12:18,12:09
934,935,flights,AA-1640-MIA-MCO,15:50,16:28,18:23,6:38 p..
935,936,flights,UA-938-DEN-ORD,16:16,16:15,19:35,19:36
936,937,flights,AA-1221-MCO-ORD,20:00,20:23,21:45,21:53
937,938,flights,CO-16-LAX-EWR,10:25,10:20,18:44,18:34
938,939,flights,UA-2515-DFW-CLT,07:05,07:05,10:31,10:47
939,940,flights,AA-400-DFW-JFK,10:40,11:01,14:09,15:04
940,941,flights,UA-664-ORD-PHL,13:33,13:31,16:31,16:23
941,942,flights,UA-37-EWR-MCO,13:29,13:48,16:17,16:17
942,943,flights,UA-233-LAX-JFK,16:25,16:25,00:29,00:29
943,944,flights,AA-2312-DFW-DTW,20:25,20:25,23:50,23:50
944,945,flights,AA-431-MIA-SFO,08:35,08:51,11:50,11:44
945,946,flights,UA-257-JFK-SFO,14:30,14:26,18:15,17:42
946,947,flights,UA-3373-IAD-PHL,08:29,08:26,09:24,09:13
947,948,flights,UA-828-SFO-ORD,23:08,23:08,05:11,05:11
948,949,flights,CO-4888-IAH-DAL,17:30,17:30,6:440 p.m.,18:40
949,950,flights,UA-858-PVG-SFO,13:45,13:32,08:27,08:02
950,951,flights,UA-2704-DTW-PHX,11:15,11:15,13:40,14:00
951,952,flights,AA-3063-SLC-LAX,20:20,20:39,21:20,21:20
952,953,flights,UA-1500-IAH-GUA,08:55,09:16,11:45,11:56
953,954,flights,CO-1561-PHX-IAH,08:05,08:00,11:35,11:32
954,955,flights,AA-2268-PHX-ORD,07:15,07:22,11:35,11:06
955,956,flights,UA-2314-ATL-PHL,14:55,14:55,17:00,:47 p.m.
956,957,flights,UA-6273-YYC-SFO,07:35,07:27,09:43,08:45
957,958,flights,AA-4277-CVG-JFK,12:10,12:10,14:15,13:43
958,959,flights,AA-2957-DFW-CVG,07:55,08:04,11:05,11:01
959,960,flights,UA-37-EDI-EWR,09:05,08:52,11:53,12:09
960,961,flights,UA-854-SFO-IAH,07:53,7:49 am.,13:39,13:30
961,962,flights,AA-85-JFK-SFO,15:05,15:36,18:30,18:43
962,963,flights,AA-1544-SAN-ORD,11:25,11:40,17:25,16:56
963,964,flights,AA-3786-IAH-ORD,16:00,16:12,18:40,18:01
964,965,flights,CO-1088-CLE-IAH,08:40,08:40,10:54,10:56
965,966,flights,AA-4198-ORD-CLE,10:40,10:54,12:55,12:50
966,967,flights,AA-3809-PHX-LAX,06:00,06:10,06:40,06:19
967,968,flights,AA-59-JFK-FSO,07:10,07:39,10:45,11:12
968,969,flights,AA-222-LAX-BOS,07:10,07:31,15:30,15:14
969,970,flights,AA-3859-IAH-ORD,07:10,07:16,09:40,09:32
970,971,flights,AA-3842-MSP-ORD,06:00,06:56,07:30,07:51
971,972,flights,AA-1640-MIA-MCO,07:10,07:30,935 a.m.,09:31
972,973,flights,AA-1640-MIA-MCO,18:30,18:30,19:25,19:25
973,974,flights,AA-2525-DFW-MIA,07:25,07:39,11:10,11:06
974,975,flights,UA-3050-PHX-CLT,11:05,11:30,16:57,17:05
975,976,flights,UA-3925-IAD-ORF,08:41,08:42,09:54,09:43
976,977,flights,UA-664-ORD-PHL,13:33,13:31,16:31,16:23
977,978,flights,AA-789-ORD-DEN,13:05,13:19,14:35,15:13
978,979,flights,AA-2312-DFW-DTW,20:25,20:25,23:50,23:50
979,980, ,CO-1694-LAX-IAH,19:15,19:15,00:21,00:21
980,981,flights,CO-63-EWR-IAH,17:25,17:22,20:22,20:03
981,982,flights,AA-3786-IAH-ORD,16:00,16:12,18:40,18:15
982,983,flights,AA-1640-MIA-MCO,19:10,20:25,20:56,21:52
983,984,flights,AA-1434-DFW-MCO,07:15,07:21,10:35,10:36
984,985,flights,AA-4330-CVG-ORD,15:35,15:36,16:00,15:33
985,986,flights,AA-3809-PHX-LAX,06:00,06:10,06:40,06:19
986,987,flights,AA-59-JFK-SFO,07:10,07:39,10:45,11:12
987,988,flights,AA-4307-ORD-DTW,18:45,18:55,21:10,20:53
988,989,flights,AA-85-jfk-sfo,15:05,15:36,18:30,18:43
989,990,trvelocity,AA-3859-IAH-ORD,07:10,07:16,09:40,09:32
990,991,airtravelcenter,AA-518-MIA-JFK,06:40,06:54,09:25,09:28
991,992,airtravelcenter,UA-397-JFK-SFO,08:00,08:29,11:55,11:58
992,993,unknown,AA-1640-MIA-MCO,08:41,08:42,09:54,09:43
993,994,airtravelcenter,AA-1733-ORD-PHX,19:45,19:58,22:30,22:30
994,995,airtravelcenter,AA-1640-MIA-MCO,18:30,18:30,19:25,19:25
995,996,airtravelcenter,AA-3-JFK-LAX,12:00,12:11,15:15,15:16
996,997,airtravelcenter,UA-2830-MCO-CLT,15:27,15:27,17:05,17:17
997,998,airtravelcenter,AA-1544-SAN-ORD,11:25,11:40,17:25,16:56
998,999,airtravelcenter,Aa-204-lax-mco,23:25,23:25,06:55,06:55
999,1000,airtravelcenter,UA-414-LAX-SFO,06:00,05:56,07:23,07:17
1000,1001,airtravelcenter,AA-3756-ORD-SLC,12:15,12:41,14:45,14:50
1001,1002,airtravelcenter,UA-2726-FLL-PHL,16:00,16:00,18:46,18:28
1002,1003,TRAVELocity,AA-1640-MIA-MCO,07:00,07:25,09:55,09:45
1003,1004,airtravelcenter,UA-3515-IAD-MSP,08:15,08:12,10:06,09:56
1004,1005,airtravelcenter,AA-484-DFW-MIA,16:15,16:29,19:55,19:39
1005,1006,airtravelcenter,CO-62-IAH-EWR,14:30,14:48,19:03,19:10
1006,1007,airtravelcenter,AA-446-DFW-PHL,11:50,12:12,15:50,16:00
1007,1008,airtravelcenter,AA-466-IAH-MIA,06:00,06:08,09:20,09:05
1008,1009,airtravelcenter,UA-3050-PHX-CLT,11:05,11:30,16:57,17:05
1009,1010,airtravelcenter,CO-89-IAH-EWR,06:00,06:02,10:20,10:27
1010,1011,airtravelcenter,CO-1088-cle-iah,08:40,08:40,10:54,10:56
1011,1012,airtravelcenter,AA-1886-BOS-MIA,10:45,10:55,14:20,13:40
1012,1013,airtravelcenter,AA-2957-DFW-CVG,07:55,08:04,11:05,11:01
1013,1014,airtravelcenter,AA-1664-MIA-ATL,10:15,10:18,12:10,11:56
1014,1015,flights,AA-3979-CVG-ORD,07:30,08:04,08:00,08:06
1015,1016,airtravelcenter,AA-1640-MIA-MCO,1:00 .pm.,14:04,14:35,15:30
1016,1017,airtravelcenter,AA-616-DFW-DTW,09:05,10:10,12:35,13:27
1017,1018,airtravelcenter,AA-4344-ORD-DTW,11:45,12:13,14:00,14:10
1018,1019,airtravelcenter,UA-2945-PHL-CLT,00:00,03:11,13:45,13:15
1019,1020,airtravelcenter,AA-2525-DFW-MIA,07:25,07:39,11:10,11:06
1020,1021,airtravelcenter,AA-271-MIA-LAX,11:35,11:52,14:25,14:27
1021,1022,airtravelcenter,AA-2050-ORD-MIA,10:40,11:05,14:45,14:46
1022,1023, ,AA-1434-DFW-MCO,07:15,07:21,10:35,10:36
1023,1024,airtravelcenter,CO-1561-HX-IAH,08:05,08:00,11:35,11:32
1024,1025,traveloocity,AA-4307-ORD-DTW,18:45,18:55,21:10,20:53
1025,1026,flights,CO-1694-LAX-IAH,19:15,19:15,00:21,00:21
1026,1027,airtravelcenter,UA-843-LAX-ORD,13:55,14:10,19:53,19:58
1027,1028,flights,CO-1193-EWR-MCO,09:15,09:14,12:18,12:09
1028,1029,airtravelcenter,AA-3842-MSP-ORD,06:00,06:56,07:30,07:51
1029,1030,airtravelcenter,AA-643-MIA-ORD,07:10,07:30,09:35,09:31
1030,1031,airtravelcenter,UA-2906-PHL-MCO,15:50,16:28,18:23,18:38
1031,1032,unknown,AA-1221-MCO-ORD,20:00,20:23,21:45,21:53
1032,1033,airtravelcenter,UA-2515-DFW-CLT,07:05,07:05,10:31,10:47
1033,1034,airtravelcenter,AA-400-DFW-JFK,10:40,11:01,14:59,15:04
1034,1035,airtravelcenter,UA-664-ORD-PHL,13:33,13:31,16:31,16:23
1035,1036,airtravelcenter,AA-1522-SFO-ORD,23:55,23:55,05:50,05:50
1036,1037,airtravelcenter,UA-233-LAX-JFK,16:25,16:25,00:29,00:29
1037,1038,airtravelcenter,AA-3823-LAX-DEN,21:00,21:00,00:15,00:15
1038,1039,airtravelcenter,AA-2312-DFW-DTW,20:25,20:25,23:50,23:50
1039,1040,airtravelcenter,AA-1165-JFK-MIA,06:59,07:22,10:34,10:04
1040,1041,airtravelcenter,AA-431-MIA-SFO,08:35,08:51,11:50,11:44
1041,1042,airtravelcenter,UA-257-JFK-SFO,14:30,14:26,18:15,17:42
1042,1043,airtravelcenter,UA-3373-IAD-PHL,08:29,08:26,09:24,09:13
1043,1044,airtravelcenter,AA-649-ORD-SNA,13:30,13:30,15:50,15:50
1044,1045,airtravelcenter,CO-1250-MIA-IAH,14:53,15:01,16:48,16:59
1045,1046,airtravelcenter,UA-6273-YYC-SFO,07:35,07:27,09:43,08:45
1046,1047,airtravelcenter,UA-858-PVG-SFO,13:45,13:32,08:27,08:02
1047,1048,airtravelcenter,UA-2704-DTW-PHX,11:15,11:15,13:40,14:00
1048,1049,airtravelcenter,AA-3063-SLC-LAX,20:20,20:39,21:20,21:20
1049,1050,airtravelcenter,UA-2708-EWR-CLT,14:55,14:55,16:53,16:44
1050,1051,airtravelcenter,UA-62-IAH-EWR,14:30,:48 p.m.,7::03 p.m.,19:10
1051,1052,airtravelcenter,AA-3804-PHL-ORD,14:35,14:44,16:05,15:43
1052,1053,airtravelcenter,AA-1917-JFK-MCO,255 p.m.,15:27,17:55,17:43
1053,1054,airtravelcenter,AA-2268-PHX-ORD,07:15,07:22,11:35,11:06
1054,1055,airtravelcenter,UA-2314-ATL-PHL,14:55,14:55,17:00,16:47
1055,1056,airtravelcenter,AA-4277-CVG-JFK,12:10,12:10,14:15,13:43
1056,1057,airtravelcenter,UA-37-EDI-EWR,9:05a .m.,08:52,11:53,12:09
1057,1058,airtravelcenter,AA-789-ORD-DEN,13:05,13:19,14:35,3::13 p.m.
1058,1059,airtravelcenter,UA-854-SFO-IAH,07:53,07:49,13:39,13:30
1059,1060,airtravelcenter,AA-415-BOS-ORD,08:35,08:56,10:40,10:16
1060,1061,airtravelcenter,AA-85-JFK-SFO,15:05,15:36,18:30,18:43
1061,1062,airtravelcenter,AA-3786-IAH-ORD,16:00,16:12,18:40,18:15
1062,1063,airtravelcenter,CO-50-CLE-EWR,14:55,15:31,16:49,17:26
1063,1064,airtravelcenter,UA-3099-PHX-PHL,11:55,11:55,18:17,17:38
1064,1065,airtravelcenter,AA-4198-ORD-CLE,10:40,10:54,12:55,12:50
1065,1066,airtravelcenter,AA-222-LAX-BOS,07:10,7:31 am..,15:30,15:14
1066,1067,airtravelcenter,unknown,06:45,06:57,07:45,07:40
1067,1068,airtravelcenter,CO-45-EWR-MIA,16:00,15:58,19:05,6:336 p.m.
1068,1069,airtravelcenter,AA-3809-PHX-LAX,06:00,06:10,06:40,06:19
1069,1070,airtravelcenter,AA-59-JFK-SFO,07:10,07:39,10:45,11:12
1070,1071,foxbusiness,AA-3859-IAH-ORD,07:10,07:16,09:40,09:32
1071,1072,foxbusiness,CO-1586-IAH-MCO,19:00,19:14,22:15,22:29
1072,1073,foxbusiness,AA-518-MIA-JFK,06:40,06:54,09:25,09:28
1073,1074,foxbusiness,UA-397-JFK-SFO,08:00,08:29,11:55,11:58
1074,1075,foxbusiness,UA-3925-IAD-ORF,08:41,08:42,09:54,9:43 aa.m.
1075,1076,foxbusiness,AA-1733-ORD-PHX,19:45,19:58,22:30,22:30
1076,1077,foxbusiness,AA-3-JFK-LAX,12:00,12:11,15:15,15:16
1077,1078,foxbusiness,UA-2830-MCO-CLT,15:27,15:27,17:05,17:17
1078,1079,foxbusiness,CO-58-DEN-IAH,11:25,11:32,14:50,15:31
1079,1080, ,UA-5487-SFO-MRY,10:39,10:33,11:19,11:21
1080,1081,foxbusiness,AA-204-LAX-MCO,11:25 p..m,23:25,06:55,06:55
1081,1082,foxbusiness,UA-414-LAX-SFO,06:00,05:56,07:23,07:17
1082,1083,foxbusiness,CO-1614-LAX-IAH,00:30,00:41,05:35,05:26
1083,1084,foxbusiness,UA-2726-FLL-PHL,16:00,16:00,18:46,18:28
1084,1085,foxbusiness,CO-52-IAH-LAX,07:35,07:29,09:21,09:14
1085,1086,foxbusiness,CO-1090-BOS-IAH,09:45,10:19,13:16,13:19
1086,1087,foxbusiness,AA-616-DFW-DTW,09:05,10:10,12:35,13:27
1087,1088,foxbusiness,UA-3515-IAD-MSP,08:15,08:12,10:06,09:56
1088,1089,flights,AA-3468-CVG-MIA,07:00,07:25,09:55,09:45
1089,1090,FOXbusiness,AA-484-DFW-MIA,16:15,16:29,19:55,19:39
1090,1091,foxbusiness,AA-1886-BOS-MIA,10:45,10:55,14:20,13:40
1091,1092,foxbusiness,CO-62-IAH-EWR,2:30 .m.,2:48 p.mm.,19:03,19:10
1092,1093,foxbusiness,CO-1561-PHX-IAH,08:05,08:00,11:35,11:32
1093,1094,flights,UA-2314-ATL-PHL,14:55,14:55,17:00,16:47
1094,1095,foxbusiness,AA-446-DFW-PHL,11:50,12:12,15:50,16:09
1095,1096,foxbusiness,CO-1023-IAH-DEN,11:40,11:56,13:17,13:14
1096,1097,foxbusiness,AA-466-IAH-MIA,06:00,06:08,09:20,09:05
1097,1098,foxbusiness,UA-3050-PHX-CLT,11:05,11:30,16:57,17:05
1098,1099,foxbusiness,CO-89-IAH-EWR,06:00,06:02,10:20,10:27
1099,1100,foxbusiness,CO-1088-CLE-IAH,08:40,8:40 am..,10:54,10:56
1100,1101,foxbusiness,AA-1664-MIA-ATL,10:15,10:18,12:10,11:56
1101,1102,foxbusiness,AA-1279-DFW-PHX,13:00,14:04,14:35,15:30
1102,1103,foxbusiness,UA-854-SFO-IAH,07:53,07:49,13:39,13:30
1103,1104,fooxbusiness,UA-382-IAD-LAX,12:30,12:35,15:19,15:21
1104,1105,foxbusiness,AA-4344-ORD-DTW,11:45,12:13,14:00,14:10
1105,1106,foxbusiness,UA-257-JFK-SFO,14:30,14:26,18:15,17:42
1106,1107,foxbusiness,UA-2945-PHL-CLT,00:00,03:11,13:45,13:15
1107,1108,foxbusiness,CO--63-EWR-IAH,17:25,17:22,20:22,20:03
1108,1109,foxbusiness,CO-47-IAH-LAX,19:10,20:25,20:56,21:52
1109,1110,foxbusiness,AA-2050-ORD-MIA,10:40,11:05,14:45,14:46
1110,1111,flights,UA-248-PHX-ORD,12:57,13:32,17:15,17:34
1111,1112,foxbusiness,AA-4330-CVG-ORD,15:35,15:36,16:00,15:33
1112,1113,foxbusiness,AA-1434-DFW-MCO,07:15,07:21,10:35,10:36
1113,1114,foxbusiness,AA-1640-MIA-MCO,18:30,18:30,19:25,19:25
1114,1115,foxbusiness,AA-4307-ORD-DTW,18:45,18:55,21:10,20:53
1115,1116,foxbusiness,CO-1694-LAX-IAH,19:15,19:15,00:21,00:21
1116,1117,flights,UA-843-LAX-ORD,13:55,14:10,19:53,19:58
1117,1118,foxbusiness,CO-1193-EWR-MCO,09:15,09:14,12:18,12:09
1118,1119,foxbusiness,AA-3842-MSP-ORD,06:00,06:56,07:30,07:51
1119,1120,foxbusiness,AA-643-MIA-ORD,07:10,07:30,09:35,09:31
1120,1121,foxbusiness,AA-1007-MIA-PHX,16:55,17:08,20:05,19:55
1121,1122,FOXBUSINess,UA-2906-PHL-MCO,15:50,16:28,18:23,18:38
1122,1123,foxbusiness,UA-938-DEN-ORD,16:16,16:15,19:35,19:36
1123,1124,foxbusiness,AA-1221-MCO-ORD,20:00,20:23,21:45,21:53
1124,1125,foxbusiness,CO-16-LAX-EWR,10:25,10:20,18:44,18:34
1125,1126,foxbusiness,UA-2515-DFW-CLT,07:05,07:05,10:31,10:47
1126,1127,foxbusiness,AA-400-DFW-JFK,10:40,11:01,14:59,15:04
1127,1128,foxbusiness,UA-664-ORD-PHL,13:33,13:31,16:31,16:23
1128,1129,foxbusiness,AA-3756-ORD-SLC,12:15,12:41,14:45,14:50
1129,1130,foxbusiness,UA-37-EWR-MCO,13:29,13:48,16:17,16:17
1130,1131,foxbusiness,AA-1522-SFO-ORD,23:55,23:55,05:50,05:50
1131,1132,foxbusiness,UA-233-LAX-JFK,16:25,16:25,00:29,00:29
1132,1133,foxbusiness,AA-3823-LAX-DEN,21:00,21:00,00:15,00:15
1133,1134,foxbusiness,AA-2312-DFW-DTW,20:25,20:25,23:50,23:50
1134,1135,foxbusiness,AA-1165-JFK-MIA,06:59,07:22,10:34,10:04
1135,1136,foxbusiness,AA-431-MIA-SFO,08:35,08:51,11:50,11:44
1136,1137,foxbusiness,UA-3373-IAD-PHL,08:29,08:26,09:24,09:13
1137,1138,foxbusiness,AA-649-ORD-SNA,13:30,13:30,15:50,15:50
1138,1139,foxbusiness,CO-1250-MIA-IAH,14:53,15:01,16:48,16:59
1139,1140,foxbusiness,UA-6273-YYC-SFO,07:35,07:27,09:43,08:45
1140,1141,flights,UA-828-SFO-ORD,23:08,23:08,05:11,05:11
1141,1142,foxbusiness,CO-4888-IAH-DAL,17:30,17:30,18:40,18:40
1142,1143,foxbusiness,UA-858-PVg-sfo,13:45,13:32,08:27,08:02
1143,1144,foxbusiness,UA-2704-DTW-PHX,11:15,11:15,13:40,14:00
1144,1145,foxbusiness,AA-3063-SLC-LAX,20:20,20:39,21:20,21:20
1145,1146,foxbusiness,UA-2708-EWR-CLT,14:55,14:55,16:53,16:44
1146,1147,foxbusiness,UA-62-IAH-EWR,14:30,14:48,19:03,19:10
1147,1148,foxbusiness,,08:55,09:16,11:45,11:56
1148,1149,foxbusiness,AA-3804-PHL-ord,14:35,14:44,16:05,15:43
1149,1150,foxbusiness,AA-1917-JFK-MCO,14:55,15:27,17:55,17:43
1150,1151,foxbusiness,AA-2268-PHX-ORD,07:15,07:22,11:35,11:06
1151,1152,Na,AA-4277-CVG-JFK,12:10,12:10,14:15,13:43
1152,1153,foxbusiness,AA-2957-DFFW-CVG,07:55,08:04,11:05,11:01
1153,1154,foxbusiness,AA-1640-MIA-MCO,09:05,08:52,11:53,14:09
1154,1155,foxbusiness,AA-789-ORD-DEN,13:05,13:19,14:35,15:13
1155,1156,foxbusiness,AA-415-BOS-ORD,08:35,08:56,10:40,10:16
1156,1157,foxbusiness,AA-85-JFK-SFO,15:05,15:36,18:30,18:43
1157,1158,foxbusiness,AA-1640-MIA-MCO,07:30,08:04,08:00,08:06
1158,1159,foxbusiness,AA-1544-SAN-ORD,11:25,11:40,17:25,16:56
1159,1160,foxbusiness,AA-3786-IAH-ORD,16:00,16:12,18:40,18:15
1160,1161,foxbusiness,AA-271-MIA-LAX,11:35,11:52,14:25,14:27
1161,1162,foxbusiness,AA-2525-DFW-MIA,07:25,07:39,11:10,11:06
1162,1163,fxbusiness,CO-50-CLE-EWR,14:55,15:31,16:49,17:26
1163,1164,foxbusiness,UA-3099-PHX-PHL,11:55,11:55,18:17,17:38
1164,1165,foxbusiness,AA-4198-ORD-CLE,10:40,10:54,12:55,12:50
1165,1166,foxbusiness,AA-404-MIA-MCO,06:45,06:57,07:45,07:40
1166,1167,foxbusiness,CO-45-EWR-MIA,16:00,15:58,19:05,18:36
1167,1168,flights,AA-3809-PHX-LAX,06:00,06:10,06:40,06:19
1168,1169,foxbusiness,AA-59-JFK-SFO,07:10,07:39,10:45,11:12
1169,1170,foxbusiness,AA-222-LAX-BOS,07:10,07:31,15:30,15:14
1170,1171,usatoday,AA-3859-IAH-ORD,07:10,07:16,09:40,09:32
1171,1172,usatoday,AA-518-MIA-JFK,06:40,06:54,09:25,09:28
1172,1173,usatoday,CO-1586-IA-HMCO,19:00,19:14,22:15,22:29
1173,1174,usatoday,UA-3925-IAD-ORF,08:41,08:42,09:54,09:43
1174,1175,usatoday,AA-1733-ORD-PHX,19:45,7:558 p.m.,22:30,22:30
1175,1176,usatoday,UA-414-LAX-SFO,06:00,05:56,07:23,07:17
1176,1177,usatoday,UA-3515-IAD-MSP,08:15,08:12,10:06,09:56
1177,1178,usatoday,AA-1640-MIA-MCO,07:00,07:25,09:55,09:45
1178,1179,usatoday,AA-1640-MIA-MCO,16:15,16:29,7:55 .pm.,19:39
1179,1180,suatoday,CO-63-EWR-IAH,17:25,17:22,8:22 p..,20:03
1180,1181,usatoday,AA-466-IAH-MIA,06:00,06:08,09:20,09:05
1181,1182,usatoday,UA-3050-PHX-CLT,11:05,11:30,16:57,17:05
1182,1183,usatoday,AA-1886-BOS-MIA,10:45,10:55,14:20,13:40
1183,1184,usatoday,AA-1664-MIA-ATL,10:15,10:18,12:10,11:56
1184,1185,usatoday,AA-404-MIA-MCO,06:45,06:57,07:45,07:40
1185,1186,usatoday,AA-3756-ORD-SLC,12:15,12:41,14:45,14:50
1186,1187,usatoday,UA-382-IAD-LAX,12:30,12:35,15:19,15:21
1187,1188,usatoday,UA-2945-PHL-CLT,00:00,03:11,13:45,13:15
1188,1189,usatoday,AA-2050-ORD-MIA,10:40,11:05,14:45,14:46
1189,1190,usatoday,UA-248-PHX-ORD,12:57,:32 p.m.,17:15,17:34
1190,1191,usatoday,AA-4330-CVG-ORD,15:35,15:36,16:00,15:33
1191,1192,usatoday,AA-4307-ORD-DTW,18:45,18:55,21:10,20:53
1192,1193,usatoday,CO-1694-LAX-IAH,19:15,19:15,00:21,00:21
1193,1194,usatoday,UA-843-LAX-ORD,13:55,14:10,19:53,19:58
1194,1195,flights,AA-1640-MIA-MCO,09:15,09:14,12:18,12:09
1195,1196,usatoday,AA-1221-MCO-ORD,20:00,20:23,21:45,21:53
1196,1197,usatoday,CO-16-LAX-EWR,10:25,10:20,18:44,18:34
1197,1198,usatoday,AA-400-DFW-JFK,10:40,11:01,14:59,15:04
1198,1199,usatoday,UA-664-ORD-PHL,13:33,13:31,16:31,16:23
1199,1200,flights,AA-1522-SFO-ORD,23:55,23:55,05:50,05:50
1200,1201,usatoday,UA-257-JFK-SFO,14:30,14:26,18:15,17:42
1201,1202,usatoday,UA-3373-IAD-PHL,08:29,08:26,09:24,09:13
1202,1203,usatoday,CO-1250-MIA-IAH,14:53,15:01,16:48,16:59
1203,1204,usatoday,UA-6273-YYC-SFO,07:35,07:27,09:43,08:45
1204,1205,usatoday,UA-828-SFO-ORD,23:08,23:08,05:11,05:11
1205,1206,usatoday,CO-4888-IAH-DAL,17:30,17:30,18:40,18:40
1206,1207,usatooday,UA-2704-DTW-PHX,11:15,11:51,13:40,14:00
1207,1208,usatoday,UA-2708-EWR-CLT,14:55,14:55,16:53,16:44
1208,1209,usatoday,UA-1500-IAH-GUA,08:55,09:16,11:45,11:56
1209,1210,usatoday,AA-3804-PHL-ORD,14:35,14:44,16:05,15:43
1210,1211,usatoday,AA-2268-PHX-ORD,07:15,07:22,11:35,11:06
1211,1212,usatoday,UA-233-LAX-JFK,16:25,16:25,00:29,00:29
1212,1213,usatoday,AA-4277-CVG-JFK,12:10,12:10,14:15,13:43
1213,1214,usatoday,AA-2957-DFW-CVG,07:55,08:04,11:05,11:01
1214,1215,usatoday,UA-37-EDI-EWR,09:05,08:52,11:53,12:09
1215,1216,usatoday,AA-789-ORD-DEN,13:05,13:19,14:35,15:13
1216,1217,usatoday,UA-854-SFO-IAH,07:53,07:49,13:39,13:30
1217,1218,usatoday,AA-85-JFK-SFO,15:05,15:36,18:30,18:43
1218,1219,usatoday,AA-1640-MIA-MCO,18:30,18:30,19:25,19:25
1219,1220,usatoday,AA-1544-SAN-ORD,11:25,11:40,17:25,16:56
1220,1221,usatoday,AA-3786-IAH-ORD,16:00,16:12,18:40,18:15
1221,1222,usatoday,AA-3809-PH-XLAX,06:00,06:10,06:40,06:19
1222,1223,usatoday,AA-59-JFK-SFO,07:10,07:39,10:45,11:12
1223,1224,myrateplan,AA-3859-IAH-ORD,07:10,07:16,09:40,09:32
1224,1225,myrateplan,CO-1586-IAH-MCO,19:00,19:14,22:15,22:29
1225,1226,myrateplan,AA-518-MIA-JFK,06:40,06:54,09:25,09:28
1226,1227,myrateplan,AA-1640-MIA-MCO,08:00,08:29,11:55,11:58
1227,1228,myrateplan,UA-3925-IAD-ORF,08:41,08:42,09:54,09:43
1228,1229,myrateplan,AA-1733-ORD-PHX,19:45,19:58,22:30,22:30
1229,1230,myrateplan,UA-2830-MCO-CLT,15:27,15:27,17:05,17:17
1230,1231,myrateplan,CO-58-DEN-IAH,11:25,11:32,14:50,15:31
1231,1232,myrateplan,AA-1544-SAN-ORD,11:25,11:40,17:25,16:56
1232,1233,myrateplan,UA-5487-SFO-MRY,10:39,10:33,11:19,11:21
1233,1234,myrateplan,AA-204-LAX-MCO,23:25,23:25,06:55,06:55
1234,1235,myrateplan,UA-414-LAX-SFO,06:00,05:56,07:23,07:17
1235,1236,myrateplan,CO-1614-LAX-IAH,00:30,00:41,05:35,05:26
1236,1237,myrateplan,UA-2726-FLL-PHL,16:00,16:00,18:46,18:28
1237,1238,myrateplan,CO-52-IAH-LAX,07:35,07:29,09:21,09:14
1238,1239,myrateplan,CO-1090-BOS-IAH,09:45,10:19,13:16,13:19
1239,1240,myrateplan,AA-616-DFW-DTW,09:05,10:10,12:35,13:27
1240,1241,myrateplan,UA-3515-IAD-MSP,08:15,08:12,10:06,09:56
1241,1242,myrateplan,AA-3468-CVG-MIA,07:00,07:25,09:55,09:45
1242,1243,myrateplan,AA-484-DFW-MIA,16:15,16:29,19:55,19:39
1243,1244,myrateplan,AA-1886-BOS-MIA,10:45,10:55,14:20,13:40
1244,1245,myrateplan,CO-62-IAH-EWR,:230 p.m.,14:48,19:03,19:10
1245,1246,myrateplan,CO-1561-PHX-IAH,08:05,08:00,11:35,11:32
1246,1247,myrateplan,UA-2314-ATL-PHL,14:55,14:55,17:00,16:47
1247,1248,flights,AA-446-DFW-PHL,11:50,12:12,15:50,16:09
1248,1249,myrateplan,CO-1023-IAH-DEN,11:40,11:56,13:17,13:14
1249,1250,myrateplan,AA-466-IAH-MIA,06:00,06:08,09:20,09:05
1250,1251,myrateplan,UA-3050-PHX-CLT,11:05,11:30,16:57,17:05
1251,1252,myrateplan,CO-89-IAH-EWR,06:00,06:02,100:20 a.m.,10:27
1252,1253,myrateplan,CO-1088-CLE-IAH,08:40,08:40,10:54,10:56
1253,1254,myrateplan,AA-1664-MIA-ATL,10:15,10:18,12:10,11:56
1254,1255,myrateplan,AA-1279-DFW-PHX,13:00,14:04,14:35,15:30
1255,1256,myrateplan,UA-854-SFO-IAH,07:53,07:49,13:03,13:30
1256,1257,myrateplan,UA-382-IAD-LAX,12:30,12:35,15:19,15:21
1257,1258,myrateplan,AA-4344-ORD-DTW,11:45,12:13,14:00,14:10
1258,1259,myrateplan,UA-257-JFK-SFO,14:30,14:26,18:15,17:42
1259,1260,myrateplan,UA-2945-PHL-CLT,00:00,03:11,13:45,13:15
1260,1261,myrateplan,CO-63-EWR-IAH,17:25,17:22,20:22,20:03
1261,1262,myrateplan,CO-47-IAH-LAX,19:10,20:25,20:56,21:52
1262,1263,myrateplan,AA-2050-ORD-MIA,10:40,11:05,14:45,14:46
1263,1264,myrateplan,UA-248-PHX-ORD,12:57,13:32,17:15,17:34
1264,1265,myrateplan,AA-4330-CVG-ORD,15:35,15:36,16:00,15:33
1265,1266,flights,AA-1434-DFW-MCO,07:15,07:21,10:3 5a.m.,10:36
1266,1267,myrateplan,AA-1640-MIA-MCO,18:30,18:30,19:25,19:25
1267,1268,myrateplan,AA-4307-ORD-DTW,18:45,18:55,21:10,20:53
1268,1269,myrateplan,AA-3-JFK-LAX,12:00,12:11,15:15,15:16
1269,1270,myrateplan,CO-1694-LAX-IAH,19:15,19:15,00:21,00:21
1270,1271,myrateplan,UA-843-LAX-ORD,13:55,14:10,19:53,19:58
1271,1272,unknown,CO-1193-EWR-MCO,09:15,09:14,12:18,12:09
1272,1273,myrateplan,AA-3842-MSP-ORD,06:00,06:56,07:30,07:51
1273,1274,myrateplan,AA-643-MIA-ORD,07:10,07:30,09:35,09:31
1274,1275,myrateplan,AA-1007-MIA-PHX,16:55,17:08,20:05,19:55
1275,1276,myrateplan,AA-2525-DFW-MIA,07:25,07:39,11:10,11:06 am..
1276,1277,myrateplan,UA-2906-PHL-MCO,15:50,16:28,18:23,18:38
1277,1278,myrateplan,UA-938-DEN-ORD,16:16,16:15,19:35,19:36
1278,1279,myrateplan,AA-1221-MCO-ORD,20:00,20:23,21:45,21:53
1279,1280,myrateplan,CO-16-LAX-EWR,10:25,10:20,18:44,18:34
1280,1281,myrateplan,UA-2515-DFW-CLT,07:05,07:05,10:31,10:47
1281,1282,myrateplan,AA-400-DFW-JFK,10:400 a.m.,11:01,14:59,15:04
1282,1283,myrateplan,UA-664-ORD-PHL,13:33,13:31,16:31,16:23
1283,1284,myrateplan,AA-3756-ORD-SLC,12:15,12:41,14:45,14:50
1284,1285,myrateplan,UA-37-EWR-MCO,13:29,1::48 p.m.,16:17,16:17
1285,1286,myrateplan,AA-1522-SFO-ORD,23:55,23:55,05:50,05:50
1286,1287,myrateplan,UA-233-LAX-JFK,16:25,16:25,00:29,00:29
1287,1288,myrateplan,AA-3823-LAX-DEN,21:00,21:00,00:15,00:15
1288,1289,myrateplan,AA-2312-DFW-DTW,20:25,20:25,23:50,23:50
1289,1290,myrateplan,AA-1165-JFK-MIA,06:59,07:22,10:34,10:04
1290,1291,myrateplan,AA-431-MIA-SFO,08:35,08:51,11:50,11:44
1291,1292,myrateplan,UA-3373-IAD-PHL,08:29,08:26,09:24,09:13
1292,1293,myrateplan,AA-649-ORD-SNA,13:30,13:30,15:50,15:50
1293,1294,myrateplan,CO-1250-MIA-IAH,14:53,15:01,16:48,16:59
1294,1295,myrateplan,UA-6273-YYC-SFO,07:35,07:27,09:43,08:45
1295,1296,myrateplan,UA-828-SFO-ORD,23:08,23:08,05:11,05:11
1296,1297,myrateplan,CO-4888-IAH-DAL,17:30,55:30 p.m.,18:40,18:40
1297,1298,myrateplan,UA-858-PVG-SFO,13:45,13:32,08:27,08:02
1298,1299,myrateplan,UA-2704-DTW-PHX,11:15,11:15,13:40,14:00
1299,1300,myrateplan,AA-3063-SLC-LAX,20:20,20:39,21:20,21:20
1300,1301,myrateplan,UA-2708-EWR-CLT,14:55,14:55,16:53,16:44
1301,1302,myrateplan,UA-62-IAH-EWR,14:30,14:48,19:03,7::10 p.m.
1302,1303,myrateplan,UA-1500-IAH-GUA,08:55,09:16,11:45,11:56
1303,1304,myrateplan,AA-3804-PHL-ORD,14:35,14:44,16:05,15:43
1304,1305,myrateplan,AA-1917-JFK-MCO,14:55,15:27,17:55,17:43
1305,1306,myrateplan,AA-2268--PHX-ORD,07:15,07:22,11:35,11:06
1306,1307,myrateplan,AA-4277-CVG-JFK,12:10,12:10,14:15,13:43
1307,1308,myrateplan,AA-2957-DFW-CVG,07:55,08:04,11:05,11:01
1308,1309,myrateplan,UA-37-EDI-EWR,09:05,08:52,11:53,12:09
1309,1310,myrateplan,AA-789-ORD-DEN,13:05,13:19,14:35,15:13
1310,1311,myrateplan,,08:35,08:56,10:40,10:16
1311,1312,myrateplan,AA-85-JFK-SFO,15:05,15:36,6:30p .m.,18:43
1312,1313,myrateplan,AA-3979-CVG-ORD,07:30,08:04,08:00,08:06
1313,1314,myrateplan,AA-3786-IAH-ORD,16:00,16:12,18:40,18:15
1314,1315,myrateplan,AA-271-MIA-LAX,11:35,11:52,14:25,14:27
1315,1316,myrateplan,CO-50-CLE-EWR,14:55,15:31,16:49,17:26
1316,1317,myrateplan,UA-3099-PHX-PHL,11:55,11:55,18:17,17:38
1317,1318,flights,AA-4198-ORD-CLE,10:40,10:54,12:55,12:50
1318,1319,myrateplan,AA-404-MIA-MCO,06:45,06:57,07:45,07:40
1319,1320, ,CO-45-EWR-MIA,16:00,15:58,19:05,18:36
1320,1321,myrateplan,AA-3809-PHX-LAX,06:00,06:10,06:40,06:19
1321,1322,myrateplan,AA-59-JFK-SFO,07:10,07:39,10:45,11:12
1322,1323,myrateplan,AA-222-Lax-bos,07:10,07:31,15:30,15:14
1323,1324,orbitz,AA-3859-IAH-ORD,07:10,07:16,09:40,09:32
1324,1325,orbitz,CO-1586-IAH-MCO,19:00,19:14,22:15,22:29
1325,1326,orbitz,AA-518-MIA-JFK,06:40,06:54,09:25,09:28
1326,1327,orbitz,UA-397-JFK-SFO,08:00,08:29,11:55,11:58
1327,1328,orbitz,UA-3925-IAD-ORF,08:41,08:42,09:54,09:43
1328,1329,orbitz,AA-1640-MIA-MCO,19:45,19:58,22:30,22:30
1329,1330,orbitz,AA-3-JFK-LAX,12:00,12:11,15:15,15:16
1330,1331,orbitz,UA-2830-MCO-CLT,15:27,15:27,17:05,17:17
1331,1332,orbitz,CO-58-DEN-IAH,11:25,11:32,14:50,15:31
1332,1333,orbitz,UA-5487-SFO-MRY,10:39,10:33,11:19,11:21
1333,1334,orbitz,AA-204-LAX-MCO,23:25,23:25,06:55,655 a.m.
1334,1335,orbitz,UA-414-LAX-SFO,06:00,05:56,07:23,07:17
1335,1336,orbitz,CO-1614-LAX-IAH,00:30,00:41,05:35,05:26
1336,1337,orbitz,UA-2726-FLL-PHL,16:00,16:00,18:46,18:28
1337,1338,orbitz,CO-52-IAH-LAX,07:35,07:29,09:21,09:14
1338,1339,orbitz,CO-1090-BOS-IAH,09:45,10:19,1:16p .m.,13:19
1339,1340,orbitz,AA-616-DFW-DTW,09:05,10:10,12:35,13:27
1340,1341,orbitz,UA-3515-IAD-MSP,08:15,08:12,10:06,09:56
1341,1342,orbitz,AA-3468-CVG-MIA,07:00,07:25,09:55,09:45
1342,1343,orbitz,AA-484-DFW-MIA,4:1 5p.m.,16:29,19:55,19:39
1343,1344,orbitz,AA-1886-BOS-MIA,10:45,10:55,14:20,13:40
1344,1345,orbitz,CO-62-IAH-EWR,14:30,14:48,19:03,19:10
1345,1346,orbitz,CO-1561-PHX-IAH,08:05,08:00,11:35,11:32
1346,1347,orbitz,UA-2314-ATL-PHL,14:55,14:55,17:00,16:47
1347,1348,orbitz,AA-446-dfw-phl,11:50,12:12,15:50,16:09
1348,1349,orbitz,CO-1023-IAH-DEN,11:40,11:56,13:17,13:14
1349,1350,orbitz,AA-466-IAH-MIA,06:00,06:08,09:20,09:05
1350,1351, ,UA-3050-PHX-CLT,11:05,11:30,16:57,17:05
1351,1352,orbitz,CO-89-IAH-EWR,06:00,06:02,10:20,10:27
1352,1353,orbitz,CO-1088-CLE-IAH,08:40,08:40,10:54,10:56
1353,1354,orbitz,,10:15,10:18,12:10,11:56
1354,1355,orbitz,AA-1279-DFW-PHX,13:00,14:04,14:35,15:30
1355,1356,orbitz,UA-854-SFO-IAH,07:53,07:49,13:39,13:30
1356,1357,orbitz,UA-382-IAD-LAX,12:30,12:35,15:19,15:21
1357,1358,orbitz,AA-4344-ORD-DTW,11:45,12:13,14:00,14:10
1358,1359,orbitz,UA-257-JFK-SFO,14:30,14:26,18:15,17:42
1359,1360,orbitz,UA-2945-PHL-CLT,00:00,03:11,13:45,13:15
1360,1361,orbitz,CO-63-EWR-IAH,17:25,17:22,20:22,20:03
1361,1362,orbitz,CO-47-IAH-LAX,19:10,20:25,20:56,21:52
1362,1363,orbitz,AA-2050-ORD-MIA,10:40,11:05,14:45,14:46
1363,1364,orbitz,UA-248-PHX-ORD,12:57,13:32,17:15,17:34
1364,1365,orbitz,AA-4330-CVG-ORD,15:35,15:36,40:0 p.m.,15:33
1365,1366,orbitz,AA-1434-DFW-MCO,07:15,07:21,10:35,10:36
1366,1367,orbitz,AA-1640-MIA-MCO,18:30,18:30,19:25,19:25
1367,1368,orbitz,AA-4307-ORD-DTW,18:45,18:55,21:10,20:53
1368,1369,orbitz,CO-1694-LAX-IAH,19:15,19:15,00:21,00:21
1369,1370,orbitz,UA-843-LAX-ORD,13:55,2:1 0p.m.,19:53,19:58
1370,1371,orbitz,CO-1193-EWR-MCO,09:15,09:14,12:18,12:09
1371,1372,orbitz,AA-3842-MSP-ORd,06:00,06:56,07:30,07:51
1372,1373,orbitz,AA-643-MIA-ORD,07:10,07:30,09:35,09:31
1373,1374,orbitz,AA-1007-MIA-PHX,16:55,17:08,8:05 p..,19:55
1374,1375,orbitz,UA-2906-PHL-MCO,15:50,16:28,18:23,18:38
1375,1376,orbitz,UA-938-DEN-ORD,16:16,16:15,19:35,19:36
1376,1377,orbitz,AA-1221-MCO-ORD,20:00,20:23,21:45,21:53
1377,1378,orbitz,unknown,10:25,10:20,18:44,18:34
1378,1379,orbitz,UA-2515-DFW-CLT,07:05,07:05,10:31,10:47
1379,1380,orbitz,AA-400-DFW-JFK,10:40,11:01,14:59,15:04
1380,1381,orbitz,UA-664-ORD-PHL,13:33,13:31,16:31,16:23
1381,1382,orbitz,AA-3756-ORD-SLC,12:15,12:41,14:45,14:50
1382,1383,orbitz,UA-37-EWR-MCO,13:29,13:48,16:17,16:17
1383,1384,orbitz,AA-1522-SFO-ORD,23:55,23:55,05:50,05:50
1384,1385,orbitz,UA-233-LAX-JFK,16:25,16:25,00:29,00:29
1385,1386,orbitz,AA-3823-LAX-DEN,21:00,21:00,00:15,00:15
1386,1387,orbitz,AA-2312-DFW-DTW,20:25,20:25,23:50,23:50
1387,1388,orbitz,AA-1165-JFK-MIA,06:59,07:22,10:34,10:04
1388,1389,orbitz,AA-431-MIA-SFO,08:35,08:51,11:50,11:44
1389,1390,orbitz,AA-649-ORD-SNA,13:30,13:30,15:50,15:50
1390,1391,orbitz,CO-1250-MIA-IAH,14:53,15:01,16:48,16:59
1391,1392,orbitz,UA-6273-YYC-SFO,07:35,07:27,09:43,08:45
1392,1393,orbitz,UA-828-SFO-ORD,23:08,23:08,05:11,05:11
1393,1394,orbitz,CO-4888-IAH-DAL,17:30,17:30,18:40,18:40
1394,1395,orbitz,UA-858-PVG-SFO,13:45,13:32,08:27,08:02
1395,1396,orbitz,UA-2704-DTW-PHX,11:15,11:15,13:40,14:00
1396,1397,orbitz,AA-3063-SLC-LAX,20:20,20:39,21:20,21:20
1397,1398,orbitz,UA-2708-EWR-CLT,14:55,14:55,453 p.m.,16:44
1398,1399,orbitz,UA-62-IAH-EWR,14:30,14:48,19:03,19:10
1399,1400,orbitz,UA-1500-IAH-GUA,08:55,09:16,11:45,11:56
1400,1401,orbitz,AA-3804-PHL-ORD,14:35,14:44,16:05,:343 p.m.
1401,1402,orbitz,AA-1917-JFK-MCO,14:55,15:27,17:55,17:43
1402,1403,orbitz,AA--2268-PHX-ORD,07:15,07:22,11:35,11:06
1403,1404,orbitz,AA-4277-CVG-JFK,12:10,12:10,14:15,13:43
1404,1405,orbitz,AA-2957-DFW-CVG,07:55,08:04,11:05,11:01
1405,1406,orbitz,UA-37-EDI-EWR,09:05,08:52,11:53,12:09
1406,1407,orbitz,AA-789-ORD-DEN,13:05,13:19,14:35,15:13
1407,1408,orbitz,AA-415-BOS-ORD,08:35,08:56,10:40,10:16
1408,1409,orbitz,unknown,15:05,15:36,18:30,18:43
1409,1410,orbitz,AA-3979-CVG-ORD,07:30,08:04,08:00,08:06
1410,1411,orbitz,AA-1544-SAN-ORD,11:25,11:40,17:25,16:56
1411,1412,orbitz,AA-3786-IAH-ORD,16:00,16:12,18:40,18:15
1412,1413,orbitz,AA-271-MIA-LAX,11:35,11:52,14:25,14:27
1413,1414,orbitz,AA-2525-DFW-MIA,07:25,07:39,11:10,11:06
1414,1415,orbitz,,14:55,15:31,16:49,17:26
1415,1416,orbitz,UA-3099-PHX-PHL,11:55,11:55,18:17,17:38
1416,1417,orbitz,AA-4198-ORD-CLE,10:40,10:54,12:55,12:50
1417,1418,orbitz,AA-404-MIA-MCO,06:45,06:57,07:45,07:40
1418,1419,orbitz,CO-45-EWR-MIA,16:00,15:58,19:05,18:36
1419,1420,orbitz,AA-3809-PHX-LAX,06:00,06:10,06:40,06:19
1420,1421,orbitz,AA-59-JFK-SFO,07:10,07:39,10:45,11:12
1421,1422,orbitz,AA-222-LAX-BOS,07:10,07:31,15:30,15:14
1422,1423,phl,AA-446-DFW-PHL,11:00,12:12,15:50,16:09
1423,1424,phl,UA-3373-IAD-PHL,08:29,08:26,09:24,09:13
1424,1425,phl,AA-3804-PHL-ORD,14:35,14:44,16:05,15:43
1425,1426,phl,UA-664-ORD-PHL,13:33,13:31,16:31,16:23
1426,1427,CO,CO-1586-IAH-MCO,19:00,19:14,22:15,22:29
1427,1428,CO,CO-52-IAH-LAX,07:35,07:29,09:21,9:144 a.m.
1428,1429,CO,CO-1023-IAH-DEN,11:40,11:56,13:17,13:14
1429,1430,CO,CO-89-IAH-EWR,06:00,06:02,10:20,10:27
1430,1431,CO,CO-1694-LAX-IAH,19:15,19:15,00:21,00:21
1431,1432,CO,CO-1614-LAX-IAH,00:30,00:41,05:35,05:26
1432,1433,CO,CO-1088-CLE-IAH,08:40,08:40,10:54,10:56
1433,1434,CO,CO-58-DEN-IAH,11:25,11:32,14:50,15:31
1434,1435,CO,CO-50-CLE-EWR,14:55,15:31,16:49,17:26
1435,1436,CO,CO-62-IAH-EWR,14:30,14:48,19:03,71:0 p.m.
1436,1437,CO,CO-1193-EWR-MCO,09:15,09:14,12:18,12:09
1437,1438,CO,CO-16-LAX-EWR,10:25,10:20,18:44,18:34
1438,1439,CO,CO-1090-BOS-IAH,09:45,10:19,13:16,13:19
1439,1440,CO,CO-1250-MIA-IAH,14:53,15:01,16:48,16:59
1440,1441,CO,CO-47-IAH-LAX,19:10,88:25 p.m.,20:56,21:52
1441,1442,CO,CO-4888-IAH-DAL,17:30,17:30,18:40,18:40
1442,1443,CO,CO-45-EWR-MIA,16:00,15:58,19:05,18:36
1443,1444,CO,CO-63-EWR-IAH,17:25,17:22,20:22,20:03
1444,1445,CO,CO-1561-PHX-IAH,08:05,08:00,11:35,11:32
1445,1446,ifly,AA-3842-MSP-ORD,06:00,06:56,07:30,07:51
1446,1447,ifly,AA-3804-PHL-ORD,14:35,14:44,4:05 p..,15:43
1447,1448,ifly,CO-1090-BOS-IAH,09:54,10:19,13:16,13:19
1448,1449,ifly,AA-1917-JFK-MCO,14:55,15:27,17:55,17:43
1449,1450,ifly,UA-2906-PHL-MCO,15:50,16:28,18:23,18:38
1450,1451,ifly,CO-89-IAH-EWR,06:00,06:02,10:20,10:27
1451,1452,flights,UA-938-DEN-ORD,16:16,16:15,19:35,19:36
1452,1453,ifly,UA-3925-IAD-ORF,08:41,08:42,09:54,09:43
1453,1454,ifly,AA-789-ORD-DEN,13:05,13:19,14:35,15:13
1454,1455,ifly,AA-1434-DFW-MCO,07:15,07:21,10:35,10:36
1455,1456,ifly,UA-664-ORD-PHL,13:33,1:31 pm..,16:31,16:23
1456,1457,ifly,AA-3756-ORD-SLC,12:15,12:41,2:45 p..,14:50
1457,1458,ifly,CO-1614-LAX-IAH,00:30,00:41,05:05,05:26
1458,1459,ifly,CO-58-DEN-IAH,11:25,11:32,14:50,15:31
1459,1460,ifly,UA-233-LAX-JFK,16:25,16:25,00:29,00:29
1460,1461,ifly,AA-3979-CVG-ORD,07:30,08:04,08:00,08:06
1461,1462,ifly,AA-3823-LAX-DEN,21:00,21:00,00:15,00:15
1462,1463,ifly,AA-3786-IAH-ORD,16:00,16:12,18:40,18:15
1463,1464,ifly,AA-431-MIA-SFO,08:35,08:51,11:50,1:144 a.m.
1464,1465,ifly,AA-1733-ORD-PHX,19:45,19:58,22:30,22:30
1465,1466,ifly,UA-3373-IAD-PHL,08:29,08:26,09:24,09:13
1466,1467,Ifly,UA-3099-PHX-PHL,11:55,11:55,6:17 pm.,17:38
1467,1468,ifly,UA-2314-ATL-PHL,14:55,14:55,17:00,16:47
1468,1469,ifly,CO-16-LAX-EWR,10:25,10:20,18:44,18:34
1469,1470,ifly,CO-1250-MIA-IAH,14:53,15:01,16:48,16:59
1470,1471,flights,AA-3468-CVG-MIA,07:00,07:25,09:55,09:45
1471,1472,ifly,AA-2050-ORD-MIA,10:40,11:05,14:45,14:46
1472,1473,ifly,AA-415-BOS-ORD,08:35,08:56,10:40,101:6 a.m.
1473,1474,ifly,AA-3063-SLC-LAX,20:20,20:39,21:20,21:20
1474,1475,ifly,AA-3809-PHX-LAX,06:00,06:10,06:40,06:19
1475,1476,flights,AA-59-JFK-SFO,07:10,07:39,10:45,11:12
1476,1477,ifly,UA-62-IAH-EWR,14:30,14:48,19:03,19:10
1477,1478,ifly,AA-616-DFW-DTW,09:05,10:10,12:35,13:27
1478,1479,ifly,AA-3-JFK-LAX,12:00,12:11,15:15,15:16
1479,1480,flights,CO-1694-LAX-IAH,19:15,19:15,00:21,00:21
1480,1481,ifly,AA-446-DFW-PHL,11:50,12:12,15:50,16:09
1481,1482,sfo,UA-397-JFK-SFO,08:00,08:29,11:55,11:58
1482,1483,sfo,AA-85-JFK-SFO,15:05,15:36,18:30,18:43
1483,1484,sfo,AA-431-MIA-SFO,08:35,08:51,11:50,11:44
1484,1485,sfo,AA-59-JFK-SFO,07:10,07:39,10:45,11:12
1485,1486,  sfo ,UA-257-JFK-SFO,14:30,14:26,18:15,17:42
1486,1487,sfo,UA-414-LAX-SFO,06:00,05:56,07:23,07:17
1487,1488,flytecomm,AA-3859-IAH-ORD,07:10,7:16 am..,09:40,09:32
1488,1489,flytecomm,CO-1586-IAH-MCO,19:00,19:14,22:15,22:29
1489,1490,flytecomm,AA-518-MIA-JFK,06:40,06:54,09:25,09:28
1490,1491,flytecomm,UA-397-JFK-SFO,08:00,08:29,11:55,11:58
1491,1492,flytecomm,UA-3925-IAD-ORF,08:41,08:42,09:54,09:43
1492,1493,flytecomm,AA-1733-ORD-PHX,19:45,19:58,22:30,22:30
1493,1494,flytecomm,UA-2830-MCO-CLT,15:27,15:27,17:05,17:17
1494,1495,flytecomm,CO-58-DEN-IAH,11:25,11:32,14:50,15:31
1495,1496,flytecomm,AA-1544-SAN-ORD,11:25,11:40,17:25,16:56
1496,1497,flytecomm,UA-5487-SFO-MRY,10:39,10:33,11:19,11:21
1497,1498,flytecomm,AA-204-LAX-MCO,23:25,23:25,06:55,06:55
1498,1499,flytecomm,AA-1640-MIA-MCO,06:00,05:56,07:23,07:17
1499,1500,flytecomm,CO-1614-LAX-IAH,00:30,00:41,05:35,05:26
1500,1501, ,UA-2726-FLL-PHL,16:00,44:00 p.m.,18:46,18:28
1501,1502,flytecomm,CO-52-IAH-LAX,07:35,07:29,09:21,09:14
1502,1503,flytecomm,CO-1090-BOS-IAH,09:45,10:19,13:16,13:19
1503,1504,flytecomm,AA-616-dfw-dtw,09:05,10:10,12:35,13:27
1504,1505,flytecomm,UA-3515-IAD-MSP,08:15,08:12,10:06,09:56
1505,1506,flytecomm,AA-3468-CVG-MIA,07:00,07:25,09:55,09:45
1506,1507,flytecomm,,16:15,16:29,19:55,19:39
1507,1508,flytecomm,AA-1886-BOS-MIA,10:45,10:55 a..,14:20,1:4 0p.m.
1508,1509,flytecomm,CO-62-IAH-EWR,14:30,14:48,19:03,19:10
1509,1510,flytecomm,CO-1561-PHX-IAH,08:05,08:00,11:35,11:32
1510,1511,flytecomm,UA-2314-ATL-PHL,14:55,14:55,17:00,16:47
1511,1512,flytecomm,AA-446-DFW-PHL,11:50,12:12,15:50,16:09
1512,1513,flytecomm,CO-1023-IAH-DEN,11:40,11:56,13:17,13:14
1513,1514,flytecomm,AA-466-IAH-MIA,06:00,06:08,09:20,09:05
1514,1515,flytecomm,UA-3050-PHX-CLT,11:05,11:30,16:57,17:05
1515,1516,flytecomm,CO-89-IAH-EWR,06:00,06:02,10:20,10:27
1516,1517,flytecomm,CO-1088-CLE-IAH,08:40,08:40,10:54,10:56
1517,1518,flytecomm,AA-1664-MIA-ATL,10:15,10:18,12:10,11:56
1518,1519,flytecomm,AA-1279-DFW-PHX,13:00,14:04,23:5 p.m.,15:30
1519,1520,flytecomm,UA-854-SFO-IAH,07:53,07:49,13:39,13:30
1520,1521,flytecomm,UA-382-IAD-LAX,12:30,12:35,15:19,15:21
1521,1522,flytecomm,AA-4344-ORD-DTW,11:45,12:13,14:00,14:10
1522,1523,flytecomm,UA-257-JFK-SFO,14:30,14:26,18:15,17:42
1523,1524,flytecomm,UA-2945-PHL-CLT,00:00,03:11,13:45,13:15
1524,1525,flytecomm,CO-63-EWR-IAH,17:25,17:22,20:22,20:03
1525,1526,flytecomm,CO-47-IAH-LAX,19:10,20:25,20:56,21:52
1526,1527,flytecomm,AA-2050-ORD-MIA,10:40,11:05,14:45,14:46
1527,1528,flytecomm,UA-248-PHX-ORD,12:57,13:32,17:15,17:34
1528,1529,flytecomm,AA-4330-CVG-ORD,15:35,15:36,16:00,15:33
1529,1530,flytecomm,AA-1434-DFW-MCO,07:15,07:21,10:35,10:36
1530,1531,flytecomm,AA-1640-MIA-MCO,18:30,6:30 pm.,19:25,19:25
1531,1532,flytecomm,AA-4307-ORD-DTW,18:45,18:55,21:10,20:53
1532,1533,flytecomm,AA-3-JFK-LAX,12:00,12:11,15:15,15:16
1533,1534,flytecomm,CO-1694-LAX-IAH,19:15,19:15,00:21,00:21
1534,1535,flytecomm,UA-843-LAX-ORD,13:55,14:10,19:53,19:58
1535,1536,flytecomm,CO-1193-EWR-MCO,09:15,09:14,12:18,12:09
1536,1537,flytecomm,AA-3842-MSP-ORD,06:00,06:56,07:30,07:51
1537,1538,flytecomm,AA-643-MIA-ORD,07:10,07:30,09:35,09:31
1538,1539,flytecomm,AA-1007-MIA-PHX,16:55,17:08,20:05,19:55
1539,1540,flytecomm,AA-2525-DFW-MIA,07:25,07:39,11:10,01:06
1540,1541,flytecomm,UA-2906-PHL-MCO,15:50,16:28,18:23,18:38
1541,1542,flytecomm,UA-938-DEN-ORD,44:16 p.m.,16:15,19:35,19:36
1542,1543,flytecomm,AA-1221-MCO-ORD,20:00,20:23,21:45,21:53
1543,1544,flytecomm,CO-16-LAX-EWR,1025 a.m.,10:20,18:44,18:34
1544,1545,flytecomm,UA-2515-DFW-CLT,07:05,07:05,10:31,10:47
1545,1546,flytecomm,AA-400-DFW-JFK,10:40,11:01,14:59,15:04
1546,1547,flytecomm,UA-664-ORD-PHL,13:33,13:31,16:31,16:23
1547,1548,flytecomm,AA-3756-ORD-SLC,12:15,12:41,14:45,14:50
1548,1549,flytecomm,UA-37-EWR-MCO,13:29,13:48,16:17,16:17
1549,1550,flytecomm,AA-1522-SFO-ORD,23:55,23:55,05:50,05:50
1550,1551,flytecomm,UA-233-LAX-JFK,16:25,16:25,00:29,00:29
1551,1552,flytecomm,AA-3823-LAX-den,21:00,21:00,00:15,00:15
1552,1553,flytecomm,AA-2312-DFW-DTW,20:25,20:25,23:50,23:50
1553,1554,flytecomm,AA-1165-JFK-MIA,06:59,07:22,10:34,10:04
1554,1555,flytecomm,AA-431-MIA-SFO,08:35,08:51,1:150 a.m.,11:44
1555,1556,flytecomm,UA-3373-IAD-PHL,08:29,08:26,09:24,09:13
1556,1557,flytecomm,AA-649-ORD-SNA,13:30,13:30,15:50,15:50
1557,1558,flytecomm,CO-1250-MIA-IAH,14:53,15:01,16:48,4:59 p.mm.
1558,1559,flytecomm,AA-1640-MIA-MCO,07:35,07:27,09:43,08:45
1559,1560,flytecomm,UA-828-SFO-ORD,23:08,23:08,05:11,05:11
1560,1561,flytecomm,CO-4888-IAH-DAL,17:30,17:30,18:40,18:40
1561,1562,flytecomm,UA-858-PVG-SFO,13:45,13:32,08:27,08:02
1562,1563,flytecomm,UA-2704-DTW-PHX,11:15,11:15,13:40,14:00
1563,1564,flights,AA-3063-SLC-LAX,20:20,20:39,21:20,21:20
1564,1565,flytecomm,UA-2708-EWR-CLT,14:55,14:55,16:53,16:44
1565,1566,flytecomm,UA-62-IAH-EWR,14:30,14:48,19:03,19:10
1566,1567,flights,U-1500-IAH-GUA,08:55,09:16,11:45,11:56
1567,1568,flytecomm,AA-3804-PHL-ORD,14:35,14:44,16:05,15:43
1568,1569,flytecomm,AA-1917-JFK-MCO,14:55,15:27,17:55,17:43
1569,1570,flytecomm,AA-2268-PHX-ORD,07:15,07:22,11:35,11:06
1570,1571,flytecomm,AA-4277-CVG-JFK,12:10,12:10,14:15,13:43
1571,1572,flytecomm,AA-2957-DFW-CVG,07:55,08:04,11:05,11:01
1572,1573,flytecomm,AA-1640-MIA-MCO,09:05,08:52,11:53,12:09
1573,1574,flights,AA-789-ORD-DEN,13:05,13:19,14:35,15:13
1574,1575,flytecomm,AA-415-BOS-ORD,08:35,08:56,10:40,10:16
1575,1576,flytecomm,AA-85-JFFK-SFO,15:05,15:36,18:30,18:43
1576,1577,flytecomm,AA-3979-CVG-ORD,07:30,08:04,08:00,08:06
1577,1578,flytecomm,AA-3786-IAH-ORD,16:00,16:21,18:40,18:15
1578,1579,flytecomm,AA-271-MIA-LAX,11:35,11:52,14:25,14:27
1579,1580,flytecomm,CO-50-CLE-EWR,14:55,15:31,16:49,17:26
1580,1581,flights,UA-3099-PHX-PHL,11:55,11:55,18:17,17:38
1581,1582,flytecomm,AA-4198-ORD-CLE,1:040 a.m.,10:54,12:55,12:50
1582,1583,flytecomm,AA-404-MIA-MCO,6:45 a..m,06:57,07:45,07:40
1583,1584,flights,CO-45-EWR-MIA,16:00,15:58,19:05,18:36
1584,1585,flytecomm,AA-3809-PHX-LAX,06:00,06:10,06:40,06:19
1585,1586,flytecomm,AA-59-JFK-SFO,07:10,07:39,10:45,11:12
1586,1587,flytecomm,AA-222-LAX-BOS,07:10,07:31,15:30,15:14
1587,1588,mytripandmore,AA-1733-ORD-PHX,19:45,19:58,22:30,22:30
1588,1589,mytripandmore,CO-1586-IAH-MCO,19:00,19:14,22:15,22:29
1589,1590,mytripandmore,UA-3925-IAD-ORF,08:41,08:42,09:54,09:43
1590,1591,mytripandmore,AA-1640-MIA-MCO,18:30,18:30,19:25,19:25
1591,1592,mytripandmore,UA-2830-MCO-CLT,15:27,15:27,17:05,17:17
1592,1593,mytripandmore,UA-5487-SFO-MRY,10:39,10:33,11:19,11:21
1593,1594,mytripandmore,AA-204-LAX-MCO,23:25,23:25,06:55,06:55
1594,1595,mytripandmore,CO-1614-LAX-IAH,00:30,00:41,05:35,05:26
1595,1596,mytripandmore,UA-2726-FLL-PHL,16:00,16:00,18:46,18:28
1596,1597,mytripadmore,CO-1090-BOS-IAH,09:45,10:19,13:16,13:19
1597,1598,mytripandmore,AA-3468-CVG-MIA,07:00,07:25,09:55,09:45
1598,1599,mytripandmore,CO-62-IAH-EWR,14:30,14:48,19:03,19:10
1599,1600,mytripanmdore,CO-1023-IAH-DEN,11:40,11:56,13:17,13:14
1600,1601,mytripandmore,AA-466-IAH-MIA,06:00,06:08,09:20,09:05
1601,1602,flights,UA-3050-PHX-CLT,11:05,11:30,16:57,17:05
1602,1603,mytripandmore,AA-1664-MIA-ATL,10:15,10:18,12:10,11:56
1603,1604,mytripandmore,AA-3979-CVG-ORD,07:30,804 a.m.,08:00,08:06
1604,1605,mytripandmore,UA-382-IAD-LAX,12:30,12:35,15:19,15:21
1605,1606,mytripandmore,AA-616-DFW-DTW,09:05,10:10,12:35,13:27
1606,1607,mytripandmore,AA-4344-ORD-DTW,11:45,12:13,14:00,14:10
1607,1608,unknown,UA-2945-PHL-CLT,00:00,03:11,13:45,13:15
1608,1609,mytripandmore,CO-47-IAH-LAX,19:10,20:25,20:56,21:52
1609,1610,mytripandmore,AA-271-MIA-LAX,11:35,11:52,14:25,14:27
1610,1611,mytripandmore,AA-3842-MSP-ORD,06:00,06:56,07:30,07:51
1611,1612,flights,AA-643-MIA-ORD,07:10,07:30,09:35,09:31
1612,1613,mytripandmore,AA-1007-MIA-PHX,16:55,5::08 p.m.,20:05,19:55
1613,1614,mytripandmore,AA-2525-DFW-MIA,07:25,07:39,11:10,11:06
1614,1615,mytripandmore,AA-1221-MCO-ORD,20:00,20:23,21:45,21:53
1615,1616,mytripandmore,unknown,07:05,07:05,01:31,10:47
1616,1617,mytripandmore,AA-4307-ORD-DTW,18:45,18:55,21:10,20:53
1617,1618,  mytripandmore ,UA-233-LAX-JFK,16:25,16:25,00:29,00:29
1618,1619,mytripandmore,AA-3823-LAX-DEN,21:00,21:00,00:15,00:15
1619,1620,mytripandmore,AA-2312-DFW-DTW,20:25,20:25,23:50,23:50
1620,1621,mytripandmore,AA-1165-JFK-MIA,06:59,07:22,10:34,10:04
1621,1622,mytripandmore,AA-431-MIA-SFO,08:35,08:51,11:50,11:44
1622,1623,mytripandmore,UA-257-JFK-SFO,14:30,14:26,18:15,17:42
1623,1624,mytripandmore,AA-649-ORD-SNA,13:30,13:30,15:50,15:50
1624,1625,mytripandmore,CO-1250-MIA-IAH,14:53,15:01,16:48,16:59
1625,1626,mytripandmore,UA-828-SFO-ORD,23:08,23:08,05:11,05:11
1626,1627,mytripandmore,AA-3063-SLC-LAX,20:20,20:39,21:20,21:20
1627,1628,mytripandmore,AA-1917-JFK-MCO,14:55,15:27,17:55,17:43
1628,1629,mytripandmorre,UA-6273-YYC-SFO,07:35,07:27,09:43,08:45
1629,1630,mytripandmore,AA-4277-CVG-JFK,12:10,12:10,14:15,13:43
1630,1631,flights,UA-37-EDI-EWR,09:05,08:52,11:53,12:09
1631,1632,mytripandmore,AA-59-JFK-SFO,07:10,07:39,10:45,11:12
1632,1633,mytripandmore,AA-415-BOS-ORD,08:35,08:56,10:40,10:16
1633,1634,mytripandmore,AA-1544-SAN-ORD,11:25,11:40,17:25,16:56
1634,1635,mytripandmore,AA-3786-IAH-ORD,16:00,16:12,18:40,18:15
1635,1636,mytripandmore,CO-50-CLE-EWR,14:55,15:31,16:49,17:26
1636,1637,mytripandmore,AA-404-MIA-MCO,06:45,06:57,07:45,07:40
1637,1638,ord,AA-3859-IAH-ORD,07:10,07:16,09:40,09:32
1638,1639,ord,AA-3842-MSP-ORD,06:00,65:6 a.m.,07:30,07:51
1639,1640,ord,AA-643-MIA-ORD,07:10,07:30,09:35,09:31
1640,1641,ord,AA-3804-PHL-ORD,14:35,14:44,16:05,15:43
1641,1642,flights,AA-2268-PHX-ORD,07:15,07:22,11:35,11:06
1642,1643,ord,AA-1221-MCO-ORD,20:00,20:23,21:45,21:53
1643,1644,ord,UA-938-DEN-ORD,16:16,16:15,19:35,19:36
1644,1645,ord,AA-789-ORD-DEN,13:05,13:19,14:35,15:13
1645,1646,ord,AA-4307-ORD-DTW,18:45,18:55,21:10,20:53
1646,1647,ord,AA-3979-CVG-ORD,07:30,08:04,08:00,08:06
1647,1648,orrd,UA-664-ORD-PHL,13:33,13:31,16:31,16:23
1648,1649,ord,AA-3756-ord-slc,12:15,12:41,14:45,14:50
1649,1650,ord,AA-3786-IAH-ORD,40:0 p.m.,16:12,18:40,18:15
1650,1651,ord,AA-1522-SFO-ORD,23:55,23:55,05:50,05:50
1651,1652,ord,AA-1544-SAN-ORD,11:25,11:40,17:25,16:56
1652,1653,ord,AA-4344-ORD-DTW,11:45,12:13,14:00,14:10
1653,1654,ord,AA-1733-ORD-PHX,19:45,19:58,22:30,22:30
1654,1655,ord,AA-4198-ORD-CLE,1040 a.m.,10:54,12:55,12:50
1655,1656,ord,AA-1640-MIA-MCO,23:08,23:08,05:11,05:11
1656,1657,ord,AA-2050-ORD-MIA,10:40,11:05,14:45,14:46
1657,1658,rod,UA-248-PHX-ORD,12:57,13:32,17:15,17:34
1658,1659,ord,AA-415-BOS-ORD,08:35,08:56,10:40,10:16
1659,1660,ord,AA-4330-CVG-ORD,15:35,15:36,16:00,15:33
1660,1661,ord,UA-843-LAX-ORD,13:55,14:10,19:53,19:58
1661,1662,wunderground,AA-3859-IAH-ORD,07:10,07:16,09:40,09:32
1662,1663,wunderground,AA-518-MIA-JFK,06:40,06:54,09:25,09:28
1663,1664,wunderground,CO-1586-IAH-mco,19:00,7:114 p.m.,22:15,22:29
1664,1665,wunderground,UA-3925-IAD-ORF,08:41,08:42,09:54,09:43
1665,1666,wunderground,AA-1733-ORD-PHX,19:45,19:58,22:30,22:30
1666,1667,wunderground,AA-204-LAX-MCO,23:25,23:25,06:55,06:55
1667,1668,wunderground,UA-2726-FLL-PHL,16:00,16:00,18:46,18:28
1668,1669,wunderground,CO-52-IAH-LAX,07:35,07:29,09:21,09:14
1669,1670,flights,AA-3468-CVG-MIA,07:00,07:25,09:55,09:45
1670,1671,flights,AA-1640-MIA-MCO,16:15,16:29,19:55,19:39
1671,1672,wunderground,AA-616-DFW-DTW,09:05,10:10,12:35,13:27
1672,1673,wunderground,AA-446-DFW-PHL,11:50,12:12,15:50,16:09
1673,1674,wunderground,CO-1023-IAH-DEN,11:40,11:56,13:17,13:14
1674,1675,wunderground,AA-466-IAH-MIA,06:00,06:08,09:20,09:05
1675,1676,wunderground,UA-3050-PHX-CLT,11:05,11:30,16:57,17:05
1676,1677,wunderground,AA-2957-DFW-CVG,07:55,08:04,11:05,01:01
1677,1678,wunderground,AA-1664-MIA-ATL,10:15,10:18,12:10,11:56
1678,1679,wunderground,AA-3979-CVG-ORD,07:30,08:04,08:00,08:06
1679,1680,wunderground,AA-1279-DFW-PHX,13:00,14:04,14:35,15:30
1680,1681,wunderground,AA-1640-MIA-MCO,06:45,06:57,07:45,07:40
1681,1682,wunderground,AA-3756-ORD-SLC,12:15,12:41,14:45,14:50
1682,1683,wunderground,UA-382-IAD-LAX,12:30,12:35,15:19,15:21
1683,1684,wunderground,UA-257-JFK-SFO,14:30,14:26,18:15,17:42
1684,1685,wunderground,UA-2945-PHL-CLT,00:00,03:11,13:45,13:15
1685,1686,wunderground,CO-63-EWR-IAH,17:25,17:22,20:22,20:03
1686,1687,wunderground,AA-2525-DFW-MIA,07:25,07:39,11:10,11:06
1687,1688,WUNDErground,CO-47-IAH-LAX,19:10,20:25,20:56,21:52
1688,1689,wunderground,AA-271-MIA-LAX,11:35,11:52,14:25,14:27
1689,1690,wunderground,AA-2050-ORD-MIA,10:40,11:05,14:45,14:46
1690,1691,wunderground,AA-4330-CVG-ORD,15:35,15:36,16:00,15:33
1691,1692,wunderground,AA-1434-DFW-MCO,07:15,07:21,10:35,10:03
1692,1693,wunderground,AA-1640-MIA-MCO,18:30,18:30,19:25,19:25
1693,1694,wunderground,AA-4307-ORD-DTW,18:45,18:55,21:10,20:53
1694,1695,wunderground,AA-3-JFK-LAX,12:00,12:11,15:15,15:16
1695,1696,wunderground,,19:15,19:15,00:21,00:21
1696,1697,wunderground,CO-1193-EWR-MCO,09:15,09:14,12:18,12:09
1697,1698,wunderground,AA-3842-MSP-ORD,06:00,6:556 a.m.,07:30,07:51
1698,1699,wunderground,AA-643-MIA-ORD,07:10,07:30,09:35,09:31
1699,1700,wunderground,AA-1007-MIA-PHX,4:55 .pm.,17:08,20:05,19:55
1700,1701,wunderground,UA-2906-PHL-MCO,15:50,16:28,18:23,18:38
1701,1702,wunderground,AA-1221-MCO-ORD,20:00,20:23,21:45,21:53
1702,1703,wunderground,AA-400-DFW-JFK,10:40,11:01,14:59,15:04
1703,1704,wunderground,UA-664-ORD-PHL,13:33,13:31,16:31,16:23
1704,1705,wunderground,nknown,13:29,13:48,16:17,16:17
1705,1706,wunderground,UA-233-LAX-JFK,16:25,16:25,00:29,00:29
1706,1707,wunderground,AA-3823-LAX-DEN,21:00,21:00,00:15,00:15
1707,1708,wunderground,AA-2312-dfw-dtw,20:25,20:25,23:50,23:50
1708,1709,wunderground,AA-1165-JFK-MIA,06:59,07:22,10:34,10:04
1709,1710,wunderground,AA-431-MIA-SFO,08:35,08:51,11:50,114:4 a.m.
1710,1711,wunderground,AA-649-ORD-SNA,13:30,13:30,15:50,15:50
1711,1712,wunderground,AA-1640-MIA-MCO,23:08,23:08,05:11,05:11
1712,1713,wunderground,CO-4888-IAH-DAL,17:30,17:30,18:40,18:40
1713,1714,wunderground,AA-3063-SLC-LAX,20:20,20:39,21:20,21:20
1714,1715,wunderground,AA-1640-MIA-MCO,14:35,14:44,16:05,15:43
1715,1716,wunderground,AA-1917-JFK-MCO,14:55,15:27,17:55,17:43
1716,1717,wunderground,AA-2268-PHX-ORD,07:15,07:22,11:35,11:06
1717,1718,wunderground,AA-4277-CVG-JFK,12:10,12:10,14:15,13:43
1718,1719,wunderground,AA-789-ORD-DEN,13:05,13:19,14:35,15:13
1719,1720,wunderground,AA-85-JFKK-SFO,15:05,15:36,18:30,18:43
1720,1721,wunderground,AA-3786-IAH-ORD,16:00,16:12,18:40,18:15
1721,1722,wunderground,AA-222-LAX-BOS,07:10,07:31,15:30,15:14
1722,1723, ,UA-3099-PHX-PHL,11:55,11:55,18:17,17:38
1723,1724,wunderground,AA-4198-ORD-CLE,10:40,10:54,12:55,122:50 p.m.
1724,1725,wunderground,CO-45-EWR-MIA,16:00,15:58,19:00,18:36
1725,1726,wunderground,AA-3809-PHX-LAX,06:00,06:10,06:40,06:19
1726,1727,wunderground,AA-59-JFK-SFO,07:10,07:39,10:45,11:12
1727,1728,flights,AA-1640-MIA-MCO,08:00,08:29,11:55,11:58
1728,1729,ua,UA-3925-IAD-ORF,08:41,08:42,09:54,09:43
1729,1730,flights,UA-2830-MCO-CLT,15:27,15:27,17:05,17:17
1730,1731,ua,UA-5487-SFO-MRY,10:39,10:33,11:19,11:21
1731,1732,ua,UA-2726-FLL-PHL,16:00,16:00,18:46,18:28
1732,1733,ua,UA-3050-PHX-CLT,11:05,11:30,16:57,17:05
1733,1734,ua,UA-382-IAD-LAX,12:30,12:35,15:19,15:21
1734,1735,ua,UA-2945-PHL-CLT,00:00,03:11,13:45,13:15
1735,1736,ua,UA-854-SFO-IAH,07:53,07:49,13:39,13:30
1736,1737,ua,UA-3515-IAD-MSP,08:15,08:12,10:06,09:56
1737,1738,ua,UA-248-PHX-ORD,12:57,13:32,17:15,17:34
1738,1739,ua,UA-843-LAX-ORD,13:55,14:10,19:53,19:58
1739,1740,uua,UA-2906-PHL-MCO,15:50,16:28,18:23,18:38
1740,1741,ua,UA-938-DEN-ORD,16:16,16:15,19:35,19:36
1741,1742,ua,UA-2515-DFW-CLT,07:05,07:05,10:31,10:47
1742,1743,ua,UA-664-ORD-PHL,13:33,13:31,16:31,16:23
1743,1744,flights,UA-37-EWR-MCO,13:29,13:48,16:17,16:17
1744,1745,au,UA-233-LAX-JFK,16:25,16:25,00:29,00:29
1745,1746,ua,UA-3373-IAD-PHL,08:29,08:26,09:24,09:13
1746,1747,uua,UA-623-YYC-SFO,07:35,07:27,09:43,08:45
1747,1748,ua,UA-828-SFO-ORD,23:08,23:08,05:11,05:11
1748,1749,ua,UA-858-PVG-SFO,13:45,13:32,08:27,08:02
1749,1750,unknown,UA-2704-DTW-PHX,11:15,11:15,13:40,14:00
1750,1751,ua,UA-2708-EWR-CLT,14:55,14:55,16:53,16:44
1751,1752,ua,UA-62-IAH-EWR,14:30,14:48,19:03,19:10
1752,1753,ua,UA-1500-IAH-GUA,08:55,09:16,11:45,11:56
1753,1754,ua,UA-2314-ATL-PHL,14:55,14:55,17:00,16:47
1754,1755,flights,unknown,09:05,8:52 a..,11:53,12:09
1755,1756,ua,UA-3099-PHX-PHL,11:55,11:55,18:17,17:38
1756,1757,ua,unknown,06:00,05:56,07:23,07:17
1757,1758,ua,UA-257-JFK-SFO,14:30,14:26,18:15,5:42 p..m.
1758,1759,flylouisville,AA-3859-IAH-ORD,07:10,07:16,09:40,09:32
1759,1760,flylouisville,CO-1586-IAH-MCO,19:00,19:14,22:15,22:29
1760,1761,flylouisville,AA-518-MIA-JFK,06:40,06:54,09:25,09:28
1761,1762,  flylouisville ,UA-397-JFK-SFO,08:00,08:29,11:55,11:58
1762,1763,flylouisville,UA-3925-IAD-ORF,08:41,08:42,09:54,09:43
1763,1764,flylouisville,AA-1733-ORD-PHX,19:45,19:58,22:30,22:30
1764,1765,flylouisville,AA-3-JFK-LAX,12:00,12:11,15:15,15:16
1765,1766,flylouisville,UA-2830-MCO-CLT,15:27,15:27,17:05,17:17
1766,1767,flylouisviille,CO-58-DEN-IAH,11:25,11:32,14:50,15:31
1767,1768,flylouisville,UA-5487-SFO-MRY,10:39,10:33,11:19,11:21
1768,1769,flylouisville,AA-204-LAX-MCO,23:25,23:25,06:55,06:55
1769,1770,flylouisville,UA-414-LAX-SFO,6:00 am.,05:56,07:23,07:17
1770,1771,flylouisville,CO-1614-LAX-IAH,00:30,00:41,05:35,05:26
1771,1772,flylouisville,UA-2726-FLL-PHL,16:00,16:00,18:46,18:28
1772,1773,flyoluisville,CO-52-IAH-LAX,07:35,07:29,09:21,09:14
1773,1774,flylouisville,AA-1640-MIA-MCO,09:45,10:19,13:16,13:19
1774,1775,flylouisville,AA-616-DFW-DTW,09:05,10:10,12:35,13:27
1775,1776,flylouisville,UA-3515-IAD-MSP,08:15,08:12,10:06,09:56
1776,1777,flylouisville,AA-3468-CVGMIA,07:00,07:25,09:55,09:45
1777,1778,flylouisville,AA-484-DFW-MIA,16:15,16:29,19:55,19:39
1778,1779,flylouisville,AA-1886-BOS-MIA,10:45,10:55,14:20,13:40
1779,1780,flylouisville,CO-62-IAH-EWR,14:30,14:48,19:03,19:10
1780,1781,flylouisville,CO-1561-PHX-IAH,08:05,08:00,11:35,11:32
1781,1782,flylouisville,UA-2314-ATL-PHL,14:55,14:55,17:00,16:47
1782,1783,flylouisville,AA-446-DFW-PHL,11:50,12:12,15:50,16:09
1783,1784,flylouisville,AA-1640-MIA-MCO,11:40,11:56,:17 p.m.,13:14
1784,1785,unknown,AA-466-IAH-MIA,06:00,06:08,09:20,09:05
1785,1786,flylouisville,UA-3050-PHX-CLT,11:05,11:30,16:57,17:05
1786,1787,flylouisville,CO-89-IAH-EWR,06:00,06:02,10:20,10:27
1787,1788,unknown,CO-1088-CLE-IAH,08:40,08:40,10:54,10:56
1788,1789,flylouisville,AA-1664-MIA-ATL,10:15,10:18,12:10,11:56
1789,1790,flylouisville,AA-1279-DFW-PHX,13:00,14:04,14:35,15:30
1790,1791,flylouisville,UA-854-SFO-IAH,07:53,07:49,13:39,13:30
1791,1792,flylouisville,UA-382-IAD-LAX,12:30,12:35,15:19,15:21
1792,1793,flylouisville,AA-4344-ORD-DTW,11:45,12:13,14:00,14:10
1793,1794,flylouisville,,14:30,14:26,18:15,17:42
1794,1795,flylouisville,UA-2945-PHL-CLT,00:00,03:11,13:45,13:15
1795,1796,flylouisville,CO-63-EWR-IAH,17:25,17:22,20:22,20:03
1796,1797,flights,CO-47-IAH-LAX,19:10,20:25,20:56,21:52
1797,1798,flylouisville,AA-2050-ORD-MIA,10:40,11:05,14:45,14:46
1798,1799,flylouisville,UA-248-PHX-ORD,12:05,13:32,17:15,17:34
1799,1800,flylouisville,AA-4330-CVG-ORD,15:53,15:36,16:00,15:33
1800,1801,flylouisville,AA-1434-DFW-MCO,07:15,07:21,10:35,10:36
1801,1802,flylouisville,AA-1640-MIA-MCO,18:30,18:30,19:25,19:25
1802,1803,flights,AA-4307-ORD-DTW,18:45,18:55,21:10,20:53
1803,1804,flylouisville,CO-1694-LAX-IAH,19:15,19:15,00:21,00:21
1804,1805,flylouisville,UA-843-LAX-ORD,13:55,14:10,19:53,19:58
1805,1806,flyloiusville,CO-1193-EWR-MCO,09:15,09:14,12:18,12:09
1806,1807,flylouisville,AA-3842-MSP-ORD,06:00,06:56,07:30,07:51
1807,1808,flylouisville,AA-643-MIA-ORD,07:10,7:30 .m.,09:35,09:31
1808,1809,flylouisville,AA-1007-MIA-PHX,16:55,17:08,20:05,19:55
1809,1810,flylouisville,UA-2906-PHL-MCO,15:50,16:28,18:23,18:38
1810,1811,flylouisville,UA-938-DEN-ORD,16:16,16:15,19:35,19:36
1811,1812,flylouisville,AA-1221-MCO-ORD,20:00,8:23 .pm.,21:45,21:53
1812,1813,flylouisville,CO-16-LAX-EWR,10:25,10:20,18:44,18:34
1813,1814,flylouisville,UA-2515-DFW-CLT,07:05,07:05,10:31,10:47
1814,1815,flylousiville,AA-400-DFW-JFK,10:40,11:01,14:59,15:04
1815,1816,flylouisville,UA-664-ORD-PHL,13:33,13:31,16:31,16:23
1816,1817,flylouisville,AA-3756-ORD-SLC,12:15,12:41,14:45,14:50
1817,1818,flylouisville,UA-37-EWR-MCO,13:29,13:48,16:17,16:17
1818,1819,flylouisville,AA-1522-SFO-ORD,23:55,23:55,05:50,05:50
1819,1820,  flylouisville ,UA-233-LAX-JFK,16:25,16:25,00:29,00:29
1820,1821,flylouisville,AA-3823-LAX-DEN,21:00,21:00,00:15,00:15
1821,1822,flylouisville,AA-2312-DFW-DTW,20:25,20:25,23:50,23:50
1822,1823,flylouisville,AA-1165-JFK-MIA,6:559 a.m.,07:22,10:34,10:04
1823,1824,flylouisville,AA-431-MIA-SFO,08:35,08:51,11:50,11:44
1824,1825,flylouisville,UA-3373-IAD-PHL,08:29,08:26,09:24,09:13
1825,1826,flylouisville,AA-649-ORD-SNA,13:30,13:30,15:50,15:50
1826,1827,flylouisville,CO-1250-MIA-IAH,14:53,15:01,16:48,16:59
1827,1828,flylouisville,UA-6273-YYC-SFO,07:35,07:27,09:43,8:45 aa.m.
1828,1829,flylouisville,UA-828-SFO-ORD,23:08,23:08,05:11,05:11
1829,1830,flylouisville,CO-4888-IAH-DAL,17:30,17:30,18:40,18:40
1830,1831,flylouisville,UA-858-PVG-SFO,13:45,13:32,08:27,08:02
1831,1832,flylouisville,UA-2704-DTW-PHX,11:15,11:15,13:40,14:00
1832,1833,flylouisville,AA-3063-SLC-LAX,20:20,20:39,21:20,21:20
1833,1834,flylouisville,UA-2708-EWR-CLT,14:55,14:55,16:53,16:44
1834,1835,flylouisville,UA-62-IAH-EWR,14:30,14:48,19:03,19:10
1835,1836,flylouisville,UA-1500-IAH-GUA,08:55,09:16,11:45,11:56
1836,1837,flylouisville,AA-3804-PHL-ORD,14:35,14:44,16:05,15:43
1837,1838,flylouisville,AA-1917-JFK-MCO,14:55,15:27,17:55,17:43
1838,1839,flylouisville,AA-2268-PHX-ORD,07:15,07:22,11:35,11:06
1839,1840,flylouisville,AA-4277-CVG-JFK,12:10,12:10,14:15,13:43
1840,1841,flylouisville,AA-2957-DFW-CVG,07:55,08:04,11:05,11:01
1841,1842,flylouisville,UA-37-EDI-EWR,09:05,08:52,11:53,12:09
1842,1843,flylouisville,AA-789-ORD-DEN,13:05,13:19,14:35,15:13
1843,1844,flylouisville,AA-415-BOS-ORD,08:35,08:56,10:40,10:16
1844,1845,flylouisville,AA-85-JFK-SFO,15:05,15:36,18:30,18:43
1845,1846, ,AA-3979-CVG-ORD,07:30,08:40,08:00,08:06
1846,1847,flylouisville,AA-1544-SAN-ORD,11:25,11:40,17:25,16:56
1847,1848,flylouisville,AA-3786-IAH-ORD,16:00,16:12,18:40,18:15
1848,1849,flylouisville,AA-271-MIA-LAX,11:35,11:52,14:25,14:27
1849,1850,flylouisville,AA-2525-DFW-MIA,07:25,07:39,11:10,11:06
1850,1851, ,CO-50-CLE-EWR,14:55,15:31,16:49,17:26
1851,1852,flylouisville,UA-3099-PHX-PHL,11:55,11:55,18:17,17:38
1852,1853,flylouisville,AA-4198-ORD-CLE,10:40,10:54,12:55,12:50
1853,1854,unknown,AA-404-MIA-MCO,06:45,06:57,07:45,07:40
1854,1855,flylouisville,CO-45-EWR-MIA,16:00,15:58,19:05,18:36
1855,1856,flylouisville,AA-3809-PHX-LAX,06:00,06:10,06:40,06:19
1856,1857,flylouisville,AA-59-JFK-SFO,07:10,07:39,10:45,11:12
1857,1858,flylouisville,AA-222-LAX-BOS,07:10,07:31,15:30,15:14
1858,1859,quicktrip,AA-3859-IAH-ORD,07:10,07:16,09:40,09:32
1859,1860,quicktrip,CO-1586-IAH-MCO,19:00,19:14,22:15,22:29
1860,1861,flights,A-518-MIA-JFK,06:40,06:54,09:25,09:28
1861,1862,quicktrip,UA-397-JFK-SFO,08:00,08:29,11:55,11:58
1862,1863,quicktrip,UA-3925-IAD-ORF,08:41,08:42,09:54,09:43
1863,1864,quicktrip,AA-1733-ORD-PHX,19:45,19:58,22:30,22:30
1864,1865,quicktrip,AA-4344-ORD-DTW,11:45,12:13,14:00,14:10
1865,1866,quicktrip,AA-1640-MIA-MCO,18:30,18:30,19:25,19:25
1866,1867,quicktrip,UA-2830-MCO-CLT,15:27,15:27,17:05,17:17
1867,1868,quicktrip,CO-58-DEN-IAH,11:25,11:32,14:50,15:31
1868,1869,quicktrip,AA-204-LAX-MCO,23:25,23:05,06:55,06:55
1869,1870,quicktrip,UA-414-LAX-SFO,06:00,05:56,07:23,07:17
1870,1871,quicktrip,CO-1614-LAX-IAH,00:30,00:41,05:35,05:26
1871,1872,quickttrip,UA-2726-FLL-PHL,16:00,16:00,18:46,18:28
1872,1873,quicktrip,CO-52-IAH-LAX,07:35,07:29,09:21,09:14
1873,1874,quicktrip,CO-1090-BOS-IAH,09:45,10:19,13:16,13:19
1874,1875,quicktrip,AA-3468-CVG-MIA,07:00,07:25,09:55,09:45
1875,1876,quicktrip,UA-3515-IAD-MSP,08:15,08:12,10:06,09:56
1876,1877,quicktrip,AA-1640-MIA-MCO,16:15,16:29,19:55,19:39
1877,1878,quicktrip,AA-616-DFW-DTW,09:05,10:10,12:35,13:27
1878,1879,quicktrip,CO-62-IAH-EWR,14:30,14:48,19:03,19:10
1879,1880,quicktrip,CO-63-EWR-IAH,17:25,17:22,20:22,20:03
1880,1881,flights,AA-446-DFW-PHL,11:50,12:12,15:50,16:09
1881,1882,quicktrip,CO-1023-IAH-DEN,11:40,11:56,13:17,13:14
1882,1883,unknown,AA-466-IAH-MIA,06:00,06:08,09:20,09:05
1883,1884,quicktrip,UA-3050-PHX-CLT,11:05,11:30,16:57,17:05
1884,1885,quicktrip,CO-89-IAH-EWR,06:00,06:02,10:20,10:27
1885,1886,quicktrip,CO-1088-CLE-IAH,08:40,08:40,10:54,10:56
1886,1887,quicktrip,AA-2957-DFW-CVG,77:55 a.m.,08:04,11:05,11:01
1887,1888,quicktrip,AA-1664-MIA-ATL,10:15 a..m,10:18,12:1 0p.m.,11:56
1888,1889,quicktrip,AA-3979-CVG-ORD,07:30,08:04,08:00,08:06
1889,1890,quicktrip,AA-1279-DFW-PHX,13:00,14:04,14:35,15:30
1890,1891,quicktrip,AA-404-MIA-MCO,6:45 .am.,06:57,07:45,07:40
1891,1892,flights,AA-3756-ORD-SLC,12:15,12:41,14:45,2::50 p.m.
1892,1893,quicktrip,UA-382-IAD-LAX,12:30,12:35,15:19,15:21
1893,1894,quicktrip,UA-2945-PHL-CLT,00:00,03:11,13:45,13:15
1894,1895,quicktrip,CO-47-IAH-LAX,19:10,20:25,20:56,21:52
1895,1896,quicktrip,AA-271-MIA-LAX,11:35,11:52,14:25,14:27
1896,1897,quicktrip,AA-2050-ORD-MIA,10:40,11:05,14:45,14:46
1897,1898,quicktrip,UA-248-PHX-ODR,12:57,13:32,17:15,17:34
1898,1899,quicktrip,AA-4330-CVG-ORD,15:35,15:36,16:00,15:33
1899,1900,uicktrip,AA-1434-DFW-MCO,07:15,07:21,10:35,10:36
1900,1901,flights,CO-1561-PHX-IAH,08:05,08:00,11:35,11:32
1901,1902,quicktrip,AA-4307-ORD-DTW,18:45,18:55,21:10,20:03
1902,1903,quicktrip,AA-3-JFK-LAX,12:00,12:11,15:15,15:16
1903,1904,quicktrip,CO-1694LAX-IAH,19:15,19:15,00:21,00:21
1904,1905,quicktrip,UA-843-LAX-ORD,13:55,14:10,19:53,19:58
1905,1906,quicktrip,,09:15,09:14,12:18,12:09
1906,1907,quicktrip,AA-3842-MSP-ORD,06:00,06:56,07:30,07:51
1907,1908,quicktrip,AA-643-MIA-ORD,07:10,07:30,9:3 5a.m.,09:31
1908,1909,quicktrip,AA-1007-MIA-PHX,16:55,17:08,20:05,19:55
1909,1910,quicktrp,AA-2525-DFW-MIA,07:25,07:39,11:10,11:06
1910,1911,quicktrip,UA-2906-PHL-MCO,15:50,16:28,18:23,18:38
1911,1912,quicktrip,UA-938-DEN-ORD,16:16,16:15,19:35,19:36
1912,1913,flights,AA-1221-MCO-ORD,20:00,20:23,21:45,21:53
1913,1914,quicktrip,CO-16-LAX-EWR,10:25,10:20,18:44,18:34
1914,1915,quicktrip,UA-2515-DFW-CLT,07:05,07:05,10:31,10:47
1915,1916,quicktrip,AA-400-DFW-JFK,10:40,11:01,14:59,15:04
1916,1917,quicktrip,unknown,13:33,13:31,16:31,16:23
1917,1918,quicktrip,UA-37-EWR-MCO,13:29,13:48,16:17,16:17
1918,1919,quicktrip,AA-1522-SFO-ORD,23:55,23:55,05:50,05:50
1919,1920,QUIcktrip,UA-233-LAX-JFK,16:25,16:25,00:29,00:29
1920,1921,quicktrip,AA-3823-LAX-DEN,21:00,21:00,00:15,00:15
1921,1922,quicktrip,AA-2312-DFW-DTW,20:25,20:25,23:50,23:50
1922,1923,quicktrip,UA-2314-ATL-PHL,14:55,14:55,17:00,16:47
1923,1924,quicktrip,AA-1165-JFK-MIA,6:59 a..,07:22,10:34,10:04
1924,1925,quicktrip,AA-431-MIA-SFO,08:35,08:51,11:50,11:44
1925,1926,quicktrip,UA-257-JFK-SFO,14:30,14:26,18:15,17:42
1926,1927,quicktrip,UA-3373-IAD-PHL,08:29,08:26,09:24,09:13
1927,1928,quicktrip,CO-1250-MIA-IAH,14:53,15:01,16:48,16:59
1928,1929,quicktrip,UA-828-SFO-ORD,23:08,23:08,05:11,05:11
1929,1930,quicktrip,CO-4888-IAH-DAL,17:30,17:30,18:40,18:40
1930,1931,quicktrip,UA-2704-DTW-PHX,11:15,11:15,13:40,14:00
1931,1932,qquicktrip,unknown,20:20,20:39,21:20,21:20
1932,1933,quicktrip,UA-2708-EWR-CLT,14:55,14:55,16:53,16:44
1933,1934,quicktrip,UA-62-IAH-EWR,14:30,14:48,19:03,19:10
1934,1935,quicktrip,AA-3804-PHL-ORD,14:35,14:44,16:05,15:43
1935,1936,quicktrip,AA-1917-JFK-MCO,2:5 5p.m.,15:27,17:55,17:43
1936,1937,quicktrip,AA-2268-PHX-ORD,07:15,07:22,11:35,11:06
1937,1938,quicktrip,AA-4277-CVG-JFK,12:10,12:10,14:15,13:43
1938,1939,quicktrip,AA-789-ORD-DEN,13:05,13:19,14:35,15:13
1939,1940,quicktrip,UA-854-SFO-IAH,07:53,07:49,13:39,13:30
1940,1941,quicktrip,AA-415-BOS-ORD,08:35,08:56,10:40,10:16
1941,1942,quicktrip,AA-85-JFK-SFO,15:05,15:36,18:30,18:43
1942,1943,quicktrip,AA-3786-IAH-ORD,16:00,16:12,18:40,18:15
1943,1944,flights,AA-222-LAX-BOS,07:10,07:31,15:30,15:14
1944,1945,quicktrip,CO-50-CLE-EWR,14:55,3:31 p..m.,16:49,17:26
1945,1946,quicktrip,UA-3099-PHX-PHL,11:55,11:55,18:17,17:38
1946,1947,quicktrip,AA-4198-ORD-CLE,10:40,10:54,12:55,12:50
1947,1948,quicktrip,CO-45-EWR-MIA,16:00,15:58,19:05,18:36
1948,1949,quicktrip,AA-3809-PHX-LAX,06:00,06:10,6:40 a..m.,06:19
1949,1950,quicktrip,AA-59-JFK-SFO,07:10,07:39,10:45,11:12
1950,1951,flights,AA-3859-IAH-ORD,07:10,07:16,09:40,09:32
1951,1952,allegiantair,CO-1586-IAH-MCO,19:00,19:14,22:15,22:29
1952,1953,allegiantair,AA-518-MIA-JFK,06:40,06:54,09:25,09:28
1953,1954,allegiantair,UA-397-JFK-SFO,08:00,08:29,11:55,11:58
1954,1955,flights,UA-3925-IAD-ORF,08:41,08:42,09:54,09:43
1955,1956,allegiantair,AA-1733-ORD-PHX,19:45,19:58,22:30,22:30
1956,1957,allegiantair,AA-3-JFK-LAX,12:00,12:11,15:15,15:16
1957,1958,allegiantair,UA-2830-MCO-CLT,15:27,15:27,17:05,17:17
1958,1959,allegiantair,CO-58-DEN-IAH,11:25,11:32,14:50,15:31
1959,1960,allegiantair,UA-5487-SFO-MRY,10:39,10:33,11:19,11:21
1960,1961,allegiantair,AA-204-LAX-MCO,23:25,23:25,06:55,06:55
1961,1962,allegiantair,UA-414-LAX-SFO,06:00,05:56,07:23,07:17
1962,1963,allegiantair,CO-1614-LAX-IAH,00:30,00:41,05:35,05:26
1963,1964,ALLEGIANTAIr,UA-2726-FLL-PHL,16:00,16:00,18:46,18:28
1964,1965,flights,CO-52-IAH-LAX,07:35,07:29,09:21,09:14
1965,1966,allegiantair,CO-1090-BOS-IAH,09:45,10:19,13:16,13:19
1966,1967,allegiantair,AA-616-DFW-DTW,09:05,10:10,12:35,13:27
1967,1968,allegiantair,UA-3515-IAD-MSP,08:15,08:12,10:06,09:56
1968,1969,allegiantair,AA-3468-CVG-MIA,07:00,07:25,09:55,09:45
1969,1970,N//A,AA-484-DFW-MIA,16:15,16:29,19:55,19:39
1970,1971,allegiantair,AA-1886-BOS-MIA,10:45,10:55,14:02,13:40
1971,1972,allegiantair,CO-62-IAH-EWR,14:30,14:48,19:03,19:10
1972,1973,allegiantair,CO-1561-PHX-IAH,08:05,08:00,11:35,11:32
1973,1974,alegiantair,UA-2314-ATL-PHL,14:55,14:55,17:00,16:47
1974,1975,allegiantair,AA-446-DFW-PHL,11:50,12:12,15:50,16:09
1975,1976,allegiantair,CO-1023-IAH-DEN,11:40,11:56,13:17,13:14
1976,1977,allegiantair,AA-466-IAH-MIA,06:00,06:08,09:20,09:05
1977,1978,allegiantair,UA-3050-PHX-CLT,11:05,11:30,16:57,17:05
1978,1979,flights,CO-89-IAH-EWR,06:00,06:02,10:20,10:27
1979,1980,allegiantair,CO-1088-CLE-IH,08:40,08:40,10:54,10:56
1980,1981,allegiantair,AA-1664-MIA-ATL,10:15,10:18,12:10,11:56
1981,1982,allegiantair,AA-1279-DFW-PHX,:00 p.m.,14:04,14:35,15:30
1982,1983,allegiantair,UA-854-SFO-IAH,07:53,07:49,13:39,13:30
1983,1984,allegiantair,UA-382-IAD-LAX,12:30,12:35,15:19,15:21
1984,1985,allegiantair,AA-4344-ORD-DTW,11:45,12:13,2:000 p.m.,14:10
1985,1986,allegiantair,UA-257-JFK-SFO,14:30,14:26,18:15,17:42
1986,1987,allegiantair,UA-2945-PHL-CLT,00:00,03:11,13:45,13:15
1987,1988,allegiantair,AA-1640-MIA-MCO,17:25,17:22,20:22,20:03
1988,1989,allegiantair,CO-47-IAH-LAX,19:10,20:25,20:56,21:52
1989,1990,alllegiantair,AA-2050-ORD-MIA,10:40,11:05,14:45,14:46
1990,1991,allegiantair,UA-248-PHX-ORD,12:57,13:32,17:15,17:34
1991,1992,allegiantair,AA-4330-CVG-ORD,15:35,15:36,16:00,15:33
1992,1993,allegiantair,AA-1434-DFW-MCO,07:15,07:21,10:35,10:36
1993,1994,allegiantair,AA-1640-MIA-MCO,18:30,18:30,19:25,19:25
1994,1995,allegiantair,AA-4307-ORD-DTW,18:45,18:55,21:10,20:53
1995,1996,allegiantair,CO-1694-LAX-IAH,19:15,19:15,00:21,00:21
1996,1997,allegiantair,UA-843-LAX-ORD,13:55,14:10,19:53,19:58
1997,1998,allegiantair,CO-1193-EWR-MCO,09:15,09:14,12:18,12:09
1998,1999,ALlegiantair,AA-3842-MSP-ORD,6:000 a.m.,06:56,07:30,07:51
1999,2000,allegiantair,AA-643-MIA-ORD,07:10,07:30,09:35,09:31
2000,2001,allegiantair,AA-1007-MIA-PHX,16:55,17:08,20:05,19:55
2001,2002,allegiantair,UA-2906-PHL-MCO,15:50,16:28,18:23,18:38
2002,2003,allegiantair,UA-938-DEN-ORD,16:16,16:15,7::35 p.m.,19:36
2003,2004,allegiantair,AA-1221-MCO-ORD,20:00,20:23,21:45,21:53
2004,2005,allegiantair,CO-16-LAX-EWR,10:25,10:20,18:44,18:34
2005,2006,allegiantair,UA-2515-DFW-CLT,07:05,07:05,10:31,10:47
2006,2007,allegiantair,AA-4000-DFW-JFK,10:40,11:01,14:59,15:04
2007,2008,allegiantair,UA-664-ORD-PHL,13:33,13:31,16:31,16:23
2008,2009,allegiantair,AA-3756-ORD-SLC,12:15,12:41,14:45,14:50
2009,2010,allegiantair,U-37-EWR-MCO,13:29,13:48,16:17,16:17
2010,2011,allegiantair,AA-1522-SFO-ORD,23:55,23:55,05:50,05:50
2011,2012,allegiantair,UA-233-LAX-JFK,16:25,16:25,00:29,00:29
2012,2013,allegiantair,AA-1640-MIA-MCO,21:00,21:00,00:15,00:15
2013,2014,allegiantair,AA-2312-DFW-DTW,20:25,20:25,23:50,23:50
2014,2015,allegiantair,AA-1165-JFK-MIA,06:59,07:22,10:34,10:04
2015,2016,allegiantair,AA-1640-MIA-MCO,08:35,08:51,11:50,11:44
2016,2017,allegiantair,UA-3373-IAD-PHL,08:29,08:26,09:24,09:13
2017,2018,allegiantair,AA-1640-MIA-MCO,13:30,13:30,15:50,15:50
2018,2019,allegiantair,CO-1250-MIA-IAH,14:53,:01 p.m.,16:48,16:59
2019,2020,allegiantair,,07:35,07:27,09:43,08:45
2020,2021,allegiantair,,23:08,23:08,05:11,05:11
2021,2022,allegiantair,CO-4888-IAH-DAL,17:30,17:30,18:40,18:40
2022,2023,allegiantair,UA-858-PVG-SFO,13:45,13:02,08:27,08:02
2023,2024,allegiantair,UA-2704-DTW-PHX,11:15,11:15,13:40,14:00
2024,2025,allegiantair,AA-3063-SLC-LAX,20:20,20:39,21:20,21:20
2025,2026,allegiantair,UA-2708-EWR-CLT,14:55,14:55,16:53,16:44
2026,2027,allegiantair,UA-62-IAH-EWR,14:30,14:48,19:03,19:10
2027,2028,allegiantair,AA-1640-MIA-MCO,08:55,09:16,11:45,11:56
2028,2029,allegiantair,AA-3804-PHL-ORD,14:35,14:44,16:05,15:43
2029,2030,allegiantair,AA-1917-JFK-MCO,14:55,15:27,17:55,17:43
2030,2031,allegiantair,AA-2268-PHX-ORD,07:05,07:22,11:35,11:06
2031,2032,allegiantair,AA-4277-CVG-JFK,12:10,12:10,14:15,13:43
2032,2033,allegiantair,AA-2957-DFW-CVG,07:55,08:04,11:05,11:01
2033,2034,allegiantair,UA-37-EDI-EWR,09:05,08:52,11:53,12:09
2034,2035,allegiantair,AA-789-ORD-DEN,13:05,13:19,14:35,15:13
2035,2036,flights,AA-415-BOS-ORD,08:35,08:56,10:40,10:16
2036,2037,allegiantair,AA-85-JFK-SFO,15:05,15:36,18:30,18:43
2037,2038,allegiantair,AA-3979-Cvg-ord,07:30,08:04,08:00,08:06
2038,2039,allegiantair,AA-1544-SAN-ORD,11:25,11:40,17:25,16:56
2039,2040,allegiantair,AA-3786-IAH-ORD,16:00,16:12,18:40,18:15
2040,2041,allegiantair,AA-271-MIA-LAX,11:35,11:52,14:25,14:27
2041,2042,allegiantair,AA-2525-DFW-MIA,07:25,07:39,11:10,11:06
2042,2043,allegiantair,CO-50-CLE-EWR,14:55,15:31,16:49,17:26
2043,2044,allegiantair,UA-3099-PHX-PHL,11:55,11:55,18:17,17:38
2044,2045,allegiantair,AA-4198-ORD-CLE,10:40,10:54,12:55,12:50
2045,2046,allegiantair,AA-404-MIA-MCO,06:45,06:57,07:45,07:40
2046,2047,allegiantair,AA-1640-MIA-MCO,16:00,15:58,19:05,18:36
2047,2048,allegiantair,AA-3809-PHX-LAX,06:00,06:10,06:40,06:19
2048,2049,allegiantair,AA-59-JFK-SFO,07:10,07:39,10:45,11:12
2049,2050,allegiantair,AA-222-LAX-BOS,07:10,07:31,15:30,15:14
2050,2051,businesstravellogue,AA-3859-IAH-ORD,07:10,07:16,09:40,09:32
2051,2052,businesstravellogue,CO-1586-IAH-MCO,19:00,7:14p .m.,22:15,22:29
2052,2053,businesstravellogue,AA-518-MIA-JFK,06:40,06:54,09:25,09:28
2053,2054,businesstravellogue,UA-397-JFK-SFO,08:00,08:29,11:55,11:58
2054,2055,businesstravellogue,UA-3925-IAD-ORF,08:41,08:42,09:54,09:43
2055,2056,businesstravellogue,AA-1733-ORD-PHX,19:45,19:58,22:30,22:30
2056,2057,businesstravellogue,AA-3-JFK-LAX,12:00,12:11,15:15,15:16
2057,2058,businesstravellogue,UA-2830-MCO-CLT,15:27,15:27,5:05 pm.,17:17
2058,2059,businesstravellogue,CO-58-DEN-IAH,11:25,11:32,14:50,15:31
2059,2060,flights,UA-5487-SFO-MRY,10:39,10:33,11:19,11:21
2060,2061,businesstravellogue,AA-204-LAX-MCO,23:25,23:25,6:55 a.mm.,06:55
2061,2062,businesstravellogue,UA-414-LAX-SFO,06:00,05:56,07:23,07:17
2062,2063,businesstravellogue,CO-1614-LAX-IAH,00:30,00:41,05:35,05:26
2063,2064,businesstravellogue,UA-2726-FLL-PHL,16:00,16:00,18:46,18:28
2064,2065,businesstravellogue,CO-52-IAH-LAX,07:35,07:29,09:21,09:14
2065,2066,businesstravellogue,CO-1090-BOS-IAH,09:45,10:19,13:16,13:19
2066,2067,businesstravellogue,AA-616-DFW-DTW,09:05,10:10,12:35,13:27
2067,2068,businesstravellogue,UA-3515-IAD-MSP,08:15,08:12,10:06,09:56
2068,2069,businesstravellogue,AA-3468-CVG-MIA,07:00,07:25,09:55,09:45
2069,2070,businesstravellogue,AA-484-DFW-MIA,16:15,16:29,19:55,19:39
2070,2071,businesstravellogue,AA-1886-BOS-MIA,10:45,10:55,14:20,13:40
2071,2072,businesstravellogue,CO-62-IAH-EWR,14:30,14:48,19:03,19:10
2072,2073,businesstravellogue,CO-1561-PHX-IAH,08:05,08:00,11:35,11:32
2073,2074,businesstravellogue,UA-2314-ATL-PHL,14:55,14:55,17:00,16:47
2074,2075,businesstravellogue,AA-446-DFW-PHL,11:50,12:12,15:50,16:09
2075,2076,businesstravellogue,CO-1023-IAH-DEN,11:40,11:56,13:17,13:14
2076,2077,businesstravellogue,AA-466-IAH-MIA,06:00,06:08,09:20,09:05
2077,2078,businesstravellogue,UA-3050-PHX-CLT,11:05,11:30,16:57,17:05
2078,2079,businesstravellogue,CO-89-IAH-EWR,06:00,06:02,10:20,10:27
2079,2080,businesstravellogue,CO-1088-CLE-IAH,08:40,08:40,10:54,10:56
2080,2081,businesstravellogue,AA-1664-MIA-ATL,10:15,10:18,12:10,11:56
2081,2082,businesstravellogue,AA-1279-DFW-PHX,13:00,14:04,14:35,15:30
2082,2083,businesstravellogue,UA-854-SFO-IAH,07:53,07:49,13:39,13:30
2083,2084,businesstravellogue,UA-382-IAD-LAX,12:30,12:35,15:19,15:21
2084,2085,businesstravellogue,AA-4344-ORD-DTW,11:45,12:13,14:00,14:10
2085,2086,businesstravellogue,UA-257-JFK-SFO,14:30,14:26,18:15,17:42
2086,2087,businesstravellogue,UA-2945-PHL-CLT,00:00,03:11,13:45,13:15
2087,2088,businesstravellogue,CO-63-EWR-IAH,17:25,17:22,20:22,20:03
2088,2089,businesstravellogue,CO-47-IAH-LAX,19:10,20:25,20:56,21:52
2089,2090,businesstravellogue,AA-2050-ORD-MIA,10:40,11:05,14:45,14:46
2090,2091,businesstravellogue,UA-248-PHX-ORD,12:57,13:32,17:15,17:34
2091,2092,businesstravellogue,AA-4330-CVG-ORD,15:35,15:36,16:00,15:33
2092,2093,businesstravellogue,AA-1434-DFW-MCO,07:15,07:21,10:35,10:36
2093,2094,businesstravellogue,AA-1640-MIA-MCO,18:30,18:30,19:25,19:25
2094,2095,businesstravellogue,AA-4307-ORD-DTW,18:45,18:55,21:10,20:53
2095,2096,businesstravellogue,CO-1694-LAX-IAH,19:15,19:15,00:21,00:21
2096,2097,businesstravellogue,UA-843-LAX-ORD,13:55,14:10,19:53,19:58
2097,2098,businesstravellogue,CO-1193-EWR-MCO,09:15,09:14,12:18 pm..,12:09
2098,2099,businesstravellogue,AA-3842-MSP-ORD,06:00,06:56,07:30,07:51
2099,2100,businesstravellogue,AA-643-MIA-ORD,07:10,07:30,09:35,09:31
2100,2101,businesstravellogue,AA-1007-MIA-PHX,16:55,17:08,20:05,7:5 5p.m.
2101,2102,businesstravellogue,UA-2906-PHL-MCO,15:50,16:28,18:23,66:38 p.m.
2102,2103,businesstravellogue,UA-938-DEN-ORD,16:16,16:15,19:35,19:36
2103,2104,businesstravellogue,AA-1221-MCO-ORD,20:00,20:23,21:45,21:53
2104,2105,businesstravellogue,CO-16-LAX-EWR,10:25,10:20,18:44,18:34
2105,2106,flights,UA-2515-DFW-CLT,07:05,07:05,10:31,10:47
2106,2107,businesstravellogue,AA-400-DFW-JFK,10:40,11:01,14:59,15:04
2107,2108,businesstravellogue,UA-664-ORD-PHL,13:33,13:31,16:31,16:23
2108,2109,businesstravellogue,AA-3756-ORD-SLC,12:15,12:41,14:45,14:50
2109,2110,businesstravellogue,UA-37-EWR-MCO,13:29,13:48,16:17,16:17
2110,2111,businesstravellogue,AA-1522-SFO-ORD,23:55,23:55,05:50,05:50
2111,2112,businesstravellogue,UA-233-LAX-JFK,16:25,16:25,00:29,00:29
2112,2113,businesstravellogue,AA-3823-LAX-DEN,21:00,21:00,00:15,00:15
2113,2114,flights,AA-2312-DFW-DTW,8:25 .m.,20:25,23:50,23:50
2114,2115,unknown,AA-1165-JFK-MIA,06:59,07:22,10:34,10:04
2115,2116,businesstravellogue,AA-431-MIA-SFO,08:35,08:51,11:50,11:44
2116,2117,businesstravellogue,UA-3373-IAD-PHL,08:29,08:26,09:24,09:13
2117,2118,businesstravellogue,AA-649-ORD-SNA,13:30,13:30,15:50,15:50
2118,2119,businesstravellogue,CO-1250-MIA-IAH,14:53,15:01,16:48,16:59
2119,2120,businesstravellogue,UA-6273-YYC-SFO,07:35,07:27,09:43,08:45
2120,2121,businesstravellogue,UA-828-SFO-ORD,23:08,23:08,05:11,05:11
2121,2122,businesstravellogue,CO-4888-IAH-DAL,17:30,17:30,18:40,6:40 pp.m.
2122,2123,businesstravellogue,UA-858-PVG-SFO,13:45,13:32,08:27,08:02
2123,2124,businesstravellogue,UA-2704-DTW-PHX,11:15,11:15,13:40,14:00
2124,2125,businesstravellogue,AA-3063-SLC-LAX,20:20,20:39,21:20,21:20
2125,2126,businesstravellogue,UA-2708-EWR-CLT,14:55,14:55,16:53,4:44 p..m.
2126,2127,businesstravellogue,UA-62-IAH-EWR,14:30,14:48,19:03,19:10
2127,2128,businesstravellogue,UA-1500-IAH-GUA,08:55,09:16,11:45,11:56
2128,2129,businesstravellogue,AA-3804-PHL-ORD,14:03,14:44,16:05,15:43
2129,2130,businesstravellogue,AA-1917-JFK-MCO,14:55,15:27,17:55,17:43
2130,2131,businesstravellogue,AA-2268-PHX-ORD,07:15,07:22,11:35,11:06
2131,2132,businesstravellogue,AA-4277-CVG-JFK,12:10,12:10,14:15,1:433 p.m.
2132,2133,businesstravellogue,AA-2957-DFW-CVG,07:55,08:04,11:05,11:01
2133,2134,businesstravellogue,UA-37-EDI-EWR,09:05,08:52,11:53,12:09
2134,2135,businesstravellogue,AA-789-ORD-DEN,13:05,13:19,14:35,15:13
2135,2136,businesstravellogue,AA-415-BOS-ORD,08:35,08:56,10:40,10:16
2136,2137,businesstravellogue,AA-85-JFK-SFO,15:05,15:36,18:30,18:43
2137,2138,businesstravellogue,AA-3979-CVG-ORD,07:30,08:04,08:00,08:06
2138,2139,businesstravellogue,AA-1544-SAN-ORD,11:25,11:40,17:25,16:56
2139,2140,flights,AA-3786-IAH-ORD,16:00,16:12,18:40,18:15
2140,2141,businesstravellogue,AA-271-MIA-LAX,11:35,11:52,14:25,14:27
2141,2142,businesstravellogue,AA-2525-DFW-MIA,07:25,07:39,11:10,11:06
2142,2143,businesstravellogue,AA-1640-MIA-MCO,14:55,15:31,16:49,17:26
2143,2144,businesstravellogue,UA-3099-PHX-PHL,11:55,11:55,18:17,:38 p.m.
2144,2145,businesstravellogue,AA-4198-ORD-CLE,10:40,10:54,12:55,12:50
2145,2146,businesstravellogue,AA-404-MIA-MCO,06:45,06:57,07:45,07:40
2146,2147,businesstravellogue,CO-45-EWR-MIA,16:00,15:58,19:05,18:36
2147,2148,businesstravellogue,AA-3809-PHX-LAX,06:00,06:10,06:40,06:19
2148,2149,businesstravellogue,AA-59-JFK-sfo,07:10,07:39,10:45,11:12
2149,2150,businesstravellogue,AA-222-LAX-BOS,07:10,07:31,15:30,15:14
2150,2151,den,CO-58-DEN-IAH,11:25,11:32,14:50,15:31
2151,2152,den,CO-1023-IAH-DEN,11:40,11:56,13:17,13:14
2152,2153,den,AA-383-LAX-DEN,21:00,21:00,00:15,00:15
2153,2154,den,UA-938-DEN-ORD,16:16,16:15,19:35,19:36
2154,2155,den,AA-789-ORD-DEN,13:05,13:19,14:35,15:13
2155,2156,gofox,AA-3859-IAH-ORD,07:10,07:16,09:40,09:32
2156,2157,gofox,CO-1586-IAH-MCO,19:00,19:14,22:15,22:29
2157,2158,gofox,AA-1640-MIA-MCO,06:40,06:54,09:25,09:28
2158,2159,gofox,UA-397-JFK-SFO,08:00,08:29,11:55,11:58
2159,2160,gofox,UA-3925-IAD-ORF,08:41,08:42,09:54,09:43
2160,2161,gofox,AA-1733-ORD-PHX,19:45,19:58,22:30,22:30
2161,2162,gofox,AA-3-JFK-LAX,12:00,12:11,15:15,15:16
2162,2163,gofox,,15:27,15:27,17:05,17:17
2163,2164,gofox,CO-58-DEN-IAH,11:25,11:32,14:50,15:31
2164,2165,gofox,UA-5487-SFO-mry,10:39,10:33,11:19,11:21
2165,2166,gofox,AA-204-LAX-MCO,23:25,23:25,06:55,06:55
2166,2167,gofox,UA-414-LAX-SFO,06:00,05:56,07:23,07:17
2167,2168,gofox,CO-1614-LAX-IAH,00:30,00:41,05:35,05:26
2168,2169,gofox,unknown,16:00,16:00,18:46,18:28
2169,2170,gofox,CO-52-IAH-LAX,07:35,07:29,09:21,09:14
2170,2171,gofox,CO-1090-BOS-IH,09:45,10:19,13:16,13:19
2171,2172,gofox,AA-616-DFW-DTW,09:05,10:10,12:35,13:27
2172,2173,gofox,UA-3515-IAD-MSP,08:15,08:12,10:06,09:56
2173,2174,gofox,,07:00,07:25,09:55,09:45
2174,2175,gofox,AA-484-DFW-MIA,16:15,16:29,19:55,19:39
2175,2176,gofox,AA-1886-BOS-MIA,10:45,10:55,14:20,13:40
2176,2177,gofox,CO-62-IAH-EWR,14:30,14:48,19:03,19:10
2177,2178,gofox,CO-1561-PHX-IAH,08:05,08:00,11:35,11:32
2178,2179,gofox,UA-2314-ATL-PHL,14:55,14:55,17:00,16:47
2179,2180,gofox,AA-1640-MIA-MCO,11:50,12:12,15:50,16:09
2180,2181,gofox,CO-1023-IAH-DEN,11:40,11:56,13:17,13:14
2181,2182,gofox,AA-466-IAH-MIA,06:00,06:08,09:20,09:05
2182,2183,gofox,UA-3050-PHX-CLT,11:05,11:30,16:57,17:05
2183,2184,gofox,CO-89-IAH-EWR,06:00,06:02,10:20,10:27
2184,2185,gofox,CO-1088-CLE-IAH,08:40,08:04,10:54,10:56
2185,2186,gofox,AA-1664-MIA-ATL,10:15,10:18,12:10,11:56
2186,2187,gofox,AA-1279-DFW-PHX,13:00,14:04,14:35,15:30
2187,2188,gofox,UA-854-SFO-IAH,07:53,07:49,13:39,13:30
2188,2189,gofox,UA-382-IAD-LAX,12:03,12:35,15:19,15:21
2189,2190,gofox,AA-4344-ORD-DTW,11:45,12:13,14:00,14:10
2190,2191,gofox,AA-1640-MIA-MCO,14:30,14:26,18:15,17:42
2191,2192,gofox,UA-2945-PHL-CLT,00:00,03:11,13:45,13:15
2192,2193,gofox,CO-63-EWR-IAH,17:25,17:22,20:22,20:03
2193,2194,gofox,CO-47-IAH-LAX,19:10,20:25,20:56,21:52
2194,2195,gofox,AA-2050-ORD-MIA,10:40,11:05,14:45,14:46
2195,2196,gofox,UA-248-PHX-ORD,12:57,13:32,17:15,17:34
2196,2197,gofox,AA-4330-CVG-ORD,15:35,15:36,16:00,15:33
2197,2198,gofox,AA-1434-DFW-MCO,07:15,07:21,10:35,10:36
2198,2199,gofox,AA-1640-MIA-MCO,18:30,18:30,19:25,19:25
2199,2200,flights,AA-4307-ORD-DTW,18:45,18:55,21:10,20:53
2200,2201,gofox,CO-1694-LAX-IAH,19:15,19:15,00:21,00:21
2201,2202,gofox,UA-843-LAX-ORD,13:55,14:10,19:53,19:58
2202,2203,gofox,CO-1193-EWR-MCO,09:15,09:14,12:18,12:09
2203,2204,gofox,AA-3842-MSP-ORD,06:00,06:56,07:30,07:51
2204,2205,gofox,AA-643-MIA-ORD,07:10,07:30,09:35,09:31
2205,2206,gofox,AA-1007-MIA-PHX,16:55,17:08,20:05,19:55
2206,2207,gofox,UA-2906-PHL-mco,15:50,16:28,18:23,18:38
2207,2208,gofox,UA-938-DEN-ORD,16:16,16:15,19:35,19:36
2208,2209,gofox,AA-1221-MCO-ORD,20:00,20:23,21:45,21:53
2209,2210,gofox,CO-16-LAX-EWR,10:25,10:20,18:44,18:34
2210,2211,gofox,UA-2515-DFW-CLT,07:05,7:05 a..m.,10:31,10:47
2211,2212,gofox,AA-400-DFW-JFK,10:40,11:01,14:59,15:04
2212,2213,gofox,UA-664-ORD-PHL,13:33,13:31,16:31,16:23
2213,2214,gofox,AA-3756-ORD-SLC,12:15,12:41,14:45,14:50
2214,2215, ,UA-37-EWR-MCO,13:29,13:48,16:17,16:17
2215,2216,gofox,AA-1640-MIA-MCO,23:55,23:55,05:50,05:50
2216,2217,gofox,UA-233-LAX-JFK,16:25,16:25,00:29,00:29
2217,2218,gofox,AA-3823-LAX-DEN,21:00,21:00,00:15,00:15
2218,2219,gofox,AA-2312-DFW-DTW,20:25,20:25,23:50,23:50
2219,2220,gofox,AA-1165-JFK-MIA,06:59,07:22,10:34,10:04
2220,2221,gofox,AA-431-MIA-SFO,08:35,08:51,11:50,11:44
2221,2222,gofox,UA-3373-IAD-PHL,82:9 a.m.,08:26,09:24,09:13
2222,2223,gofox,AA-649-ORD-SNA,13:30,13:30,15:50,15:50
2223,2224,gofox,CO-1250-MIA-IAH,14:53,15:01,16:48,16:59
2224,2225,gofox,UA-6273-YYC-SFO,07:35,07:27,09:43,08:45
2225,2226,gofox,UA-828-SFO-ORD,23:08,23:00,05:11,05:11
2226,2227,gofox,CO-4888-IAH-DAL,17:30,17:30,18:40,18:40
2227,2228,gofox,UA-858-PVG-SFO,13:45,13:32,08:27,08:02
2228,2229,gofox,UA-2704-DTW-PHX,11:15,11:15,13:40,14:00
2229,2230,gofox,AA-3063-SLC-LAX,20:20,20:39,21:20,21:20
2230,2231,gofox,UA-2708-EWR-CLT,14:55,14:55,16:53,16:44
2231,2232,gofox,UA-62-IAH-EWR,14:30,14:48,19:03,19:10
2232,2233,gofox,UA-1500-IAH-GUA,08:55,09:16,11:45,11:56
2233,2234,gofox,AA-3804-PHL-ORD,14:35,14:44,16:05,15:43
2234,2235,gofox,AA-191-JFK-MCO,14:55,15:27,17:55,17:43
2235,2236,gofox,AA-2268-PHX-ORD,07:15,07:22,11:35,11:06
2236,2237,flights,AA-4277-CVG-JFK,12:10,12:10,14:15,13:43
2237,2238,gofox,AA-2957-DFW-CVG,07:55,08:04,11:05,11:01
2238,2239,gofox,UA-37-EDI-EWR,09:05,08:52,11:53,12:09
2239,2240,gofox,AA-789-ORD-DNE,13:05,13:19,14:35,15:13
2240,2241,gofox,AA-415-BOS-ORD,08:35,08:56,10:40,10:61 a.m.
2241,2242,gofox,A-A85-JFK-SFO,15:05,15:36,18:30,18:43
2242,2243,gofox,AA-3979-CVG-ORD,07:30,08:04,08:00,08:06
2243,2244,gofox,unknown,11:25,11:40,17:25,16:56
2244,2245,gofox,AA-3786-IAH-ORD,16:00,16:12,18:40,18:15
2245,2246,gofox,AA-271-MIA-LAX,11:35,11:52,14:25,14:27
2246,2247,flights,AA-2525-DFW-MIA,07:25,07:39,11:10,11:06
2247,2248,gofox,CO-50-CLE-EWR,14:55,15:31,16:49,17:26
2248,2249,gofox,AA-1640-MIA-MCO,11:55,11:55,18:17,17:38
2249,2250,gofox,AA-4198-ORD-CLE,10:40,10:54,12:55,12:50
2250,2251,gofox,unknown,06:45,06:57,07:45,07:40
2251,2252,gofox,CO-45-EWR-MIA,16:00,15:58,19:05,18:36
2252,2253,gofox,AA-3809-PHX-LAX,06:00,06:10,06:40,06:19
2253,2254,gofox,AA-59-JFK-SFO,07:10,07:39,10:45,11:12
2254,2255,gofox,AA-222-LAX-BOS,07:10,07:31,15:30,15:14
2255,2256,flights,AA-3859-IAH-ORD,07:10,07:16,09:40,09:32
2256,2257,flights,AA-518-MIA-JFK,06:40,06:54,09:25,09:28
2257,2258,flights,CO-1586-IAH-MCO,19:00,19:14,22:15,22:29
2258,2259,flights,UA-3925-IAD-ORF,08:41,08:42,09:54,09:43
2259,2260,flights,AA-1733-ORD-PHX,19:45,19:58,22:30,22:30
2260,2261,flights,AA-204-LAX-MCO,23:25,23:25,06:55,06:55
2261,2262,flights,UA-2726-FLL-PHL,16:00,16:00,18:46,18:28
2262,2263,flights,AA-1640-MIA-MCO,07:35,07:29,09:21,09:14
2263,2264,flights,AA-3468-CVG-MIA,07:00,7:255 a.m.,09:55,09:45
2264,2265,flights,AA-484-DFW-MIA,16:15,16:29,19:55,19:39
2265,2266,flights,AA-616-DFW-DTW,09:05,10:10,12:35,13:27
2266,2267,flights,AA-446-DFW-PHL,11:50,12:12,15:50,16:09
2267,2268,flights,CO-1023-IAH-DEN,11:40,11:56,13:17,13:14
2268,2269,flights,AA-466-IAH-MIA,06:00,06:08,09:20,09:05
2269,2270,flights,UA-3050-PHX-CLT,11:05,11:30,16:57,17:05
2270,2271,flights,AA-2957-DFW-CVG,07:55,08:04,11:05,11:01
2271,2272,flights,AA-1664-MIA-ATL,10:15,10:18,12:10,11:56
2272,2273,flights,AA-3979-CVG-ORD,07:30,08:04,08:00,08:06
2273,2274,flights,AA-1729-DFW-PHX,13:00,14:04,14:35,15:30
2274,2275,flights,AA-404-MIA-MCO,06:45,06:57,07:45,07:40
2275,2276,flights,AA-3756-ORD-SLC,12:15,12:41,14:45,14:50
2276,2277,flights,UA-382-IAD-LAX,12:30,12:35,15:19,15:21
2277,2278,flights,UA-257-JFK-SFO,14:30,14:26,18:15,17:42
2278,2279,flights,UA-2945-PHL-CLT,00:00,03:11,13:45,13:15
2279,2280,flights,CO-63-EWR-IAH,17:25,17:22,20:22,20:03
2280,2281,flights,AA-2525-DFW-MIA,07:25,07:39,11:10,11:06
2281,2282,flights,CO-47-iah-lax,19:10,20:25,20:56,21:52
2282,2283,flights,AA-1640-MIA-MCO,11:35,11:52,14:25,14:27
2283,2284,flights,AA-2050-ORD-MIA,10:40,11:05,14:45,14:46
2284,2285,flights,AA-4330-CVG-ORD,15:35,15:36,16:00,15:33
2285,2286,flights,AA-1434-DFW-MCO,07:15,07:21,10:35,10:36
2286,2287,flights,AA-1640-MIA-MCO,18:30,18:30,19:25,19:25
2287,2288,flights,AA-4307-ORD-DTW,18:45,18:55,21:10,20:53
2288,2289,flights,AA-3-JFK-LAX,12:00,12:11,15:15,15:16
2289,2290,flights,CO-1694-LAX-IAH,19:15,19:15,00:21,00:21
2290,2291,flights,unknown,09:15,09:14,12:18,12:09
2291,2292,flights,AA-38422-MSP-ORD,06:00,06:56,07:30,07:51
2292,2293,flights,AA-643-MIA-ORD,07:10,07:30,09:35,09:31
2293,2294,flights,AA-1007-MIA-PHX,16:55,17:08,20:05,:55 p.m.
2294,2295,flights,UA-2906-PHL-MCO,15:50,16:28,18:23,18:38
2295,2296,flights,AA-1221-MCO-ORD,20:00,20:23,21:45,21:53
2296,2297,flights,AA-400-DFW-JFK,10:40,11:01,14:59,15:04
2297,2298,flights,UA-664-ORD-PHL,13:33,13:31,16:31,16:23
2298,2299,flights,UA-37-EWR-MCO,13:29,13:48,16:17,16:17
2299,2300,flights,UA-233-LAX-JFK,16:25,16:25,00:29,00:29
2300,2301,flights,AA-3823-LAX-DEN,21:00,21:00,00:15,00:15
2301,2302,flights,AA-1640-MIA-MCO,20:25,20:25,23:50,23:50
2302,2303,flights,AA-1165-JFK-MIA,06:59,07:22,10:34,10:04
2303,2304,flights,AA-431-MIA-SFO,08:35,08:51,11:50,11:44
2304,2305,flights,AA-649-ORD-SNA,13:30,13:30,15:50,15:50
2305,2306,flights,UA-828-SFO-ORD,23:08,23:08,05:11,05:11
2306,2307,flights,CO-4888-IAH-DAL,17:30,17:30,18:00,18:40
2307,2308,flights,AA-3063-SLC-LAX,20:20,20:39,21:20,21:20
2308,2309,flights,AA-1640-MIA-MCO,14:35,14:44,16:05,15:43
2309,2310,flights,AA-1917-JFK-MCO,14:55,15:27,17:55,17:43
2310,2311,flights,AA-2268-PHX-ORD,07:15,07:22,11:35,11:06
2311,2312,flights,AA-4277-CVG-JFK,12:10,12:10,14:15,13:43
2312,2313,flights,AA-789-ORD-DEN,13:05,13:19,14:35,15:13
2313,2314,flights,AA-85-JFK-SFO,15:05,15:36,18:30,18:43
2314,2315,flights,AA-3786-IAH-ORD,4::00 p.m.,16:12,18:40,18:15
2315,2316,flights,AA-222-LAX-BOS,07:10,07:31,3:30 .pm.,15:14
2316,2317,flights,UA-3099-PHX-PHL,11:55,11:55,18:17,17:38
2317,2318,flights,AA-4198-ORD-CLE,10:40,10:54,12:55,12:50
2318,2319,flights,CO-45-EWR-MIA,16:00,15:58,19:05,18:36
2319,2320,flights,AA-3809-PHX-LAX,06:00,06:10,06:40,06:19
2320,2321,flights,AA-59-JFK-SFO,07:10,07:39,10:45,11:12
2321,2322,world-flight-tracker,AA-3859-IAH-ORD,07:10,07:16,09:40,09:32
2322,2323,world-flight-tracker,AA-518-MIA-JFK,06:40,06:54,09:25,09:28
2323,2324,world-flight-tracker,UA-397-JFK-SFO,08:00,08:29,11:55,11:58
2324,2325,world-flight-tracker,AA-1733-ORD-PHX,19:45,19:58,22:30,22:30
2325,2326,world-flight-tracker,AA-1640-MIA-MCO,18:30,18:30,19:25,19:25
2326,2327,world-flight-tracker,CO-1694-LAX-IAH,19:15,19:15,00:21,00:21
2327,2328,world-flight-tracker,UA-2830-MCO-CLT,15:27,15:27,17:05,17:17
2328,2329,world-flight-tracker,AA-204-LAX-MCO,23:25,23:25,06:55,06:55
2329,2330,world-flight-tracker,UA-2726-FLL-PHL,16:00,16:00,18:46,18:28
2330,2331,flights,AA-3468-CVG-MIA,07:00,07:25,09:55,09:45
2331,2332,world-flight-tracker,AA-484-DFW-MIA,16:15,16:29,19:55,19:39
2332,2333,world-flight-tracker,AA-616-DFW-DTW,09:05,10:10,12:35,13:27
2333,2334,world-flight-tracker,AA-446-DFW-PHL,11:50,12:12,15:50,16:09
2334,2335,world-flight-tracker,AA-466-IAH-MIA,06:00,06:08,09:20,09:05
2335,2336,world-flight-tracker,UA-3050-PHX-CLT,11:05,11:30,16:57,17:05
2336,2337,world-flight-tracker,AA-2957-DFW-CVG,07:55,08:04,11:05,11:01
2337,2338,world-flight-tracker,AA-1664-MIA-ATL,10:15,10:18,12:10,11:56
2338,2339,world-flight-tracker,AA-3979-CVG-ORD,07:30,08:04,08:00,08:06
2339,2340,world-flight-tracker,AA-1279-DFW-PHX,13:00,14:04,14:35,15:30
2340,2341,world-flight-tracker,AA-404-MIA-MCO,06:45,06:57,07:45,07:40
2341,2342,world-flight-tracker,AA-3756-ORD-SLC,12:15,12:41,14:45,14:50
2342,2343,world-flight-tracker,UA-2945-PHL-CLT,00:00,03:11,13:45,13:15
2343,2344,world-flight-tracker,AA-2525-DFW-MIA,07:25,07:39,11:10,11:06
2344,2345,world-flight-tracker,AA-271-MIA-LAX,11:35,11:52,14:25,14:27
2345,2346,world-flight-tracker,AA-2050-ORD-MIA,10:40,11:05,14:45,14:46
2346,2347,world-flight-tracker,AA-1434-DFW-MCO,07:15,07:21,10:35,10:36
2347,2348,world-flight-tracker,AA-4307-ORD-DTW,18:45,18:55,21:10,20:53
2348,2349, ,AA-3-JFK-LAX,12:00,12:11,15:15,15:16
2349,2350,world-flight-tracker,CO-1193-EWR-MCO,09:15,09:14,12:18,12:09
2350,2351,world-flight-tracker,AA-3842-MSP-ORD,:00 a.m.,06:56,07:30,07:51
2351,2352,world-flight-tracker,AA-643-MIA-ORD,07:10,07:30,09:35,09:31
2352,2353,world-flight-tracker,UA-2906-PHL-MCO,15:50,16:28,18:23,18:38
2353,2354,  world-flight-tracker ,AA-1221-MCO-ORD,20:00,20:23,21:45,21:53
2354,2355,world-flight-tracker,UA-664-ORD-PHL,13:33,13:31,16:31,16:23
2355,2356,world-flight-tracker,AA-1522-SFO-ORD,23:55,23:55,05:50,05:50
2356,2357,world-flight-tracker,UA-233-LAX-JFK,16:25,16:25,00:29,00:29
2357,2358,world-flight-tracker,AA-1640-MIA-MCO,21:00,21:00,00:15,00:15
2358,2359,world-flight-tracker,AA-1640-MIA-MCO,20:25,20:25,23:50,23:50
2359,2360,world-flight-tracker,AA-1165-JFK-MIA,06:59,07:22,10:34,10:04
2360,2361,flights,AA-431-MIA-SFO,08:35,08:51,11:50,11:44
2361,2362,world-flight-tracker,UA-257-JFK-SFO,2:30 p.mm.,14:26,18:15,17:42
2362,2363,world-flight-tracker,AA-649-ORD-SNA,13:30,13:30,15:50,15:50
2363,2364,world-flight-tracker,AA-3804-PHL-ORD,14:35,14:44,16:05,15:43
2364,2365,world-flight-tracker,AA-1917-JFK-MCO,14:55,15:27,17:55,17:43
2365,2366,world-flight-tracker,AA-2268-PHX-ORD,07:15,07:22,11:35,11:06
2366,2367,world-flight-tracker,,12:10,12:10,14:15,13:43
2367,2368,world-flight-tracker,AA-789-ORD-DEN,13:05,13:19,14:35,15:13
2368,2369,world-flight-tracker,AA-85-JFK-SFO,15:05,15:36,18:30,18:43
2369,2370,world-flight-tracker,AA-3786-IAH-ORD,16:00,16:12,18:40,18:15
2370,2371,world-flight-tracker,AA-222-LAX-BOS,07:10,07:31,15:30,15:14
2371,2372,world-flight-traacker,UA-3099-PHX-PHL,11:55 am.,11:55,18:17,17:38
2372,2373,world-flight-tracker,AA-4198-ORD-CLE,10:40,10:54,12:55,12:50
2373,2374,world-flight-tracker,CO-45-EWR-MIA,16:00,15:58,19:05,18:36
2374,2375,world-flight-tracker,AA-3809-PHX-LAX,06:00,06:10,06:40,06:19
2375,2376,world-flight-tracker,AA-59-JFK-SFO,07:10,07:39,10:45,11:12
