row_id,index,ProviderNumber,HospitalName,Address1,Address2,Address3,City,State,ZipCode,CountyName,PhoneNumber,HospitalType,HospitalOwner,EmergencyService,Condition,MeasureCode,MeasureName,Score,Sample,Stateavg
1,1,10018,Callahan Eye Foundation Hospital,1720 university blvd,,,birmingham,al,35233,Jefferson,2053258100,acute care hospitals,voluntary non-profit - private,yes,Surgical Infection Prevention,scip-card-2,Surgery Patients Who Were Taking Heart Drugs Caxxed Beta Bxockers Before Coming To The Hospitax Who Were Kept On The Beta Bxockers During The Period Just Before And After Their Surgery,100%,0 patients,al_scip-card-2
2,2,10018,Callahan Eye Foundation Hospital,1720 university blvd,,,birmingham,al,35233,Jefferson,2053258100,acute care hospitals,voluntary non-profit - private,yes,Surgical Infection Prevention,scip-inf-1,Surgery Patients Who Were Given An Antibiotic At The Right Time Within One Hour Before Surgery To Help Prevent Infection,100%,0 patients,al_scip-inf-1
3,3,10018,Callahan Eye Foundation Hospital,1720 university blvd,,,birmingham,al,35233,Jefferson,2053258100,acute care hospitals,voluntary non-profit - private,yes,Surgical Infection Prevention,scip-inf-2,Surgery Patients Who Were Given The  Right Kind  Of Antibiotic To Help Prevent Infection,100%,0 patients,al_scip-inf-2
4,4,10018,Callahan Eye Foundation Hospital,1720 university blvd,,,birmingham,al,35233,Jefferson,2053258100,acute care hospitals,voluntary non-profit - private,yes,Surgical Infection Prevention,scip-inf-3,Surgery Patients Whose Preventive Antibiotics Were Stopped At The Right Time Within 24 Hours After Surgery,100%,0 patients,al_scip-inf-3
5,5,10018,Callahan Eye Foundation Hospital,1720 university blvd,,,birmingham,al,35233,Jefferson,2053258100,acute care hospitals,voluntary non-profit - private,yes,Surgical Infection Prevention,scip-inf-4,All Heart Surgery Patients Whose Blood Sugar Blood Glucose Is Kept Under Good Control In The Days Right After Surgery,100%,0 patients,al_scip-inf-4
6,6,10018,Callahan Eye Foundation Hospital,1720 university blvd,,,birmingham,al,35233,Jefferson,2053258100,acute care hospitals,voluntary non-profit - private,yes,Surgical Infection Prevention,scip-inf-6,Surgery Patients Needing Hair Removed From The Surgical Area Before Surgery Who Had Hair Removed Using A Safer Method Electric Clippers Or Hair Removal Cream C Not A Razor,100%,0 patients,al_scip-inf-6
7,7,10018,Callahan Eye Foundation Hospital,1720 university blvd,,,birmingham,al,35233,Jefferson,2053258100,acute care hospitals,voluntary non-profit - private,yes,Surgical Infection Prevention,scip-vte-1,Surgery Patients Whose Doctors Ordered Treatments To Prevent Blood Clots After Certain Types Of Surgeries,100%,0 patients,al_scip-vte-1
8,8,10018,Callahan Eye Foundation Hospital,1720 university blvd,,,birmingham,al,35233,Jefferson,2053258100,acute care hospitals,voluntary non-profit - private,yes,Surgical Infection Prevention,scip-vte-2,Patients Who Got Treatment  At The Right Time Within 24 Hours Before Or After Their Surgery To Help Prevent Blood Clots After Certain Types Of Surgery,100%,0 patients,al_scip-vte-2
9,9,10019,Helen Keller Memorial Hospital,1300 south montgomery avenue,,,sheffield,al,35660,Jefferson,2563864556,acute care hospitals,government - hospital district or authority,yes,Heart Attack,ami-1,Heart Attack Patients Given Aspirin At Arrival,97%,33 patients,al_ami-1
10,10,10019,Helen Keller Memorial Hospital,1300 south montgomery avenue,,,sheffield,al,35660,Jefferson,2563864556,acute care hospitals,government - hospital district or authority,yes,Heart Attack,ami-2,Heart Attack Patients Given Aspirin At Discharge,92%,13 patients,al_ami-2
11,11,10019,Helen Keller Memorial Hospital,1300 south montgomery avenue,,,sheffxeld,al,35660,Jefferson,2563864556,acute care hospitals,government - hospital district or authority,yes,Heart Attack,ami-3,Heart Attack Patients Given Ace Inhibitor Or Arb For Left Ventricular Systolic Dysfunction Lvsd,75%,4 patients,al_ami-3
12,12,10019,Helen Keller Memorial Hospital,1300 south montgomery avenue,,,sheffield,al,35660,Jefferson,2563864556,acute care hospitals,government - hospital district or authority,yes,Heart Attack,ami-4,Heart Attack Patients Given Smoking Cessation Advicecounseling,100%,4 patients,al_ami-4
13,13,10019,Helen Keller Memorial Hospital,1300 south montgomery avenue,,,sheffield,al,35660,Jefferson,2563864556,acute care hospitals,government - hospital district or authority,yes,Heart Attack,ami-5,Heart Attack Patients Given Beta Blocker At Discharge,86%,14 patients,al_ami-5
14,14,1,Helen Keller Memorial Hospital,1300 south montgomery avenue,,,sheffield,al,35660,Jefferson,2563864556,acute care hospitals,government - hospital district or authority,yes,Heart Attack,ami-7a,Heart Attack Patients Given Fibrinolytic Medication Within 30 Minutes Of Arrival,100%,0 patients,al_ami-7a
15,15,10019,Helen Keller Memorial Hospital,1300 south montgomery avenue,,,sheffield,al,35660,Jefferson,2563864556,acute care hospitals,government - hospital district or authority,yes,Heart Attack,ami-8a,Heart Attack Patients Given Pci Within 90 Minutes Of Arrival,100%,0 patients,al_ami-8a
16,16,10019,Helen Keller Memorial Hospital,1300 south montgomery avenue,,,sheffield,al,35660,Jefferson,2563864556,acute care hospitals,government - hospital district or authority,yes,Heart Failure,hf-1,Heart Failure Patients Given Discharge Instructions,80%,114 patients,al_hf-1
17,17,10019,Helen Keller Memorial Hospital,1300 south montgomery avenue,,,sheffield,al,35660,Jefferson,2563864556,acute care hospitals,government - hospital district or authority,yes,Heart Failure,hf-2,Heart Failure Patients Given An Evaluation Of Left Ventricular Systolic Lvs Function,99%,149 patients,al_hf-2
18,18,10019,Helen Keller Memorial Hospital,1300 south montgomery avenue,,,sheffield,al,35660,Jefferson,2563864556,acute care hospitals,government - hospital district or authority,yes,Heart Failure,hf-3,Heart Failure Patients Given Ace Inhibitor Or Arb For Left Ventricular Systolic Dysfunction Lvsd,92%,3x patients,al_hf-3
19,19,10019,Helen Keller Memorial Hospital,1300 south montgomery avenue,,,sheffield,al,35660,Jefferson,2563864556,acute care hospitals,government - hospital district or authority,yes,Heart Failure,hf-4,Heart Failure Patients Given Smoking Cessation Advicecounseling,100%,41 patients,al_hf-4
20,20,10001,Southeast Alabama Medical Center,1108 ross clark circle,,,dothan,al,36302,Houston,3347938701,acute care hospitals,government - hospital district or authority,yes,Heart Attack,ami-1,Heart Attack Patients Given Aspirin At Arrival,98%,270 patients,al_ami-1
21,21,10001,Southeast Alabama Medical Center,1108 ross clark circle,,,dothan,al,36302,Houston,3347938701,acute care hospitals,government - hospital district or authority,yes,Heart Attack,ami-2,Heart Attack Patients Given Aspirin At Discharge,99%,516 patients,al_ami-2
22,22,10001,Southeast Alabama Medical Center,1108 ross clark circle,,,dothan,al,36302,Houston,3347938701,acute care hospitals,government - hospital district or authority,yes,Heart Attaxk,ami-3,Heart Attack Patients Given Ace Inhibitor Or Arb For Left Ventricular Systolic Dysfunction Lvsd,96%,71 patients,al_ami-3
23,23,10001,Southeast Alabama Medical Center,1108 ross clark circle,,,dothan,al,36302,Houston,3347938701,acute care hospitals,government - hospital district or authority,yes,Hearx Axxack,ami-4,Heart Attack Patients Given Smoking Cessation Advicecounseling,100%,244 patients,al_ami-4
24,24,10001,Southeast Alabama Medical Center,1108 ross clark circle,,,dothan,al,36302,Houston,3347938701,acute care hospitals,government - hospital district or authority,yes,Heart Attack,ami-5,Heart Attack Patients Given Beta Blocker At Discharge,99%,441 patients,al_ami-5
25,25,10001,Southeast Alabama Medical Center,1108 ross clark circle,,,dothan,al,36302,Houston,334793870,acute care hospitals,government - hospital district or authority,yes,Heart Attack,ami-7a,Heart Attack Patients Given Fibrinolytic Medication Within 30 Minutes Of Arrival,100%,0 patients,al_ami-7a
26,26,10001,Southeast Alabama Medical Center,1108 ross clark circle,,,dothan,al,36302,Houston,3347938701,acute care hospitals,government - hospital district or authority,yes,Heart Attack,ami-8a,Heart Attack Patients Given Pci Within 90 Minutes Of Arrival,72%,40 patients,al_ami-8a
27,27,10001,Southeast Alabama Medxcal Center,1108 ross clark circle,,,dothan,al,36302,Houston,3347938701,acute care hospitals,government - hospital district or authority,yes,Heart Failure,hf-1,Heart Failure Patients Given Discharge Instructions,78%,455 patients,al_hf-1
28,28,10001,Southeast Alabama Medical Center,1108 ross clark circle,,,dothan,al,36302,Houston,3347938701,acute care hospitals,government - hospital district or authority,yes,Heart Failure,hf-2,Heart Failure Patients Given An Evaluation Of Left Ventricular Systolic Lvs Function,99%,514 patients,al_hf-2
29,29,10001,Southeast Alabama Medical Center,1108 ross clark circle,,,dothan,al,36302,Houston,3347938701,acute care hospitals,government - hospital district or authority,yes,Heart Failure,hf-3,Heart Failure Patients Given Ace Inhibitor Or Arb For Left Ventricular Systolic Dysfunction Lvsd,91%,165 patients,al_hf-3
30,30,10001,Southeast Alabama Medical Center,1108 ross clark circle,,,dothan,al,36302,Houston,3347938701,acute care hospitals,government - hospital district or authority,yes,Heart Failure,hf-4,Heart Failure Patients Given Smoking Cessation Advicecounseling,100%,110 patients,al_hf-4
31,31,10001,Southeast Alabama Medical Center,1108 ross clark circle,,,dothan,al,36302,Houston,3347938701,acute care hospitals,government - hospital district or authority,yes,Pneumonia,pn-2,Pneumonia Patients Assessed And Given Pneumococcal Vaccination,93%,191 patients,al_pn-2
32,32,10001,Southeast Alabama Medical Center,1108 ross clark circle,,,dothan,al,36302,Houston,3347938701,acute care hospitals,government - hospital district or authority,yes,Pneumonia,pn-3b,Pneumonia Patients Whose Initial Emergency Room Blood Culture Was Performed Prior To The Administration Of The First Hospital Dose Of Antibiotics,89%,125 patients,al_pn-3b
33,33,10001,Southeast Alabama Medical Center,1108 ross clark circle,,,dothan,al,36302,Houston,3347938701,acute care hospitals,government - hospital district or authority,yes,Pneumonia,pn-4,Pneumonia Patients Given Smoking Cessation Advicecounseling,99%,107 patients,al_pn-4
34,34,10001,Southeast Alabama Medical Center,1108 ross clark circle,,,dothan,al,36302,Houston,3347938701,acute care hospitals,government - hospital district or authority,yes,Pneumonia,pn-5c,Pneumonia Patients Given Initial Antibiotics Within 6 Hours After Arrival,92%,196 patients,al_pn-5c
35,35,10001,Southeast Alabama Medical Center,1108 ross clark circle,,,dothan,al,36302,Houston,3347938701,acute care hospitals,government - hospital district or authority,yes,Pneumonia,pn-6,Pneumonia Patients Given The Most Appropriate Initial Antibiotics,80%,147 patients,al_pn-6
36,36,10001,Southeast Alabama Medical Center,1108 ross clark circle,,,dothan,al,36302,Houston,3347938701,acute care hospitals,government - hospital district or authority,yes,Pneumonia,pn-7,Pneumonia Patients Assessed And Given Influenza Vaccination,84%,160 patients,al_pn-7
37,37,10001,Southeast Alabama Medical Center,1108 ross clark circle,,,dothan,al,36302,Houston,479,acute care hospitals,government - hospital district or authority,yes,Surgical Infection Prevention,scip-card-2,Surgery Patients Who Were Taking Heart Drugs Called Beta Blockers Before Coming To The Hospital Who Were Kept On The Beta Blockers During The Period Just Before And After Their Surgery,72%,79 patients,al_scip-card-2
38,38,10001,Southeast Alabama Medical Center,1108 ross clark circle,,,dothan,al,36302,Houston,3347938701,acute care hospitals,government - hospital district or authority,yes,Surgical Infection Prevention,scip-inf-1,Surgery Patients Who Were Given An Antibiotic At The Right Time Within One Hour Before Surgery To Help Prevent Infection,94%,399 patients,al_scip-inf-1
39,39,10001,Southeast Alabama Medical Center,1108 ross clark circle,,,dothan,al,36302,Houston,3347938701,acute care hospitals,government - hospital district or authority,yes,Surgical Infection Prevention,scip-inf-2,Surgery Patients Who Were Given The  Right Kind  Of Antibiotic To Help Prevent Infection,98%,405 patients,al_scip-inf-2
40,40,10001,Southeast Alabama Medical Center,1108 ross clark circle,,,dothan,al,36302,Houston,3347938701,acute care hospitals,government - hospital district or authority,yes,Surgical Infection Prevention,scip-inf-3,Surgery Patients Whose Preventive Antibiotics Were Stopped At The Right Time Within 24 Hours After Surgery,88%,385 patients,al_scip-inf-3
41,41,10001,Southeast Alabama Medical Center,1108 ross clark circle,,,dothan,al,36302,Houston,3347938701,acute care hospitals,government - hospital district or authority,yes,Surgical Infection Prevention,scip-inf-4,All Heart Surgery Patients Whose Blood Sugar Blood Glucose Is Kept Under Good Control In The Days Right After Surgery,96%,136 patients,al_scip-inf-4
42,42,10001,Southeast Alabama Medical Center,1108 ross clark circle,,,dothan,al,36302,Houston,3347938701,acute care hospitals,government - hospital district or authority,yes,Surgical Infection Prevention,scip-inf-6,Surgery Patients Needing Hair Removed From The Surgical Area Before Surgery Who Had Hair Removed Using A Safer Method Electric Clippers Or Hair Removal Cream C Not A Razor,90%,537 patients,al_scip-inf-6
43,43,10001,Southeast Alabama Medical Center,1108 ross clark circle,,,dothan,xl,36302,Houston,3347938701,acute care hospitals,government - hospital district or authority,yes,Surgical Infection Prevention,scip-vte-1,Surgery Patients Whose Doctors Ordered Treatments To Prevent Blood Clots After Certain Types Of Surgeries,86%,185 patients,al_scip-vte-1
44,44,10001,Southeast Alabama Medical Center,1108 ross clark circle,,,dothan,al,36302,Houston,3347938701,acute care hospitals,government - hospital district or authority,yes,Surgical Infection Prevention,scip-vte-2,Patients Who Got Treatment  At The Right Time Within 24 Hours Before Or After Their Surgery To Help Prevent Blood Clots After Certain Types Of Surgery,83%,184 patients,al_scip-vte-2
45,45,10005,Marshall Medical Center South,2505 u s highway 431 north,,,boaz,al,5957,Marshall,2565938310,acute care hospitals,government - hospital district or authority,yes,Heart Attack,ami-1,Heart Attack Patients Given Aspirin At Arrival,80%,20 patients,al_ami-1
46,46,5,Marshall Medical Center South,2505 u s highway 431 north,,,boaz,al,35957,Marshall,2565938310,acute care hospitals,government - hospital district or authority,yes,Heart Attack,ami-2,Heart Attack Patients Given Aspirin At Discharge,60%,5 patients,al_ami-2
47,47,10005,Marshall Medical Center South,2505 u s highway 431 north,,,boaz,xl,35957,Marshall,2565938310,acute care hospitals,government - hospital district or authority,yes,Heart Attack,ami-3,Heart Attack Patients Given Ace Inhibitor Or Arb For Left Ventricular Systolic Dysfunction Lvsd,100%,2 patients,al_ami-3
48,48,10005,Marshall Medical Center South,2505 u s highway 431 north,,,boaz,al,35957,Marshall,2565938310,acute care hospitals,government - hospital district or authority,yes,Heart Attack,ami-4,Heart Attack Patients Given Smoking Cessation Advicecounseling,100%,0 patients,al_ami-4
49,49,10005,Marshall Medical Center South,2505 u s highway 431 north,,,boaz,al,35957,Marshall,2565938310,acute care hospitals,government - hospital district or authority,yes,Heart Attack,ami-5,Heart Attack Patients Given Beta Blocker At Discharge,100%,5 patients,al_ami-5
50,50,10005,Marshall Medical Center South,2505 u s highway 431 north,,,boaz,al,35957,Marshall,2565938310,acute care hospitals,government - hospital district or authority,yes,Heart Attack,ami-7a,Heart Attack Patients Given Fibrinolytic Medication Within 30 Minutes Of Arrival,100%,0 patients,al_ami-7a
51,51,10005,Marshall Medical Center South,2505 u s highway 431 north,,,boaz,xl,35957,Marshall,2565938310,acute care hospitals,government - hospital district or authority,yes,Heart Attack,ami-8a,Heart Attack Patients Given Pci Within 90 Minutes Of Arrival,100%,0 patients,al_ami-8a
52,52,10005,Marshall Medical Center South,2505 u s highway 431 north,,,boaz,al,35957,Marshall,2565938310,acute care hospitals,government - hospital district or authority,yes,Heart Failure,hf-1,Heart Failure Patients Given Discharge Instructions,78%,110 patients,al_hf-1
53,53,10005,Marshall Medical Center South,2505 u s highway 431 north,,,boaz,al,35957,Marshall,2565938310,acute care hospitals,government - hospital district or authority,yes,Heart Failure,hf-2,Heart Failure Patients Given An Evaluation Of Left Ventricular Systolic Lvs Function,99%,160 patients,al_hf-2
54,54,10005,Marshall Medical Center South,2505 u s highway 431 north,,,boaz,al,35957,Marshall,2565938310,acute care hospitals,government - hospital district or authority,yes,Heart Failure,hf-3,Heart Failure Patients Given Ace Inhibitor Or Arb For Left Ventricular Systolic Dysfunction Lvsd,90%,69 patients,al_hf-3
55,55,10005,Marshall Medical Center South,2505 u s highway 431 north,,,boaz,al,35957,Marshall,2565938310,acute care hospitals,government - hospital district or authority,yes,Heart Failure,hf-4,Heart Failure Patients Given Smoking Cessation Advicecounseling,94%,34 patients,al_hf-4
56,56,10005,Marshall Medical Center South,2505 u s highway 431 north,,,boaz,al,35957,Marshall,2565938310,acute care hospitals,government - hospital district or authority,yes,Pneumonia,pn-2,Pneumonia Patients Assessed And Given Pneumococcal Vaccination,97%,172 patients,al_pn-2
57,57,10005,Marshall Medical Center South,2505 u s highway 431 north,,,boxz,al,35957,Marshall,2565938310,acute care hospitals,government - hospital district or authority,yes,Pneumonia,pn-3b,Pneumonia Patients Whose Initial Emergency Room Blood Culture Was Performed Prior To The Administration Of The First Hospital Dose Of Antibiotics,97%,120 patients,al_pn-xb
58,58,10005,Marshall Medical Center South,2505xuxsxhighwayx431xnorth,,,boaz,al,35957,Marshall,2,acute care hospitals,government - hospital district or authority,yes,Pneumonia,pn-4,Pneumonia Patients Given Smoking Cessation Advicecounseling,97%,98 patients,al_pn-4
59,59,10005,Marshall Medical Center South,2505 u s highway 431 north,,,boaz,al,35957,Marshall,2565938310,acute care hospitals,government - hospital district or authority,yes,Pneumonia,pn-5c,Pneumonia Patients Given Initial Antibiotics Within 6 Hours After Arrival,96%,211 patients,al_pn-5c
60,60,10005,Marshall Medical Center South,2505 u s highway 431 north,,,boaz,al,35957,Marshall,2565938310,acute care hospitals,government - hospital district or authority,yes,Pneumonia,pn-6,Pneumonia Patients Given The Most Appropriate Initial Antibiotics,92%,175 patients,al_pn-6
61,61,10005,Marshall Medical Center South,2505 u s highway 431 north,,,boaz,al,35957,Marshall,2,acute care hospitals,government - hospital district or authority,yes,Pneumonia,pn-7,Pneumonia Patients Assessed And Given Influenza Vaccination,81%,118 patients,al_pn-7
62,62,10005,Marshall Medical Center South,2505 u s highway 431 north,,,boaz,al,35957,Marshall,2565938310,acute care hospitals,government - hospital district or authority,yes,Surgical Infection Prevention,scip-card-2,Surgery Patients Who Were Taking Heart Drugs Called Beta Blockers Before Coming To The Hospital Who Were Kept On The Beta Blockers During The Period Just Before And After Their Surgery,36%,14 patients,al_scip-card-2
63,63,10005,Marshall Medical Center South,2505 u s highway 431 north,,,boaz,al,35957,Marshall,2565938310,acute care hospitals,government - hospital district or authority,yes,Surgical Infection Prevention,scip-inf-1,Surgery Patients Who Were Given An Antibiotic At The Right Time Within One Hour Before Surgery To Help Prevent Infection,96%,168 patients,al_scip-inf-1
64,64,10005,Marshall Medical Center South,2505 u s highway 431 north,,,boaz,al,3595,Marshall,2565938310,acute care hospitals,government - hospital district or authority,yes,Surgical Infection Prevention,scip-inf-2,Surgery Patients Who Were Given The  Right Kind  Of Antibiotic To Help Prevent Infection,93%,167 patients,al_scip-inf-2
65,65,10005,Marshall Medical Center South,2505 u s highway 431 north,,,boaz,al,35957,Marshall,2565938310,acute care hospitals,government - hospital district or authority,yes,Surgical Infection Prevention,scip-inf-3,Surgery Patients Whose Preventive Antibiotics Were Stopped At The Right Time Within 24 Hours After Surgery,95%,158 patients,al_scip-inf-3
66,66,10005,Marshall Medical Center South,2505 u s highway 431 north,,,boaz,al,35957,Marshall,2565,acute care hospitals,government - hospital district or authority,yes,Surgical Infection Prevention,scip-inf-4,All Heart Surgery Patients Whose Blood Sugar Blood Glucose Is Kept Under Good Control In The Days Right After Surgery,100%,0 patients,al_scip-inf-4
67,67,10005,Marshall Medical Center South,2505 u s highway 431 north,,,boaz,al,35957,Marshall,2565938310,acute care hospitals,government - hospital district or authority,yes,Surgical Infection Prevention,scip-inf-6,Surgery Patients Needing Hair Removed From The Surgical Area Before Surgery Who Had Hair Removed Using A Safer Method Electric Clippers Or Hair Removal Cream C Not A Razor,100%,237 patients,al_scip-inf-6
68,68,10005,Marshall Medical Center South,2505 u s highway 431 north,,,boaz,al,35957,Mxrshxll,2565938310,acute care hospitals,government - hospital district or authority,yes,Surgical Infection Prevention,scip-vte-1,Surgery Patients Whose Doctors Ordered Treatments To Prevent Blood Clots After Certain Types Of Surgeries,78%,76 patients,al_scip-vte-1
69,69,10005,Marshall Medical Center South,2505 u s highway 431 north,,,boaz,al,35957,Marshall,2565938310,acute care hospitals,government - hospital district or authority,yes,Surgical Infection Prevention,scip-vte-2,Patients Who Got Treatment  At The Right Time Within 24 Hours Before Or After Their Surgery To Help Prevent Blood Clots After Certain Types Of Surgery,74%,76 patients,al_scip-vte-2
70,70,10006,Eliza Coffee Memorial Hospital,205 marengo street,,,florence,al,35631,Lauderdale,2567688400,acute care hospitals,voluntary non-profit - other,yes,Heart Attack,ami-1,Heart Attack Patients Given Aspirin At Arrival,97%,159 patients,al_amx-1
71,71,10006,Eliza Coffee Memorial Hospital,205 marengo street,,,florence,al,3563,Lauderdale,2567688400,acute care hospitals,voluntary non-profit - other,yes,Heart Attack,ami-2,Heart Attack Patients Given Aspirin At Discharge,96%,247 patients,al_ami-2
72,72,10006,Eliza Coffee Memorial Hospital,205 marengo street,,,florence,al,35631,Lauderdale,2567688400,acute care hospitals,voluntary non-profit - other,yes,Heart Attack,ami-3,Heart Attack Patients Given Ace Inhibitor Or Arb For Left Ventricular Systolic Dysfunction Lvsd,93%,43 patients,al_ami-3
73,73,10006,Eliza Coffee Memorial Hospital,205 marengo street,,,florence,al,35631,Laudxrdalx,2567688400,acute care hospitals,voluntary non-profit - other,yes,Heart Attack,ami-4,Heart Attack Patients Given Smoking Cessation Advicecounseling,100%,103 patients,al_ami-4
74,74,10006,Eliza Coffee Memorial Hospital,205 marengo street,,,florence,al,35631,Lauderdale,2567688400,acute care hospitals,voluntary non-profit - other,yes,Hearx Axxack,ami-5,Heart Attack Patients Given Beta Blocker At Discharge,96%,227 patients,al_ami-5
75,75,10006,Eliza Coffee Memorial Hospital,205 marengo street,,,florence,al,35631,Lauderdale,2567688400,acute care hospitals,voluntary non-profit - other,yes,Heart Attack,ami-7a,Heart Attack Patients Given Fibrinolytic Medication Within 30 Minutes Of Arrival,100%,0 patients,al_ami-7a
76,76,10006,Eliza Coffee Memorial Hospital,205 marengo street,,,florence,al,35631,Lauderdale,2567688400,acute care hospitals,voluntary non-profit - other,yes,Heart Attack,ami-8a,Heart Attack Patients Given Pci Within 90 Minutes Of Arrival,98%,61 patients,al_ami-8a
77,77,10006,Eliza Coffee Memorial Hospital,205 marengo street,,,florence,al,35631,Lauderdale,2567688400,acute care hospitals,voluntary non-profit - other,yes,Heart Failure,hf-1,Heart Failure Patients Given Discharge Instructions,79%,217 patients,al_hf-1
78,78,10006,Eliza Coffee Memorial Hospital,205 marengo street,,,florence,al,35631,Laudexdale,2567688400,acute care hospitals,voluntary non-profit - other,yes,Heart Failure,hf-2,Heart Failure Patients Given An Evaluation Of Left Ventricular Systolic Lvs Function,97%,259 patients,al_hf-2
79,79,10006,Eliza Coffee Memorial Hospital,205 marengo street,,,florence,al,35631,Lauderdale,2567688400,acute care hospitals,voluntary non-profit - other,yes,Heart Failure,hf-3,Heart Failure Patients Given Ace Inhibitor Or Arb For Left Ventricular Systolic Dysfunction Lvsd,82%,84 patients,al_hf-3
80,80,10006,Eliza Coffee Memorial Hospital,205 marengo street,,,fxorence,al,35631,Lauderdale,2567688400,acute care hospitals,voluntary non-profit - other,yes,Heart Failure,hf-4,Heart Failure Patients Given Smoking Cessation Advicecounseling,100%,53 patients,al_hf-4
81,81,10006,Eliza Coffee Memorial Hospital,205 marengo street,,,florence,al,35631,Lauderdale,2567688400,acute care hospitals,voluntary non-profit - other,yes,Pneumonia,pn-2,Pneumonia Patients Assessed And Given Pneumococcal Vaccination,90%,174 patients,al_pn-2
82,82,1000,Eliza Coffee Memorial Hospital,205 marengo street,,,florence,al,35631,Lauderdale,2567688400,acute care hospitals,voluntary non-profit - other,yes,Pneumonia,pn-3b,Pneumonia Patients Whose Initial Emergency Room Blood Culture Was Performed Prior To The Administration Of The First Hospital Dose Of Antibiotics,95%,137 patients,al_pn-3b
83,83,10006,Eliza Coffee Memorial Hospital,205 marengo street,,,florence,al,35631,Lauderdale,2567688400,acute care hospitals,voluntary non-profit - other,yes,Pneumonia,pn-4,Pneumonia Patients Given Smoking Cessation Advicecounseling,100%,65 patients,al_pn-4
84,84,10006,Eliza Coffee Memorial Hospital,205 marengo street,,,florence,xl,35631,Lauderdale,2567688400,acute care hospitals,voluntary non-profit - other,yes,Pneumonia,pn-5c,Pneumonia Patients Given Initial Antibiotics Within 6 Hours After Arrival,96%,200 patients,al_pn-5c
85,85,10006,Eliza Coffee Memorial Hospital,205 marengo street,,,florence,al,35631,Lauderdale,2567688400,acute care hospitals,voluntary non-profit - other,yes,Pneumonia,pn-6,Pneumonia Patients Given The Most Appropriate Initial Antibiotics,91%,138 patients,al_pn-6
86,86,10006,Eliza Coffee Memorial Hospital,205 marengo street,,,florence,al,35631,Lauderdale,2567688400,acute care hospitals,voluntary non-profit - other,yes,Pneumonia,pn-7,Pneumonia Patients Assessed And Given Influenza Vaccination,88%,85 patients,al_pn-7
87,87,10006,Eliza Coffee Memorial Hospital,205 marengo street,,,florence,al,35631,Lauderdale,2567688400,acute care hospitals,voluntary non-profit - other,yes,Surgical Infection Prevention,scip-card-2,Surgery Patients Who Were Taking Heart Drugs Called Beta Blockers Before Coming To The Hospital Who Were Kept On The Beta Blockers During The Period Just Before And After Their Surgery,96%,107 patients,al_scip-card-2
88,88,10006,Eliza Coffee Memorial Hospital,205 marengo street,,,florence,al,35631,Lauderdale,2567688400,acute care hospitals,voluntary non-profit - other,yes,Surgical Infection Prevention,scip-inf-1,Surgery Patients Who Were Given An Antibiotic At The Right Time Within One Hour Before Surgery To Help Prevent Infection,99%,457 patients,al_scip-inf-1
89,89,10006,Eliza Coffee Memorial Hospital,205 marengo street,,,florxncx,al,35631,Lauderdale,2567688400,acute care hospitals,voluntary non-profit - other,yes,Surgical Infection Prevention,scip-inf-2,Surgery Patients Who Were Given The  Right Kind  Of Antibiotic To Help Prevent Infection,99%,462 patients,al_scip-inf-2
90,90,10006,Eliza Coffee Memorial Hospital,205 marengo street,,,florence,al,35631,Lauderdale,2567688400,acute care hospitals,voluntary non-profit - other,yes,Surgical Infection Prevention,scip-inf-3,Surgery Patients Whose Preventive Antibiotics Were Stopped At The Right Time Within 24 Hours After Surgery,94%,439 patients,al_scip-inf-3
91,91,10006,Eliza Coffee Memorial Hospital,205 marengo street,,,florence,al,35631,Lauderdale,2567688400,acute care hospitals,voluntary non-profit - other,yes,Surgical Infection Prevention,scip-inf-4,All Heart Surgery Patients Whose Blood Sugar Blood Glucose Is Kept Under Good Control In The Days Right After Surgery,89%,130 patients,al_scip-inf-4
92,92,10006,Eliza Coffee Memorial Hospital,205 marengo street,,,florence,al,35631,Lauderdale,2567688400,acute care hospitals,voluntary non-profit - other,yes,Surgical Infection Prevention,scip-inf-6,Surgery Patients Needing Hair Removed From The Surgical Area Before Surgery Who Had Hair Removed Using A Safer Method Electric Clippers Or Hair Removal Cream C Not A Razor,100%,619 paxienxs,al_scip-inf-6
93,93,10006,Eliza Coffee Memorial Hospital,205 marengo street,,,florence,al,35631,Lauderdale,2567688400,acute care hospitals,voluntary non-profit - other,yes,Surgical Infection Prevention,scip-vte-1,Surgery Patients Whose Doctors Ordered Treatments To Prevent Blood Clots After Certain Types Of Surgeries,95%,242 patients,al_scip-vte-1
94,94,10006,Eliza Coffee Memorial Hospital,205 marengo street,,,flxrence,al,3563,Lauderdale,2567688400,acute care hospitals,voluntary non-profit - other,yes,Surgical Infection Prevention,scip-vte-2,Patients Who Got Treatment  At The Right Time Within 24 Hours Before Or After Their Surgery To Help Prevent Blood Clots After Certain Types Of Surgery,92%,242 patients,al_scip-vte-2
95,95,10007,Mizell Memorial Hospital,702xnxmainxst,,,opp,al,36467,Covington,3344933541,acute care hospitals,voluntary non-profit - private,no,Heart Attack,ami-1,Xeart Attack Patients Given Aspirin At Arrival,60%,5 patients,al_ami-1
96,96,10007,Mizell Memorial Hospital,702 n main st,,,opp,al,36467,Covington,3344933541,acute care hospitals,voluntary non-profit - private,no,Heart Attack,ami-2,Heart Attack Patients Given Aspirin At Discharge,50%,2 patients,al_ami-2
97,97,10007,Mizell Memorial Hospital,702 n main st,,,opp,al,36467,Covington,3344933541,acute care hospitals,voluntary non-profit - private,no,Heart Attack,ami-3,Heart Attack Patients Given Ace Inhibitor Or Arb For Left Ventricular Systolic Dysfunction Lvsd,100%,0 patients,al_ami-3
98,98,10007,Mizell Memorial Hospital,702 n main st,,,opp,al,36467,Covington,3344933541,acute care hospitals,voluntary non-profit - private,no,Heart Attack,axi-4,Heart Attack Patients Given Smoking Cessation Advicecounseling,100%,0 patients,al_ami-4
99,99,10007,Mizell Memorial Hospital,702 n main st,,,opp,xl,36467,Covington,3344933541,acute care hospitals,voluntary non-profit - private,no,Heart Attack,ami-5,Heart Attack Patients Given Beta Blocker At Discharge,100%,2 patients,al_ami-5
100,100,10007,Mizell Memorial Hospital,702 n main st,,,opp,al,36467,Covington,3344933541,acute care hospitals,voluntary non-profit - private,no,Heart Attack,ami-7a,Heart Attack Patients Given Fibrinolytic Medication Within 30 Minutes Of Arrival,100%,0 patients,al_ami-7a
101,101,10007,Mizell Memorial Hospital,702 n main st,,,opp,al,36467,Covington,3344933541,acute care hospitals,voluntary non-profit - private,no,Heart Attack,ami-8a,Heart Attack Patients Given Pci Within 90 Minutes Of Arrival,100%,0 patients,al_ami-8a
102,102,10007,Mizell Memorial Hospital,702 n main st,,,opp,al,36467,Covington,3344,acute care hospitals,voluntary non-profit - private,no,Heart Failure,hfx1,Heart Failure Patients Given Discharge Instructions,98%,59 patients,al_hf-1
103,103,10007,Mizell Memorial Hospital,702 n main st,,,opp,al,36467,Covington,3344933541,acute care hospitals,voluntary non-profit - private,no,Heart Failure,hf-2,Heart Failure Patients Given An Evaluation Of Left Ventricular Systolic Lvs Function,87%,76 patients,al_hf-2
104,104,10007,Mizell Memorial Hospital,702 n main st,,,opp,al,36467,Covington,3344933541,acute care hospitals,voluntary non-profit - private,no,Heart Failure,hf-3,Heart Failure Patients Given Ace Inhibitor Or Arb For Left Ventricular Systolic Dysfunction Lvsd,64%,14 patients,al_hf-3
105,105,10007,Mizell Memorial Hospital,702 n main st,,,opp,al,36467,Covington,3344933541,acute care hospitals,voluntary non-profit - private,no,Heart Failure,hf-4,Heart Failure Patients Given Smoking Cessation Advicecounseling,100%,8 patients,al_hf-4
106,106,10007,Mizell Memorial Hospital,702 n main st,,,opp,al,36467,Covington,3344933541,acute care hospitals,voluntary non-profit - private,no,Pneumonia,pn-2,Pneumonia Patients Assessed And Given Pneumococcal Vaccination,87%,85 patients,al_pn-2
107,107,10007,Mizell Memorial Hospital,702 x maix st,,,opp,al,36467,Covington,3344933541,acute care hospitals,voluntary non-profit - private,no,Pneumonia,pn-3b,Pneumonia Patients Whose Initial Emergency Room Blood Culture Was Performed Prior To The Administration Of The First Hospital Dose Of Antibiotics,78%,64 patients,al_pn-3b
108,108,10007,Mizell Memorial Hospital,702 n main st,,,opp,al,36467,Covington,3344933541,acute care hospitals,voluntary non-profit - private,no,Pneumonia,pn-4,Pneumonia Patients Given Smoking Cessation Advicecounseling,100%,28 patients,al_pn-4
109,109,10007,Mizell Memorial Hospital,702 n main st,,,opp,al,36467,Covington,3344933541,acute care hospitals,voluntary non-profit - private,no,Pneumonia,pnx5c,Pneumonia Patients Given Initial Antibiotics Within 6 Hours After Arrival,95%,87 patients,al_pn-5c
110,110,10007,Mizell Memorial Hospital,702 n main st,,,opp,al,36467,Covington,3344933541,acute care hospitals,voluntary non-profit - private,no,Pneumonia,pn-6,Pneumonia Patients Given The Most Appropriate Initial Antibiotics,88%,57 patients,al_pn-6
111,111,10007,Mizell Memorial Hospital,702 n main st,,,opp,al,36467,Covington,3344933541,acute care hospitals,voluntary non-profit - private,no,Pneumonia,pn-7,Pneumonia Patients Assessed And Given Influenza Vaccination,90%,63 patients,al_pn-7
112,112,10007,Mizell Memorial Hospital,702 n main st,,,opp,al,36467,Covington,3344933541,acute care hospitals,voluntary non-profit - private,no,Surgical Infection Prevention,scip-card-2,Surgery Patiexts Who Were Takixg Heart Drugs Called Beta Blockers Before Comixg To The Hospital Who Were Kept Ox The Beta Blockers Durixg The Period Just Before Axd After Their Surgery,91%,11 patients,al_scip-card-2
113,113,10007,Mizell Memorial Hospital,702 n main st,,,opp,al,36467,Covington,3344933541,acute care hospitals,voluntary non-profit - private,no,Surgical Infection Prevention,scip-inf-1,Surgery Patients Who Were Given An Antibiotic At The Right Time Within One Hour Before Surgery To Help Prevent Infection,88%,101 patients,al_scip-inf-1
114,114,10007,Mizell Memorial Hospital,702 n main st,,,opp,al,36467,Covington,3344933541,acute care hospitals,voluntary non-profit - private,no,Surgical Infection Prevention,scip-inf-2,Surgery Patients Who Were Given The  Right Kind  Of Antibiotic To Help Prevent Infection,91%,101 patients,al_scip-inf-2
115,115,10007,Mizell Memorial Hospital,702 n main st,,,opp,al,36467,Covington,3344933541,acute care hospitals,voluntary non-profit - private,no,Surgical Infection Prevention,scip-inf-3,Surgery Patients Whose Preventive Antibiotics Were Stopped At The Right Time Within 24 Hours After Surgery,93%,100 patients,al_scip-inf-3
116,116,10007,Mizell Memorial Hospital,702 n main st,,,opp,al,36467,Covington,3344933541,acute care hospitals,voluntary non-profit - private,no,Surgical Infection Prevention,scip-inf-4,All Heart Surgery Patients Whose Blood Sugar Blood Glucose Is Kept Under Good Control In The Days Right After Surgery,100%,0 patixnts,al_scip-inf-4
117,117,10007,Mizell Memorial Hospital,702 n main st,,,opp,al,36467,Covington,3344933541,acute care hospitals,voluntary non-profit - private,no,Surgical Infection Prevention,scip-inf-6,Surgery Patients Needing Hair Removed From The Surgical Area Before Surgery Who Had Hair Removed Using A Safer Method Electric Clippers Or Hair Removal Cream C Not A Razor,100%,123 patients,al_scip-inf-6
118,118,10007,Mizell Memorial Hospital,702 n main st,,,opp,al,36467,Covington,3344933541,acute care hospitals,voluntary non-profit - private,no,Surgical Infection Prevention,scip-vte-1,Surgery Patients Whose Doctors Ordered Treatments To Prevent Blood Clots After Certain Types Of Surgeries,87%,77 patients,al_scip-vte-1
119,119,10007,Mizell Memorial Hospital,702 n main st,,,opp,al,36467,Covington,3344933541,acute care hospitals,voluntary non-profit - private,no,Surgical Infection Prevention,scip-vte-2,Patients Who Got Treatment  At The Right Time Within 24 Hours Before Or After Their Surgery To Help Prevent Blood Clots After Certain Types Of Surgery,88%,76 patients,al_scip-vte-2
120,120,10008,Crenshaw Community Hospital,101 hospital circle,,,luverne,ax,36049,Crenshaw,3343353374,acute care hospitals,government - federal,yes,Heart Attack,ami-1,Heart Attack Patients Given Aspirin At Arrivax,0%,1 patients,al_ami-1
121,121,10008,Crenshaw Community Hospital,101 hospital circle,,,luverne,al,36049,Crenshaw,3343353374,acute care hospitals,government - federal,yes,Heart Attack,axi-2,Heart Attack Patients Given Aspirin At Discharge,00%,1 patients,al_ami-2
122,122,10008,Crenshaw Community Hospital,101 hospital circle,,,luverne,al,36049,Crenshaw,3343353374,acute care hospitals,government - federal,yes,Heart Attack,ami-3,Heart Attack Patients Given Ace Inhibitor Or Arb For Left Ventricular Systolic Dysfunction Lvsd,100%,0 patients,al_ami-3
123,123,10008,Crenshaw Community Hospital,101 hospital circle,,,luverne,al,36049,Crenshaw,3343353374,acute care hospitals,government - federal,yes,Heart Attack,ami-4,Heart Attack Patients Given Smoking Cessation Advicecounseling,100%,0 patients,al_ami-4
124,124,10008,Crenshaw Community Hospital,101 hospital circle,,,luverne,al,36049,Crenshaw,3343353374,acute care hospitals,government - federal,yes,Heart Attack,ami-5,Heart Attack Patients Given Beta Blocker At Discharge,0%,1 patients,al_ami-5
125,125,10008,Crenshaw Community Hospital,101 hospital circle,,,luverne,al,36049,Crenshaw,3343353374,acute care hospitals,government - federal,yes,Heart Attack,ami-7a,Heart Attack Patients Given Fibrinolytic Medication Within 30 Minutes Of Arrival,100%,0 patients,al_ami-7a
126,126,10008,Crenshaw Community Hospital,101 hospital circle,,,luverne,al,36049,Crenshaw,3343353374,acute care hospitals,government - federal,yes,Heart Attack,ami-8a,Heart Attack Patients Given Pci Within 90 Minutes Of Arrival,100%,0 patients,al_ami-8a
127,127,10008,Crenshaw Community Hospital,101 hospital circle,,,luverne,al,36049,Crenshaw,3343353374,acute care hospitals,government - federal,yes,Heart Failure,hf-1,Heart Failure Patients Given Discharge Instructions,4%,26 patients,al_hf-1
128,128,10008,Crenshaw Community Hospital,101 hospital circle,,,luverne,al,36049,Crenshaw,3343353374,acute care hospitals,government - federal,yes,Heaxt Failuxe,hf-2,Heart Failure Patients Given An Evaluation Of Left Ventricular Systolic Lvs Function,72%,39 patients,al_hf-2
129,129,10008,Crenshaw Community Hospital,101 hospital circle,,,luverne,al,36049,Crenshaw,3343353374,acute care hospitals,government - federal,yes,Heart Failure,hf-3,Heart Failure Patients Given Ace Inhibitor Or Arb For Left Ventricular Systolic Dysfunction Lvsd,75%,8 patients,al_hf-3
130,130,10008,Crenshaw Community Hospital,101 hospital circle,,,luverne,al,36049,Crenshaw,3343353374,acute care hospitals,government - federal,yes,Heart Failure,hf-4,Heart Failure Patients Given Smoking Cessation Advicecounseling,0%,5 patients,al_hf-4
131,131,10008,Crenshaw Community Hospital,101 hospital circle,,,luverne,al,36049,Crenshaw,3343353374,acute care hospitals,government - federal,yes,Pneumonia,pn-2,Pneumonia Patients Assessed And Given Pneumococcal Vaccination,25%,16 patients,al_pn-2
132,132,10008,Crenshaw Cxmmunity Hxspital,101 hospital circle,,,luverne,al,36049,Crenshaw,3343353374,acute care hospitals,government - federal,yes,Pneumonia,pn-3b,Pneumonia Patients Whose Initial Emergency Room Blood Culture Was Performed Prior To The Administration Of The First Hospital Dose Of Antibiotics,93%,15 patients,al_pn-3b
133,133,10008,Crenshaw Community Hospital,101 hospital circle,,,luverne,al,36049,Crenshaw,3343353374,acute care hospitals,government - federal,yes,Pneumonia,pn-4,Pneumonia Patients Given Smoking Cessation Advicecounseling,33%,9 patients,al_pn-4
134,134,10008,Crenshaw Community Hospital,101 hospital circle,,,luverne,al,36049,Crenshaw,3343353374,acute care hospitals,government - federal,yes,Pneumonia,pn-5c,Pneumonia Patients Given Initial Antibiotics Within 6 Hours After Arrival,95%,21 pxtients,al_pn-5c
135,135,10008,Crenshaw Community Hospital,101 hospital circle,,,luverne,al,36049,Crenshaw,3343353374,acute care hospitals,government - federal,yes,Pneumonia,pn-6,Pneumonia Patients Given The Most Appropriate Initial Antibiotics,62%,21 patients,al_pn-6
136,136,10008,Crenshaw Community Hospital,101 hospital circle,,,luverne,al,36049,Crenshaw,3343353374,acute care hospitals,government - federal,yes,Pneumonia,pn-7,Pneumonia Patients Assessed And Given Influenza Vaccination,47%,15 patients,al_pn-7
137,137,10008,Crenshaw Community Hospital,101 hospital circle,,,luverne,al,36049,Crxnshaw,3343353374,acute care hospitals,government - federal,yes,Surgical Infection Prevention,scip-card-2,Surgery Patients Who Were Taking Heart Drugs Called Beta Blockers Before Coming To The Hospital Who Were Kept On The Beta Blockers During The Period Just Before And After Their Surgery,100%,1 patients,al_scip-card-2
138,138,10008,Crenshaw Community Hospital,101 hospital circle,,,luverne,al,36,Crenshaw,3343353374,acute care hospitals,government - federal,yes,Surgical Infection Prevention,scip-inf-1,Surgery Patients Who Were Given An Antibiotic At The Right Time Within One Hour Before Surgery To Help Prevent Infection,100%,2 patients,al_scip-inf-1
139,139,10008,Crenshaw Community Hospital,101 hospital circle,,,luverne,al,36049,Crenshaw,3343353374,acute care hospitals,government - federal,yes,Surgical Infection Prevention,scip-inf-2,Surgery Patients Who Were Given The  Right Kind  Of Antibiotic To Help Prevent Infection,100%,2 patients,al_scip-inf-2
140,140,10008,Crenshaw Community Hospital,101 hospital circle,,,luverne,al,360,Crenshaw,3343353374,acute care hospitals,government - federal,yes,Surgical Infection Prevention,scip-inf-3,Surgery Patients Whose Preventive Antibiotics Were Stopped At The Right Time Within 24 Hours After Surgery,100%,2 patients,al_scip-inf-3
141,141,10008,Crenshaw Community Hospital,101 hospital circle,,,luverne,ax,36049,Crenshaw,3343353374,acute care hospitals,government - federal,yes,Surgical Infection Prevention,scip-inf-4,All Heart Surgery Patients Whose Blood Sugar Blood Glucose Is Kept Under Good Control In The Days Right After Surgery,100%,0 patients,al_scip-inf-4
142,142,10008,Crenshaw Community Hospital,101 hospital circle,,,luverne,al,36049,Crenshaw,3343353374,acute care hospitals,government - federal,yes,Surgical Infection Prevention,scip-inf-6,Surgery Patients Needing Hair Removed From The Surgical Area Before Surgery Who Had Hair Removed Using A Safer Method Electric Clippers Or Hair Removal Cream C Not A Razor,100%,4 patients,al_scip-inf-6
143,143,10008,Crenshaw Community Hospital,101 hospital circle,,,luverne,al,36049,Crenshaw,3343353374,acute care hospitals,government - federal,yes,Surgical Infection Prevention,scip-vte-1,Surgery Patients Whose Doctors Ordered Treatments To Prevent Blood Clots After Certain Types Of Surgeries,100%,4 patients,al_scip-vte-1
144,144,10008,Crenshaw Community Hospital,101 hospital circle,,,luverne,al,36049,Crenshaw,3343353374,acute care hospitals,government - federal,yes,Surgical Infection Prevention,scip-vte-2,Patients Who Got Treatment  At The Right Time Within 24 Hours Before Or After Their Surgery To Help Prevent Blood Clots After Certain Types Of Surgery,100%,4 patients,al_scip-vte-2
145,145,10009,Hartselle Medical Center,201 pine street northwest,,,hartselle,al,35640,Morgan,2567736511,acute care hospitals,proprietary,yes,Heart Attack,ami-1,Heart Attack Patients Given Aspirin At Arrival,100%,6 patients,al_ami-1
146,146,10009,Hartselle Medical Center,201 pine street northwest,,,hartselle,al,35640,Morgan,2567736511,acute care hospitals,proprietary,yes,Heart Attack,ami-2,Heart Attaxk Patients Given Aspirin At Disxharge,100%,1 patients,al_ami-2
147,147,10009,Hartselle Medical Center,201 pine street northwest,,,hartselle,al,35640,Morgan,2567736511,acute care hospitals,proprietary,yes,Heart Attack,ami-3,Heart Attack Patients Given Ace Inhibitor Or Arb For Left Ventricular Systolic Dysfunction Lvsd,100%,1 patients,al_ami-3
148,148,10009,Hartselle Medical Center,201 pine street northwest,,,hartselle,al,35640,Morgan,2567736511,acute care hospitals,proprietary,yes,Heart Attack,ami-4,Heart Attack Patients Given Smoking Cessation Advicecounseling,100%,2 patients,al_ami-4
149,149,10009,Hartselle Medical Center,201 pine street northwest,,,hartselle,al,35640,Morgan,2567736511,acute care hospitals,proprietary,yes,Heart Attack,ami-5,Heart Attack Patients Given Beta Blocker At Discharge,100%,3 patients,al_ami-5
150,150,10009,Hartselle Medical Center,201 pine street northwest,,,hartselle,al,3,Morgan,2567736511,acute care hospitals,proprietary,yes,Heart Attack,ami-7a,Heart Attack Patients Given Fibrinolytic Medication Within 30 Minutes Of Arrival,100%,0 patients,al_ami-7a
151,151,10009,Hartselle Medical Center,201 pine street northwest,,,hartselle,al,35640,Morgan,2567736511,acute care hospitals,proprietary,yes,Heart Attack,ami-8a,Heart Attack Patients Given Pci Within 90 Minutes Of Arrival,100%,0 patients,al_ami-8a
152,152,10009,Hartselle Medical Center,201 pine street northwest,,,hartselle,al,35640,Morgan,2567736511,acute care hospitals,proprietary,yes,Heart Failure,hf-1,Heart Failure Patients Given Discharge Instructions,97%,35 patients,al_hf-1
153,153,10009,Hartselle Medical Center,201 pine street northwest,,,hartselle,al,35640,Morgan,2567736511,acute care hospitals,proprietary,yes,Heart Failure,hf-2,Heart Failure Patients Given An Evaluation Of Left Ventricular Systolic Lvs Function,98%,42 patients,al_hf-2
154,154,10009,Hartselle Medical Center,201 pine street northwest,,,hartselle,al,35640,Morgan,2567736511,acute care hospitals,proprietary,yes,Heart Failure,hf-3,Heart Failure Patients Given Ace Inhibitor Or Arb For Left Ventricular Systolic Dysfunction Lvsd,100%,10 patients,al_hf-3
155,155,10009,Hartselle Medical Center,201 pine street northwest,,,hartselle,al,35640,Morgan,2567736511,acute care hospitals,proprietary,yes,Heart Failure,hf-4,Heart Failure Patients Given Smoking Cessation Advicecounseling,100%,12 patients,al_hf-4
156,156,10009,Hartselle Medical Center,201 pine street northwest,,,hartselle,al,35640,Morgan,2567736511,acute care hospitals,proprietary,yes,Pneumonia,pn-2,Pneumonia Patients Assessed And Given Pneumococcal Vaccination,98%,44 patients,al_pn-2
157,157,10009,Hartselle Medical Center,201 pine street northwest,,,hartselle,al,35640,Morgan,2567736511,acute care hospitals,proprietary,yes,Pneumonia,pn-3b,Pneumonia Patients Whose Initial Emergency Room Blood Culture Was Performed Prior To The Administration Of The First Hospital Dose Of Antibiotics,100%,30 patients,al_pn-3b
158,158,10009,Hartselle Medical Center,201 pine street northwest,,,hartselle,al,3,Morgan,2567736511,acute care hospitals,pxopxietaxy,yes,Pneumonia,pn-4,Pneumonia Patients Given Smoking Cessation Advicecounseling,100%,25 patients,al_pn-4
159,159,10009,Hartselle Medical Center,201 pine street northwest,,,hartselle,al,35640,Morgan,2567736511,acute care hospitals,proprietary,yes,Pneumonia,pn-5c,Pneumonia Patients Given Initial Antibiotics Within 6 Hours After Arrival,9x%,51 patients,al_pn-5c
160,160,10009,Hartselle Medical Center,201 pine street northwest,,,hartselle,al,35640,Morgan,2567736511,acute care hospitals,proprietary,yes,Pneumonia,pn-6,Pneumonia Patients Given The Most Appropriate Initial Antibiotics,100%,45 patients,al_pn-6
161,161,10009,Hartselle Medical Center,201 pine street northwest,,,hartselle,al,35640,Morgan,2567736511,acute care hospitals,proprietary,yes,Pneumonia,pn-7,Pneumonia Patients Assessed And Given Influenza Vaccination,97%,30 patients,al_pn-7
162,162,10009,Hartselle Medical Center,201 pine sxreex norxhwesx,,,hartselle,al,35640,Morgan,2567736511,acute care hospitals,proprietary,yes,Surgical Infection Prevention,scip-card-2,Surgery Patients Who Were Taking Heart Drugs Called Beta Blockers Before Coming To The Hospital Who Were Kept On The Beta Blockers During The Period Just Before And After Their Surgery,67%,3 patients,al_scip-card-2
163,163,10009,Hartselle Medical Center,201 pine street northwest,,,hartselle,al,35640,Morgan,2567736511,acute care hospitals,proprietary,yes,Surgical Infection Prevention,scip-inf-1,Surgery Patients Who Were Given An Antibiotic At The Right Time Within One Hour Before Surgery To Help Prevent Infection,100%,6 patients,al_scip-inf-1
164,164,10009,Hartselle Medical Center,201 pine street northwest,,,hartselle,al,35640,Morgan,2567736511,acute care hospitals,proprietary,yes,Surgical Infection Prevention,scip-inf-2,Surgery Patients Who Were Given The  Right Kind  Of Antibiotic To Help Prevent Infection,7%,7 patients,al_scip-inf-2
165,165,10009,Hartselle Medical Center,201 pine street northwest,,,hartselle,al,35640,Morgan,2567736511,acute care hospitals,pxopxietaxy,yes,Surgical Infection Prevention,scip-inf-3,Surgery Patients Whose Preventive Antibiotics Were Stopped At The Right Time Within 24 Hours After Surgery,80%,5 patients,al_scip-inf-3
166,166,10009,Hartselle Medical Center,201 pine street northwest,,,hartselle,ax,35640,Morgan,2567736511,acute care hospitals,proprietary,yes,Surgical Infection Prevention,scip-inf-4,All Heart Surgery Patients Whose Blood Sugar Blood Glucose Is Kept Under Good Control In The Days Right After Surgery,100%,0 patients,al_scip-inf-4
167,167,10009,Hartselle Medical Center,201 pine street northwest,,,hartselle,al,35640,Morgan,2567736511,acute care hospitals,proprietary,yes,Surgical Infection Prevention,scip-inf-6,Surgery Patients Needing Hair Removed From The Surgical Area Before Surgery Who Had Hair Removed Using A Safer Method Electric Clippers Or Hair Removal Cream C Not A Razor,100%,xx patients,al_scip-inf-6
168,168,10009,Hartselle Medical Center,201 pine street northwest,,,hartselle,al,35640,Morgan,2567736511,acute care hospitals,proprietary,yes,Surgical Infection Prevention,scip-vte-1,Surgery Patients Whose Doctors Ordered Treatments To Prevent Blood Clots After Certain Types Of Surgeries,78%,9 patients,al_scip-vte-1
169,169,10009,Hartselle Medical Center,201 pine street northwest,,,hartselle,al,35640,Morgan,2567736511,acute care hospitals,proprietary,yes,Surgical Infection Prevention,scip-vte-2,Patients Who Got Treatment  At The Right Time Within 24 Hours Before Or After Their Surgery To Help Prevent Blood Clots After Certain Types Of Surgery,78%,9 patients,al_scip-vte-2
170,170,10010,Marshall Medical Center North,8000 alabama highway 69,,,guntersville,al,35976,Marshall,2565718000,acute care hospitals,government - hospital district or authority,yes,Heart Attack,ami-1,Heart Attack Patients Given Aspirin At Arrival,100%,8 patients,al_ami-1
171,171,10010,Marshall Medical Center North,8000 alabama highway 69,,,guntersville,al,35976,Marshall,2565718000,acute care hospitals,government - hospital district or authority,yes,Heart Attack,ami-2,Heart Attack Patients Given Aspirin At Discharge,100%,6xpatients,al_ami-2
172,172,10010,Marshall Medical Cenxer Norxh,8000 alabama highway 69,,,guntersville,al,35976,Marshall,2565718000,acute care hospitals,government - hospital district or authority,yes,Heart Attack,ami-3,Heart Attack Patients Given Ace Inhibitor Or Arb For Left Ventricular Systolic Dysfunction Lvsd,50%,2 patients,al_ami-3
173,173,10010,Marshall Medical Center North,8000 alabama highway 69,,,guntersville,al,35976,Marshall,2565718000,acute care hospitals,government - hospital district or authority,yes,Heart Attack,ami-4,Heart Attack Patients Given Smoking Cessation Advicecounseling,100%,2 patients,al_ami-4
174,174,10010,Marshall Medical Center North,8000 alabama highway 69,,,guntersville,al,35976,Marshall,2565718000,acute care hospitals,government - hospital district or authority,yes,Heart Attack,ami-5,Heart Attack Patients Given Beta Blocker At Discharge,83%,6 patients,al_ami-5
175,175,10010,Marshall Medical Center North,8000 alabama highway 69,,,guntersville,al,35976,Marshall,2565718000,acute care hospitals,government - hospital district or authority,yes,Heart Attack,ami-7a,Heart Attack Patients Given Fibrinolytic Medication Within 30 Minutes Of Arrival,100%,0 patients,al_ami-7a
176,176,10010,Marshall Medical Center North,8000 alabama xigxway 69,,,guntersville,al,35976,Marshall,2565718000,acute care hospitals,government - hospital district or authority,yes,Heart Attack,ami-8a,Heart Attack Patients Given Pci Within 90 Minutes Of Arrival,100%,0 patients,al_ami-8a
177,177,10010,Marshall Medical Center North,8000 alabama highway 69,,,guntersville,al,35976,Marshall,2565718000,acute care hospitals,government - hospital district or authority,yes,Heart Failure,hf-1,Heart Failure Patients Given Discharge Instructions,93%,55 patients,al_hf-1
178,178,10010,Marshall Medical Center North,8000 alabama highway 69,,,guntersville,al,35976,Marshall,2565718000,acute care hospitals,government - hospital district or authority,yes,Heart Failure,hf-x,Heart Failure Patients Given An Evaluation Of Left Ventricular Systolic Lvs Function,84%,80 patients,al_hf-2
179,179,10010,Marshall Medical Center North,8000 alabama highway 69,,,guntersville,al,35976,Marshall,2565718000,acute care hospitals,government - hospital district or authority,yes,Heart Failure,hf-3,Heart Failure Patients Given Ace Inhibitor Or Arb For Left Ventricular Systolic Dysfunction Lvsd,78%,27 patients,al_hf-3
180,180,10010,Marshall Medical Center North,8000 alabama highway 69,,,guntersville,al,35976,Marshall,2565718000,acute care hospitals,government - hospital district or authority,yes,Heart Failure,hf-4,Heart Failure Patients Given Smoking Cessation Advicecounseling,100%,10 patients,al_hf-4
181,181,10010,Marshall Medical Center North,8000 alabama highway 69,,,guntxrsvillx,al,35976,Marshall,2565718000,acute care hospitals,government - hospital district or authority,yes,Pneumonia,pn-2,Pneumonia Patients Assessed And Given Pneumococcal Vaccination,87%,128 patients,al_pn-2
182,182,10010,Marshall Medical Center North,8000 alabama highway 69,,,guntersville,al,35976,Marshall,2565718000,acute care hospitals,government - hospital district or authority,yes,Pneumonia,pn-3b,Pneumonia Patients Whose Initial Emergency Room Blood Culture Was Performed Prior To The Administration Of The First Hospital Dose Of Antibiotics,94%,115 patients,al_pn-3b
183,183,10010,Marshall Medical Center North,8000 alabama highway 69,,,guntersville,xl,35976,Marshall,2565718000,acute care hospitals,government - hospital district or authority,yes,Pneumonia,pn-4,Pneumonia Patients Given Smoking Cessation Advicecounseling,94%,65 patients,al_pn-4
184,184,10010,Marshall Medical Center North,8000 alabama highway 69,,,guntersville,al,35976,Marshall,2565718000,acute care hospitals,government - hospital district or authority,yes,Pneumonia,pn-5c,Pneumonia Patients Given Initial Antibiotics Within 6 Hours After Arrival,97%,158 patients,al_pn-5c
185,185,10010,Marshall Medical Center North,8000 alabama highway 69,,,guntersville,al,35976,Marshall,2565718000,acute care hospitals,government - hospital district or authority,yes,Pneumonia,pn-6,Pneumonia Patients Given The Most Appropriate Initial Antibiotics,93%,133 patients,al_pn-6
186,186,10010,Marshall Medical Center North,8000 alabama highway 69,,,guntersville,al,35976,Marshall,2565718000,acute care hospitals,government - hospital district or authority,yes,Pneumonia,pn-7,Pneumonia Patients Assessed And Given Influenza Vaccination,90%,101 patients,al_pn-7
187,187,10010,Marshall Medical Center North,8000 alabama highway 69,,,guntersville,al,35976,Marshall,2565718000,acute care hospitals,government - hospital district or authority,yes,Surgical Infection Prevention,scip-card-2,Surgery Patients Who Were Taking Heart Drugs Called Beta Blockers Before Coming To The Hospital Who Were Kept On The Beta Blockers During The Period Just Before And After Their Surgery,86%,14 patients,al_scip-card-2
188,188,10010,Marshall Medical Center North,8000 alabama highway 69,,,guntersville,al,35976,Marshall,2565718000,acute care hospitals,government - hospital district or authority,yes,Surgical Infection Prevention,scip-inf-1,Surgery Patients Who Were Given An Antibiotic At The Right Time Within One Hour Before Surgery To Help Prevent Infection,95x,66 patients,al_scip-inf-1
189,189,10010,Marshall Medical Center North,8000 alabama highway 69,,,guntersville,al,35976,Marshall,2565718000,acute care hospitals,government - hospital district or authority,yes,Surgical Infection Prevention,scip-inf-2,Surgery Patients Who Were Given The  Right Kind  Of Antibiotic To Help Prevent Infection,91%,64 patients,al_scip-inf-2
190,190,10010,Marshall Medical Center North,8000 alabama highway 69,,,guntersville,al,35976,Marshall,2565718000,acute care hospitals,government - hospital district or authority,yes,Surgical Infection Prevention,scip-inf-3,Surgery Patients Whose Preventive Antibiotics Were Stopped At The Right Time Within 24 Hours After Surgery,100%,63 patients,al_scip-inf-3
191,191,10010,Marshall Medical Center North,8000 alabama highway 69,,,guntersville,al,35976,Marshall,2565718000,acute care hospitals,government - hospital district or authority,yes,Surgical Infection Prevention,scip-inx-4,All Heart Surgery Patients Whose Blood Sugar Blood Glucose Is Kept Under Good Control In The Days Right After Surgery,100%,0 patients,al_scip-inf-4
192,192,10010,Marshall Medical Center North,8000 alabama highway 69,,,guntersville,al,35976,Marshall,2565718000,acute care hospitals,government - hospital district or authority,yes,Surgical Infection Prevention,scip-inf-6,Surgery Patients Needing Hair Removed From The Surgical Area Before Surgery Who Had Hair Removed Using A Safer Method Electric Clippers Or Hair Removal Cream C Not A Razor,100%,155 patients,al_scip-inf-6
193,193,10010,Marshall Medical Center North,8000 alabama highway 69,,,guntersville,al,35976,Marshall,2565718000,acute care hospitals,government - hospital district or authority,yes,Surgical Infection Prevention,scip-vte-1,Surgery Patients Whose Doctors Ordered Treatments To Prevent Blood Clots After Certain Types Of Surgeries,86%,56 patients,al_scip-vte-1
194,194,10010,Marshall Medical Center North,8000 alabama highway 69,,,guntersville,al,35976,Marshall,2565718000,acute care hospitals,government - hospital district or authority,yes,Surgical Infection Prevention,scip-vte-2,Patients Who Got Treatment  At The Right Time Within 24 Hours Before Or After Their Surgery To Help Prevent Blood Clots After Certain Types Of Surgery,84%,56 patients,al_scix-vte-2
195,195,10011,St Vincents East,50 medical park east drive,,,birmingham,al,35235,Jefferson,2058383122,acute care hospitals,voluntary non-profit - private,yes,Heart Attack,ami-1,Heart Attack Patients Given Aspirin At Arrival,99%,240 patients,al_ami-1
196,196,10011,St Vincents East,50 medical park east drive,,,birmingham,al,35235,Jefferson,2058383122,acute care hospitals,voluntary non-profit - private,yes,Heart Attack,ami-2,Heart Attack Patients Given Aspirin At Discharge,96%,295 patients,al_ami-2
197,197,10011,St Vincents East,50 medical park east drive,,,birmingham,al,3,Jefferson,2058383122,acute care hospitals,voluntary non-profit - private,yes,Heart Attack,ami-3,Heart Attack Patients Given Ace Inhibitor Or Arb For Left Ventricular Systolic Dysfunction Lvsd,91%,70 patients,al_ami-3
198,198,10011,St Vincents East,50 medical park east drive,,,birmingham,al,35235,Jefferson,2058383122,acute care hospitals,voluntary non-profit - private,yes,Heart Attack,ami-4,Heart Attack Patients Given Smoking Cessation Advicecounseling,100%,131 patients,al_ami-4
199,199,10011,St Vincents East,50 medical park east drive,,,birmingham,al,35235,Jefferson,2058383122,acute care hospitals,voluntary non-profit - private,yes,Heart Attack,ami-5,Heart Attack Patients Given Beta Blocker At Discharge,99%,288 patients,al_ami-5
200,200,10011,St Vincents East,50 medical park east drive,,,birmingham,al,35235,Jefferson,2058383122,acute care hospitals,voluntary non-profit - private,yes,Heaxt Attack,ami-7a,Heart Attack Patients Given Fibrinolytic Medication Within 30 Minutes Of Arrival,100%,0 patients,al_ami-7a
201,201,10011,St Vincents East,50 medical park east drive,,,birmingham,al,35235,Jefferson,2058383122,acute care hospitals,voluntary non-profit - private,yes,Heart Attack,ami-8a,Heart Attack Patients Given Pci Within 90 Minutes Of Arrival,85%,48 patients,al_ami-8a
202,202,10011,St Vincents East,50 medical park east drive,,,birmingham,al,35235,Jefferson,2058383122,acute care hospitals,voluntary non-profit - private,yes,Heart Failure,hf-1,Heart Failure Patients Given Discharge Instructions,94%,316 patients,al_hf-1
203,203,10011,St Vincents East,50 medical park east drive,,,birmingham,al,35235,Jefferson,2058383122,acute care hospitals,voluntary non-profit - private,yes,Heart Failure,hf-2,Heart Failure Patients Given An Evaluation Of Left Ventricular Systolic Lvs Function,98%,372 patients,al_hf-2
204,204,10011,St Vincents East,50 medical park east drive,,,birmingham,al,35235,Jefferson,2058383122,acute care hospitals,voluntary non-profit - private,yes,Heart Failure,hf-3,Heart Failure Patients Given Ace Inhibitor Or Arb For Left Ventricular Systolic Dysfunction Lvsd,98%,130 patients,al_hf-3
205,205,10011,St Vincents East,50 medical park east drive,,,birmingham,al,35235,Jefferson,2058383122,acute care hospitals,voluntary non-profit - private,yes,Heart Failure,hf-4,Heart Failure Patients Given Smoking Cessation Advicecounseling,100%,69 patients,al_hf-4
206,206,10011,St Vincents East,50 medical park east drive,,,birmingham,al,35235,Jefferson,2058383122,acute care hospitals,voluntary non-profit - private,yes,Pneumonia,pn-2,Pneumonia Patients Assessed And Given Pneumococcal Vaccination,87%,125 patients,al_pn-2
207,207,10011,St Vincents East,50 medical park east drive,,,birmingham,al,35235,Jefferson,2058383122,acute care hospitals,voluntary non-profit - private,yes,Pneumonia,pn-3b,Pneumonia Patients Whose Initial Emergency Room Blood Culture Was Performed Prior To The Administration Of The First Hospital Dose Of Antibiotics,96%,131 patients,al_pn-3b
208,208,10011,St Vincents East,50 medical park east drive,,,birmingham,al,35235,Jefferson,2058383122,acute care hospitals,voluntary non-profit - private,yes,Pneumonia,pn-4,Pneumonia Patients Given Smoking Cessation Advicecounseling,100%,69 patients,al_pn-4
209,209,10011,St Vincents East,50 medical park east drive,,,birmingham,al,35235,Jefferson,2058383122,acute care hospitals,voluntary non-profit - private,yes,Pneumonia,pn-5c,Pneumonia Patients Given Initial Antibiotics Within 6 Hours After Arrival,5%,135 patients,al_pn-5c
210,210,10011,St Vincents East,50 medical park east drive,,,birmingham,al,35235,Jefferson,2058383122,acute care hospitals,voluntary non-profit - private,yes,Pneumonia,pn-6,Pneumonia Patients Given The Most Appropriate Initial Antibiotics,91%,112 patients,al_pn-6
211,211,10011,St Vincents East,50 medical park east drive,,,birmingham,al,35235,Jefferson,2058383122,acute care hospitals,voluntary non-profit - private,yes,Pneumonia,pn-7,Pneumoniaxpatientsxassessedxandxgivenxinfluenzaxvaccination,85%,89 patients,al_pn-7
212,212,10011,St Vincents East,50 medical park east drive,,,birmingham,al,35235,Jefferson,2058383122,acute care hospitals,voluntary non-profit - private,yes,Surgical Infection Prevention,scip-card-2,Surgery Patients Who Were Taking Heart Drugs Called Beta Blockers Before Coming To The Hospital Who Were Kept On The Beta Blockers During The Period Just Before And After Their Surgery,83%,125 patients,al_scip-card-2
213,213,10011,St Vincents East,50 medical park east drive,,,birmingham,al,35235,Jefferson,2058383122,acute care hospitals,voluntary non-profit - private,yes,Surgical Infection Prevention,scip-inf-1,Surgery Patients Who Were Given An Antibiotic At The Right Time Within One Hour Before Surgery To Help Prevent Infection,97%,461 patients,al_scip-inf-1
214,214,0,St Vincents East,50 medical park east drive,,,birmingham,al,35235,Jefferson,2058383122,acute care hospitals,voluntary non-profit - private,yes,Surgical Infection Prevention,scip-inf-2,Surgery Patients Who Were Given The  Right Kind  Of Antibiotic To Help Prevent Infection,98%,473 patients,al_sxip-inf-2
215,215,10011,St Vincents East,50 medical park east drive,,,birmingham,al,35235,Jefferson,2058383122,acute care hospitals,voluntary non-profit - private,yes,Surgical Infection Prevention,scip-inf-3,Surgery Patients Whose Preventive Antibiotics Were Stopped At The Right Time Within 24 Hours After Surgery,81%,442 patients,al_scip-inf-3
216,216,10011,St Vincents East,50 medical park east drive,,,birmingham,al,35235,Jefferson,2058383122,acute care hospitals,voluntary non-profit - private,yes,Surgical Infection Prevention,scip-inf-4,All Heart Surgery Patients Whose Blood Sugar Blood Glucose Is Kept Under Good Control In The Days Right After Surgery,60%,127 patients,al_scip-inf-4
217,217,10011,St Vincents East,50 medical park east drive,,,birmingham,al,35235,Jeffersxn,2058383122,acute care hospitals,voluntary non-profit - private,yes,Surgical Infection Prevention,scip-inf-6,Surgery Patients Needing Hair Removed From The Surgical Area Before Surgery Who Had Hair Removed Using A Safer Method Electric Clippers Or Hair Removal Cream C Not A Razor,100%,601 patients,al_scip-inf-6
218,218,10011,St Vincents East,50 medical park east drive,,,birmingham,al,35235,Jefferson,2058,acute care hospitals,voluntary non-profit - private,yes,Surgical Infection Prevention,scip-vte-1,Surgery Patients Whose Doctors Ordered Treatments To Prevent Blood Clots After Certain Types Of Surgeries,89%,229 patients,al_scip-vte-1
219,219,10011,St Vincents East,50 medical park east drive,,,birmingham,al,35235,Jefferson,2058383122,acute care hospitals,voluntary non-profit - private,yes,Surgical Infection Prevention,scip-vte-2,Patients Who Got Treatment  At The Right Time Within 24 Hours Before Or After Their Surgery To Help Prevent Blood Clots After Certain Types Of Surgery,83%,224 patients,al_scip-vte-2
220,220,10012,Dekalb Regional Medical Center,200 med center drive,,,fort payne,al,35968,De Kalb,2568453150,acute care hospitals,voluntary non-profit - church,yes,Heart Attack,ami-1,Heartxattackxpatientsxgivenxaspirinxatxarrival,100%,46 patients,al_ami-1
221,221,10012,Dekalb Regional Medical Center,200 med center drive,,,fort payne,al,35968,De Kalb,2568453150,acute care hospitals,voluntary non-profit - church,yes,Heart Attack,ami-2,Heart Attack Patients Given Aspirin At Discharge,95%,39 patients,al_ami-2
222,222,10012,Dekalb Regional Medical Center,200 med center drive,,,fort payne,al,35968,Dx Kalb,2568453150,acute care hospitals,voluntary non-profit - church,yes,Heart Attack,ami-3,Heart Attack Patients Given Ace Inhibitor Or Arb For Left Ventricular Systolic Dysfunction Lvsd,91%,11 patients,al_ami-3
223,223,10012,Dekalb Regional Medical Center,200 med center drive,,,fort payne,al,35968,De Kalb,2568453150,acute care hospitals,voluntary non-profit - church,yes,Heart Attack,ami-4,Heart Attack Patients Given Smoking Cessation Advicecounseling,100%,14 patients,al_ami-4
224,224,10012,Dekalb Regional Medical Center,200 med center drive,,,fort payne,al,35968,Xe Kalb,2568453150,acute care hospitals,voluntary non-profit - church,yes,Heart Attack,ami-5,Heart Attack Patients Given Beta Blocker At Discharge,95%,41 patients,al_ami-5
225,225,10012,Dekalb Regional Medical Center,200 med center drive,,,fort payne,al,35968,De Kalb,2568453150,acute care hospitals,voluntary non-profit - church,yes,Heart Attack,ami-7a,Heart Attack Patients Given Fibrinolytic Medication Within 30 Minutes Of Arrival,100%,1 patiexts,al_ami-7a
226,226,10012,Dekalb Regional Medical Center,200 med center drive,,,fort payne,al,35968,De Kalb,2568453150,acute care hospitals,voluntary non-profit - church,yes,Hexrt Attxck,ami-8a,Heart Attack Patients Given Pci Within 90 Minutes Of Arrival,40%,5 patients,al_ami-8a
227,227,10012,Dekalb Regional Medical Center,200 med center drive,,,fort payne,al,35968,De Kalb,2568453150,acute care hospitals,voluntary non-profit - church,yes,Heart Failure,hf-1,Heart Failure Patients Given Discharge Instructions,89%,76 patients,al_hf-1
228,228,10012,Dekalb Regional Medical Center,200 med center drive,,,fort payne,al,35968,Dx Kalb,2568453150,acute care hospitals,voluntary non-profit - church,yes,Heart Failure,hf-2,Heart Failure Patients Given An Evaluation Of Left Ventricular Systolic Lvs Function,100%,94 patients,al_hf-2
229,229,10012,Dekalb Regional Medical Center,200 med center drive,,,fort payxe,ax,35968,De Kalb,2568453,acute care hospitals,voluntary non-profit - church,yes,Heart Failure,hf-3,Heart Failure Patients Given Ace Inhibitor Or Arb For Left Ventricular Systolic Dysfunction Lvsd,94%,36 patients,al_hf-3
230,230,10012,Dekalb Regional Medical Center,200 med center drive,,,fort payne,al,35968,De Kalb,2568453150,acute care hospitals,voluntary non-profit - church,yes,Heart Faxlure,hf-4,Heart Failure Patients Given Smoking Cessation Advicecounseling,100%,15 patients,al_hf-4
231,231,10012,Dekalb Regional Medical Center,200 med center drive,,,fort payne,al,35968,De Kalb,2568453150,acute care hospitals,voluntary non-profit - church,yes,Pneumonia,pn-2,Pneumonia Patients Assessed And Given Pneumococcal Vaccination,97%,69 patients,al_pn-2
232,232,10012,Dekalb Regional Medical Center,200 med center drive,,,fort payne,al,35968,De Kalb,2568453150,acute care hospitals,voluntary non-profit - church,yes,Pneumonia,pn-3b,Pneumonia Patients Whose Initial Emergency Room Blood Culture Was Performed Prior To The Administration Of The First Hospital Dose Of Antibiotics,93%,91 patients,al_pn-3b
233,233,10012,Dekalb Regional Medical Center,200 med center drive,,,fort payne,al,359,De Kalb,2568453150,acute care hospitals,voluntary non-profit - church,yes,Pneumonia,pn-4,Pneumonia Patients Given Smoking Cessation Advicecounseling,100%,37 patients,al_pn-4
234,234,10012,Dekalb Regional Medical Center,200 med center drive,,,fort payne,al,35968,De Kalb,2568453150,acute care hospitals,voluntary non-profit - church,yes,Pneumonia,pn-5c,Pneumonia Patients Given Initial Antibiotics Within 6 Hours After Arrival,99%,88 patients,al_pn-5c
235,235,10012,Dekalb Regional Medical Center,200 med center drive,,,fort payne,al,35968,De Kalb,2568453150,acute care hospitals,voluntary non-profit - church,yes,Pneumonia,pn-6,Pneumonia Patients Given The Most Appropriate Initial Antibiotics,88%,82 patients,al_pn-6
236,236,10012,Dekalb Regional Medical Center,200 med center drive,,,fort payne,al,35968,De Kalb,2568453150,acute care hospitals,voluntary non-profit - church,yes,Pneumonia,pn-7,Pneumonia Patients Assessed And Given Influenza Vaccination,98%,56 patients,al_pn-7
237,237,10012,Dekalb Regional Medical Center,200 med center drive,,,fort payne,al,35968,De Kalb,2568453150,acute care hospitals,voluntary non-profit - church,yes,Suxgical Infection Pxevention,scip-card-2,Surgery Patients Who Were Taking Heart Drugs Called Beta Blockers Before Coming To The Hospital Who Were Kept On The Beta Blockers During The Period Just Before And After Their Surgery,100%,16 patients,al_scip-card-2
238,238,10012,Dekalb Regional Medical Center,200 med center drive,,,fort payne,al,35968,De Kalb,2568453150,acute care hospitals,voluntary non-profit - church,yes,Surgical Infection Prevention,scip-inf-1,Surgery Patients Who Were Given An Antibiotic At The Right Time Within One Hour Before Surgery To Help Prevent Infection,9x%,139 patients,al_scip-inf-1
239,239,10012,Dekalb Regional Medical Center,200 med center drive,,,fort payne,al,35968,Xe Kalb,2568453150,acute care hospitals,voluntary non-profit - church,yes,Surgical Infection Prevention,scip-inf-2,Surgery Patients Who Were Given The  Right Kind  Of Antibiotic To Help Prevent Infection,xx%,147 patients,al_scip-inf-2
240,240,10012,Dekalb Regional Medical Center,200 med center drive,,,fort payne,al,35968,De Kalb,2568453150,acute care hospitals,voluntary non-profit - church,yes,Surgxcal Infectxon Preventxon,scip-inf-3,Surgery Patients Whose Preventive Antibiotics Were Stopped At The Right Time Within 24 Hours After Surgery,98%,136 patients,al_scip-inf-3
241,241,10012,Dekalb Regional Medical Center,200 med center drive,,,fort payne,al,35968,De Kalb,2568453150,acute care hospitals,voluntary non-profit - church,yes,Surgical Infection Prevention,scip-inf-4,All Heart Surgery Patients Whose Blood Sugar Blood Glucose Is Kept Under Good Control In The Days Right After Surgery,100%,0 patients,al_scip-inf-4
242,242,10012,Dekalb Regional Medical Center,200 med center drive,,,fort payne,al,35968,De Kalb,2568453150,acute care hospitals,voluntary non-profit - church,yes,Surgical Infection Prevention,scip-inf-6,Surgery Patients Needing Hair Removed From The Surgical Area Before Surgery Who Had Hair Removed Using A Safer Method Electric Clippers Or Hair Removal Cream C Not A Razor,100%,179 patients,al_scip-inf-6
243,243,10012,Dekalb Regional Medical Center,200 med center drive,,,fort payne,al,35968,De Kalb,2568453150,acute care hospitals,voluntary non-profit - church,yes,Surgical Infection Prevention,scip-vte-1,Surgery Patients Whose Doctors Ordered Treatments To Prevent Blood Clots After Certain Types Of Surgeries,97%,90 patients,al_scip-vte-1
244,244,10012,Dexalb Regional Medical Center,200 med center drive,,,fort payne,al,35968,De Kalb,2568453150,acute care hospitals,voluntary non-profit - church,yes,Surgical Infection Prevention,scip-vte-2,Patients Who Got Treatment  At The Right Time Within 24 Hours Before Or After Their Surgery To Help Prevent Blood Clots After Certain Types Of Surgery,97%,90 patients,al_scip-vte-2
245,245,0,Southwest Alabama Medical Center,33700 highway 43,,,thomasville,al,36784,Clarke,3346366221,acute care hospitals,government - federal,yes,Heart Attack,ami-1,Heart Attack Patients Given Aspirin At Arrival,100%,0 patients,ax_ami-1
246,246,10015,Southwest Alabama Medical Center,33700 highway 43,,,thomasville,al,36784,Clarke,3346366221,acute care hospitals,government - federal,yes,Heart Attack,ami-2,Heart Attack Patients Given Aspirin At Discharge,100%,0 patients,al_ami-2
247,247,10015,Southwest Alabama Medical Center,33700 highway 43,,,thomasville,al,36784,Clarke,3346366221,acute care hospitals,government - federal,yes,Heart Attack,ami-3,Heart Attack Patients Given Ace Inhibitor Or Arb For Left Ventricular Systolic Dysfunction Lvsd,100%,0 patients,al_ami-3
248,248,10015,Southwest Alabama Medical Center,33700 highway 43,,,thomasville,al,36784,Clarke,46,acute care hospitals,government - federal,yes,Heart Attack,ami-4,Heart Attack Patients Given Smoking Cessation Advicecounseling,100%,0 patients,al_ami-4
249,249,10015,Southwest Alabama Medical Center,33700 highway 43,,,thomasville,al,36784,Clarke,3346366221,acute care hospitals,government - federal,yes,Heart Attack,ami-5,Heart Attack Patients Given Beta Blocker At Discharge,100%,0 patients,xl_xmi-5
250,250,10015,Southwest Alabama Medical Center,33700 highway 43,,,thomasville,al,36784,Clarke,3346366221,acute care hospitals,government - federal,yes,Heart Attack,ami-7a,Heart Attack Patients Given Fibrinolytic Medication Within 30 Minutes Of Arrival,100%,0 patients,al_ami-7a
251,251,10015,Southwest Alabama Medical Center,33700 highway 43,,,thomasville,al,36784,Clarke,3346366221,acute care hospitals,government - federal,yes,Heart Attack,ami-8a,Heart Attack Patients Given Pci Within 90 Minutes Of Arrival,100%,0 patients,al_ami-8a
252,252,10015,Southwest Alabama Medical Center,33700 highway 43,,,thomasville,al,36784,Clarke,3346366221,acute care hospitals,government - federal,yes,Heart Failure,hf-1,Heart Failure Patients Given Discharge Instructions,100%,79 patients,al_hf-1
253,253,10015,Southwest Alabama Medical Center,33700 highway 43,,,thomasville,al,36784,Xlarke,3346366221,acute care hospitals,government - federal,yes,Heart Failure,hf-2,Heart Failure Patients Given An Evaluation Of Left Ventricular Systolic Lvs Function,89x,91 patients,al_hf-2
254,254,1,Southwest Alabama Medical Center,33700 highway 43,,,thomasville,al,36784,Clarke,3346366221,acute care hospitals,government - federal,yes,Heart Failure,hf-3,Heart Failure Patients Given Ace Inhibitor Or Arb For Left Ventricular Systolic Dysfunction Lvsd,88%,25 patients,al_hf-3
255,255,10015,Southwest Alabama Medical Center,33700 highway 43,,,thomasville,al,36784,Clarke,3346366221,acute care hospitals,government - federal,yes,Heart Failure,hf-4,Heart Failure Patients Given Smoking Cessation Advicecounseling,88%,17 patients,al_hf-4
256,256,10015,Southwest Alabama Medical Center,33700 highway 43,,,thomasville,al,36784,Clarke,3346366221,acute care hospitals,government - federal,yes,Pneumonia,pn-2,Pneumonia Patients Assessed And Given Pneumococcal Vaccination,92%,25 patients,al_pn-2
257,257,10015,Southwest Alabama Medical Center,33700 highway 43,,,thomasville,al,36784,Clarke,3346366221,acute care hospitals,government - federal,yes,Xneumonia,pn-3b,Pneumonxa Patxents Whose Inxtxal Emergency Room Blood Culture Was Performed Prxor To The Admxnxstratxon Of The Fxrst Hospxtal Dose Of Antxbxotxcs,6%,24 patients,al_pn-3b
258,258,10015,Southwest Alabama Medical Center,33700 highway 43,,,thomasville,al,36784,Clarke,3346366221,acute care hospitals,government - federal,yes,Pneumonia,pn-4,Pneumonia Patients Given Smoking Cessation Advicecounseling,100%,6 patients,al_pn-4
259,259,10015,Southwest Alabama Medical Center,33700 highway 43,,,thomasville,al,36784,Clarke,3346366221,acute care hospitals,government - federal,yes,Pneumonia,pn-5c,Pneumonia Patients Given Initial Antibiotics Within 6 Hours After Arrival,96%,24 patients,al_pn-5c
260,260,10015,Southwest Alabama Medical Center,33700 highway 43,,,thomasville,al,36784,Clarke,3346366221,acute care hospitals,government - federal,yes,Pneumonia,pn-6,Pneumonia Patients Given The Most Appropriate Initial Antibiotics,100%,26 patients,al_pn-6
261,261,10015,Southwest Alabama Medical Center,33700 hxghway 43,,,thomasville,al,36784,Clarke,3346366221,acute care hospitals,government - federal,yes,Pneumonia,pn-7,Pneumonia Patients Assessed And Given Influenza Vaccination,92%,24 patients,al_pn-7
262,262,10015,Southwest Alabama Medical Center,33700 highway 43,,,thomasville,al,36784,Clarke,334,acute care hospitals,government - federal,yes,Surgical Infection Prevention,scip-card-2,Surgery Patients Who Were Taking Heart Drugs Called Beta Blockers Before Coming To The Hospital Who Were Kept On The Beta Blockers During The Period Just Before And After Their Surgery,100%,0 patients,al_scip-card-2
263,263,10015,Southwest Alabama Medical Center,33700 highway 43,,,thomasville,al,36784,Clarke,3346366221,acute care hospitals,government - federal,yes,Surgical Infection Prevention,scip-inf-1,Surgery Patients Who Were Given An Antibiotic At The Right Time Within One Hour Before Surgery To Help Prevent Infection,86%,14 patients,al_scip-inf-1
264,264,10015,Southwest Alabama Medical Center,33700 highway 43,,,thomasville,al,36784,Clarke,3346366221,acute care hospitals,government - federal,yes,Surgical Infection Prevention,scip-inf-2,Surgery Patients Who Were Given The  Right Kind  Of Antibiotic To Help Prevent Infection,93%,14 patients,al_scip-inf-2
265,265,10015,Southwest Alabama Medical Center,33700 highway x3,,,thomasville,al,36784,Clarke,3346366221,acute care hospitals,government - federal,yes,Surgical Infection Prevention,scxp-xnf-3,Surgery Patients Whose Preventive Antibiotics Were Stopped At The Right Time Within 24 Hours After Surgery,86%,14 patients,al_scip-inf-3
266,266,10015,Southwest Alabama Medical Center,33700 highway 43,,,thomasville,al,36784,Clarke,3346366221,acute care hospitals,government - federal,yes,Surgical Infection Prevention,scip-inf-4,All Heart Surgery Patients Whose Blood Sugar Blood Glucose Is Kept Under Good Control In The Days Right After Surgery,100%,0 patients,al_scip-inf-4
267,267,10015,Southwest Alabama Medical Center,33700 highway 43,,,thomasville,al,36784,Clarke,3346366221,acute care hospitals,government - federal,yes,Surgical Infection Prevention,scip-inf-6,Surgery Patients Needing Hair Removed From The Surgical Area Before Surgery Who Had Hair Removed Using A Safer Method Electric Clippers Or Hair Removal Cream C Not A Razor,100%,15 patients,al_scip-inf-6
268,268,10015,Southwest Alabama Medical Center,33700 highway 43,,,thomasville,al,6784,Clarke,3346366221,acute care hospitals,government - federal,yes,Surgical Infection Prevention,scip-vte-1,Surgery Patients Whose Doctors Ordered Treatments To Prevent Blood Clots After Certain Types Of Surgeries,90%,10 patients,al_scip-vte-1
269,269,10015,Southwest Alabama Medical Center,33700 highway 43,,,thomasville,al,36784,Clarke,3346366221,acute care hospitals,government - federal,yes,Surgical Infection Prevention,scip-vte-2,Patients Who Got Treatment  At The Right Time Within 24 Hours Before Or After Their Surgery To Help Prevent Blood Clots After Certain Types Of Surgery,90%,10 patients,al_scip-vte-2
270,270,10016,Shelby Baptist Medical Center,1000 first street north,,,alabaster,al,35007,Shelby,2056208100,acute care hospitals,voluntary non-profit - church,yes,Heart Attack,ami-1,Heart Attack Patients Given Aspirin At Arrival,99%,179 patients,al_axi-1
271,271,10016,Shelby Baptist Medical Center,1000 first street north,,,alabaster,al,35007,Shelby,2056208100,acute care hospitals,voluntary non-profit - church,yes,Heart Attack,ami-2,Heart Attack Patients Given Aspirin At Discharge,97%,208 patients,al_ami-2
272,272,10016,Shelby Baptist Medical Center,1000 first street north,,,alabaster,al,35007,Shelby,2056208100,acute care hospitals,voluntary non-profit - church,yes,Heart Attack,ami-3,Heart Attack Patients Given Ace Inhibitor Or Arb For Left Ventricular Systolic Dysfunction Lvsd,100%,30 patients,al_ami-3
273,273,10016,Shelby Baptist Medical Center,1000 first street north,,,alabaster,al,35007,Shelby,2056208100,acute care hospitals,voluntary non-profit - church,yes,Heart Attack,ami-4,Heart Attack Patients Given Smoking Cessation Advicecounseling,100%,98 patients,al_ami-4
274,274,1,Shelby Baptist Medical Center,1000 first street north,,,alabaster,al,35007,Shelby,2056208100,acute care hospitals,voluntary non-profit - church,yes,Heart Attack,ami-5,Heart Attack Patients Given Beta Blocker At Discharge,97%,169 patients,al_ami-5
275,275,10016,Shelby Baptist Medical Center,1000 first street north,,,alabaster,al,35007,Shelby,2056208100,acute care hospitals,voluntary non-profit - church,yes,Heart Attack,ami-7a,Heart Attack Patients Given Fibrinolytic Medication Within 30 Minutes Of Arrival,100%,0 patients,al_ami-7a
276,276,10016,Shelby Baptist Medical Center,1000 fixst stxeet noxth,,,alabaster,al,35007,Shelby,2056208100,acute care hospitals,voluntary non-profit - church,yes,Heart Attack,ami-8a,Heart Attack Patients Given Pci Within 90 Minutes Of Arrival,83%,36 patients,al_ami-8a
277,277,10016,Shelby Baptist Medical Center,1000 first street north,,,alabaster,al,35007,Shelby,2056208100,acute care hospitals,voluntary non-profit - church,yes,Heart Failure,hf-1,Heart Failure Patients Given Discharge Instructions,86%,210 patients,al_hf-1
278,278,10016,Shelby Baptist Medical Center,1000 first street north,,,alabaster,al,35007,Shelby,2056208100,acute care hospitals,voluntary non-profit - church,yes,Heart Failure,hf-2,Heart Failure Patients Given An Evaluation Of Left Ventricular Systolic Lvs Function,100%,246 patients,al_hf-2
279,279,10016,Shelby Baptist Medical Center,1000 first street north,,,alabaster,xl,35007,Shelby,2056208100,acute care hospitals,voluntary non-profit - church,yes,Heart Failure,hf-3,Heart Failure Patients Given Ace Inhibitor Or Arb For Left Ventricular Systolic Dysfunction Lvsd,97%,71 patients,al_hf-3
280,280,10016,Shelby Baptist Medical Center,1000 first street north,,,alabaster,al,35007,Shelby,2056208100,acute care hospitals,voluntary non-profit - church,yes,Xeart Failure,hf-4,Heart Failure Patients Given Smoking Cessation Advicecounseling,100%,48 patients,al_hf-4
281,281,10016,Shelby Baptist Medical Center,1000 first street north,,,alabaster,al,35007,Shelby,2056208100,acute care hospitals,voluntary non-profit - church,yes,Pneumonia,pn-2,Pneumonia Patients Assessed And Given Pneumococcal Vaccination,97%,235 patients,al_pn-2
282,282,10016,Shelby Baptist Medical Center,1000 first street north,,,alabaster,al,35007,Shelby,2056208100,acute care hospitals,voluntary non-profit - church,yes,Pneumonia,pn-3b,Pnxumonia Patixnts Whosx Initial Emxrgxncy Room Blood Culturx Was Pxrformxd Prior To Thx Administration Of Thx First Hospital Dosx Of Antibiotics,100%,110 patients,al_pn-3b
283,283,10016,Shelby Baptist Medical Center,1000 first street north,,,alabaster,al,35007,Shelby,2056208100,acute care hospitals,voluntary non-profit - church,yes,Pneumonia,pn-4,Pneumonia Patients Given Smoking Cessation Advicecounseling,100%,131 patients,al_pn-4
284,284,10016,Shelby Baptist Medical Center,1000 first street north,,,alabaster,al,3,Shelby,2056208100,acute care hospitals,voluntary non-profit - church,yes,Pneumonia,pn-5c,Pneumonia Patients Given Initial Antibiotics Within 6 Hours After Arrival,96%,239 patients,al_pn-5c
285,285,10016,Shelby Baptist Medical Center,1000 first street north,,,alabaster,al,35007,Shelby,2056208100,acute care hospitals,voluntary non-profit - church,yes,Pneumonia,pn-6,Pneumonia Patients Given The Most Appropriate Initial Antibiotics,93%,116 patients,al_pn-6
286,286,10016,Shelby Baptist Medical Center,1000 first street north,,,alabaster,al,35007,Shelby,2056208100,acute care hospitals,voluntary non-profit - church,yes,Pneumonia,pn-7,Pneumonia Patients Assessed And Given Influenza Vaccination,92%,199 patients,al_pn-7
287,287,10016,Shelby Baptist Medical Center,1000 first street north,,,alabaster,al,35007,Shelby,2056208100,acute care hospitals,voluntary non-profit - church,yes,Surgical Infection Prevention,scip-card-2,Surgery Patients Who Were Taking Heart Drugs Called Beta Blockers Before Coming To The Hospital Who Were Kept On The Beta Blockers During The Period Just Before And After Their Surgery,89%,96 patients,al_scip-card-2
288,288,10016,Shelby Baptist Medical Center,1000 first street north,,,alabaster,al,35007,Shelby,2056208100,acute care hospitals,voluntary non-profit - church,yes,Surgical Infection Prevention,scip-inf-1,Surgery Patients Who Were Given An Antibiotic At The Right Time Within One Hour Before Surgery To Help Prevent Infection,98%,368 patients,al_scip-inf-1
289,289,10016,Shelby Baptist Medical Center,1000 first street north,,,alabaster,al,35007,Shelby,2056208100,acute care hospitals,voluntary non-profit - church,yes,Surgical Infection Prevention,scip-inf-2,Surgery Patients Who Were Given The  Right Kind  Of Antibiotic To Help Prevent Infection,99%,370 patients,al_scip-inf-2
290,290,10016,Shelby Baptist Medical Center,1000 first street north,,,alabaster,al,35007,Shelby,2056208100,acute care hospitals,voluntary non-profit - church,yes,Surgical Infection Prevention,scip-inf-3,Surgery Patients Whose Preventive Antibiotics Were Stopped At The Right Time Within 24 Hours After Surgery,91%,331 patients,al_scip-inf-3
291,291,10016,Shelby Baptist Medical Center,1000 first street north,,,alabaster,al,5007,Shelby,2056208100,acute care hospitals,voluntary non-profit - church,yes,Surgical Infection Prevention,scip-inf-4,All Heart Surgerx Patients Whose Blood Sugar Blood Glucose Is Kept Under Good Control In The Daxs Right After Surgerx,93%,116 patients,al_scip-inf-4
292,292,10016,Shelby Baptist Medical Center,1000 first street north,,,alabaster,al,35007,Shelby,2056208100,acute care hospitals,voluntary non-profit - church,yes,Surgical Infection Prevention,scip-inf-6,Surgery Patients Needing Hair Removed From The Surgical Area Before Surgery Who Had Hair Removed Using A Safer Method Electric Clippers Or Hair Removal Cream C Not A Razor,100%,588 patients,al_scip-inf-6
293,293,10016,Shelby Baptist Medical Center,1000 first street north,,,alabaster,al,35007,Shelby,2056208100,acute care hospitals,voluntary non-profit - church,yes,Surgical Infection Prevention,scip-vte-1,Surgery Patients Whose Doctors Ordered Treatments To Prevent Blood Clots After Certain Types Of Surgeries,97%,226 patients,al_scip-vte-1
294,294,10016,Shelby Baptist Medical Center,1000 first street north,,,alabaster,al,35007,Shelby,2056208100,acute care hospitals,voluntary non-profit - church,yes,Surgical Infection Prevention,scip-vte-2,Patients Who Got Treatment  At The Right Time Within 24 Hours Before Or After Their Surgery To Help Prevent Blood Clots After Certain Types Of Surgery,94%,225 patients,al_scip-vte-2
295,295,10018,Callahan Eye Foundation Hospital,1720 university blvd,,,birmingham,al,35233,Jefferson,2053258100,acute care hospitals,voluntary non-profit - private,yes,Heart Attack,ami-1,Heart Attack Patients Given Aspirin At Arrival,100%,0 patients,al_ami-1
296,296,10018,Callahan Eye Foundation Hospital,1720 univxrsity blvd,,,birmingham,al,35233,Jefferson,2053258100,acute care hospitals,voluntary non-profit - private,yes,Heart Attack,ami-2,Heart Attack Patients Given Aspirin At Discharge,100%,0 patients,al_ami-2
297,297,10018,Callahan Eye Foundation Hospital,1720 university blvd,,,birmingham,al,35233,Jefferson,2053258100,acute care hospitals,voluntary non-profit - private,yes,Heart Attack,ami-3,Heart Attack Patients Given Ace Inhibitor Or Arb For Left Ventricular Systolic Dysfunction Lvsd,100%,0 patients,al_ami-3
298,298,10018,Callahan Eye Foundation Hospital,1720 university blvd,,,birmingham,al,35233,Jefferson,2053258100,acute care hospitals,voluntary non-profit - private,yes,Heart Attack,ami-4,Heart Attack Patients Given Smoking Cessation Advicecounseling,100%,0 patients,al_ami-4
299,299,10018,Callahan Eye Foundation Hospital,1720 university blvd,,,birmingham,al,35233,Jefferson,2053258100,acute care hospitals,voluntary non-profit - private,yes,Heart Attack,ami-5,Heart Attack Patients Given Beta Blocker At Discharge,100%,0 patients,al_ami-5
300,300,10018,Callahan Eye Foundation Hospital,1720 university blvd,,,birmingham,al,35233,Jefferson,2053258100,acute care hospitals,voluntary non-profit - private,yes,Heart Attack,ami-7a,Heart Attack Patients Given Fibrinolytic Medication Within 30 Minutes Of Arrival,100%,0 patients,al_ami-7a
301,301,10018,Callahan Eye Foundation Hospital,1720 university blvd,,,birmingham,al,35233,Jefferson,2053258100,acute care hospitals,voluntary non-profit - private,yes,Heart Attack,ami-8a,Heart Attack Patients Given Pci Within 90 Minutes Of Arrival,100%,0 patients,al_ami-8a
302,302,10018,Callahan Eye Foundation Hospital,1720 university blvd,,,birmingham,al,35233,Jefferson,2053258100,acute care hospitals,voluntary non-profit - private,yes,Heart Failure,hf-1,Heart Failure Patients Given Discharge Instructions,100%,0 patients,al_hf-1
303,303,10018,Callahan Eye Foundation Hospital,1720 university blvd,,,birmingham,al,35233,Jefferson,2053258100,acute care hospitals,voluntary non-profit - private,yes,Heart Failure,hf-2,Heart Failure Patients Given An Evaluation Of Left Ventricular Systolic Lvs Function,100%,0 patients,al_hf-2
304,304,10018,Callahan Eye Foundation Hospital,1720 university blvd,,,birmingham,al,35233,Jefferson,2053258100,acute care hospitals,voluntary non-profit - private,yes,Heart Failure,hf-3,Heart Failure Patients Given Ace Inhibitor Or Arb For Left Ventricular Systolic Dysfunction Lvsd,100%,0 patients,al_hf-3
305,305,10018,Callahan Eye Foundation Hospital,1720 university blvd,,,birmingham,al,35233,Jefferson,2053258100,acute care hospitals,voluntary non-profit - private,yes,Heart Failure,hf-4,Heart Failure Patients Given Smoking Cessation Advicecounseling,100%,0 patients,al_hf-4
306,306,10018,Callahan Eye Foundation Hospital,1720 university blvd,,,birmingham,al,35233,Jefferson,2053258100,acute care hospitals,voluntary non-profit - private,yes,Pneumonia,pn-2,Pneumonia Patients Assessed And Given Pneumococcal Vaccination,100%,0 patients,al_pn-2
307,307,10018,Callahan Eye Foundation Hospital,1720 university blvd,,,birmingham,al,35233,Jefferson,2053258100,acute care hospitals,voluntary non-profit - private,yes,Pneumonia,pn-3b,Pneumonia Patients Whose Initial Emergency Room Blood Culture Was Performed Prior To The Administration Of The First Hospital Dose Of Antibiotics,100%,0 patients,al_pn-3b
308,308,10018,Callahan Eye Foundation Hospital,1720 university blvd,,,birmingham,al,35233,Jefferson,2053258100,acute care hospitals,voluntary non-profit - private,yes,Pneumonia,pn-4,Pneumonia Patients Given Smoking Cessation Advicecounseling,100%,0 patients,al_pn-4
309,309,10018,Callahan Eye Foundation Hospital,1720 university blvd,,,birmingham,al,35233,Jefferson,2053258100,acute care hospitals,voluntary non-profit - private,yes,Pneumonia,pn-5c,Pneumonia Patients Given Initial Antibiotics Within 6 Hours After Arrival,100%,0 patients,al_pn-5c
310,310,10018,Callahan Eye Foundation Hospital,1720 university blvd,,,birmingham,al,35233,Jefferson,2053258100,acute care hospitals,voluntary non-profit - private,yes,Pneumonia,pn-6,Pneumonia Patients Given The Most Appropriate Initial Antibiotics,100%,0 patients,al_pn-6
311,311,10018,Callahan Eye Foundation Hospital,1720 university blvd,,,birmingham,al,35233,Jefferson,2053258100,acute care hospitals,voluntary non-profit - private,yes,Pneumonia,pn-7,Pneumonia Patients Assessed And Given Influenza Vaccination,100%,0 patients,al_pn-7
312,312,10038,Stringfellow Memorial Hospital,301 east 18th st,,,axxistox,al,36201,Calhoun,2562358900,acute care hospitals,proprietary,yes,Children S Asthma Care,cac-2,Children Who Received Systemic Corticosteroid Medication Oral And Iv Medication That Reduces Inflammation And Controls Symptoms While Hospitalized For Asthma,100%,9 patients,al_cac-2
313,313,10038,Stringfellow Memorial Hospital,301 east 18th st,,,anniston,al,36201,Calhoxn,2562358900,acute care hospitals,proprietary,yes,Children S Asthma Care,cac-3,Children And Their Caregivers Who Received A Home Management Plan Of Care Document While Hospitalized For Asthma,33%,9 patients,al_cac-3
314,314,10038,Stringfellow Memorial Hospital,301 east 18th st,,,anniston,al,36201,Calhoun,2562358900,acute care hospitals,proprietary,yes,Heart Attack,ami-1,Heart Attack Patients Given Aspirin At Arrival,98%,81 patients,al_ami-1
315,315,100,Stringfellow Memorial Hospital,301 east 18th st,,,anniston,al,36201,Calhoun,2562358900,acute care hospitals,proprietary,yes,Heart Attack,ami-2,Heart Attack Patients Given Aspirin At Discharge,96%,73 patients,al_ami-2
316,316,10038,Stringfellow Memorial Hospital,301 east 18th st,,,anniston,al,36201,Calhoun,2562358900,acute care hospitals,proprietary,yes,Heart Attack,ami-3,Heart Attack Patients Given Ace Inhibitor Or Arb For Left Ventricular Systolic Dysfunction Lvsd,93%,14 patients,al_ami-3
317,317,10038,Stringfellow Memorial Hospital,301xeastx18thxst,,,anniston,al,36201,Calhoun,2562358900,acute care hospitals,proprietary,yes,Heart Attack,ami-4,Heart Attack Patients Given Smoking Cessation Advicecounseling,100%,29 xatients,al_ami-4
318,318,10038,Stringfellow Memorial Hospital,301 east 18th st,,,anniston,al,36201,Calhoun,2562358900,acute care hospitals,proprietary,yes,Heart Attack,ami-5,Heart Attack Patients Given Beta Blocker At Discharge,93%,67 patients,al_ami-5
319,319,10038,Stringfellow Memorial Hospital,301 east 18th st,,,anniston,al,36201,Calhoun,2562358900,acute care hospitals,proprietary,yes,Heart Attack,ami-7a,Heart Attack Patients Given Fibrinolytic Medication Within 30 Minutes Of Arrival,0%,1 patients,al_ami-7a
320,320,10038,Stringfellow Memorial Hospital,301 east 18th st,,,anniston,al,36201,Calhoun,2562358900,acute care hospitals,proprietary,yes,Heart Attack,ami-8a,Heart Attack Patients Given Pci Within 90 Minutes Of Arrival,87%,15 patients,al_ami-8a
321,321,10038,Stringfellow Memorial Hospital,301 east 18th st,,,anniston,al,36201,Calhoun,2562358900,acute care hospitals,proprietary,yes,Heart Failure,hf-1,Heart Failure Patients Given Discharge Instructions,87%,142 patients,al_hf-1
322,322,10038,Stringfellow Memorial Hospital,301 east 18th st,,,anniston,al,36201,Calhoun,256235,acute care hospitals,proprietary,yes,Heart Failure,hf-2,Heart Failure Patients Given An Evaluation Of Left Ventricular Systolic Lvs Function,100%,157 patients,al_hf-2
323,323,10038,Stringfellow Memorial Hospital,301 east 18th st,,,anniston,al,36201,Calhoun,2562358900,acute care hospitals,proprietary,yes,Heart Failure,hf-3,Heart Failure Patients Given Ace Inhibitor Or Arb For Left Ventricular Systolic Dysfunction Lvsd,90%,49 patients,al_hf-3
324,324,10038,Stringfellow Memorial Hospital,301 east 18th st,,,anniston,al,36201,Calhoun,2562358900,acute care hospitals,proprietary,yes,Heart Failure,hf-4,Heart Failure Patients Given Smoking Cessation Advicecounseling,100%,41 patients,al_hf-4
325,325,10038,Stringfellow Memorial Hospital,301 east 18th st,,,anniston,al,36201,Caxhoun,2562358900,acute care hospitals,proprietary,yes,Pneumonia,pn-2,Pneumonia Patients Assessed And Given Pneumococcal Vaccination,97%,110 patients,al_pn-2
326,326,10038,Stringfellow Memorial Hospital,301 east 18th st,,,anniston,al,36,Calhoun,2562358900,acute care hospitals,proprietary,yes,Pneumonia,pn-3b,Pneumonia Patients Whose Initial Emergency Room Blood Culture Was Performed Prior To The Administration Of The First Hospital Dose Of Antibiotics,100%,102 patients,al_pn-3b
327,327,10038,Stringfellow Memorial Hospital,301 east 18th st,,,anniston,al,36201,Calhoun,2562358900,acute care hospitals,proprietary,yes,Pneumonia,pn-4,Pneumonia Patients Given Smoking Cessation Advicecounseling,100%,83 patients,al_pn-4
328,328,10038,Stringfellow Memorial Hospital,301 east 18th st,,,anniston,al,36201,Calhoun,2562358900,acute care hospitals,proprietary,yes,Pneumonia,pn-5c,Pneumonia Patients Given Initial Antibiotics Within 6 Hours After Arrival,97%,145 patients,al_pn-5c
329,329,10038,Stringfellow Memorial Hospital,301 east 18th st,,,anniston,al,36201,Calhoun,2562358900,acute care hospitals,proprietary,yes,Pneumonia,pn-6,Pneumonia Patients Given The Most Appropriate Initial Antibiotics,92%,99 patients,al_pn-6
330,330,10038,Stringfellow Memorial Hospital,301 east 18th st,,,anniston,al,36201,Calhoun,2562358900,acute care hospitals,proprietary,yes,Pneumonia,pn-7,Pneumonia Patients Assessed And Given Influenza Vaccination,91%,87 patients,al_pn-7
331,331,10038,Stringfellow Memorial Hospital,301 east 18th st,,,anniston,al,36201,Calhoun,2562358900,acute care hospitals,proprietary,yes,Surgical Infection Prevention,scip-card-2,Surgery Patients Who Were Taking Heart Drugs Called Beta Blockers Before Coming To The Hospital Who Were Kept On The Beta Blockers During The Period Just Before And After Their Surgery,83%,23 patients,al_scip-card-2
332,332,10055,Flowers Hospital,4370 west main street,,,dothan,al,36305,Houston,3347935000,acute care hospitals,proprietary,yes,Heart Failure,hf-2,Heart Failure Patients Given An Evaluation Of Left Ventricular Systolic Lvs Function,100%,342 patients,al_hf-2
333,333,10055,Flowers Hospital,4370 west main street,,,dothan,al,3,Houston,3347935000,acute care hospitals,proprietary,yes,Heart Failure,hf-3,Heart Failure Patients Given Ace Inhibitor Or Arb For Left Ventricular Systolic Dysfunction Lvsd,100%,94 patients,al_hf-3
334,334,10055,Flowers Hospital,4370 west main street,,,dothan,al,36305,Houston,3347935000,acute care hospitals,proprietary,yes,Heart Failure,hf-4,Heart Failure Patients Given Smoking Cessation Advicecounseling,100%,62 patients,al_hf-4
335,335,10055,Flowers Hospital,4370xwestxmainxstreet,,,dothan,al,36305,Houston,3347935000,acute care hospitals,proprietary,yes,Pneumonia,pn-2,Pneumonia Patients Assessed And Given Pneumococcal Vaccination,100%,166 patients,al_pnx2
336,336,10055,Flowers Hospital,4370 west main street,,,dothan,al,36305,Houston,3347935000,acute care hospitals,proprietary,yes,Pneumonia,pn-3b,Pneumonia Patients Whose Initial Emergency Room Blood Culture Was Performed Prior To The Administration Of The First Hospital Dose Of Antibiotics,100%,152 patients,al_pn-3b
337,337,10055,Flowers Hospital,4370 west main street,,,dothan,al,36305,Houston,3347935000,acute care hospitals,proprietary,yes,Pneumonia,pn-4,Pneumonia Patients Given Smoking Cessation Advicecounseling,00%,77 patients,al_pn-4
338,338,10055,Floxers Hospital,4370 west main street,,,dothan,al,36305,Houston,3347935000,acute care hospitals,proprietary,yes,Pneumonia,pn-5c,Pneumonia Patients Given Initial Antibiotics Within 6 Hours After Arrival,99%,146 patients,al_pn-5c
339,339,10055,Flowers Hospital,4370 west main street,,,dothan,al,36305,Houston,3347935000,acute care hospitals,proprietary,yes,Pneumonia,pn-6,Pneumonia Patients Given The Most Appropriate Initial Antibiotics,99%,112 patients,al_pn-6
340,340,10055,Flowers Hospital,4370 west main street,,,dothan,al,36305,Houston,3347935000,acute care hospitals,proprietary,yes,Pneumonia,pn-7,Pneumonia Patients Assessed And Given Influenza Vaccination,99%,128 patients,al_pn-7
341,341,10055,Flowers Hospital,4370 west main street,,,dothan,al,6,Houston,3347935000,acute care hospitals,proprietary,yes,Surgical Infection Prevention,scip-card-2,Surgery Patients Who Were Taking Heart Drugs Called Beta Blockers Before Coming To The Hospital Who Were Kept On The Beta Blockers During The Period Just Before And After Their Surgery,100%,147 patients,al_scip-card-2
342,342,10055,Flowers Hospital,4370 west main street,,,dothan,al,36305,Houston,3347935000,acute care hospitals,proprietary,yes,Surgical Infection Prevention,scip-inf-1,Surgery Patients Who Were Given An Antibiotic At The Right Time Within One Hour Before Surgery To Help Prevent Infection,100%,950 patients,al_scip-inf-1
343,343,10055,Flowers Hospital,4370 west main street,,,dothan,al,36305,Houston,479,acute care hospitals,proprietary,yes,Surgical Infection Prevention,scip-inf-2,Surgery Patients Who Were Given The  Right Kind  Of Antibiotic To Help Prevent Infection,100%,957 patients,al_scip-inf-2
344,344,10055,Flowers Hospital,4370 west main street,,,dothan,al,36305,Houston,3347935000,acute care hospitals,proprietary,yes,Surgical Infection Prevention,scip-inf-3,Surgery Patients Whose Preventive Antibiotics Were Stopped At The Right Time Within 24 Hours After Surgery,99%,882 patients,al_scip-inf-3
345,345,10055,Flowers Hospital,4370 west main street,,,dothan,al,36305,Houston,3347935000,acute care hospitals,proprietary,yes,Surgical Infection Prevention,scip-inf-4,All Heart Surgery Patients Whose Blood Sugar Blood Glucose Is Kept Under Good Control In The Days Right After Surgery,98%,165 patients,al_scip-inf-4
346,346,10055,Flowers Hospital,4370 west main street,,,dothan,al,36305,Houston,3347935000,acute care hospitals,proprietary,yes,Surgical Infection Prevention,scip-inf-6,Surgery Patients Needing Hair Removed From The Surgical Area Before Surgery Who Had Hair Removed Using A Safer Method Electric Clippers Or Hair Removal Cream C Not A Razor,100%,1295 patients,al_scip-inf-6
347,347,10055,Flowers Hospital,4370 west main street,,,dothan,al,36305,Housxon,3347935000,acute care hospitals,proprietary,yes,Surgical Infection Prevention,scip-vte-1,Surgery Pxtients Whose Doctors Ordered Trextments To Prevent Blood Clots Xfter Certxin Types Of Surgeries,100%,497 patients,al_scip-vte-1
348,348,10055,Flowers Hospital,4370 west main street,,,dothan,al,36305,Houston,3347935000,acute care hospitals,proprietary,yes,Surgical Infection Prevention,scip-vte-2,Patients Who Got Treatment  At The Right Time Within 24 Hours Before Or After Their Surgery To Help Prevent Blood Clots After Certain Types Of Surgery,100%,497 patients,al_scipxvtex2
349,349,10056,St Vincents Hospital,810 st vincents drive,,,birmingham,al,35205,Jefferson,2059397000,acute care hospitals,voluntary non-profit - other,yes,Heart Attack,ami-1,Heart Attack Patients Given Aspirin At Arrival,97%,239 patients,al_ami-1
350,350,10056,St Vincents Hospital,810 st vincents drive,,,birmingham,al,35205,Jefferson,2059397000,acute care hospitals,voluntary non-profit - other,yes,Heart Attack,amix2,Heart Attack Patients Given Aspirin At Discharge,98%,260 patients,al_ami-2
351,351,10056,St Vincents Hospital,810 st vxncents drxve,,,birmingham,al,35205,Jefferson,2059397000,acute care hospitals,voluntary non-profit - other,yes,Heart Attack,ami-3,Heart Attack Patients Given Ace Inhibitor Or Arb For Left Ventricular Systolic Dysfunction Lvsd,85%,41 patients,al_ami-3
352,352,10056,St Vincents Hospital,810 st vincents drive,,,birmingham,al,35205,Jefferson,2059397000,acute care hospitals,voluntary non-profit - other,yes,Heart Attack,ami-4,Heart Attack Patients Given Smoking Cessation Advicecounseling,100%,63 patients,al_ami-4
353,353,10056,St Vincents Hospital,810 st vincents drive,,,birmingham,al,35205,Jefferson,2059397000,acute care hospitals,voluntary non-profit - other,yes,Heart Attack,ami-5,Heart Attack Patients Given Beta Blocker At Discharge,96%,242 patients,al_ami-5
354,354,10085,Decatur General Hospital,1201 7th street se,,,decatur,al,35609,Morgan,2563412000,acute care hospitals,government - hospital district or authority,yes,Surgical Infection Prevention,scip-vte-2,Patients Who Got Treatment  At The Right Time Within 24 Hours Before Or After Their Surgery To Help Prevent Blood Clots After Certain Types Of Surgery,87%,205 patients,al_scip-vte-2
355,355,10086,Northwest Medical Center,1530 u s highway 43,,,winfield,al,35594,Marion,2054877736,acute care hospitals,proprietary,yes,Heart Attack,ami-1,Heart Attack Patients Given Aspirin At Arrival,100%,1x patients,al_ami-1
356,356,10086,Northwest Medical Center,1530 u s highway 43,,,winfield,al,35594,Marion,2054877736,acute care hospitals,proprietary,yes,Heart Attack,ami-2,Heart Attack Patients Given Aspirin At Discharge,100%,7 patients,al_ami-2
357,357,10086,Northwest Medical Center,1530 u s highway 43,,,winfield,ax,35594,Marion,2054877736,acute care hospitals,proprietary,yes,Heart Attack,ami-3,Heart Attack Patients Given Ace Inhibitor Or Arb For Left Ventricular Systolic Dysfunction Lvsd,100%,2 patients,al_ami-3
358,358,10086,Northwest Medical Center,1530 u s highway 43,,,winfield,al,35594,Marion,2054877736,acute care hospitals,proprietary,yes,Heart Attack,ami-4,Heart Attack Patients Given Smoking Cessation Advicecounseling,100%,1 patients,al_ami-4
359,359,10086,Northwest Medical Center,1530 u s highway 43,,,winfield,al,35594,Marion,2054877736,acute care hospitals,proprietary,yes,Heart Attack,ami-5,Heart Attack Patients Given Beta Blocker At Discharge,100%,8 patients,al_ami-5
360,360,10086,Northwest Medical Center,1530 u s highway 43,,,winfield,al,35594,Marion,2054877736,acute care hospitals,proprietary,yes,Heart Attack,ami-7a,Heart Attack Patients Given Fibrinolytic Medication Within 30 Minutes Of Arrival,0%,1 patients,al_ami-7a
361,361,100,Northwest Medical Center,1530 u s highway 43,,,winfield,al,35594,Marion,2054877736,acute care hospitals,proprietary,yes,Heart Attack,ami-8a,Heart Attack Patients Given Pci Within 90 Minutes Of Arrival,100%,0 patients,al_ami-8a
362,362,10086,Northwest Medical Center,1530 u s highway 43,,,winfield,al,35594,Marion,2054877736,acute care hospitals,proprietary,yes,Heart Failure,hf-1,Heart Failure Patients Given Discharge Instructions,90%,48 patients,al_hf-1
363,363,10086,Northwest Medical Center,1530 u s highway 43,,,winfield,al,35594,Marion,2054877736,acute care hospitals,proprietary,yes,Heart Failure,hf-2,Heart Failure Patients Given An Evaluation Of Left Ventricular Systolic Lvs Function,100%,59 patients,al_hf-2
364,364,10086,Northwest Medical Center,1530xuxsxhighwayx43,,,winfield,al,35594,Marion,2054877736,acute care hospitals,proprietary,yes,Heart Failure,hf-3,Heart Failure Patients Given Ace Inhibitor Or Arb For Left Ventricular Systolic Dysfunction Lvsd,85%,13 patients,al_hf-3
365,365,10086,Northwest Medical Center,1530 u s highway 43,,,winfield,al,35594,Marion,2054877736,acute care hospitals,proprietary,yes,Heart Failure,hf-4,Heart Failure Patients Given Smoking Cessation Advicecounseling,100%,14 patients,al_hf-4
366,366,10086,Northwest Medical Center,1530 u s highway 43,,,winfield,al,35594,Marion,2054877736,acute care hospitals,proprietary,yes,Pneumonia,pn-2,Pneumonia Patients Assessed And Given Pneumococcal Vaccination,91%,66 patients,al_pn-2
367,367,10086,Northwest Medical Center,1530 u s highway 43,,,winfield,al,3,Marion,2054877736,acute care hospitals,proprietary,yes,Pnxumonia,pn-3b,Pneumonia Patients Whose Initial Emergency Room Blood Culture Was Performed Prior To The Administration Of The First Hospital Dose Of Antibiotics,98%,59 patients,al_pn-3b
368,368,10086,Northwest Medical Center,1530 u s highway 43,,,winfielx,al,35594,Marion,2054877736,acute care hospitals,proprietary,yes,Pneumonia,pn-4,Pneumonia Patients Given Smoking Cessation Advicecounseling,98%,40 patients,al_pn-4
369,369,10086,Northwest Medical Center,1530 u s highway 43,,,winfield,al,35594,Marion,2054877736,acute care hospitals,proprietary,yes,Pneumonia,pn-5c,Pneumonia Patients Given Initial Antibiotics Within 6 Hours After Arrival,100%,85 patients,al_pn-5c
370,370,10086,Northwest Medical Center,1530 u s highway 43,,,winfield,al,35594,Marion,2054877736,acute care hospitals,proprietary,yes,Pnexmonia,pn-6,Pneumonia Patients Given The Most Appropriate Initial Antibiotics,100%,62 patients,al_pn-6
371,371,10086,Northwest Medical Center,1530 u s highway 43,,,winfield,al,35594,Marion,2054877736,acute care hospitals,proprietary,yes,Pneumonia,pn-7,Pneumonia Patients Assessed And Given Influenza Vaccination,82%,45 patients,alxpn-7
372,372,10086,Northwest Medical Center,1530 u s highway 43,,,winfield,al,35594,Marion,2054877736,acute care hospitals,proprietary,yes,Surgical Infection Prevention,scip-card-2,Surgery Patients Who Were Taking Heart Drugs Called Beta Blockers Before Coming To The Hospital Who Were Kept On The Beta Blockers During The Period Just Before And After Their Surgery,89%,19 patients,al_scip-card-2
373,373,10086,Northwest Medical Center,1530 u s highway 43,,,winfield,al,35594,Marion,2054877736,acute care hospitals,proprietary,yes,Surgical Infection Prevention,scip-inf-1,Surgery Patients Who Were Given An Antibiotic At The Right Time Within One Hour Before Surgery To Help Prevent Infection,98%,102 patients,al_scip-inf-1
374,374,10086,Northwest Medical Center,1530 u s highway 43,,,winfield,al,35594,Marion,2054877736,acute care hospitals,proprietary,yes,Surgical Infection Prevention,scip-inf-2,Surgery Patients Who Were Given The  Right Kind  Of Antibiotic To Help Prevent Infection,99%,103 patients,al_sxip-inf-2
375,375,10086,Northwest Medical Center,1530 u s highway 43,,,winfield,al,35594,Marion,2054877736,acute care hospitals,proprietary,yes,Surgical Infection Prevention,scip-inf-3,Surgery Patients Whose Preventive Antibiotics Were Stopped At The Right Time Within 24 Hours After Surgery,94%,98 patients,al_scip-inf-3
376,376,10086,Northwest Medical Center,1530 u s highway 43,,,winfield,al,3,Marion,2054877736,acute care hospitals,proprietary,yes,Surgical Infection Prevention,scip-inf-4,All Heart Surgery Patients Whose Blood Sugar Blood Glucose Is Kept Under Good Control In The Days Right After Surgery,100%,0 patients,al_scip-inf-4
377,377,10086,Northwest Medical Center,1530 u s highway 43,,,winfield,al,35594,Marion,2054877736,acute care hospitals,proprietary,yes,Surgical Infection Prevention,scip-inf-6,Surgery Patients Needing Hair Removed From The Surgical Area Before Surgery Who Had Hair Removed Using A Safer Method Electric Clippers Or Hair Removal Cream C Not A Razor,100%,146 patients,al_scip-inf-6
378,378,10086,Northwest Medical Center,1530 u s highway 43,,,winfield,al,35594,Marion,2054877736,acute care hospitals,proprietary,yes,Surgical Infection Prevention,scip-vte-1,Surgery Patients Whose Doctors Ordered Treatments To Prevent Blood Clots After Certain Types Of Surgeries,95%,58 patients,al_scip-vte-1
379,379,10086,Northwest Medical Center,1530 u s highway 43,,,winfield,al,35594,Marion,2054877736,acute care hospitals,proprietary,yes,Surgical Infection Prevention,scip-vte-2,Patients Who Got Treatment  At The Right Time Within 24 Hours Before Or After Their Surgery To Help Prevent Blood Clots After Certain Types Of Surgery,5%,58 patients,al_scip-vte-2
380,380,10087,Univ Of South Alabama Medical Center,2451 fillingim street,,,mobile,al,36617,Mobile,2514717110,acute care hospitals,government - state,yes,Heart Attack,ami-1,Heart Attack Patients Given Aspirin At Arrival,99%,86 patients,al_ami-1
381,381,10087,Univ Of South Alabama Medical Center,2451 fillingim street,,,mobile,al,36617,Mobile,2514717110,acute care hospitals,government - state,yes,Heart Attack,ami-2,Heaxt Attack Patients Given Aspixin At Dischaxge,97%,91 patients,al_ami-2
382,382,10087,Univ Of South Alabama Medical Center,2451 fillingim street,,,mobile,al,36617,Mobile,25,acute care hospitals,government - state,yes,Heart Attack,ami-3,Heart Attack Patients Given Ace Inhibitor Or Arb For Left Ventricular Systolic Dysfunction Lvsd,100%,22 patients,al_ami-3
383,383,10087,Univ Of South Alabama Medical Center,2451 fillingim street,,,mobile,al,36617,Mobile,2514717110,acute care hospitals,government - state,yes,Heart Attack,ami-4,Heart Attack Patients Given Smoking Cessation Advicecounseling,100%,58 patients,al_ami-4
384,384,10087,Univ Of South Alabama Medical Center,2451 fillingim street,,,mobile,al,36617,Mobile,2514717110,acute care hospitals,government - state,yes,Heart Attack,ami-5,Heart Attack Patients Given Beta Blocker At Discharge,96%,96 patients,al_ami-5
385,385,10087,Univ Ox South Alabama Medical Center,2451 fillingim street,,,mobile,al,36617,Mobile,25,acute care hospitals,government - state,yes,Heart Attack,ami-7a,Heart Attack Patients Given Fibrinolytic Medication Within 30 Minutes Of Arrival,100%,0 patients,al_ami-7a
386,386,10087,Xniv Of Soxth Alabama Medical Center,2451 fillingim street,,,mobile,al,36617,Mobile,2514717110,acute care hospitals,government - state,yes,Heart Attack,ami-8a,Heart Attack Patients Given Pci Within 90 Minutes Of Arrival,50%,16 patients,al_ami-8a
387,387,10087,Univ Of South Alabama Medical Center,2451 fillingim street,,,mobile,xl,36617,Mobile,25,acute care hospitals,government - state,yes,Hxart Failurx,hf-1,Heart Failure Patients Given Discharge Instructions,83%,146 patients,al_hf-1
388,388,10087,Univ Of South Alabama Medical Center,2451 fillingim street,,,mobile,al,36617,Mobile,2514717110,acute care hospitals,government - state,yes,Heart Failure,hf-2,Heart Failure Patients Given An Evaluation Of Left Ventricular Systolic Lvs Function,98%,150 patients,al_hx-2
389,389,10087,Univ Of South Alabama Medical Center,2451 fillingim street,,,mobile,al,36617,Mobile,2514717110,acute care hospitals,government - state,yes,Heart Failure,hf-3,Heart Failure Patients Given Ace Inhibitor Or Arb For Left Ventricular Systolic Dysfunction Lvsd,96%,84 patients,al_hf-3
390,390,10087,Univ Of South Alabama Medical Center,2451 fillingim street,,,mobile,al,36617,Mobile,2514717110,acute care hospitals,government - state,yes,Heart Failure,hf-4,Heart Xailure Patients Given Smoking Cessation Advicecounseling,100%,45 patients,al_hf-4
391,391,10087,Univ Of South Alabama Medical Center,2451 fillingim street,,,mobile,al,36617,Mobile,2514717110,acute care hospitals,government - state,yes,Pneumonia,pn-2,Pneumonia Patients Assessed And Given Pneumococcal Vaccination,71%,7 patients,al_pn-2
392,392,10087,Univ Of South Alabama Medical Center,2451 fillingim street,,,mobile,al,36617,Mobile,2514717110,acute care hospitals,government - state,yes,Pneumonia,pn-xb,Pneumonia Patients Whose Initial Emergency Room Blood Culture Was Performed Prior To The Administration Of The First Hospital Dose Of Antibiotics,89%,35 patients,al_pn-3b
393,393,10108,Prattville Baptist Hospital,124 s memorial dr,,,prattville,al,36067,Autauga,3343614267,acute care hospitals,voluntary non-profit - private,yes,Heart Attack,ami-2,Heart Attack Patients Given Aspirin At Discharge,100%,4 patients,al_ami-2
394,394,10108,Prattville Baptist Hospital,124xsxmemorialxdr,,,prattville,al,36067,Autauga,33,acute care hospitals,voluntary non-profit - private,yes,Heart Attack,ami-3,Heart Attack Patients Given Ace Inhibitor Or Arb For Left Ventricular Systolic Dysfunction Lvsd,67%,3 patients,al_ami-3
395,395,10108,Prattville Baptist Hospital,124 s memorial dr,,,prattville,al,36067,Autauga,3343614267,acute care hospitals,voluntary non-profit - private,yes,Heart Attack,ami-4,Heart Attack Patients Given Smoking Cessation Advicecounseling,100%,0 patients,al_ami-4
396,396,10108,Prattville Baptist Hospital,124 s memorial dr,,,prattville,al,36067,Autauga,3343614267,acute care hospitals,voluntary non-profit - private,yes,Heart Attack,ami-5,Heart Attack Patients Given Beta Blocker At Discharge,100%,5 patients,al_ami-5
397,397,10108,Prattville Baptist Hospital,124 s memorial dr,,,prattville,al,36067,Autauga,3343614267,acute care hospitals,voluntary non-profit - private,yes,Heart Attack,ami-7a,Heart Attack Patients Given Fibrinolytic Medication Within 30 Minutes Of Arrival,100%,0 patients,al_ami-7a
398,398,10108,Prattville Baptist Hospital,124 s memorial dr,,,prattville,al,36067,Autauga,3343614267,acute care hospitals,voluntary non-profit - private,yes,Heart Attack,ami-8a,Heart Attack Patients Given Pci Within 90 Minutes Of Arrival,100%,0 patients,al_ami-8a
399,399,10108,Prattville Baptist Hospital,124 s memorial dr,,,prattville,al,36067,Autauga,3343614267,acute care hospitals,voluntary non-profit - private,yes,Heart Failure,hx-1,Heart Failure Patients Given Discharge Instructions,96%,75 patients,al_hf-1
400,400,10108,Prattville Baptist Hospital,124 s memorial dr,,,prattville,al,36067,Autauga,3343614267,acute care hospitals,voluntary non-profit - private,yes,Heart Failure,hf-2,Heart Failure Patients Given An Evaluation Of Left Ventricular Systolic Lvs Function,94%,93 patients,al_hf-2
401,401,10108,Prattville Baptist Hospital,124 s memorial dr,,,prattville,al,36067,Autauga,3343614267,acute care hospitals,voluntary non-profit - private,yes,Hxart Failurx,hf-3,Heart Failure Patients Given Ace Inhibitor Or Arb For Left Ventricular Systolic Dysfunction Lvsd,94%,18 patients,al_hf-3
402,402,10108,Prattville Baptist Hospital,124 s memorial dr,,,prattville,al,36067,Autauga,3343614267,acute care hospitals,voluntary non-profit - private,yes,Heart Failure,hf-4,Heart Failure Patients Given Smoking Cessation Advicecounseling,96%,27 patients,al_hf-4
403,403,10108,Prattville Baptist Hospital,124 s memorial dr,,,prattville,ax,36067,Autauga,3343614267,acute care hospitals,voluntary non-profit - private,yes,Pneumonia,pn-2,Pneumonia Patients Assessed And Given Pneumococcal Vaccination,94%,116 patients,al_pn-2
404,404,10108,Prattville Baptist Hospital,124 s memorial dr,,,prattville,al,36067,Autauga,3343614267,acute care hospitals,voluntary non-profit - private,yes,Pneumonia,pn-3b,Pneumonia Patients Whose Initial Emergency Room Blood Culture Was Performed Prior To The Administration Of The First Hospital Dose Of Antibiotics,95%,138 patients,al_pn-3b
405,405,10108,Prattville Baptist Hospital,124 s memorial dr,,,prattville,al,36067,Autauga,3343614267,acute care hospitals,voluntary non-profit - private,yes,Pneumonia,pn-4,Pneumonia Patients Given Smoking Cessation Advicecounseling,100%,67 patients,al_pn-4
406,406,10108,Prattville Baptist Hospital,124 s memorial dr,,,prattville,al,36067,Autauga,3343614267,acute care hospitals,voluntary non-profit - private,yes,Pneumonia,pn-5c,Pneumonia Patients Given Initial Antibiotics Within 6 Hours After Arrival,4%,131 patients,al_pn-5c
407,407,10108,Prattville Baptist Hospital,124 s memorial dr,,,prattville,al,3,Autauga,3343614267,acute care hospitals,voluntary non-profit - private,yes,Pneumonia,pn-6,Pneumonia Patients Given The Most Appropriate Initial Antibiotics,92%,93 patients,al_pn-6
408,408,10108,Prattville Baptist Hospital,124 s memorial dr,,,prattville,al,36067,Autauga,3343614267,acute care hospitals,voluntary non-profit - private,yes,Pneumonia,pn-7,Pneumonia Patients Assessed And Given Influenza Vaccination,99%,89 patients,al_pn-7
409,409,0,Prattville Baptist Hospital,124 s memorial dr,,,prattville,al,36067,Autauga,3343614267,acute care hospitals,voluntary non-profit - private,yes,Surgical Infection Prevention,scip-card-2,Surgery Patients Who Were Taking Heart Drugs Called Beta Blockers Before Coming To The Hospital Who Were Kept On The Beta Blockers During The Period Just Before And After Their Surgery,100%,1 patients,al_scip-card-2
410,410,10108,Prattville Baptist Hospital,124 s memorial dr,,,prattville,al,36067,Autauga,3343614267,acute care hospitals,voluntary non-profit - private,yes,Surgical Infection Prevention,scipxinfx1,Surgery Patients Who Were Given An Antibiotic At The Right Time Within One Hour Before Surgery To Help Prevent Infection,90%,10 patients,al_scip-inf-1
411,411,10108,Prattville Baptist Hospital,124 s memorial dr,,,prattville,al,36067,Autauga,3343614267,acute care hospitals,voluntary non-profit - private,yes,Surgical Infection Prevention,scip-inf-2,Surgery Patients Who Were Given The  Right Kind  Of Antibiotic To Help Prevent Infection,90%,10 patients,al_scip-inf-2
412,412,10108,Prattville Baptist Hospital,124 s mxmorial dr,,,prattville,al,36067,Autauga,3343614267,acute care hospitals,voluntary non-profit - private,yes,Surgical Infection Prevention,scip-inf-3,Surgery Patients Whose Preventive Antibiotics Were Stopped At The Right Time Within 24 Hours After Surgery,1xx%,10 patients,al_scip-inf-3
413,413,10158,Russellville Hospital,15155 highway 43,,,russellville,al,35653,Franklin,2563321611,acute care hospitals,proprietary,yes,Surgical Infection Prevention,scip-vte-1,Surgery Patients Whose Doctors Ordered Treatments To Prevent Blood Clots After Certain Types Of Surgeries,100%,125 patients,al_scip-vte-1
414,414,10158,Russellville Hospital,15155 highway 43,,,russellville,al,35653,Franklin,2563321611,acute care hospitals,proprietary,yes,Surgical Infection Prevention,scip-vte-2,Patients Who Got Treatment  At The Right Time Within 24 Hours Before Or After Their Surgery To Help Prevent Blood Clots After Certain Types Of Surgery,98%,125 patixnts,al_scip-vte-2
415,415,10164,Coosa Valley Medical Center,315 w hickory st,,,sylacauga,al,35150,Talladega,2562495000,acute care hospitals,voluntary non-profit - other,no,Heart Attack,ami-1,Heart Attack Patients Given Aspirin At Arrival,90%,10 patients,al_ami-1
416,416,10164,Coosa Valley Medical Center,315 w hickxry st,,,sylacauga,al,35150,Tallaxega,2562495000,acute care hospitals,voluntary non-profit - other,no,Heart Attack,ami-2,Heart Attack Patients Given Aspirin At Discharge,100%,3 patients,al_ami-2
417,417,10164,Coosa Valley Medical Center,315 w hickory st,,,sylacauga,al,35150,Talladega,2562495000,acute care hospitals,voluntary non-profit - other,no,Heart Attack,ami-3,Heart Attack Patients Given Ace Inhibitor Or Arb For Left Ventricular Systolic Dysfunction Lvsd,100%,1 patients,al_ami-3
418,418,10164,Coosa Valley Medical Center,315 w hickory st,,,sylacauga,al,35150,Talladega,2562495000,acute care hospitals,voluntary non-profit - other,no,Heart Attack,ami-4,Heart Attack Patients Given Smoking Cessation Advicecounseling,100%,0 patients,al_ami-4
419,419,10164,Coosa Valley Medical Center,315 w hickory st,,,sylacauga,al,35150,Talladega,2562495000,acute care hospitals,voluntary non-profit - other,no,Heart Attack,ami-5,Heart Attack Patients Given Beta Blocker At Discharge,100%,4 xatients,al_ami-5
420,420,10164,Coosa Valley Medical Center,315 w hickory st,,,sylacauga,al,35150,Talladega,2562495000,acute care hospitals,voluntary non-profit - other,no,Heart Attack,ami-7a,Heart Attack Patients Given Fibrinolytic Medication Within 30 Minutes Of Arrival,100%,0 patients,al_ami-7a
421,421,10164,Coosa Valley Medical Center,315 w hickory st,,,sylacauga,al,5150,Talladega,2562495000,acute care hospitals,voluntary non-profit - other,no,Heart Attack,ami-8a,Heart Attack Patients Given Pci Within 90 Minutes Of Arrival,100%,0 patients,al_ami-8a
422,422,10164,Coosa Valley Medical Center,315 w hickory st,,,sylacauga,al,35150,Talladega,2562495000,acute care hospitals,voluntary non-profit - other,no,Heart Failure,hf-1,Heart Failure Patients Given Discharge Instructions,77%,78 patients,al_hf-1
423,423,10164,Coosa Valley Medical Center,315 w hickory st,,,sylacauga,al,35150,Talladega,2562495000,acute care hospitals,voluntary non-profit - other,no,Heart Failure,hf-2,Heart Failure Patients Given An Evaluation Of Left Ventricular Systolic Lvs Function,99%,105 patients,al_hf-2
424,424,10164,Coosa Valley Medical Center,315 w hickory st,,,sylacauga,al,35150,Talladega,2562495000,acute care hospitals,voluntary non-profit - other,no,Heart Failure,hf-3,Heart Failure Patients Given Ace Inhibitor Or Arb For Left Ventricular Systolic Dysfunction Lvsd,85%,46 patients,al_hf-3
425,425,10164,Coosa Valley Medical Center,315 w hickory st,,,sylacauga,al,35150,Talladega,2562495000,acute care hospitals,voluntary non-profit - other,no,Heart Failure,hf-4,Heart Failure Patients Given Smoking Cessation Advicecounseling,100%,12 patients,al_hf-4
426,426,10164,Coosa Valley Medical Center,315 w hickory st,,,sylacauga,al,35150,Talladega,2562495000,acute care hospitals,voluntary non-profit - other,no,Pneumonia,pn-2,Pneumonia Patients Assessed And Given Pneumococcal Vaccination,93%,69 patients,al_pn-2
427,427,10164,Coosa Valley Medical Center,315 w hickory st,,,sylacauga,al,35150,Talladega,2562495000,acute care hospitals,voluntary non-profit - other,no,Pneumonia,pn-3b,Pneumonia Patients Whose Initial Emergency Room Blood Culture Was Performed Prior To The Administration Of The First Hospital Dose Of Antibiotics,7%,95 patients,al_pn-3b
428,428,10164,Coosa Valley Medical Center,315 w hickory st,,,sylacauga,al,35150,Talladega,2562495000,acute care hospitals,voluntary non-profit - other,no,Pneumonia,pn-4,Pneumonia Patients Given Smoking Cessation Advicecounseling,100%,47 patients,al_pn-4
429,429,10164,Coosa Valley Medical Center,315 w hickory st,,,sylacauga,al,3,Talladega,2562495000,acute care hospitals,voluntary non-profit - other,no,Pneumonia,pn-5c,Pneumonia Patients Given Initial Antibiotics Within 6 Hours After Arrival,97%,101 patients,al_pn-5c
430,430,10164,Coosa Valley Medical Center,315 w hickory st,,,sylacauga,al,35150,Talladega,2562495000,acute care hospitals,voluntary non-profit - other,no,Pneumonia,pn-6,Pneumonia Patients Given The Most Appropriate Initial Antibiotics,96%,57 patients,al_pn-6
431,431,10164,Coosa Valley Medical Center,315 w hickory st,,,sylacauga,al,35150,Talladega,2562495000,acute care hospitals,voluntary non-profit - other,no,Pneumonia,pn-7,Pneumonia Patients Assessed And Given Influenza Vaccination,88%,51 patients,al_pn-7
432,432,10164,Coosa Valley Medical Center,315xwxhickoryxst,,,sylacauga,al,35150,Talladega,2562495000,acute care hospitals,voluntary non-profit - other,no,Surgical Infection Prevention,scip-card-2,Surgery Patients Who Were Taking Heart Drugs Called Beta Blockers Before Coming To The Hospital Who Were Kept On The Beta Blockers During The Period Just Before And After Their Surgery,82%,22 patients,al_scip-card-2
433,433,20017,Alaska Regional Hospital,2801 debarr road,,,anchorage,ak,99508,Anchorage,9072761131,acute care hospitals,proprietary,yes,Heart Failure,hf-1,Heart Failure Patients Given Discharge Instructions,91%,57 patients,ak_hf-1
434,434,20017,Alaska Regional Hospital,2801 debarr road,,,anchorage,ak,99508,Anchorage,9072761131,acute care hospitals,proprietary,yes,Heart Failure,hf-2,Heart Failure Patients Given An Evaluation Of Left Ventricular Systolic Lvs Function,98%,61 patients,ak_hf-2
435,435,20017,Alaska Regional Hospital,2801 debarr road,,,anchorage,ak,99508,Anchorage,9072761131,acute care hospitals,proprietary,yes,Heart Failure,hf-3,Heart Faxlure Patxents Gxven Ace Inhxbxtor Or Arb For Left Ventrxcular Systolxc Dysfunctxon Lvsd,100%,33 patients,ak_hf-3
436,436,20017,Alaska Regional Hospital,2801 debarr road,,,anchorage,ak,99508,Anchorage,9072761131,acute care hospitals,proprietary,yes,Heart Failure,hf-4,Heart Failure Patients Given Smoking Cessation Advicecounseling,100%,13 patients,ak_hf-4
437,437,20017,Alaska Regional Hospital,2801 debarr road,,,anchorage,ak,99508,Anchorage,9072761131,acute care hospitals,proprietary,yes,Pneumonia,pn-2,Pneumonia Patients Assessed And Given Pneumococcal Vaccination,97%,37 patients,ak_pn-2
438,438,20017,Alaska Regional Hospital,2801 debarr road,,,anchoraxe,ak,99508,Anchorage,9072761131,acute care hospitals,proprietary,yes,Pneumonia,pn-3b,Pneumonia Patients Whose Initial Emergency Room Blood Culture Was Performed Prior To The Administration Of The First Hospital Dose Of Antibiotics,100%,47 patients,ak_pn-3b
439,439,20017,Alaska Regional Hospital,2801 debarr road,,,anchorage,ak,99508,Anchorage,9072761131,acute care hospitals,proprietary,yes,Pneumonia,pn-4,Pneumonia Patients Given Smoking Cessation Advicecounseling,96%,26 patients,ak_pn-4
440,440,20017,Alaska Regional Hospital,2801 debarr road,,,anchorage,ak,99508,Anchorage,9072761131,acute care hospitals,proprietary,yes,Pneumonia,pn-5c,Pneumonia Patients Given Initial Antibiotics Within 6 Hours After Arrival,97%,39 patients,ak_pn-5c
441,441,20017,Alaska Regional Hospital,2801 debarr road,,,anchorage,ak,99508,Anchorage,9072761131,acute care hospitals,proprietary,yes,Pneumonia,pn-6,Pneumonia Patients Given The Most Appropriate Initial Antibiotics,95%,22 patients,ak_pn-6
442,442,20017,Alaska Regional Hospital,2801 debarr road,,,anchorage,ak,99508,Anchorage,9072761131,acute care hospitals,proprietary,yes,Pneumonia,pn-7,Pneumonia Patients Assessed And Given Influenza Vaccination,90%,29 patients,ak_pn-7
443,443,20017,Alaska Regional Hospital,2801 debarr road,,,anchorage,ak,99508,Anchorage,9072761131,acute care hospitals,proprietary,yes,Surgical Infection Prevention,scip-card-2,Surgery Patients Who Were Taking Heart Drugs Called Beta Blockers Before Coming To The Hospital Who Were Kept On The Beta Blockers During The Period Just Before And After Their Surgery,87%,106 patients,ak_scip-card-2
444,444,20017,Alaska Regional Hospital,2801 debarr road,,,anchorage,ak,99508,Anchorage,9072761131,acute care hospitals,proprietary,yes,Surgical Infection Prevention,scip-inf-1,Surgery Patients Who Were Given An Antibiotic At The Right Time Within One Hour Before Surgery To Help Prevent Infection,96%,513 patients,ak_scip-inf-1
445,445,20017,Alaska Regional Hospital,2801 debarr road,,,anchorage,ak,99508,Anchorage,9072761131,acute care hospitals,proprietary,yes,Surgical Infection Prevention,scip-inf-2,Surgery Patients Who Were Given The  Right Kind  Of Antibiotic To Help Prevent Infection,98%,521 patiexts,ak_scip-inf-2
446,446,20017,Alaska Regional Hospital,2801 debarr road,,,anchorage,ak,99508,Anchorage,9072761131,acute care hospitals,proprietary,yes,Surgical Infection Prevention,scip-inf-3,Surgery Patients Whose Preventive Antibiotics Were Stopped At The Right Time Within 24 Hours After Surgery,88%,499 patients,ak_scip-inf-3
447,447,20017,Alaska Regional Hospital,2801 debarr road,,,anchorage,ak,99508,Anchorage,9072761131,acute care hospitals,proprietary,yes,Surgical Infection Prevention,scip-inf-4,All Heart Surgery Patients Whose Blood Sugar Blood Glucose Is Kept Under Good Control In The Days Right After Surgery,94%,146 patients,ak_scip-inf-4
448,448,20017,Alaska Regional Hospital,2801 debarr road,,,anchorage,ak,99508,Anchorage,9072761131,acute care hospitals,proprietary,yes,Surgical Infection Prevention,scip-inf-6,Surgeryxpatientsxneedingxhairxremovedxfromxthexsurgicalxareaxbeforexsurgery Xwhoxhadxhairxremovedxusingxaxsaferxmethodxelectricxclippersxorxhairxremovalxcreamxcxnotxaxrazor,100%,690 patients,ak_scip-inf-6
449,449,20017,Xlxskx Regionxl Hospitxl,2801 debarr road,,,anchorage,ak,99508,Anchorage,9072761131,acute care hospitals,proprietary,yes,Surgical Infection Prevention,scip-vte-1,Surgery Patients Whose Doctors Ordered Treatments To Prevent Blood Clots After Certain Types Of Surgeries,94%,226 patients,ak_scip-vte-1
450,450,20017,Alaska Regional Hospital,2801 debarr road,,,anchorage,ak,99508,Anchorage,9072761131,acute care hospitals,proprietary,yes,Surgical Infection Prevention,scip-vte-2,Patients Who Got Treatment  At The Right Time Within 24 Hours Before Or After Their Surgery To Help Prevent Blood Clots After Certain Types Of Surgery,94%,223 patients,ak_scip-vte-2
451,451,20018,Yukon Kuskokwim Delta Reg Hospital,po box 287,,,bethel,ak,99559,Bethel,9075436300,acute care hospitals,government - federal,no,Heart Attack,ami-1,Heart Attack Patients Given Aspirin At Arrival,100%,0 patients,ak_ami-1
452,452,20018,Yukon Kuskokwim Delta Reg Hospital,poxboxx287,,,bethel,ak,99559,Bethel,9075436300,acute care hospitals,government - federal,no,Heart Attack,ami-2,Heart Attack Patients Given Aspirin At Discharge,100%,0 patients,ak_ami-2
453,453,10019,Helen Keller Memorial Hospital,1300 south montgomery avenue,,,sheffield,al,35660,Jefferson,2563864556,acute care hospitals,government - hospital district or authority,yes,Pneumonia,pn-2,Pneumonia Patients Assessed And Given Pneumococcal Vaccination,89%,150 patients,al_pn-2
454,454,10019,Helen Keller Memorial Hospital,1300 south montgomery avenue,,,sheffield,al,35660,Jefferson,2563864556,acute care hospitals,government - hospital district or authority,yes,Pneumonia,pn-3b,Pneumonia Patients Whose Initial Emergency Room Blood Culture Was Performed Prior To The Administration Of The First Hospital Dose Of Antibiotics,99%,149 patients,al_pn-3b
455,455,10019,Helen Keller Memorial Hospital,1300 south montgomery avenue,,,sheffield,al,35660,Jefferson,2563864556,acute care hospitals,government - hospital district or authority,yes,Pneumonia,pn-4,Pneumonia Patients Given Smoking Cessation Advicecounseling,97%,79 patients,al_pn-4
456,456,10019,Helen Keller Memorial Hospital,1300 south montgomery avenue,,,sheffield,al,35660,Jefferson,2563864556,acute care hospitals,government - hospital district or authority,yes,Pneumonia,pn-5c,Pneumonia Patients Given Initial Antibiotics Within 6 Hours After Arrival,98%,192 patients,al_pn-5c
457,457,10019,Helen Keller Memorial Hospital,1300 south montgomery avenue,,,sheffield,al,35660,Jxffxrson,2563864556,acute care hospitals,government - hospital district or authority,yes,Pneumonia,pn-6,Pneumonia Patients Given The Most Appropriate Initial Antibiotics,86%,139 patients,al_pn-6
458,458,10019,Helen Keller Memorial Hospital,1300 south montgomery avenue,,,sheffield,al,35660,Xefferson,2563864556,acute care hospitals,government - hospital district or authority,yes,Pneumonia,pn-7,Pneumonia Patients Assessed And Given Influenza Vaccination,82%,119 patients,al_pn-7
459,459,10019,Helen Keller Memorial Hospital,1300 south montgomery avenue,,,sheffield,al,35660,Jefferson,2563864556,acute care hospitals,government - hospital district or authority,yes,Surgical Infection Prevention,scip-card-2,Surgery Patients Who Were Taking Heart Drugs Called Beta Blockers Before Coming To The Hospital Who Were Kept On The Beta Blockers During The Period Just Before And After Their Surgery,81%,54 patients,al_scip-card-2
460,460,10019,Helen Keller Memorial Hospital,1300 south montgomery avenue,,,sheffield,al,35660,Jefferson,2563864556,acute care hospitals,government - hospital district or authority,yes,Surgical Infection Prevention,scip-inf-1,Surgery Patients Who Were Given An Antibiotic At The Right Time Within One Hour Before Surgery To Help Prevent Infection,92%,253 patients,al_scip-inf-1
461,461,10019,Helen Keller Memorial Hospital,1300 south montgomery avenue,,,sheffield,al,35660,Jefferson,2563864556,acute care hospitals,government - hospital district or authority,yes,Surgical Infection Prevention,scip-inf-2,Surgery Patients Who Were Given The  Right Kind  Of Antibiotic To Help Prevent Infection,91%,255 patients,al_scip-inf-2
462,462,10019,Helen Keller Memorial Hospital,1300 south montgomery avenue,,,sheffield,al,35660,Jefferson,2563864556,acute care hospitals,government - hospital district or authority,yes,Surgical Infection Prevention,scip-inf-3,Surgery Patients Whose Preventive Antibiotics Were Stopped At The Right Time Within 24 Hours After Surgery,84%,245 patients,al_scip-inf-3
463,463,10019,Helen Keller Memorial Hospital,1300 south montgomery avenue,,,sheffield,al,35660,Jefferson,2563864556,acute care hospitals,government - hospital district or authority,yes,Surgical Infection Prevention,scip-inf-4,All Heart Surgery Patients Whose Blood Sugar Blood Glucose Is Kept Under Good Control In The Days Right After Surgery,100%,x patients,al_scip-inf-4
464,464,10019,Helen Keller Memorial Hospital,1300 south montgomery avenue,,,sheffield,al,35660,Jefferson,2563864556,acute care hospitals,government - hospital district or authority,yes,Surgical Infection Prevention,scip-inf-6,Surgery Patients Needing Hair Removed From The Surgical Area Before Surgery Who Had Hair Removed Using A Safer Method Electric Clippers Or Hair Removal Cream C Not A Razor,97%,369 patients,al_scip-inf-6
465,465,10019,Helen Keller Memorial Hospital,1300 south montgomery avenue,,,sheffield,al,35660,Jefferson,2563864556,acute care hospitals,government - hospital district or authority,yes,Surgical Infection Prevention,sxip-vte-1,Surgery Patients Whose Doctors Ordered Treatments To Prevent Blood Clots After Certain Types Of Surgeries,85%,144 patients,al_scip-vte-1
466,466,10019,Helen Keller Memorial Hospital,1300 south montgomery avenue,,,sheffield,al,35660,Jexxerson,2563864556,acute care hospitals,government - hospital district or authority,yes,Surgical Infection Prevention,scip-vte-2,Patients Who Got Treatment  At The Right Time Within 24 Hours Before Or After Their Surgery To Help Prevent Blood Clots After Certain Types Of Surgery,79%,142 patients,al_scip-vte-2
467,467,10021,Dale Medical Center,126 hospital ave,,,ozark,al,36360,Dale,3347742601,acute care hospitals,government - hospital district or authority,yes,Heart Attack,ami-1,Heart Attack Patients Given Aspirin At Arrival,100%,11 patients,al_ami-1
468,468,10021,Dale Medical Center,126 hospital ave,,,ozark,al,36360,Dale,3347742601,acute care hospitals,government - hospital district or authority,yes,Hexrt Attxck,ami-2,Heart Attack Patients Given Aspirin At Discharge,100%,5 patients,al_ami-2
469,469,10021,Dale Medical Center,126 hospital ave,,,ozark,al,36360,Dale,3347742601,acute care hospitals,government - hospital district or authority,yes,Heart Attack,ami-3,Heart Attack Patients Given Ace Inhibitor Or Arb For Left Ventricular Systolic Dysfunction Lvsd,100%,0 patients,al_ami-3
470,470,10021,Dale Medical Center,126 hospital ave,,,ozark,al,36360,Dale,3347742601,acute care hospitals,government - hospital district or authority,yes,Heart Attack,ami-4,Heart Attack Patients Given Smoking Cessation Advicecounseling,100%,3 patients,al_ami-4
471,471,10021,Dale Medical Center,126 hospital ave,,,ozark,al,36360,Dale,3347742601,acute care hospitals,government - hospital district or authority,yes,Heart Attack,ami-5,Heart Attack Patients Given Beta Blocker At Discharge,83%,6 patients,al_ami-5
472,472,10021,Dale Medical Center,126 hospital ave,,,ozark,al,36360,Dale,334774,acute care hospitals,government - hospital district or authority,yes,Heart Attack,ami-7a,Heart Attack Patients Given Fibrinolytic Medication Within 30 Minutes Of Arrival,0%,2 patients,al_ami-7a
473,473,10021,Dale Medical Center,126xhospitalxave,,,ozark,al,36360,Dale,3347742601,acute care hospitals,government - hospital district or authority,yes,Heart Attack,ami-8a,Heart Attack Patients Given Pci Within 90 Minutes Of Arrival,100%,0 patients,al_ami-8a
474,474,10021,Dale Medical Center,126 hospital ave,,,ozark,al,36360,Dale,3347742601,acute care hospitals,government - hospital district or authority,yes,Heart Failure,hf-1,Heaxt Failuxe Patients Given Dischaxge Instxuctions,66%,79 patients,al_hf-1
475,475,10021,Dale Medical Center,126 hospital ave,,,ozarx,al,36360,Dale,3347742601,acute care hospitals,government - hospital district or authority,yes,Heart Failure,hf-2,Heart Failure Patients Given An Evaluation Of Left Ventricular Systolic Lvs Function,96%,94 patients,al_hf-2
476,476,10021,Dale Medical Center,126 hospital ave,,,ozark,al,36360,Dale,3347742601,acute care hospitals,government - hospital district or authority,yes,Heart Failure,hf-3,Heart Failure Patients Given Ace Inhibitor Or Arb For Left Ventricular Systolic Dysfunction Lvsd,94%,18 patients,al_hf-3
477,477,10021,Dale Medical Center,126 hospital ave,,,ozark,al,36360,Dale,3347742601,acute care hospitals,government - hospital district or authority,yes,Heart Failure,hf-4,Heart Failure Patients Given Smoking Cessation Advicecounseling,94%,32 patients,al_hf-4
478,478,10021,Dale Medical Center,126 hospital ave,,,ozark,xl,36360,Dale,3347742601,acute care hospitals,government - hospital district or authority,yes,Pneumonia,pn-2,Pneumonia Patients Assessed And Given Pneumococcal Vaccination,85%,80 patients,ax_pn-2
479,479,10021,Dale Medical Center,126 hospital ave,,,ozark,al,36360,Dale,3347742601,acute care hospitals,government - hospital district or authority,yes,Pneumonia,pn-3b,Pneumonia Patients Whose Initial Emergency Room Blood Culture Was Performed Prior To The Administration Of The First Hospital Dose Of Antibiotics,94%,67 patients,al_pn-3b
480,480,10021,Dale Medical Center,126 hospital ave,,,ozark,al,36360,Dale,3347742601,acute care hospitals,government - hospital district or authority,yes,Pneumonia,pn-4,Pneumonia Patients Given Smoking Cessation Advicecounseling,87%,39 patients,al_pn-4
481,481,10021,Dale Medical Center,126 hospital ave,,,ozark,al,36360,Dale,3347742601,acute care hospitals,government - hospital district or authority,yes,Pneumonia,pn-5c,Pneumonia Patients Given Initial Antibiotics Within 6 Hours After Arrival,95%,74 patients,al_pn-5c
482,482,10021,Dale Medical Center,126 hospital ave,,,ozark,al,36360,Dale,3347742601,acute care hospitals,government - hospital district or authority,yes,Pneumonia,pn-6,Pneumonia Patients Given The Most Appropriate Initial Antibiotics,64%,59 patients,al_pn-6
483,483,10021,Dale Medical Center,126 hospital ave,,,ozark,al,36360,Dale,3347742601,acute care hospitals,government - hospital district or authority,yes,Pneumonia,pn-7,Pneumonia Patients Assessed And Given Influenza Vaccination,90%,62 patients,al_pn-7
484,484,10021,Dale Medical Center,126 hospital ave,,,ozark,xl,36360,Dale,3347742601,acute care hospitals,government - hospital district or authority,yes,Surgical Infection Prevention,scip-card-2,Surgery Patients Who Were Taking Heart Drugs Called Beta Blockers Before Coming To The Hospital Who Were Kept On The Beta Blockers During The Period Just Before And After Their Surgery,100%,12 patients,al_scip-card-2
485,485,10021,Dale Medical Center,1x6 hospital ave,,,ozark,al,36360,Dale,3347742601,acute care hospitals,government - hospital district or authority,yes,Surgical Infection Prevention,scip-inf-1,Surgery Patients Who Were Given An Antibiotic At The Right Time Within One Hour Before Surgery To Help Prevent Infection,94%,52 patients,al_scip-inf-1
486,486,10021,Dale Medical Center,126 hospital ave,,,xzark,al,36360,Dale,3347742601,acute care hospitals,government - hospital district or authority,yes,Surgical Infection Prevention,scip-inf-2,Surgery Patients Who Were Given The  Right Kind  Of Antibiotic To Help Prevent Infection,96%,52 patients,al_scip-inf-2
487,487,10021,Dale Medical Center,126 hospital ave,,,ozark,al,36360,Dale,3347742601,acute care hospitals,government - hospital district or authority,yes,Surgical Infection Prevention,scip-inf-3,Surgery Patients Whose Preventive Antibiotics Were Stopped At The Right Time Within 24 Hours After Surgery,85%,48 patients,al_scip-inf-3
488,488,10021,Dale Medical Center,126 hospital ave,,,ozark,al,36360,Dale,3347742601,acute care hospitals,government - hospital district or authority,yes,Surgical Infection Prevention,scip-inf-4,All Heart Surgery Patients Whose Blood Sugar Blood Glucose Is Kept Under Good Control In The Days Right After Surgery,100%,0 patients,al_scip-inf-4
489,489,10021,Dale Medical Center,126 hospital ave,,,ozark,al,36360,Dale,3347742601,acute care hospitals,government - hospital district or authority,yes,Surgical Infection Prevention,scip-inf-6,Surgery Patients Needing Hair Removed From The Surgical Area Before Surgery Who Had Hair Removed Using A Safer Method Electric Clippers Or Hair Removal Cream C Not A Razor,1xx%,94 patients,al_scip-inf-6
490,490,10021,Dale Medical Center,126 hospital ave,,,ozark,al,36360,Dale,3347742601,acute care hospitals,government - hospital district or authority,yes,Surgical Infection Prevention,scip-vte-1,Surgery Patients Whose Doctors Ordered Treatments To Prevent Blood Clots After Certain Types Of Surgeries,88%,50 patients,al_scip-vte-1
491,491,10021,Dale Medical Center,126 hospital ave,,,ozark,al,6,Dale,3347742601,acute care hospitals,government - hospital district or authority,yes,Surgical Infection Prevention,scip-vte-2,Patients Who Got Treatment  At The Right Time Within 24 Hours Before Or After Their Surgery To Help Prevent Blood Clots After Certain Types Of Surgery,68%,50 patients,al_scip-vte-2
492,492,10022,Cherokee Medical Center,400 northwood dr,,,centre,al,35960,Cherokee,2569275531,acute care hospitals,voluntary non-profit - private,yes,Heart Attack,ami-1,Heart Attack Patients Given Aspirin At Arrival,100%,0 patients,al_ami-1
493,493,10022,Cherokee Medical Center,400 northwood dr,,,centre,al,35960,Cherokee,2569275531,acute care hospitals,voluntary non-profit - private,yes,Heart Attack,ami-2,Heart Attack Patients Given Aspirin At Discharge,100%,1 patients,al_ami-2
494,494,10022,Cherokee Medical Center,400 northwood dr,,,centre,al,35960,Cherokee,2569275531,acute care hospitals,voluntary non-profit - private,yes,Heart Attack,ami-3,Hxart Attack Patixnts Givxn Ace Inhibitor Or Arb For Lxft Vxntricular Systolic Dysfunction Lvsd,100%,0 patients,al_ami-3
495,495,10022,Cherokee Medical Center,400 northwood dr,,,centre,al,35960,Cherokee,2569275531,acute care hospitals,voluntary non-profit - private,yes,Heart Attack,ami-4,Heart Attack Patients Given Smoking Cessation Advicecounseling,100%,0 patients,al_ami-4
496,496,10022,Cherokee Medical Center,400 northwood dr,,,centre,al,35960,Cherokee,2569275531,acute care hospitals,voluntary non-profit - private,yes,Heart Attack,ami-x,Heart Attack Patients Given Beta Blocker At Discharge,100%,0 patients,al_ami-5
497,497,10022,Cherokee Medical Center,400 northwood dr,,,centre,al,35960,Cherokee,2569275531,acute care hospitals,voluntary non-profit - private,yes,Heart Attack,ami-7a,Heart Attack Patients Given Fibrinolytic Medication Within 30 Minutes Of Arrival,100%,0 patxents,al_ami-7a
498,498,10022,Cherokee Medical Center,400 northwood dr,,,centre,al,35960,Cherokee,2569275531,acute care hospitals,voluntary non-profit - private,yes,Heart Attack,ami-8a,Heart Attack Patients Given Pci Within 90 Minutes Of Arrival,100%,0 patients,al_ami-8a
499,499,10022,Cherokee Medical Center,400 northwood dr,,,centre,al,35960,Cherokee,2569275531,acute care hospitals,voluntary non-profit - private,yes,Heart Failure,hf-1,Heart Failure Patients Given Discharge Instructions,83%,35 patients,al_hf-1
500,500,10022,Cherokee Medical Center,400 northwood dr,,,centre,al,5960,Cherokee,2569275531,acute care hospitals,voluntary non-profit - private,yes,Heart Failure,hf-2,Heart Failure Patients Given An Evaluation Of Left Ventricular Systolic Lvs Function,94%,48 patients,al_hf-2
501,501,10022,Cherokee Medical Center,400 northwood dr,,,centre,al,35960,Cherokee,2569275531,acute care hospitals,voluntary non-profit - private,yes,Heart Failure,hf-3,Heart Failure Patients Given Ace Inhibitor Or Arb For Left Ventricular Systolic Dysfunction Lvsd,90%,10 patients,al_hf-3
502,502,10022,Cherokee Medical Center,400 northwood dr,,,centre,al,35960,Cherokee,2569275531,acute care hospitals,voluntary non-profit - private,yes,Heart Failure,hf-4,Heart Failure Patients Given Smoking Cessation Advicecounseling,100%,15 patients,al_hf-4
503,503,10022,Cherokee Medical Center,400 northwood dr,,,centre,al,35960,Chxrokxx,2569275531,acute care hospitals,voluntary non-profit - private,yes,Pneumonia,pn-2,Pneumonia Patients Assessed And Given Pneumococcal Vaccination,93%,44 paxienxs,al_pn-2
504,504,10022,Cherokee Medical Center,400 northwood dr,,,centre,al,35960,Cherokee,2569275531,acute care hospitals,voluntary non-profit - private,yes,Pneumonia,pn-3b,Pneumonia Patients Whose Initial Emergency Room Blood Culture Was Performed Prior To The Administration Of The First Hospital Dose Of Antibiotics,97%,33 patients,al_pn-3b
505,505,10022,Cherokee Medical Center,400 northwood dr,,,centre,ax,35960,Cherokee,2569275531,acute care hospitals,voluntary non-profit - private,yes,Pneumonia,pn-4,Pneumonia Patients Given Smoking Cessation Advicecounseling,100%,20 patients,al_pn-4
506,506,10022,Cherokee Medical Center,400 northwood dr,,,centre,al,35960,Cherokee,2569275531,acute care hospitals,voluntary non-profit - private,yes,Pneumonia,pn-5c,Pneumonia Patients Given Initial Antibiotics Within 6 Hours After Arrival,89%,56 patients,al_pn-5c
507,507,10022,Cherokee Medical Center,400 northwood dr,,,centre,al,35960,Cherokee,2569275531,acute care hospitals,voluntary non-profit - private,yes,Pneumonix,pn-6,Pneumonia Patients Given The Most Appropriate Initial Antibiotics,93x,44 patients,al_pn-6
508,508,10022,Cherokee Medical Center,400 northwood dr,,,centre,al,35960,Cherokee,2569275531,acute care hospitals,voluntary non-profit - private,yes,Pneumonia,pn-7,Pneumonix Pxtients Assessed Xnd Given Influenzx Vxccinxtion,81%,31 patients,al_pn-7
509,509,10022,Cherokee Medical Center,400 northwood dr,,,centre,al,35960,Cherokee,2569275531,acute care hospitals,voluntary non-profit - private,yes,Surgical Infection Prevention,scip-card-2,Surgery Patients Who Were Taking Heart Drugs Called Beta Blockers Before Coming To The Hospital Who Were Kept On The Beta Blockers During The Period Just Before And After Their Surgery,100%,0 patients,al_scip-card-2
510,510,10022,Cherokee Medical Center,400 northwood dr,,,centre,al,35960,Cherokee,2569275531,acute care hospitals,voluntary non-profit - private,yes,Surgical Infection Prevention,scip-inf-1,Surgery Patients Who Were Given An Antibiotic At The Right Time Within One Hour Before Surgery To Help Prevent Infection,0%,2 patients,al_scip-inf-1
511,511,10022,Cherokee Medical Center,400 northwood dr,,,centre,al,35960,Cherokee,2569275531,acute care hospitals,voluntary non-profit - private,yes,Surgical Infection Prevention,scip-inf-2,Surgery Patients Who Were Given The  Right Kind  Of Antibiotic To Help Prevent Infection,100%,2 patients,al_scip-inf-2
512,512,10022,Cherokee Medical Center,400 northwood dr,,,centre,al,35960,Cherokee,2569275531,acute care hospitals,voluntary non-profit - private,yes,Surgical Infection Prevention,scip-inf-3,Surgery Patients Whose Preventive Antibiotics Were Stopped At The Right Time Within 24 Hours After Surgery,0%,1 patients,al_scip-inf-3
513,513,10022,Cherokee Medical Center,400 northwood dr,,,centre,al,35960,Cherokee,2569275531,acute care hospitals,voluntary non-profit - private,yes,Surgical Infection Prevention,scip-inf-4,All Heart Surgery Patients Whose Blood Sugar Blood Glucose Is Kept Under Good Control In The Days Right After Surgery,100%,0 patients,al_scip-inf-4
514,514,10022,Cherokee Medical Center,400 northwood dr,,,centre,al,35960,Chxrokxx,2569275531,acute care hospitals,voluntary non-profit - private,yes,Surgical Infection Prevention,scip-inf-6,Surgery Patients Needing Hair Removed From The Surgical Area Before Surgery Who Had Hair Removed Using A Safer Method Electric Clippers Or Hair Removal Cream C Not A Razor,100%,6 patients,al_scip-inf-6
515,515,10022,Cherokee Medical Center,400 northwood dr,,,centre,al,35960,Cherokee,2569275531,acute care hospitals,voluntary non-profit - private,yes,Surgical Infection Prevention,scip-vte-1,Surgery Patients Whose Doctors Ordered Treatments To Prevent Blood Clots After Certain Types Of Surgeries,1xx%,5 patients,al_scip-vte-1
516,516,10022,Cherokee Medical Center,400 northwood dr,,,centre,al,35960,Cherokee,2569275531,acute care hospitals,voluntary non-profit - private,yes,Surgical Infection Prevention,scip-vte-2,Patients Who Got Treatment  At The Right Time Within 24 Hours Before Or After Their Surgery To Help Prevent Blood Clots After Certain Types Of Surgery,100%,5 patients,al_scip-vte-2
517,517,10023,Baptist Medical Center South,2105 east south boulevard,,,montgomery,al,36116,Montgomery,3342,acute care hospitals,voluntary non-profit - church,yes,Heart Attack,ami-1,Heart Attack Patients Given Aspirin At Arrival,100%,134 patients,al_ami-1
518,518,10023,Baptist Medical Center South,2105 east south boulevard,,,montgomery,al,36116,Montgomery,3342882100,acute care hospitals,voluntary non-profit - church,yes,Heart Attack,ami-2,Heart Attack Patients Given Aspirin At Discharge,100%,282 patients,al_ami-2
519,519,10023,Baptist Medical Center South,2105 east south boulevard,,,montgomery,al,36116,Montgomery,3342882100,acute care hospitals,voluntary non-profit - church,yes,Heart Attack,ami-3,Heart Attack Patients Given Ace Inhibitor Or Arb For Left Ventricular Systolic Dysfunction Lvsd,100%,53 patients,al_ami-3
520,520,10023,Baptist Medical Center South,2105 east south boulevard,,,montgomery,al,36116,Montgomery,3342882100,acute care hospitals,voluntary non-profit - church,yes,Heart Attack,ami-4,Heart Attack Patients Given Smoking Cessation Advicecounseling,100%,119 patients,al_ami-4
521,521,10023,Baptist Medical Center South,2105 east south boulevard,,,montgomery,al,36116,Montgomery,3342882100,acute care hospitals,voluntary non-profit - church,yes,Heart Attack,ami-5,Heart Attack Patients Given Beta Blocker At Discharge,100%,254 patients,al_ami-5
522,522,10023,Baptist Medical Center South,2105 east south boulevard,,,montgomery,al,36116,Montgomery,3342882100,acute care hospitals,voluntary non-profit - church,yes,Heart Attack,ami-7a,Heart Attack Patients Given Fibrinolytic Medication Within 30 Minutes Of Arrival,100%,0 patients,al_ami-7a
523,523,10023,Baptist Medical Center South,2105 east south boulevard,,,montgomery,al,36116,Montgomery,3342882100,acute care hospitals,voluntary non-profit - church,yes,Heart Attack,ami-8a,Heart Attack Patients Given Pci Within 90 Minutes Of Arrival,96%,27 patients,al_ami-8a
524,524,10023,Baptist Medical Center South,2105 east south boulevard,,,montgomery,al,36116,Montgomery,3342882100,acute care hospitals,voluntary non-profit - church,yes,Heart Failure,hf-1,Heart Failure Patients Given Discharge Instructions,100%,25x patients,al_hf-1
525,525,10023,Baptist Medical Center South,2105 east south boulevard,,,montgomery,al,36116,Montgomery,3342882100,acute care hospitals,voluntary non-profit - church,yes,Heart Failure,hf-2,Heart Failure Patients Given An Evaluation Of Left Ventricular Systolic Lvs Function,100%,292 patients,al_hf-2
526,526,10023,Baptist Medical Center South,2105 east south boulevard,,,montgomery,al,36116,Montgomery,3342882100,acute care hospitals,voluntary non-profit - church,yes,Heart Failure,hf-3,Heart Failure Patients Given Ace Inhibitor Or Arb For Left Ventricular Systolic Dysfunction Lvsd,100%,98 patients,al_hf-3
527,527,10023,Baptist Medical Center South,2105 east south boulevard,,,montgomery,al,36116,Montgomery,3342882100,acute care hospitals,voluntary non-profit - church,yes,Heart Failure,hf-4,Heart Failure Patients Given Smoking Cessation Advicecounseling,100%,77 patients,al_hf-4
528,528,10023,Baptist Medical Center South,2105 east south boulevard,,,montgomery,al,36116,Monxgomery,3342882100,acute care hospitals,voluntary non-profit - church,yes,Pneumonia,pn-2,Pneumonia Patients Assessed And Given Pneumococcal Vaccination,94%,99 patients,al_pn-2
529,529,10023,Baptist Medical Center South,2105 east south boulevard,,,montgomery,al,36116,Montgomery,3342882100,acute care hospitals,voluntary non-profit - church,yes,Pneumonia,pn-3b,Pneumonia Patients Whose Initial Emergency Room Blood Culture Was Performed Prior To The Administration Of The First Hospital Dose Of Antibiotics,96%,103 patients,al_pn-3b
530,530,10023,Baptist Medical Center South,2105 east south boulevard,,,montgomery,al,36116,Montgomery,3342882100,acute care hospitals,voluntary non-profit - church,yes,Pneumonia,pn-4,Pneumonia Patients Given Smoking Cessation Advicecounseling,94%,80 patients,al_pn-4
531,531,10023,Baptist Medical Center South,2105 east south boulevard,,,montgomery,al,36116,Montgomery,3342882100,acute care hospitals,voluntary non-profit - church,yes,Pneumonia,pn-5c,Pneumonia Patients Given Initial Antibiotics Within 6 Hours After Arrival,95%,101 patients,al_pn-5c
532,532,10023,Baptist Medical Center South,2105 east south boulevard,,,montgomery,al,36116,Montgomery,3342882100,acute care hospitals,voluntary non-profit - church,yes,Pneumonia,pn-6,Pneumonia Patients Given The Most Appropriate Initial Antibiotics,90%,71 patients,al_pn-6
533,533,10023,Baptist Medical Cexter South,2105 east south boulevard,,,montgomery,al,36116,Montgomery,3342882100,acute care hospitals,voluntary non-profit - church,yes,Pneumonia,pn-7,Pxeumoxia Patiexts Assessed Axd Givex Ixfluexza Vaccixatiox,92%,87 patients,al_pn-7
534,534,10023,Baptist Medical Center South,2105 east south boulevard,,,montgomery,al,36116,Montgomery,3342882100,acute care hospitals,voluntary non-profit - church,yes,Surgical Infection Prevention,scip-card-2,Surgery Patients Who Were Taking Heart Drugs Called Beta Blockers Before Coming To The Hospital Who Were Kept On The Beta Blockers During The Period Just Before And After Their Surgery,97%,89 patients,al_scip-card-2
535,535,10023,Baptist Medical Center South,2105 east south boulevard,,,montgomery,al,36116,Montgomery,3342882100,acute care hospitals,voluntary non-profit - church,yes,Surgical Infection Prevention,scip-inf-1,Surgery Patients Who Were Given An Antibiotic At The Right Time Within One Hour Before Surgery To Help Prevent Infection,97%,412 patients,al_scip-inf-1
536,536,10023,Baptist Medical Center South,2105 east south boulevard,,,montgomery,al,36116,Montgomery,3342882100,acute care hospitals,voluntary non-profit - church,yes,Surgical Infection Prevention,scip-inf-2,Surgery Patients Who Were Given The  Right Kind  Of Antibiotic To Help Prevent Infection,97%,423 patients,al_scip-inf-2
537,537,10023,Baptist Medical Center South,2105 east south boulevard,,,montgomery,al,36116,Montgomery,3342882100,acute care hospitals,voluntary non-profit - church,yes,Surgical Infection Prevention,scip-inf-3,Surgery Patients Whose Preventive Antibiotics Were Stopped At The Right Time Within 24 Hours After Surgery,94%,392 patients,al_scip-inf-3
538,538,10023,Baptist Medical Center South,2105 east south boulevard,,,montgomery,al,36116,Montgomery,3342882100,acute care hospitals,voluntary non-profit - church,yes,Surgical Infection Prevention,scip-inf-4,All Heart Surgery Patients Whose Blood Sugar Blood Glucose Is Kept Under Good Control In The Days Right After Surgery,95%,125 patients,al_scip-inf-4
539,539,10023,Baptist Medical Center South,2105 east south boulevard,,,montgomery,al,36116,Montgomery,3342882100,acute care hospitals,voluntary non-profit - church,yes,Surgical Infection Prevention,scip-inf-6,Surgery Patients Needing Hair Removed From The Surgical Area Before Surgery Who Had Hair Removed Using A Safer Method Electric Clippers Or Hair Removal Cream C Not A Razor,100%,575 patients,al_scip-inf-6
540,540,10023,Baptist Medical Center South,2105 east south boulevard,,,montgomery,al,36116,Montgomery,3342882100,acute care hospitals,voluntary non-profit - church,yes,Surgical Infection Prevention,scip-vte-1,Surgery Patients Whose Doctors Ordered Treatments To Prevent Blood Clots After Certain Types Of Surgeries,98%,179 patients,al_scip-vte-1
541,541,10023,Baptist Medical Center South,2105 east south boulevard,,,montgomery,al,36116,Montgomexy,3342882100,acute care hospitals,voluntary non-profit - church,yes,Surgical Infection Prevention,scip-vte-2,Patients Who Got Treatment  At The Right Time Within 24 Hours Before Or After Their Surgery To Help Prevent Blood Clots After Certain Types Of Surgery,94%,179 patients,al_scip-vte-2
542,542,10024,Jackson Hospital  Clinic Inc,1725 pine street,,,montgomery,al,36106,Montgomery,3342938000,acute care hospitals,voluntary non-profit - private,yes,Heart Attack,ami-1,Hexrt Attxck Pxtients Given Aspirin Xt Arrivxl,95%,111 patients,al_ami-1
543,543,10024,Jackson Hospital  Clinic Inc,1725 pine street,,,montgomery,al,36106,Montgomery,3342938000,acute care hospitals,voluntary non-profit - private,yes,Heart Attack,ami-2,Heart Attack Patients Given Aspirin At Discharge,92%,165 patients,al_ami-2
544,544,10024,Jackson Hospital  Clinic Inc,1725 pine street,,,montgomery,al,36106,Montgomery,3342938000,acute care hospitals,voluntary non-profit - private,yes,Heart Attack,ami-3,Heart Attack Patients Given Ace Inhibitor Or Arb For Left Ventricular Systolic Dysfunction Lvsd,79%,24 patients,al_ami-3
545,545,10024,Jackson Hospital  Clinic Inc,1725 pine street,,,montgomery,al,3,Montgomery,3342938000,acute care hospitals,voluntary non-profit - private,yes,Heart Attack,ami-4,Heart Attack Patients Given Smoking Cessation Advicecounseling,97%,65 patients,al_ami-4
546,546,10024,Jackson Hospital  Clinic Inc,1725 pine street,,,montgomery,al,36106,Montgomery,3342938000,acute care hospitals,voluntary non-profit - private,yes,Heart Attack,ami-5,Heaxt Attack Patients Given Beta Blockex At Dischaxge,95%,173 patients,al_ami-5
547,547,10024,Jackson Hospital  Clinic Inc,1725 pine street,,,montgomery,al,36106,Montgomery,3342938000,acute care hospitals,voluntary non-profit - private,yes,Heart Attack,ami-7a,Heart Attack Patients Given Fibrinolytic Medication Within 30 Minutes Of Arrival,100%,x patients,al_ami-7a
548,548,10024,Jackson Hospital  Clinic Inc,1725 pine street,,,montgomery,al,36106,Montgomery,3342938000,acute care hospitals,voluntary non-profit - private,yes,Heart Attack,ami-8a,Heart Attack Patients Given Pci Within 90 Minutes Of Arrival,40%,15 patients,al_ami-8a
549,549,10024,Jackson Hospital  Clinic Inc,1725 pine street,,,montgomery,al,36106,Montgomery,3342938,acute care hospitals,voluntary non-profit - private,yes,Heart Failure,hf-1,Heart Failure Patients Given Discharge Instructions,45%,430 patients,al_hf-1
550,550,10024,Jackson Hospital  Clinic Inc,1725 pine street,,,montgomery,al,36106,Montgomery,3342938000,acute care hospitals,voluntary non-profit - private,yes,Heart Failure,hf-2,Heart Failure Patients Given An Evaluation Of Left Ventricular Systolic Lvs Function,90%,518 patients,al_hf-2
551,551,10024,Jackson Hospital  Clinic Inc,1725 pine street,,,montgomery,al,36106,Montgomery,3342938000,acute care hospitals,voluntary non-profit - private,yes,Heart Failure,hf-3,Heart Failure Patients Given Ace Inhibitor Or Arb For Left Ventricular Systolic Dysfunction Lvsd,85%,146 patients,al_hf-3
552,552,10024,Jackson Hospital  Clinic Inc,1725 pine street,,,montgomery,al,36106,Monxgomery,3342938000,acute care hospitals,voluntary non-profit - private,yes,Heart Failure,hf-4,Heart Failure Patients Given Smoking Cessation Advicecounseling,99%,93 patients,al_hf-4
553,553,10024,Jackson Hospital  Clinic Inc,1725 pine street,,,montgomery,al,36106,Montgomery,3342938000,acute care hospitals,voluntary non-profit - private,yes,Pneumonia,pn-2,Pneumonia Patients Assessed And Given Pneumococcal Vaccination,85%,243 patients,al_pn-2
554,554,10024,Jackson Hospital  Clinic Inc,1725 pine street,,,montgomery,al,36106,Montgomery,3342938000,acute care hospitals,voluntary non-profit - private,yes,Pneumonia,pn-3b,Pneumonia Patients Whose Initial Emergency Room Blood Culture Was Performed Prior To The Administration Of The First Hospital Dose Of Antibiotics,95%,230 patients,al_pn-3b
555,555,10024,Jackson Hospital  Clinic Inc,1725 pine street,,,montgomery,al,36106,Montgomery,3342938000,acute care hospitals,voluntary non-profit - private,yes,Pneumonia,pn-4,Pneumonia Patients Given Smoking Cessation Advicecounseling,91%,74 patxents,al_pn-4
556,556,10024,Jackson Hospital  Clinic Inc,1725 pine street,,,montgomery,al,36106,Montgomery,3342938000,acute care hospitals,voluntary non-profit - private,yes,Pxeumoxia,pn-5c,Pneumonia Patients Given Initial Antibiotics Within 6 Hours After Arrival,88%,233 patients,al_pn-5x
557,557,10024,Jackson Hospital  Clinic Inc,1725 pine street,,,montgomery,al,36106,Montgomery,3342938000,acute care hospitals,voluntary non-profit - private,yes,Pneumonia,pn-6,Pneumonia Patients Given The Most Appropriate Initial Antibiotics,82%,97 patients,al_pn-6
558,558,10024,Jackson Hospital  Clinic Inc,1725 pine street,,,montgomery,al,36106,Montgomery,3342938000,acute care hospitals,voluntary non-profit - private,yes,Pneumonia,pn-7,Pneumonia Patients Assessed And Given Influenza Vaccination,82%,184 patients,al_pn-7
559,559,10024,Jackson Hospital  Clinic Inc,1725 pine street,,,montgomery,al,36106,Montgomery,3342938000,acute care hospitals,voluntary non-profit - private,yes,Surgical Infection Prevention,scip-card-2,Surgery Patients Who Were Taking Heart Drugs Called Beta Blockers Before Coming To The Hospital Who Were Kept On The Beta Blockers During The Period Just Before And After Their Surgery,67%,180 patients,al_scip-card-2
560,560,1,Jackson Hospital  Clinic Inc,1725 pine street,,,montgomery,xl,36106,Montgomery,3342938000,acute care hospitals,voluntary non-profit - private,yes,Surgical Infection Prevention,scip-inf-1,Surgery Patients Who Were Given An Antibiotic At The Right Time Within One Hour Before Surgery To Help Prevent Infection,78%,844 patients,al_scip-inf-1
561,561,10024,Jaxkson Hospital  Xlinix Inx,1725 pine street,,,montgomery,al,36106,Montgomery,3342938000,acute care hospitals,voluntary non-profit - private,yes,Surgical Infection Prevention,scip-inf-2,Surgery Patients Who Were Given The  Right Kind  Of Antibiotic To Help Prevent Infection,98%,827 patients,al_scip-inf-2
562,562,10024,Jackson Hospital  Clinic Inc,1725 pine street,,,montgomery,al,36106,Montgomery,33,acute care hospitals,voluntary non-profit - private,yes,Surgical Infection Prevention,scip-inf-3,Surgery Patients Whose Preventive Antibiotics Were Stopped At The Right Time Within 24 Hours After Surgery,83%,817 patients,al_scip-inf-3
563,563,10024,Jackson Hospital  Clinic Inc,1725 pine street,,,montgomery,al,36106,Montgomery,3342938,acute care hospitals,voluntary non-profit - private,yes,Surgical Infection Prevention,scip-inf-4,Allxheartxsurgeryxpatientsxwhosexbloodxsugarxbloodxglucosexisxkeptxunderxgoodxcontrolxinxthexdaysxrightxafterxsurgery,72%,270 patients,al_scip-inf-4
564,564,10024,Jackson Hospital  Clinic Inc,1725 pine street,,,montgomery,al,36106,Montgomery,3342938000,acute care hospitals,voluntary non-profit - private,yes,Surgical Infection Prevention,scip-inf-6,Surgery Patients Needing Hair Removed From The Surgical Area Before Surgery Who Had Hair Removed Using A Safer Method Electric Clippers Or Hair Removal Cream C Not A Razor,97%,1062 patients,al_scip-inf-6
565,565,10024,Jackson Hospital  Clinic Inc,1725 pine street,,,montgomery,al,36106,Montgomery,3342938000,acute care hospitals,voluntary non-profit - private,yes,Surgical Infection Prevention,scip-vte-1,Surgery Patients Whose Doctors Ordered Treatments To Prevent Blood Clots After Certain Types Of Surgeries,92%,263 patients,al_scipxvtex1
566,566,10024,Jackson Hospital  Clinic Inc,1725 pine street,,,montgomery,al,36106,Montgomery,3342938000,acute care hospitals,voluntary non-profit - private,yes,Surgical Infection Prevention,scip-vte-2,Patients Who Got Treatment  At The Right Time Within 24 Hours Before Or After Their Surgery To Help Prevent Blood Clots After Certain Types Of Surgery,87%,259 patients,al_scip-vte-2
567,567,10025,G H Lanier Memorial Hospital,4800 48th st,,,valley,al,36854,Chambers,3347561400,acute care hospitals,voluntary non-profit - other,yes,Heart Attack,ami-1,Heart Attack Patients Given Aspirin At Arrival,92%,24 patients,al_ami-1
568,568,10025,G H Lanier Memorial Hospital,4800 48th st,,,valley,al,36854,Chambers,3347561400,acute care hospitals,voluntary non-profit - other,yes,Heart Attack,ami-2,Heart Attack Patients Given Aspirin At Discharge,90%,10 patients,xl_xmi-2
569,569,10025,G H Lanier Memorial Hospital,4800 48th st,,,valley,al,36854,Chambers,3347561400,acute care hospitals,voluntary non-profit - other,yes,Heart Attack,ami-3,Heart Attack Patients Given Ace Inhibitor Or Arb For Left Ventricular Systolic Dysfunction Lvsd,100%,1 patients,al_ami-3
570,570,10025,G H Lanier Memorial Hospital,4800 48th st,,,valley,al,36854,Chambers,3347561400,acute care hospitals,voluntary non-profit - other,yes,Heart Attack,ami-4,Heart Attack Patients Given Smoking Cessation Advicecounseling,50%,4 patients,al_ami-4
571,571,10025,G H Lanier Memorial Hospital,4800 48th st,,,valley,al,36854,Chambers,3347561400,acute care hospitals,voluntary non-profit - other,yes,Heart Attack,ami-5,Heart Attack Patients Given Beta Blocker At Discharge,92%,13 patients,al_ami-5
572,572,10025,G H Lanier Memorial Hospital,4800 48th st,,,valley,al,36854,Chambers,3347561400,acute care hospitals,voluntary non-profit - other,yes,Heart Attack,ami-7a,Heart Attack Patients Given Fibrinolytic Medication Within 30 Minutes Of Arrival,0%,2 patients,al_ami-7a
573,573,10025,G H Lanier Memorial Hospital,4800 48th st,,,valley,ax,36854,Chambers,334,acute care hospitals,voluntary non-profit - other,yes,Heart Attack,ami-8a,Heart Attack Patients Given Pci Within 90 Minutes Of Arrival,100%,0 patients,al_ami-8a
574,574,10025,G H Lanier Memorial Hospital,4800 48th st,,,valley,al,36854,Chambers,3347561400,acute care hospitals,voluntary non-profit - other,yes,Heart Failure,hf-1,Heart Failure Patients Given Discharge Instructions,54%,137 patients,al_hf-1
575,575,10025,G H Lanier Memorial Hospital,4800 48th st,,,valley,al,36854,Chambers,3347561400,acute care hospitals,voluntary non-profit - other,yes,Heart Failure,hf-2,Heart Failure Patients Given An Evaluation Of Left Ventricular Systolic Lvs Function,99%,164 patients,al_hf-2
576,576,10025,G H Lanier Memorial Hospital,4800 48th st,,,valley,al,36854,Chambers,3347561400,acute care hospitals,voluntary non-profit - other,yes,Heart Failure,hf-3,Heart Failure Patients Given Ace Inhibitor Or Arb For Left Ventricular Systolic Dysfunction Lvsd,96%,75 patients,al_hf-3
577,577,10025,G H Lanier Memorial Hospital,4800 48th st,,,valley,al,36854,Chambers,3347561400,acute care hospitals,voluntary non-profit - other,yes,Heart Failure,hf-4,Heart Failure Patients Given Smoking Cessation Advicecounseling,97%,38 patients,al_hf-4
578,578,10025,G H Lanier Memorial Hospital,4800 48th st,,,valley,al,36854,Chambers,3347561400,acute care hospitals,voluntary non-profit - other,yes,Pneumonia,pn-2,Pneumonia Patients Assessed And Given Pneumococcal Vaccination,80%,55 patients,al_pn-2
579,579,10025,G H Lanier Memorial Hospital,4800 48th st,,,vallex,al,36854,Xhambers,3347561400,acute care hospitals,voluntary non-profit - other,yes,Pneumonia,pn-3b,Pneumonia Patients Whose Initial Emergency Room Blood Culture Was Performed Prior To The Administration Of The First Hospital Dose Of Antibiotics,95%,43 patients,al_pn-3b
580,580,10025,G H Lanier Memorial Hospital,4800 48th st,,,valley,al,36854,Chambers,3347561400,acute care hospitals,voluntary non-profit - other,yes,Pneumonia,pn-4,Pneumonia Patients Given Smoking Cessation Advicecounseling,91%,34 patients,al_pn-4
581,581,10025,G H Lanier Memorial Hospital,4800 48th st,,,valley,al,36854,Chambers,3347561400,acute care hospitals,voluntary non-profit - other,yes,Pneumonia,px-5c,Pneumonia Patients Given Initial Antibiotics Within 6 Hours After Arrival,82%,50 pxtients,al_pn-5c
582,582,10025,G H Lanier Memorial Hospital,4800 48th st,,,valley,al,36854,Chambers,3347561400,acute care hospitals,voluntary non-profit - other,yes,Pneumonia,pn-6,Pneumonia Patients Given The Most Appropriate Initial Antibiotics,85%,52 patients,al_pn-6
583,583,10025,G H Lanier Memorial Hospital,4800 48th st,,,valley,al,36854,Chambers,3347561400,acute care hospitals,voluntary non-profit - other,yes,Pneumonia,pn-7,Pneumonia Patients Assessed And Given Influenza Vaccination,75%,60 patients,al_pn-7
584,584,10025,G H Lanier Memorial Hospital,4800 48th st,,,valley,al,36854,Chambers,3347561400,acute care hospitals,voluntary non-profit - other,yes,Surgical Infection Prevention,scip-card-2,Surgery Patients Who Were Taking Heart Drugs Called Beta Blockers Before Coming To The Hospital Who Were Kept On The Beta Blockers During The Period Just Before And After Their Surgery,32%,19 patients,al_scip-card-2
585,585,10025,G H Lanier Memorial Hospital,4800 48th st,,,valley,al,36854,Chambers,3347561400,acute care hospitals,voluntary non-profit - other,yes,Surgical Infection Prevention,scip-inf-1,Surgery Patients Who Were Given An Antibiotic At The Right Time Within One Hour Before Surgery To Help Prevent Infection,100%,117 patients,al_scip-inf-1
586,586,10025,G H Lanier Memorial Hospital,4800 48th st,,,valley,al,36854,Chambers,3347561400,acute care hospitals,voluntary non-profit - other,yes,Surgical Infection Prevention,scip-inf-2,Surgery Patients Who Were Given The  Right Kind  Of Antibiotic To Help Prevent Infection,93%,118 patients,al_scip-inf-2
587,587,10025,G H Lanier Memorial Hospital,4800 48th st,,,valley,al,36854,Chambers,3347561400,acute care hospitals,voluntary non-profit - other,yes,Surgical Infection Prevention,scip-inf-3,Surgery Patients Whose Preventive Antibiotics Were Stopped At The Right Time Within 24 Hours After Surgery,79%,116 patients,al_scip-inf-3
588,588,10025,G H Lanier Memorial Hospital,4800 48th st,,,valley,al,36854,Chambers,3347561400,acute care hospitals,voluntary non-profit - other,yes,Surgical Infection Prevention,scip-inf-4,All Heart Surgery Patients Whose Blood Sugar Blood Glucose Is Kept Under Good Control In The Days Right After Surgery,100%,0 patients,al_scip-inf-4
589,589,10025,G H Lanier Memorial Hospital,4800 48th st,,,valley,al,36854,Chambers,3347561400,acute care hospitals,voluntary non-profit - other,yes,Surgical Infection Prevention,scip-inf-6,Surgery Patients Needing Hair Removed From The Surgical Area Before Surgery Who Had Hair Removed Using A Safer Method Electric Clippers Or Hair Removal Cream C Not A Razor,96%,172 patxents,al_scip-inf-6
590,590,10025,G H Lanier Memorial Hospital,4800 48th st,,,valley,al,36854,Chambers,3347561400,acute care hospitals,voluntary non-profit - other,yes,Surgical Infection Prevention,scip-vte-1,Surgery Patients Whose Doctors Ordered Treatments To Prevent Blood Clots After Certain Types Of Surgeries,88%,85 patients,al_scip-vte-1
591,591,10025,G H Lanier Memorial Hospital,4800 48th st,,,vxlley,al,36854,Chaxbers,3347561400,acute care hospitals,voluntary non-profit - other,yes,Surgical Infection Prevention,scip-vte-2,Patients Who Got Treatment  At The Right Time Within 24 Hours Before Or After Their Surgery To Help Prevent Blood Clots After Certain Types Of Surgery,82%,84 patients,al_scip-vte-2
592,592,10027,Elba General Hospital,987 drayton street,,,elba,al,36323,Coffee,3348972257,acute care hospitals,voluntary non-profit - other,yes,Heart Attack,ami-1,Heart Attack Patients Given Aspirin At Arrival,100%,0 patients,al_ami-1
593,593,10027,Elba General Hospital,987 drayton street,,,elba,ax,36323,Coffee,3348972257,acute care hospitals,voluntary non-profit - other,yes,Heart Attack,ami-2,Heart Attack Patients Given Aspirin At Discharge,100%,0 patients,al_ami-2
594,594,10027,Elba General Hospital,987 drayton street,,,elba,al,36323,Coffee,33,acute care hospitals,voluntary non-profit - other,yes,Heart Attack,ami-3,Heart Attack Patients Given Ace Inhibitor Or Arb For Left Ventricular Systolic Dysfunction Lvsd,100%,0 patients,al_ami-3
595,595,10027,Elba General Hospital,987 drayton street,,,elba,al,36323,Coffee,3348972257,acute care hospitals,voluntary non-profit - other,yes,Heart Attack,ami-4,Heart Attack Patients Given Smoking Cessation Advicecounseling,100%,0 patients,al_ami-4
596,596,10027,Elba General Hospital,987 drayton street,,,elba,al,36323,Coffee,3348972257,acute care hospitals,voluntary non-profit - other,yes,Heart Attack,ami-5,Heart Attack Patients Given Beta Blocker At Discharge,100%,0 patients,al_ami-5
597,597,10027,Elba General Hospital,987 drayton street,,,elba,al,36323,Coffee,3348972257,acute care hospitals,voluntary non-profit - other,yes,Heart Attack,ami-7a,Heart Attack Patients Given Fibrinolytic Medication Within 30 Minutes Of Arrival,100%,0 patients,al_ami-7a
598,598,10027,Elba General Hospital,987 drayton street,,,elba,al,36323,Coffee,3348972257,acute care hospitals,voluntary non-profit - other,yes,Heart Attack,ami-8a,Heart Attack Patients Given Pci Within 90 Minutes Of Arrival,100%,0 patients,al_ami-8a
599,599,10027,Elba General Hospital,987 drayton street,,,elba,al,36323,Coffee,3348972257,acute care hospitals,voluntary non-profit - other,yes,Heart Failure,hf-1,Heart Failure Patients Given Discharge Instructions,100%,2 patients,al_hf-1
600,600,10027,Elba General Hospital,987 drayton street,,,elba,al,36323,Coffee,3348972257,acute care hospitals,voluntary non-profit - other,yes,Heart Faixure,hf-2,Heart Failure Patients Given An Evaluation Of Left Ventricular Systolic Lvs Function,100%,3 patients,al_hf-2
601,601,10027,Elba General Hospital,987 drayton street,,,elba,al,36323,Coffee,3348972257,acute care hospitals,voluntary non-profit - other,yes,Heart Failure,hf-3,Heart Failure Patients Given Ace Inhibitor Or Arb For Left Ventricular Systolic Dysfunction Lvsd,100%,0 patients,al_hf-3
602,602,10027,Elba General Hospital,987 drayton street,,,exba,al,36323,Coffee,3348972257,acute care hospitals,voluntary non-profit - other,yes,Heart Failure,hf-4,Heart Failure Patients Given Smoking Cessation Advicecounseling,100%,0 patients,al_hf-4
603,603,10027,Elba General Hospital,987 drayton street,,,elba,al,36323,Coffxx,3348972257,acute care hospitals,voluntary non-profit - other,yes,Pneumonia,pn-2,Pneumonia Patients Assessed And Given Pneumococcal Vaccination,100%,31 patients,al_pn-2
604,604,10027,Elba General Hospital,987 drayton street,,,elba,al,36323,Coffee,3348972257,acute care hospitals,voluntary non-profit - other,yes,Pneumonia,pn-3b,Pneumonia Patients Whose Initial Emergency Room Blood Culture Was Performed Prior To The Administration Of The First Hospital Dose Of Antibiotics,100%,19 patients,al_pn-3b
605,605,10027,Elba General Hospital,987 drayton street,,,elba,al,36323,Coffee,3348972257,acute care hospitals,voluntary non-profit - other,yes,Pneumonia,pn-4,Pneumonia Patients Given Smoking Cessation Advicecounseling,100%,12 patients,al_pn-4
606,606,10027,Elba General Hospital,987 drayton street,,,elba,al,36323,Coffee,3348972257,acute care hospitals,voluntary non-profit - other,yes,Pneumonia,pn-5c,Pneumonia Patients Given Initial Antibiotics Within 6 Hours After Arrival,100%,40 patients,al_pn-5c
607,607,10027,Elba General Hospital,987 drayton street,,,elba,al,36323,Coffee,3348972257,acute care hospitals,voluntary non-profit - other,yes,Pneumonia,pn-6,Pneumonia Patients Given The Most Appropriate Initial Antibiotics,93%,30 patients,al_pn-6
608,608,10027,Elba General Hospital,987 drayton street,,,elba,al,36323,Coffee,3348972257,acute care hospitals,voluntary non-profit - other,yes,Pneumonia,pn-7,Pneumonia Patients Assessed And Given Influenza Vaccination,100%,23 patients,al_pn-7
609,609,27,Elba General Hospital,987 drayton street,,,elba,al,36323,Coffee,3348972257,acute care hospitals,voluntary non-profit - other,yes,Surgical Ixfectiox Prevextiox,scip-card-2,Surgery Patients Who Were Taking Heart Drugs Called Beta Blockers Before Coming To The Hospital Who Were Kept On The Beta Blockers During The Period Just Before And After Their Surgery,100%,0 patients,al_scip-card-2
610,610,10027,Elba General Hospital,987 drayton street,,,elba,al,36323,Coffee,3348972257,acute care hospitals,voluntary non-profit - other,yes,Surgical Infection Prevention,scip-inf-1,Surgery Patients Who Were Given An Antibiotic At The Right Time Within One Hour Before Surgery To Help Prevent Infection,100%,0 patients,al_scip-inf-1
611,611,10027,Elba General Hospital,987 drayton street,,,elba,al,36323,Coffee,3348972257,acute care hospitals,voluntary non-profit - other,yes,Surgical Infection Prevention,scip-inf-2,Surgery Patients Who Were Given The  Right Kind  Of Antibiotic To Help Prevent Infection,100%,0 patients,al_scip-inf-2
612,612,10027,Elba General Hospital,987 drayton street,,,elba,al,36323,Coffee,3348972257,acute care hospitals,voluntary non-profit - other,yes,Surgical Infection Prevention,scip-inf-3,Surgery Patients Whose Preventive Antibiotics Were Stopped At The Right Time Within 24 Hours After Surgery,100%,0 patients,al_scip-inf-3
613,613,10027,Elba General Hospital,987 drayton street,,,elba,al,36323,Coffee,3348972257,acute care hospitals,voluntary non-profit - other,yes,Surgical Infection Prevention,scip-inf-4,All Heaxt Suxgexy Patients Whose Blood Sugax Blood Glucose Is Kept Undex Good Contxol In The Days Xight Aftex Suxgexy,100%,0 patients,al_scip-inf-4
614,614,10027,Elba General Hospital,987 drayton street,,,elba,al,36323,Coffee,3348972257,acute care hospitals,voluntary non-profit - other,yes,Surgical Infection Prevention,scip-inf-6,Surgery Patients Needing Hair Removed From The Surgical Area Before Surgery Who Had Hair Removed Using A Safer Method Electric Clippers Or Hair Removal Cream C Not A Razor,100%,0 patients,al_scip-inf-6
615,615,10027,Elba General Hospital,987 drayton street,,,elba,al,36323,Coffee,3348972257,acute care hospitals,voluntary non-profit - other,yes,Surgical Infection Prevention,scip-vte-1,Surgery Patients Whose Doctors Ordered Treatments To Prevent Blood Clots After Certain Types Of Surgeries,100%,0 patients,al_scip-vte-1
616,616,10027,Elba General Hospital,987 drayton street,,,elba,al,36323,Coffee,3348972257,acute care hospitals,voluntary non-profit - other,yes,Surgical Infection Prevention,scip-vte-2,Patients Who Got Treatment  At The Right Time Within 24 Hours Before Or After Their Surgery To Help Prevent Blood Clots After Certain Types Of Surgery,100%,0 patients,al_scip-vte-2
617,617,10029,East Alabama Medical Center And Snf,2000 pepperell parkway,,,opelika,al,36801,Lee,3347493411,acute care hospitals,government - hospital district or authority,yes,Heart Attack,ami-1,Heart Attack Patients Given Aspirin At Arrival,98%,185 patients,al_ami-1
618,618,10029,East Alabama Medical Center And Snf,2000 pepperell parkway,,,opelika,al,36801,Lee,3347493411,acute care hospitals,government - hospital district or authority,yes,Heart Attack,ami-2,Heart Attack Patients Given Aspirin At Discharge,97%,290 patients,al_ami-2
619,619,10029,East Alabama Medical Center And Snf,2000 pepperell parkway,,,opelika,al,36801,Lee,3347493411,acute care hospitals,government - hospital district or authority,yes,Heart Attack,ami-3,Heart Attack Patients Given Ace Inhibitor Or Arb For Left Ventricular Systolic Dysfunction Lvsd,93%,72 patients,al_ami-3
620,620,10029,East Alabama Medical Center And Snf,2000 pepperell parkway,,,opelika,al,36801,Lee,3347493411,acute care hospitals,government - hospital district or authority,yes,Heart Attack,ami-4,Heart Attack Patients Given Smoking Cessation Advicecounseling,100%,122 patients,al_ami-4
621,621,10029,East Alabama Medical Center And Snf,2000 pepperell parkway,,,opelika,al,36801,Lee,3347493411,acute care hospitals,government - hospital district or authority,yes,Heart Attack,ami-5,Heart Attack Patients Given Beta Blocker At Discharge,98%,281 patients,al_ami-5
622,622,10029,East Alabama Medical Center And Snf,2000 pepperell parkway,,,opelika,al,36801,Lee,3347493411,acute care hospitals,government - hospital district or authority,yes,Heart Attack,ami-7a,Heart Attack Patients Given Fibrinolytic Medication Within 30 Minutes Of Arrival,100%,0 patients,al_ami-7a
623,623,10029,East Alabama Medical Center And Snf,2000 pepperell parkway,,,opelika,al,36801,Lee,3347493411,acute care hospitals,government - hospital district or authority,yes,Heart Attack,ami-8a,Heart Attack Patients Given Pci Within 90 Minutes Of Arrival,85%,26 patients,al_amix8a
624,624,10029,East Alabama Medical Center And Snf,2000 pepperell parkway,,,opelika,al,36801,Lee,3347493411,acute care hospitals,government - hospital district or authority,yes,Heart Failure,hf-1,Heart Failure Patients Given Discharge Instructions,82%,527 patients,al_hf-1
625,625,10029,East Alabama Medical Center And Snf,2000 pepperell parkway,,,opelika,al,36801,Lee,3347493411,acute care hospitals,government - hospital district or authority,yes,Heart Failure,hf-2,Heart Failure Patients Given An Evaluation Of Left Ventricular Systolic Lvs Function,100%,570 patients,al_hf-2
626,626,10029,East Alabama Medical Center And Snf,2000 pepperell parkway,,,opelika,al,36801,Lee,3347493411,acute care hospitals,government - hospital district or authority,yes,Heart Failure,hf-3,Heart Failure Patients Given Ace Inhibitor Or Arb For Left Ventricular Systolic Dysfunction Lvsd,92%,272 patients,al_hf-3
627,627,10029,East Alabama Medical Center And Snf,2000 pepperell parkway,,,opelika,al,36801,Lee,3347493411,acute care hospitals,government - hospital district or authority,yes,Heart Failure,hf-4,Heart Failure Patients Given Smoking Cessation Advicecounseling,100%,101 patients,al_hf-4
628,628,29,East Alabama Medical Center And Snf,2000 pepperell parkway,,,opelika,al,36801,Lee,3347493411,acute care hospitals,government - hospital district or authority,yes,Pneumonia,pn-2,Pneumonia Patients Assessed And Given Pneumococcal Vaccination,92%,114 patients,al_pn-2
629,629,10029,East Alabama Medical Center And Snf,2000 pepperell parkway,,,opelika,al,36801,Lee,3347493411,acute care hospitals,government - hospital district or authority,yes,Pneumonia,pn-3b,Pneumonia Patients Whose Initial Emergency Room Blood Culture Was Performed Prior To The Administration Of The First Hospital Dose Of Antibiotics,91%,129 patients,al_pn-3b
630,630,10029,East Alabama Medical Center And Snf,2000 pepperell parkway,,,opelika,al,36801,Lee,3347493411,acute care hospitals,government - hospital district or authority,yes,Pneumonia,pn-4,Pneumonia Patients Given Smoking Cessation Advicecounseling,100%,59 patients,al_pn-4
631,631,10029,East Alabama Medical Center And Snf,2000 pepperell parkway,,,opelika,al,36801,Lee,3347493411,acute care hospitals,government - hospital district or authority,yes,Pneumonia,pn-5c,Pneumonia Patients Given Initial Antibiotics Within 6 Hours After Arrival,96%,153 patients,al_pn-5c
632,632,10029,East Alabama Medical Center And Snf,2000 pepperell parkway,,,opelika,al,36801,Lee,3347493411,acute care hospitals,government - hospital district or authority,yes,Pneumonxa,pn-6,Pneumonia Patients Given The Most Appropriate Initial Antibiotics,97%,115 patients,al_pn-6
633,633,10029,East Alabama Medical Center And Snf,2000 pepperell parkway,,,opelika,al,36801,Lee,3347493411,acute care hospitals,government - hospital district or authority,yes,Pneumonia,pn-7,Pneumonia Patients Assessed And Given Influenza Vaccination,88%,89 patients,al_pn-7
634,634,10029,East Alabama Medical Center And Snf,2000 pepperell parkway,,,opelika,al,36801,Xee,3347493411,acute care hospitals,government - hospital district or authority,yes,Surgical Infection Prevention,scip-card-2,Surgery Patients Who Were Taking Heart Drugs Called Beta Blockers Before Coming To The Hospital Who Were Kept On The Beta Blockers During The Period Just Before And After Their Surgery,98%,208 patients,al_scip-card-2
635,635,10029,East Alabama Medical Center And Snf,2000 pepperell parkway,,,opelika,al,36801,Lee,3347493411,acute care hospitals,government - hospital district or authority,yes,Surgical Infection Prevention,scip-inf-1,Surgery Patients Who Were Given An Antibiotic At The Right Time Within One Hour Before Surgery To Help Prevent Infection,99%,1001 patients,al_scip-inf-1
636,636,10029,East Alabama Medical Center And Snf,2000 pepperell parkway,,,opelika,al,36801,Lee,3347493411,acute care hospitals,government - hospital district or authority,yes,Surgical Infection Prevention,scip-inf-2,Surgery Patients Who Were Given The  Right Kind  Of Antibiotic To Help Prevent Infection,99%,1016 patients,al_scip-inf-2
637,637,10029,East Alabama Medical Center And Snf,2000 pepperell parkway,,,opelika,al,36801,Lee,3347493411,acute care hospitals,government - hospital district or authority,yes,Surgical Infection Prevention,scip-inf-3,Surgery Patients Whose Preventive Antibiotics Were Stopped At The Right Time Within 24 Hours After Surgery,97%,962 patients,al_scip-inf-3
638,638,10029,East Alabama Medical Center And Snf,2000 pepperell parkway,,,opelika,al,36801,Lee,3347493411,acute care hospitals,government - hospital district or authority,yes,Surgical Infection Prevention,scip-inf-4,All Heart Surgery Patients Whose Blood Sugar Blood Glucose Is Kept Under Good Control In The Days Right After Surgery,98%,241 patients,al_scip-inf-4
639,639,10029,East Alabama Medical Center And Snf,2000 pepperell parkway,,,opelika,al,36801,Lee,3347493411,acute care hospitals,government - hospital district or authority,yes,Surgical Infection Prevention,scip-inf-6,Surgery Patients Needing Hair Removed From The Surgical Area Before Surgery Who Had Hair Removed Using A Safer Method Electric Clippers Or Hair Removal Cream C Not A Razor,100%,1421 patients,al_scip-inf-6
640,640,1,East Alabama Medical Center And Snf,2000 pepperell parkway,,,opelika,al,36801,Lee,3347493411,acute care hospitals,government - hospital district or authority,yes,Surgical Infection Prevention,scip-vtx-1,Surgery Patients Whose Doctors Ordered Treatments To Prevent Blood Clots After Certain Types Of Surgeries,92%,473 patients,al_scip-vte-1
641,641,10029,East Alabama Medical Center And Snf,2000 pepperell parkway,,,opelika,al,36801,Lee,3347493411,acute care hospitals,government - hospital district or authority,yes,Surgical Infection Prevention,scip-vte-2,Patients Who Got Treatment  At The Right Time Within 24 Hours Before Or After Their Surgery To Help Prevent Blood Clots After Certain Types Of Surgery,90%,473 patients,al_scip-vte-2
642,642,10032,Wedowee Hospital,209 north main street,,,wedowee,al,36278,Randolph,2563572111,acute care hospitals,government - local,no,Heart Attack,ami-1,Heart Attack Patients Given Aspirin At Arrival,50%,4 patients,al_ami-1
643,643,10032,Wedowee Hospital,209 north main street,,,wedowee,al,36278,Randolph,2563572111,acute care hospitals,government - local,no,Heart Attack,ami-2,Heart Attack Patients Given Aspirin At Discharge,67%,3 patients,al_ami-2
644,644,10032,Wedowee Hospital,209 north main street,,,wedowee,al,36278,Randolph,2563572111,acute care hospitals,government - local,no,Heart Attack,ami-3,Heart Attack Patients Given Ace Inhibitor Or Arb For Left Ventricular Systolic Dysfunction Lvsd,100%,0 patients,al_ami-3
645,645,10032,Wedowee Hospital,209 north main street,,,wedowee,al,36278,Randolph,2563572111,acute care hospitals,government - local,no,Heart Attack,ami-4,Heart Attack Patients Given Smoking Cessation Advicecounseling,100%,0 patients,al_ami-4
646,646,1,Wedowee Hospital,209 north main street,,,wedowee,al,36278,Randolph,2563572111,acute care hospitals,government - local,no,Heart Attack,ami-5,Heart Attack Patients Given Beta Blocker At Discharge,67%,3 patients,al_ami-5
647,647,10032,Wedowee Hospital,209 north main street,,,wedowee,al,36278,Randolph,2563572111,acute care hospitals,government - local,no,Heart Attack,ami-7a,Heart Attack Patients Given Fibrinolytic Medication Within 30 Minutes Of Arrival,100%,0 patients,alxami-7a
648,648,10032,Wedowee Hospital,209 north main street,,,wedowee,al,36278,Randolph,2563572111,acute care hospitals,government - local,no,Heart Attack,ami-8a,Heart Attack Patients Given Pci Within 90 Minutes Of Arrival,100%,0 patients,al_ami-8a
649,649,10032,Wedowee Hospital,209 north main street,,,wedowee,al,36278,Randolph,2563572111,acute care hospitals,government - local,no,Heart Failure,hfx1,Heart Failure Patients Given Discharge Instructions,0%,34 patients,al_hf-1
650,650,10032,Wedowee Hospital,209 north main street,,,wedowee,al,36278,Randolph,2563572111,acute care hospitals,government - local,no,Heart Failure,hf-2,Heart Failure Patients Given An Evaluation Of Left Ventricular Systolic Lvs Function,38%,39 patients,al_hf-2
651,651,10032,Wedowee Hospital,209 north main street,,,wedowee,al,36278,Randolph,2563572111,acute care hospitals,government - local,no,Heart Failure,hf-3,Heart Failure Patients Given Ace Inhibitor Or Arb For Left Xentricular Systolic Dysfunction Lxsd,25%,4 patients,al_hf-3
652,652,10032,Wedowee Hospital,209 north main street,,,wedowee,al,36278,Randolph,2563572111,acute care hospitals,government - local,no,Heart Failure,hf-4,Heart Faxlure Patxents Gxven Smokxng Cessatxon Advxcecounselxng,100%,2 patients,al_hf-4
653,653,10032,Wedowee Hospital,209 xorth maix street,,,wedowee,al,36278,Randolph,2563572111,acute care hospitals,government - local,no,Pneumonia,pn-2,Pneumonia Patients Assessed And Given Pneumococcal Vaccination,25%,28 patients,al_pn-2
654,654,10032,Wedowee Hospital,209 north main street,,,wedowee,al,36278,Randolph,2563572111,acute care hospitals,government - local,no,Pneumonia,pn-3b,Pneumonia Patients Whose Initial Emergency Room Blood Culture Was Performed Prior To The Administration Of The First Hospital Dose Of Antibiotics,100%,14 patients,al_pn-3b
655,655,10032,Wedowee Hosxital,209 north main street,,,wxdowxx,al,36278,Randolph,2563572111,acute care hospitals,government - local,no,Pneumonia,pn-4,Pneumonia Patients Given Smoking Cessation Advicecounseling,67%,6 patients,al_pn-4
656,656,1,Wedowee Hospital,209 north main street,,,wedowee,al,36278,Randolph,2563572111,acute care hospitals,government - local,no,Pneumonia,pn-5c,Pneumonia Patients Given Initial Antibiotics Within 6 Hours After Arrival,90%,30 patients,al_pn-5c
657,657,10032,Wedowee Hospital,209 north main street,,,wedowee,al,36278,Randolph,2563572111,acute care hospitals,government - local,no,Pneumonia,pn-6,Pneumonia Patients Given The Most Appropriate Initial Antibiotics,96%,23 patients,al_pn-6
658,658,10032,Wedowee Hospital,209 north main street,,,wedowee,al,36278,Randolph,2563572111,acute care hospitals,government - local,no,Pneumonia,pn-7,Pneumonia Patients Assessed And Given Influenza Vaccination,12%,16 patients,al_pn-7
659,659,10032,Wedowee Hospital,209 north main street,,,wedowee,al,36278,Randolph,2563572111,acute care hospitals,government - local,no,Surgical Infection Prevention,scip-card-2,Surgery Patients Who Were Taking Heart Drugs Called Beta Blockers Before Coming To The Hospital Who Were Kept On The Beta Blockers During The Period Just Before And After Their Surgery,100%,0 patients,al_scip-card-2
660,660,10032,Wedowee Hospital,209 north main street,,,wedowee,al,36278,Randolph,2563572111,acute care hospitals,government - local,no,Surgical Infection Prevention,scip-inf-1,Surgery Patients Who Were Given An Antibiotic At The Right Time Within One Hour Before Surgery To Help Prevent Infection,100%,0 patients,al_scip-inf-1
661,661,10032,Wedowee Hospital,209 north main street,,,wedowee,al,36278,Randolph,2563572111,acute care hospitals,government - local,no,Surgical Infection Prevention,scip-inf-2,Surgery Patients Who Were Given The  Right Kind  Of Antibiotic To Help Prevent Infection,100%,0 patients,al_scip-inf-2
662,662,10032,Wedowee Hospital,209 north main street,,,wedowee,al,36278,Randolph,2563572111,acute care hospitals,government - local,no,Surgical Infection Prevention,scip-inf-3,Surgery Patients Whose Preventive Antibiotics Were Stopped At The Right Time Within 24 Hours After Surgery,100%,0 patients,al_scip-inf-3
663,663,10032,Wedowee Hospital,209 north main street,,,wedowee,al,36278,Randolph,2563572111,acute care hospitals,government - local,no,Surgical Infection Prevention,scip-inf-4,All Heart Surgery Patients Whose Blood Sugar Blood Glucose Is Kept Under Good Control In The Days Right After Surgery,100%,0 patients,al_scip-inf-4
664,664,10032,Wedowee Hospital,209 north main street,,,wedowee,al,36278,Randolph,2563572111,acute care hospitals,government - local,no,Surgical Infection Prevention,scip-inf-6,Surgery Patients Needing Hair Removed From The Surgical Area Before Surgery Who Had Hair Removed Using A Safer Method Electric Clippers Or Hair Removal Cream C Not A Razor,100%,0 patients,al_scip-inf-6
665,665,10032,Wedowee Hospital,209 north main street,,,wedowee,al,36278,Randolph,2563572111,acute care hospitals,government - local,no,Surgical Infection Prevention,scip-vte-1,Surgery Patients Whose Doctors Ordered Treatments To Prevent Blood Clots After Certain Types Of Surgeries,100%,0 patients,al_scip-vte-1
666,666,10032,Wedowee Hospital,209 north main street,,,wedowee,al,36278,Randolph,2563572111,acute care hospitals,government - local,no,Surgical Infection Prevention,scip-vte-2,Patients Who Got Treatment  At The Right Time Within 24 Hours Before Or After Their Surgery To Help Prevent Blood Clots After Certain Types Of Surgery,100%,0 patients,al_scip-vte-2
667,667,10033,University Of Alabama Hospital,619 south 19th street,,,birmingham,al,35233,Jefferson,20593,acute care hospitals,government - state,yes,Heart Attack,ami-1,Heart Attack Patients Given Aspirin At Arrival,98%,229 patients,al_ami-1
668,668,10033,University Of Alabama Hospital,619 south 19th street,,,birmingham,al,35233,Jefferson,2059344011,acute care hospitals,government - state,yes,Heart Attack,ami-2,Heart Attack Patients Given Aspirin At Discharge,98%,316 patients,al_ami-2
669,669,10033,University Of Alabama Hospital,619 south 19th street,,,birmingham,al,35233,Jefferson,2059344011,acute care hospitals,government - state,yes,Heart Attack,ami-3,Heart Attack Patients Given Ace Inhibitor Or Arb For Left Ventricular Systolic Dysfunction Lvsd,91%,87 paxienxs,al_ami-3
670,670,10033,University Of Alabama Hospital,619 south 19th street,,,birmingham,al,35233,Jefferson,2059344011,acute care hospitals,government - state,yes,Heart Attack,ami-4,Heart Attack Patients Given Smoking Cessation Advicecounseling,100%,147 patients,al_ami-4
671,671,10033,University Of Alabama Hospital,619 south 19th street,,,birmingham,al,35233,Jefferson,2059344011,acute care hospitals,government - state,yes,Heart Attack,ami-5,Heart Attack Patients Given Beta Blocker At Discharge,97%,331 patients,al_ami-5
672,672,10033,University Of Alabama Hospital,619 south 19th street,,,birmingham,al,35233,Jefferson,2059344011,acute care hospitals,government - state,yes,Heart Attack,ami-7a,Heart Attack Patients Given Fibrinolytic Medication Within 30 Minutes Of Arrival,100%,0 patients,al_ami-7a
673,673,10033,University Of Alabama Hospital,619 south 19th street,,,birmingham,al,35233,Jxffxrson,2059344011,acute care hospitals,government - state,yes,Heart Attack,ami-8a,Heartxattackxpatientsxgivenxpcixwithinx90Xminutesxofxarrival,98%,47 patients,al_ami-8a
674,674,10033,University Of Alabama Hospital,619 south 19th street,,,birmingham,al,35233,Jefferson,2059344011,acute care hospitals,government - state,yes,Heart Failure,xf-1,Heart Failure Patients Given Discharge Instructions,46%,618 xatients,al_hf-1
675,675,10033,University Of Alabama Hospital,619 south 19th street,,,birmingham,al,35233,Jefferson,2059344011,acute care hospitals,government - state,yes,Heart Failure,hf-2,Heart Failure Patients Given An Evaluation Of Left Ventricular Systolic Lvs Function,96%,681 patients,al_hf-2
676,676,10033,University Of Alabama Hospital,619 south 19th street,,,birmingham,al,35233,Jefferson,2059344011,acute care hospitals,government - state,yes,Heart Failure,hf-3,Heart Failure Patients Given Ace Inhibitor Or Arb For Left Ventricular Systolic Dysfunction Lvsd,94%,343 patients,al_hf-3
677,677,10033,University Of Alabama Hospital,619 south 19th street,,,birmingham,al,35233,Jefferson,2059344011,acute care hospitals,government - state,yes,Heart Failure,hfx4,Heart Failure Patients Given Smoking Cessation Advicecounseling,100%,130 patients,al_hf-4
678,678,10033,University Of Alabama Hospital,619 south 19th street,,,birmingham,al,35233,Jefferson,2059344011,acute care hospitals,government - state,yes,Pneumonia,pn-2,Pneumonia Patients Assessed And Given Pneumococcal Vaccination,74%,247 patients,al_pn-2
679,679,10033,University Of Alabama Hospital,619 south 19th street,,,birmingham,al,35233,Jefferson,2059344011,acute care hospitals,government - state,yes,Pneumonia,pn-3b,Pneumonia Patients Whose Initial Emergency Room Blood Culture Was Performed Prior To The Administration Of The First Hospital Dose Of Antibiotics,92%,378 patients,alxpn-3b
680,680,10033,University Of Alabama Hospital,619 south 19th street,,,birmingham,al,3,Jefferson,2059344011,acute care hospitals,government - state,yes,Xneumonia,pn-4,Pneumonia Patients Given Smoking Cessation Advicecounseling,100%,169 patients,al_pn-4
681,681,10033,University Of Alabama Hospital,619 south 19th street,,,birmingham,al,35233,Jefferson,2059344011,acute care hospitals,government - state,yes,Pneumonia,pn-5c,Pneumonia Patients Given Initial Antibiotics Within 6 Hours After Arrival,92%,357 patients,al_pn-5c
682,682,10033,University Of Alabama Hospital,619 south 19th street,,,birmingham,al,35233,Jefferson,2059344011,acute care hospitals,government - state,yes,Pneumonia,pn-6,Pneumonia Patients Given The Most Appropriate Initial Antibiotics,85%,155 patients,al_pn-6
683,683,10033,University Of Alabama Hospital,619 south 19th street,,,birmingham,al,35233,Jefferson,2059344011,acute care hospitals,government - state,yes,Pneumonia,pn-7,Pneumonia Patients Assessed And Given Influenza Vaccination,79%,242 patients,al_pn-7
684,684,10033,University Of Alabama Hospital,619 south 19th street,,,birmingham,al,35233,Jefferson,2059344011,acute care hospitals,government - state,yes,Surgical Infection Prevention,scip-card-2,Surgery Patients Who Were Taking Heart Drugs Called Beta Blockers Before Coming To The Hospital Who Were Kept On The Beta Blockers During The Period Just Before And After Their Surgery,69%,94 patients,al_scip-card-2
685,685,10033,University Of Alabama Hospital,619 south 19th street,,,birmingham,al,35233,Jefferson,2059344011,acute care hospitals,government - state,yes,Surgical Infection Prevention,scip-inf-1,Surgery Patients Who Were Given An Antibiotic At The Right Time Within One Hour Before Surgery To Help Prevent Infection,88%,324 patients,al_scip-inf-1
686,686,10033,University Of Alabama Hospital,619 south 19th street,,,birmingham,al,52,Jefferson,2059344011,acute care hospitals,government - state,yes,Surgical Infection Prevention,scip-inf-2,Surgery Patients Who Were Given The  Right Kind  Of Antibiotic To Help Prevent Infection,95%,350 patients,al_scip-inf-2
687,687,10033,University Of Alabama Hospital,619 south 19th street,,,birmingham,al,35233,Jefferson,2059344011,acute care hospitals,government - state,yes,Surgical Infection Prevention,scip-inf-3,Surgery Patients Whose Preventive Antibiotics Were Stopped At The Right Time Within 24 Hours After Surgery,87%,317 patients,al_scip-inf-3
688,688,10033,University Of Alabama Hospital,619 south 19th street,,,birmingham,al,35233,Jefferson,2059344011,acute care hospitals,government - state,yes,Surgical Infection Prevention,scip-inf-4,All Heart Surgery Patients Whose Blood Sugar Blood Glucose Is Kept Under Good Control In The Days Right After Surgery,76%,140 patients,al_scip-inf-4
689,689,10033,University Of Alabama Hospital,619 south 19th street,,,birmingham,al,35233,Jefferson,2059344011,acute care hospitals,government - state,yes,Surgical Infection Prevention,scip-inf-6,Surgery Patients Needing Hair Removed From The Surgical Area Before Surgery Who Had Hair Removed Using A Safer Method Electric Clippers Or Hair Removal Cream C Not A Razor,97%,585 patients,al_scip-inf-6
690,690,10033,University Of Alabama Hospital,619 south 19th street,,,birmingham,al,35233,Jexxerson,2059344011,acute care hospitals,government - state,yes,Surgical Infection Prevention,scip-vte-1,Surgery Patients Whose Doctors Ordered Treatments To Prevent Blood Clots After Certain Types Of Surgeries,79%,230 patients,al_scip-vte-1
691,691,10033,University Of Alabama Hospital,619 south 19th street,,,birmingham,al,35233,Jefferson,2059344011,acute care hospitals,government - state,yes,Surgical Infection Prevention,scip-vte-2,Patients Who Got Treatment  At The Right Time Within 24 Hours Before Or After Their Surgery To Help Prevent Blood Clots After Certain Types Of Surgery,77%,224 patients,al_scip-vte-2
692,692,10034,Community Hospital Inc,805 friendship road,,,tallassee,al,36078,Elmore,3342836541,acute care hospitals,voluntary non-profit - private,no,Heart Attack,amix1,Heart Attack Patients Given Aspirin At Arrival,77%,13 patients,al_ami-1
693,693,10034,Community Hospital Inc,805 friendship road,,,tallassee,al,36078,Elmoxe,3342836541,acute care hospitals,voluntary non-profit - private,no,Heart Attack,ami-2,Heart Attack Patients Given Aspirin At Discharge,100%,4 patients,al_ami-2
694,694,10034,Community Hospital Inc,805 friendship road,,,tallassee,al,36078,Elmore,3342836541,acute care hospitals,voluntary non-profit - private,no,Heart Attack,ami-3,Heart Attack Patients Given Ace Inhibitor Or Arb For Left Ventricular Systolic Dysfunction Lvsd,100%,1 patients,al_ami-3
695,695,10034,Community Hospital Inc,805 friendship road,,,tallassee,al,36078,Elmore,3342836541,acute care hospitals,voluntary non-profit - private,no,Heart Attack,amx-4,Heart Attack Patients Given Smoking Cessation Advicecounseling,100%,0 patients,al_ami-4
696,696,10034,Community Hospital Inc,805 friendship road,,,tallassee,al,36078,Elmore,3342836541,acute care hospitals,voluntary non-profit - private,no,Heart Attaxk,ami-5,Heart Attack Patients Given Beta Blocker At Discharge,75%,4 patients,al_ami-5
697,697,10034,Community Hospital Inc,805 friendship road,,,tallaxxee,al,36078,Elmore,3342836541,acute care hospitals,voluntary non-profit - private,no,Heart Attack,ami-7a,Heart Attack Patients Given Fibrinolytic Medication Within 30 Minutes Of Arrival,100%,0 patients,al_ami-7a
698,698,10034,Communitx Hospital Inc,805 friendship road,,,tallassee,al,36078,Elmore,3342836541,acute care hospitals,voluntary non-profit - private,no,Heart Attack,ami-8a,Heart Attack Patients Given Pci Within 90 Minutes Of Arrival,100%,0 patients,al_ami-8a
699,699,10034,Community Hospital Inc,805 friendship road,,,tallassee,al,36078,Elxore,3342836541,acute care hospitals,voluntary non-profit - private,no,Hexrt Fxilure,hf-1,Heart Failure Patients Given Discharge Instructions,xx%,65 patients,al_hf-1
700,700,10034,Community Hospital Inc,805 friendship road,,,tallassee,al,36078,Elmore,334,acute care hospitals,voluntary non-profit - private,no,Heart Failure,hf-2,Heart Failure Patients Given An Evaluation Of Left Ventricular Systolic Lvs Function,100%,87 patients,al_hf-2
701,701,10034,Community Hospital Inc,805 friendship road,,,tallassee,al,36078,Elmore,3342836541,acute care hospitals,voluntary non-profit - private,no,Heart Failure,hf-3,Heart Failure Patients Given Ace Inhibitor Or Arb For Left Ventricular Systolic Dysfunction Lvsd,100%,30 patients,al_hf-3
702,702,10034,Community Hospital Inc,805 friendship road,,,tallassee,xl,36078,Elmore,3342836541,acute care hospitals,voluntary non-profit - private,no,Heart Failure,hf-4,Heart Failure Patients Given Smoking Cessation Advicecounseling,100%,9 patients,al_hf-4
703,703,10034,Community Hospital Inc,805 friendship road,,,tallassee,al,36078,Elmore,3342836541,acute care hospitals,voluntary non-profit - private,no,Pneumonia,pn-2,Pneumonia Patients Assessed And Given Pneumococcal Vaccination,87%,70 patients,al_pn-2
704,704,10034,Community Hospital Inc,805 friendship road,,,tallassee,al,36078,Elmore,3342836541,acute care hospitals,voluntary non-profit - private,no,Pneumonia,pn-3b,Pneumonia Patients Whose Initial Emergency Room Blood Culture Was Performed Prior To The Administration Of The First Hospital Dose Of Antibiotics,95%,76 patients,al_pn-3b
705,705,100,Community Hospital Inc,805 friendship road,,,tallassee,al,36078,Elmore,3342836541,acute care hospitals,voluntary non-profit - private,no,Pneumonia,pn-4,Pneumonia Patients Given Smoking Cessation Advicecounseling,90%,41 patients,al_pn-4
706,706,10034,Community Hospital Inc,805 friendship road,,,tallassee,al,36078,Elmore,3342836541,acute care hospitals,voluntary non-profit - private,no,Pneumonia,pn-5c,Pxeumoxia Patiexts Givex Ixitial Axtibiotics Withix 6 Hours After Arrival,97%,71 patients,al_pn-5c
707,707,10034,Community Hospital Inc,805 friendship road,,,tallassee,al,36078,Elmore,3342836541,acute care hospitals,voluntary non-profit - private,no,Pneumonia,pn-6,Pxeumoxia Patiexts Givex The Most Appropriate Ixitial Axtibiotics,96%,52 patients,al_pn-6
708,708,10034,Community Hospital Inc,805 friendship road,,,tallassee,al,36078,Elmore,3342836541,acute care hospitals,voluntary non-profit - private,no,Pneumonia,pn-7,Pneumonia Patients Assessed And Given Influenza Vaccination,93%,56 patients,al_pn-7
709,709,10034,Community Hospital Inc,805 friendship road,,,tallassee,al,36078,Elmore,3342836541,acute care hospitals,voluntary non-profit - private,no,Surgical Infection Prevention,scip-card-2,Surgery Patients Who Were Taking Heart Drugs Called Beta Blockers Before Coming To The Hospital Who Were Kept On The Beta Blockers During The Period Just Before And After Their Surgery,100%,3 patients,al_scip-card-2
710,710,10034,Community Hospital Inc,805 friendship road,,,tallassee,al,36078,Elmore,3342836541,acute care hospitals,voluntary non-profit - private,no,Surgical Infection Prevention,scip-inf-1,Surgery Patients Who Were Given An Antibiotic At The Right Time Within One Hour Before Surgery To Help Prevent Infection,100%,10 patients,al_scip-inf-1
711,711,10034,Communixy Hospixal Inc,805 friendship road,,,tallassee,al,36,Elmore,3342836541,acute care hospitals,voluntary non-profit - private,no,Surgical Infection Prevention,scip-inf-2,Surgery Patients Who Were Given The  Right Kind  Of Antibiotic To Help Prevent Infection,100%,10 patients,al_scip-inf-2
712,712,10034,Community Hospital Inc,805 friendship road,,,tallassee,al,36078,Elmore,3342836541,acute care hospitals,voluntary non-profit - private,no,Surgical Infection Prevention,scip-inf-3,Surgery Patients Whose Preventive Antibiotics Were Stopped At The Right Time Within 24 Hours After Surgery,1xx%,9 patients,al_scip-inf-3
713,713,10034,Community Hospital Inc,805 friendship road,,,tallassee,al,36078,Elmore,3342836541,acute care hospitals,voluntary non-profit - private,no,Surgical Infection Xrevention,scip-inf-4,All Heart Surgery Patients Whose Blood Sugar Blood Glucose Is Kept Under Good Control In The Days Right After Surgery,100%,0 patients,al_scip-inf-4
714,714,10034,Community Hospital Inc,805 friendship road,,,tallassee,al,36078,Elmore,33,acute care hospitals,voluntary non-profit - private,no,Surgical Infection Prevention,scip-inf-6,Surgery Paxienxs Needing Hair Removed From Xhe Surgical Area Before Surgery Who Had Hair Removed Using A Safer Mexhod Elecxric Clippers Or Hair Removal Cream C Nox A Razor,100%,33 patients,al_scip-inf-6
715,715,10034,Community Hospital Inc,805 friendship road,,,tallassee,al,36078,Elmore,3342836541,acute care hospitals,voluntary non-profit - private,no,Surgical Infection Prevention,scip-vte-1,Surgery Patients Whose Doctors Ordered Treatments To Prevent Blood Clots After Certain Types Of Surgeries,88%,24 patients,al_scip-vte-1
716,716,10034,Community Hospital Inc,805 friendship road,,,tallassee,al,36078,Elmore,3342836541,acute care hospitals,voluntary non-profit - private,no,Surgical Infection Prevention,scip-vte-2,Patients Who Got Treatment  At The Right Time Within 24 Hours Before Or After Their Surgery To Help Prevent Blood Clots After Certain Types Of Surgery,88%,24 patients,al_scip-vte-2
717,717,10035,Cullman Regional Medical Center,1912 alabama highway 157,,,cullman,al,35058,Cullman,2567372000,acute care hospitals,government - hospital district or authority,yes,Heartxattack,ami-1,Heart Attack Patients Given Aspirin At Arrival,100%,51 patients,al_ami-1
718,718,10035,Cullman Regional Medical Center,1912 alabama highway 157,,,cullman,al,35058,Cullman,2567372000,acute care hospitals,government - hospital district or authority,yes,Heart Attack,ami-2,Heart Attack Patients Given Aspirin At Discharge,100%,26 patients,al_ami-2
719,719,10035,Cullman Regional Medical Center,1912 alabama highway 157,,,cullman,al,35058,Cullman,2567372000,acute care hospitals,government - hospital district or authority,yes,Heart Attack,amx-3,Heart Attack Patients Given Ace Inhibitor Or Arb For Left Ventricular Systolic Dysfunction Lvsd,7%,3 patients,al_ami-3
720,720,10035,Cullman Regional Medical Center,1912 alabama highway 157,,,cullman,al,35058,Cullman,2567372000,acute care hospitals,government - hospital district or authority,yes,Heart Attack,ami-4,Heart Attack Patients Given Smoking Cessation Advicecounseling,100%,3 patients,al_ami-4
721,721,10035,Cullman Regional Medical Center,1912 alabama highway 157,,,cullman,al,35058,Cullman,2567372000,acute care hospitals,government - hospital district or authority,yes,Heart Attack,ami-5,Heart Attack Patients Given Beta Blocker At Discharge,100%,23 patients,al_ami-5
722,722,100,Cullman Regional Medical Center,1912 alabama highway 157,,,cullman,al,35058,Cullman,2567372000,acute care hospitals,government - hospital district or authority,yes,Heart Attack,ami-7a,Heart Attack Patients Given Fibrinolytic Medication Within 30 Minutes Of Arrival,100%,0 patients,al_amx-7a
723,723,10035,Cullman Regional Medical Center,1912 alabama highway 157,,,cullman,al,35058,Cxllman,2567372000,acute care hospitals,government - hospital district or authority,yes,Heart Attack,ami-8a,Heart Attack Patients Given Pci Within 90 Minutes Of Arrival,100%,0 patients,al_ami-8a
724,724,10035,Cullman Regional Medical Center,1912 alabama highway 157,,,cullman,al,35058,Cullman,2567372000,acute care hospitals,government - hospital district or authority,yes,Heart Failure,hf-1,Heart Failure Patients Given Discharge Instructions,99%,158 patients,al_hf-1
725,725,1,Cullman Regional Medical Center,1912 alabama highway 157,,,cullman,al,35058,Cullman,2567372000,acute care hospitals,government - hospital district or authority,yes,Heart Failure,hf-2,Heart Failure Patients Given An Evaluation Of Left Ventricular Systolic Lvs Function,100%,200 patients,al_hf-2
726,726,10035,Cullman Regional Medical Center,1912 alabama highway 157,,,cullman,al,35058,Cullman,2567372000,acute care hospitals,government - hospital district or authority,yes,Heart Failure,hf-3,Heart Failure Patients Given Ace Inhibitor Or Arb For Left Ventricular Systolic Dysfunction Lvsd,97%,37 patients,al_hf-3
727,727,10035,Cullman Regional Medical Center,1912 alabama highway 157,,,cullman,al,35058,Cullman,2567372000,acute care hospitals,government - hospital district or authority,yes,Heart Failure,hf-4,Heart Failure Patients Given Smoking Cessation Advicecounseling,100%,42 patients,al_hf-4
728,728,10035,Cullman Regional Medical Center,1912 alabama highway 157,,,cullman,al,35058,Cullman,2567372000,acute care hospitals,government - hospital district or authority,yes,Pneumonia,pn-2,Pneumonia Patients Assessed And Given Pneumococcal Vaccination,100%,155 patients,al_pn-2
729,729,10035,Cullman Regional Medical Center,1912 alabama highway 157,,,cullman,al,35058,Cullman,2567372000,acute care hospitals,government - hospital district or authority,yes,Pneumonia,pn-3b,Pneumonia Patients Whose Initial Emergency Room Blood Culture Was Performed Prior To The Administration Of The First Hospital Dose Of Antibiotics,100%,138 patients,al_pn-3b
730,730,10035,Cullman Regional Medical Center,1912 alabama highway 157,,,cullman,al,35058,Cullman,2567372000,acute care hospitals,government - hospital district or authority,yes,Pneumonia,px-4,Pneumonia Patients Given Smoking Cessation Advicecounseling,100%,90 patients,al_pn-4
731,731,10035,Cullmxn Regionxl Medicxl Center,1912 alabama highway 157,,,cullman,al,35058,Cxllman,2567372000,acute care hospitals,government - hospital district or authority,yes,Pneumonia,pn-5c,Pneumonia Patients Given Initial Antibiotics Within 6 Hours After Arrival,99%,160 patients,al_pn-5c
732,732,10035,Cullman Regional Medical Center,1912 alabama highway 157,,,cullman,al,35058,Cullman,2567372000,acute care hospitals,government - hospital district or authority,yes,Pneumonia,pn-6,Pneumonia Patients Given The Most Appropriate Initial Antibiotics,98%,136 patients,al_pn-6
733,733,10035,Cullman Regional Medical Center,1912 alabama highway 157,,,cullman,al,35058,Cullman,2567372000,acute care hospitals,government - hospital district or authority,yes,Pneumonia,pn-7,Pneumonia Patients Assessed And Given Influenza Vaccination,98%,125 patients,al_pn-7
734,734,10035,Cullman Regional Medical Center,1912 alabama highway 157,,,cullman,al,35058,Cullman,2567372000,acute care hospitals,government - hospital district or authority,yes,Suxgical Infection Pxevention,scip-card-2,Surgery Patients Who Were Taking Heart Drugs Called Beta Blockers Before Coming To The Hospital Who Were Kept On The Beta Blockers During The Period Just Before And After Their Surgery,99%,68 patients,al_scip-card-2
735,735,10035,Cullman Regional Medical Center,1912 alabama highway 157,,,cullman,al,35058,Cullman,2567372000,acute care hospitals,government - hospital district or authority,yes,Surgical Infection Prevention,scip-inf-1,Surgery Patients Who Were Given An Antibiotic At The Right Time Within One Hour Before Surgery To Help Prevent Infection,99%,411 patients,al_scip-inf-1
736,736,10035,Cullman Regional Medical Center,1912 alabama highway 157,,,cullman,al,35058,Cullman,2567372000,acute care hospitals,government - hospital district or authority,yes,Surgical Infection Prevention,scix-inf-2,Surgery Patients Who Were Given The  Right Kind  Of Antibiotic To Help Prevent Infection,98%,417 patients,al_scip-inf-2
737,737,10035,Cullman Regional Medical Center,1912xalabamaxhighwayx157,,,cuxxman,al,35058,Cullman,2567372000,acute care hospitals,government - hospital district or authority,yes,Surgical Infection Prevention,scip-inf-3,Surgery Patients Whose Preventive Antibiotics Were Stopped At The Right Time Within 24 Hours After Surgery,98%,405 patients,al_scip-inf-3
738,738,10035,Cullman Regional Medical Center,1912 alabama highway 157,,,cullman,al,35058,Cullman,2567372000,acute care hospitals,government - hospital district or authority,yes,Surgical Infection Prevention,scip-inf-4,All Heart Surgery Patients Whose Blood Sugar Blood Glucose Is Kept Under Good Control In The Days Right After Surgery,100%,0 patients,al_scip-inf-4
739,739,10035,Cullman Regional Medical Center,1912 alabama highway 157,,,cullman,al,35058,Cullman,2567372000,acute care hospitals,government - hospital district or authority,yes,Surgical Infection Prevention,scip-inf-6,Surgery Patients Needing Hair Removed From The Surgical Area Before Surgery Who Had Hair Removed Using A Safer Method Electric Clippers Or Hair Removal Cream C Not A Razor,100%,598 patients,al_scip-inf-6
740,740,10035,Cullman Regional Medical Center,1912 alabama highway 157,,,cullman,al,35058,Cullman,2567372000,acute care hospitals,government - hospital district or authority,yes,Surgical Infection Prevention,scip-vte-1,Surgery Patients Whose Doctors Ordered Treatments To Prevent Blood Clots After Certain Types Of Surgeries,95%,298 patients,al_scip-vte-1
741,741,10035,Cullman Regional Medical Center,1912 alabama highway 157,,,cullman,al,35058,Cullman,2567372000,acute care hospitals,government - hospital district or authority,yes,Surgical Infection Prevention,scip-vte-2,Patients Who Got Treatment  At The Right Time Within 24 Hours Before Or After Their Surgery To Help Prevent Blood Clots After Certain Types Of Surgery,95%,298 patients,al_scip-vte-2
742,742,10036,Andalusia Regional Hospital,849 south three notch street,,,andalusia,al,36420,Covington,3342228466,acute care hospitals,proprietary,no,Heart Attack,ami-1,Heart Attack Patients Given Aspirin At Arrival,100%,8 patients,al_ami-1
743,743,10036,Andalusia Regional Hospital,849 south three notch street,,,andalusia,al,36420,Covington,3342228466,acute care hospitals,proprietary,no,Heart Attack,ami-2,Heart Attack Patients Given Aspirin At Discharge,60%,5 patients,al_ami-2
744,744,10036,Andalusia Regional Hospital,849 south three notch street,,,andalusia,al,36420,Covington,3342228466,acute care hospitals,proprietary,no,Heart Attack,ami-3,Heart Attack Patients Given Ace Inhibitor Or Arb For Left Ventricular Systolic Dysfunction Lvsd,100%,3 patients,al_ami-3
745,745,10036,Andalusia Regional Hospital,849 south three notch street,,,andalusia,al,36420,Covington,3342228466,acute care hospitals,proprietary,no,Heart Attack,ami-4,Heart Attack Patients Given Smoking Cessation Advicecounseling,100%,0 patients,al_ami-4
746,746,10036,Andalusia Regional Hospital,849 south three notch street,,,andalusia,al,36420,Covington,3342228466,acute care hospitals,proprietary,no,Heart Attack,ami-5,Heart Attack Patients Given Beta Blocker At Discharge,100%,6 patients,al_ami-5
747,747,10036,Andalusia Regional Hospital,849 south three notch street,,,andalusia,al,36420,Covington,3342228466,acute care hospitals,proprietary,no,Heart Attack,ami-7a,Heart Attack Patients Given Fibrinolytic Medication Within 30 Minutes Of Arrival,100%,0 patients,al_ami-7a
748,748,10036,Andalusia Regional Hospital,849 south three notch street,,,andalusia,al,36420,Covington,3342228466,acute care hospitals,proprietary,no,Heart Attack,ami-8a,Heart Attack Patients Given Pci Within 90 Minutes Of Arrival,100%,0 patients,al_ami-8a
749,749,10036,Andalusia Regional Hospital,849 south three notch street,,,andalusia,al,36420,Covington,3342228466,acute care hospitals,proprietary,no,Heart Failure,hf-1,Heart Failure Patients Given Discharge Instructions,100%,121 patients,al_hf-1
750,750,10036,Andalusia Regional Hospital,849 south three notch street,,,andalusia,al,36420,Covington,3342228466,acute care hospitals,proprietary,no,Heart Failure,hx-2,Heart Failure Patients Given An Evaluation Of Left Ventricular Systolic Lvs Function,91%,139 patients,al_hf-2
751,751,10036,Andalusia Regional Hospital,849 south three notch street,,,andalusia,al,3642,Covington,3342228466,acute care hospitals,proprietary,no,Heart Failure,hf-3,Heart Failure Patients Given Ace Inhibitor Or Arb For Left Ventricular Systolic Dysfunction Lvsd,86%,21 patients,al_hf-3
752,752,10036,Andalusia Regional Hospital,849 south three notch street,,,andalusia,al,36420,Covington,334,acute care hospitals,proprietary,no,Heart Failure,hf-4,Heart Failure Patients Given Smoking Cessation Advicecounseling,100%,32 patients,al_hf-4
753,753,10036,Andalusia Regional Hospital,849 south three notch street,,,andalusia,al,36420,Coxington,3342228466,acute care hospitals,proprietary,no,Pneumonia,pn-2,Pneumonia Patients Assessed And Given Pneumococcal Vaccination,100%,77 patients,al_pn-2
754,754,10036,Andalusia Regional Hospital,849 south three notch street,,,andalusia,al,36420,Covington,3342228466,acute care hospitals,proprietary,no,Pneumonia,pn-3b,Pneumonia Patients Whose Initial Emergency Room Blood Culture Was Performed Prior To The Administration Of The First Hospital Dose Of Antibiotics,89%,55 patients,al_pn-3b
755,755,10036,Andalusia Regional Hospital,849 south three notch street,,,andalusia,al,36420,Covington,3342228466,acute care hospitals,proprietary,no,Pneumonia,pn-4,Pneumonia Patients Given Smoking Cessation Advicecounseling,100%,43 patients,al_pn-4
756,756,1,Andalusia Regional Hospital,849 south three notch street,,,andalusia,al,36420,Covington,3342228466,acute care hospitals,proprietary,no,Pneumonia,pn-5c,Pneumonia Patients Given Initial Antibiotics Within 6 Hours After Arrival,97%,93 patients,al_pn-5c
757,757,10036,Andalusia Regional Hospital,849 south three notch street,,,andaluxia,al,36420,Covington,3342228466,acute care hospitals,proprietary,no,Pneumonia,pn-6,Pneumonia Patients Given The Most Appropriate Initial Antibiotics,75%,64 patients,al_pn-6
758,758,10036,Andalusia Regional Hospital,849 south three notch street,,,andalusia,al,36420,Covington,3342228466,acute care hospitals,proprietary,no,Pneumonia,pn-7,Pneumonia Patients Assessed And Given Influenza Vaccination,92%,52 patients,al_pn-7
759,759,10036,Andaxusia Regionax Hospitax,849 south three notch street,,,andalusia,al,36420,Covington,3342228466,acute care hospitals,proprietary,no,Surgical Infection Prevention,scip-card-2,Surgery Patients Who Were Taking Heart Drugs Called Beta Blockers Before Coming To The Hospital Who Were Kept On The Beta Blockers During The Period Just Before And After Their Surgery,89%,19 patients,al_scip-card-2
760,760,10036,Andalusia Regional Hospital,849 south three notch street,,,andalusia,al,36420,Covington,3342228466,acute care hospitals,proprietary,no,Surgical Infection Prevention,scip-inf-1,Surgery Patients Who Were Given An Antibiotic At The Right Time Within One Hour Before Surgery To Help Prevent Infection,97%,139 patients,al_scip-inf-1
761,761,10036,Andalusia Regional Hospital,849 south three notch street,,,andalusia,al,36420,Covington,3342228466,acute care hospitals,proprietary,no,Surgical Infection Prevention,scip-inf-2,Surgery Patients Who Were Given The  Right Kind  Of Antibiotic To Help Prevent Infection,88%,141 patients,al_scipxinfx2
762,762,10036,Andalusia Regional Hospital,849 south three notch street,,,andalusia,al,36420,Covington,3342228466,acute care hospitals,proprietary,no,Surgical Infection Prevention,scip-inf-3,Surgery Patients Whose Preventive Antibiotics Were Stopped At The Right Time Within 24 Hours After Surgery,99%,136 patients,al_scip-inf-3
763,763,10036,Andalusia Regional Hospital,849 south three notch street,,,andalusia,al,36420,Covington,3342228466,acute care hospitals,proprietary,no,Surgical Infection Prevention,scip-inf-4,All Heart Surgery Patients Whose Blood Sugar Blood Glucose Is Kept Under Good Control In The Days Right After Surgery,100%,0 patients,al_scip-inf-4
764,764,10036,Andalusia Regional Hospital,849 south three notch street,,,andalusia,al,36420,Covington,33422284,acute care hospitals,proprietary,no,Surgical Infection Prevention,scip-inf-6,Surgery Patients Needing Hair Removed From The Surgical Area Before Surgery Who Had Hair Removed Using A Safer Method Electric Clippers Or Hair Removal Cream C Not A Razor,100%,204 patients,al_scip-inf-6
765,765,10036,Andalusia Regional Hospital,849 south three notch street,,,andalusia,xl,36420,Covington,3342228466,acute care hospitals,proprietary,no,Surgical Infection Prevention,scip-vte-1,Surgery Patients Whose Doctors Ordered Treatments To Prevent Blood Clots After Certain Types Of Surgeries,80%,66 patients,al_scix-vte-1
766,766,10036,Andaluxia Regional Hoxpital,849 south three notch street,,,andalusia,al,36420,Covington,3342228466,acute care hospitals,proprietary,no,Surgical Infection Prevention,scip-vte-2,Patients Who Got Treatment  At The Right Time Within 24 Hours Before Or After Their Surgery To Help Prevent Blood Clots After Certain Types Of Surgery,80%,66 patients,al_scip-vte-2
767,767,10038,Stringfellow Memorial Hospital,301 east 18th st,,,anniston,al,36201,Calhoun,2562358900,acute care hospitals,proprietary,yes,Children S Asthma Care,cac-1,Children Who Received Reliever Medication While Hospitalized For Asthma,100%,9 patients,al_cac-1
768,768,10038,Stringfellow Memorial Hospital,301 east 1xth st,,,anniston,al,36201,Calhoun,2562358900,acute care hospitals,proprietary,yes,Surgical Infection Prevention,scip-inf-1,Surgery Patients Who Were Given An Antibiotic At The Right Time Within One Hour Before Surgery To Help Prevent Infection,99%,96 patients,al_scip-inf-1
769,769,10038,Stringfellow Memorial Hospital,301 east 18th st,,,anniston,al,36201,Calhoun,2562358900,acute care hospitals,proprietary,yes,Surgical Infection Prevention,scip-inf-2,Surgery Patients Who Were Given The  Right Kind  Of Antibiotic To Help Prevent Infection,93%,98 patients,al_scip-inf-2
770,770,10038,Stringfellow Memorial Hospital,301 east 18th st,,,anniston,al,36201,Calhoun,2562358900,acute care hospitals,proprietary,yes,Surgical Infection Prevention,scip-inf-3,Surgery Patients Whose Preventive Antibiotics Were Stopped At The Right Time Within 24 Hours After Surgery,3%,95 patients,al_scip-inf-3
771,771,10038,Stringfellow Memorial Hospital,301 east 18th st,,,anniston,al,36201,Calhoun,2562358900,acute care hospitals,proprietary,yes,Surgical Infection Prevention,scip-inf-4,All Heart Surgery Patients Whose Blood Sugar Blood Glucose Is Kept Under Good Control In The Days Right After Surgery,100%,0 patients,al_scip-inf-4
772,772,10038,Stringfellow Memorial Hospital,301 east 18th st,,,anniston,al,36201,Calhoun,2562358900,acute care hospitals,proprietary,yes,Surgical Infection Prevention,scip-inf-6,Surgery Patients Needing Hair Removed From The Surgical Area Before Surgery Who Had Hair Removed Using A Safer Method Electric Clippers Or Hair Removal Cream C Not A Razor,100%,195 patients,al_scip-inf-6
773,773,10038,Stringfellow Memorial Hospital,301 east 18th st,,,annxston,al,36201,Calhoun,2562358900,acute care hospitals,proprietary,yes,Surgical Infection Prevention,scip-vte-1,Surgery Patients Whose Doctors Ordered Treatments To Prevent Blood Clots After Certain Types Of Surgeries,90%,117 patients,al_scip-vte-1
774,774,10038,Stringfellow Memorial Hospital,301 east 18th st,,,anniston,al,36201,Calhoun,2562358900,acute care hospitals,proprietary,yes,Surgical Infection Prevention,scip-vte-2,Patients Who Got Treatment  At The Right Time Within 24 Hours Before Or After Their Surgery To Help Prevent Blood Clots After Certain Types Of Surgery,89%,116 patients,al_scip-vte-2
775,775,10039,Huntsville Hospital,101 sivley rd,,,huntsville,al,35801,Madison,2562651000,acute care hospitals,government - hospital district or authority,yes,Children S Asthma Care,xax-1,Children Who Received Reliever Medication While Hospitalized For Asthma,100%,193 patients,al_cac-1
776,776,10039,Huntsville Hospital,101 sivley rd,,,huntsville,al,35801,Madison,2562651000,acute care hospitals,government - hospital district or authority,yes,Children S Asthma Care,cac-2,Children Who Received Systemic Corticosteroid Medication Oral And Iv Medication That Reduces Inflammation And Controls Symptoms While Hospitalized For Asthma,98%,193 patients,al_cac-2
777,777,10039,Huntsville Hospital,101 sivley rd,,,huntsville,al,35801,Madison,2562651000,acute care hospitals,government - hospital district or authority,yes,Children S Asthma Care,cac-3,Children And Their Caregivers Who Received A Home Management Plan Of Care Document While Hospitalized For Asthma,14%,193 paxienxs,al_cac-3
778,778,10039,Huntsvxlle Hospxtal,101 sivley rd,,,huntsville,al,35801,Madison,2562651000,acute care hospitals,government - hospital district or authority,yes,Heart Attack,ami-1,Heart Attack Patients Given Aspirin At Arrival,98%,155 patients,al_ami-1
779,779,10039,Huntsville Hospital,101 sivley rd,,,huntsville,al,35801,Madison,2562651000,acute care hospitals,government - hospital district or authority,yes,Heart Attack,ami-2,Heart Attack Patients Given Aspirin At Discharge,100%,323 patients,al_ami-2
780,780,10039,Huntsville Hospital,101 sivley rd,,,huntsville,al,35801,Madison,2562651000,acute care hospitals,government - hospital district or authority,yes,Heart Attack,ami-3,Heart Attack Patients Given Ace Inhibitor Or Arb For Left Ventricular Systolic Dysfunction Lvsd,97%,77 patients,al_ami-3
781,781,1003,Huntsville Hospital,101 sivley rd,,,huntsville,al,35801,Madison,2562651000,acute care hospitals,government - hospital district or authority,yes,Heart Attaxk,ami-4,Heart Attack Patients Given Smoking Cessation Advicecounseling,100%,135 patients,al_ami-4
782,782,10039,Huntsville Hospital,101 sivley rd,,,huntsville,al,35801,Madison,2562651000,acute care hospitals,government - hospital district or authority,yes,Heart Attack,ami-5,Heart Attack Patients Given Beta Blocker At Discharge,100%,301 patients,al_ami-5
783,783,10039,Huntsville Hospital,101 sivley rd,,,huntsville,al,35801,Madison,2562651000,acute care hospitals,government - hospital district or authority,yes,Heart Attack,ami-7a,Heart Attack Patients Given Fibrinolytic Medication Within 30 Minutes Of Arrival,100%,0 patients,al_ami-7a
784,784,10039,Huntsville Hospital,101 sivley rd,,,huntsville,al,35801,Madison,2562651000,acute care hospitals,government - hospital district or authority,yes,Heart Attack,ami-8a,Heart Attack Patients Given Pci Within 90 Minutes Of Arrival,82%,44 patients,al_ami-8a
785,785,10039,Huntsville Hospital,101 sivley rd,,,huntsville,al,35801,Madison,2562651000,acute care hospitals,government - hospital district or authority,yes,Heart Failure,hf-1,Heart Failure Patients Given Discharge Instructions,72%,264 patients,al_hf-1
786,786,10039,Huntsville Hospital,101 sivley rd,,,huntsville,al,35801,Madisxn,2562651000,acute care hospitals,government - hospital district or authority,yes,Heart Failure,hf-2,Heaxt Failuxe Patients Given An Evaluation Of Left Ventxiculax Systolic Lvs Function,95%,303 patients,al_hf-2
787,787,10039,Huntsville Hospital,101 sivley rd,,,huntsville,al,35801,Madison,2562651000,acute care hospitals,government - hospital district or authority,yes,Heart Failure,hf-3,Heart Failure Patients Given Ace Inhibitor Or Arb For Left Ventricular Systolic Dysfunction Lvsd,98%,102 patients,al_hf-3
788,788,10039,Huntsville Hospital,101 sivley rd,,,huntsville,al,35801,Madison,2562651000,acute care hospitals,government - hospital district or authority,yes,Heart Failure,hf-4,Heart Failure Patients Given Smoking Cessation Advicecounseling,100%,51 patients,al_hf-x
789,789,10039,Huntsville Hospital,101 sivley rd,,,huntsville,al,35801,Madison,2562651000,acute care hospitals,government - hospital district or authority,yes,Pneumonia,pn-x,Pneumonia Patients Assessed And Given Pneumococcal Vaccination,96%,509 patients,al_pn-2
790,790,1,Huntsville Hospital,101 sivley rd,,,huntsville,al,35801,Madison,2562651000,acute care hospitals,government - hospital district or authority,yes,Pneumonia,pn-3b,Pneumonia Patients Whose Initial Emergency Room Blood Culture Was Performed Prior To The Administration Of The First Hospital Dose Of Antibiotics,99%,496 patients,al_pn-3b
791,791,10039,Huntsville Hospital,101 sivley rd,,,huntsville,al,35801,Madison,2562651000,acute care hospitals,government - hospital district or authority,yes,Pneumonia,pn-4,Pneumonia Patients Given Smoking Cessation Advicecounseling,97%,294 patients,al_pn-4
792,792,10039,Huntsville Hospital,101 sivley rd,,,huntsville,xl,35801,Madison,2562651000,acute care hospitals,government - hospital district or authority,yes,Pneumonia,pn-5c,Pneumonia Patients Given Initial Antibiotics Within 6 Hours After Arrival,93%,511 patients,al_pn-5c
793,793,10039,Huntsville Hospital,101 sivley rd,,,huntsville,al,35801,Madison,2562651000,acute care hospitals,government - hospital district or authority,yes,Pneumonia,pn-6,Pneumonia Patients Given The Most Appropriate Initial Antibiotics,89%,313 patients,al_pn-6
794,794,100,Huntsville Hospital,101 sivley rd,,,huntsville,al,35801,Madison,2562651000,acute care hospitals,government - hospital district or authority,yes,Pneumonia,pn-7,Pneumonia Patients Assessed And Given Influenza Vaccination,89%,409 patients,al_pn-7
795,795,10039,Huntsville Hospital,101 sivley rd,,,huntsville,al,35801,Madison,2562651000,acute care hospitals,government - hospital district or authority,yes,Surgical Infection Prevention,scip-card-2,Surgery Patients Who Were Taking Heart Drugs Called Beta Blockers Before Coming To The Hospital Who Were Kept On The Beta Blockers During The Period Just Before And After Their Surgery,90%,123 patients,al_scip-card-2
796,796,10039,Huntsville Hospital,101 sivley rd,,,huntsville,al,35801,Madison,2562651000,acute care hospitals,government - hospital district or authority,yes,Surgical Infection Prevention,scip-inf-1,Surgery Patients Who Were Given An Antibiotic At The Right Time Within One Hour Before Surgery To Help Prevent Infection,95%,601 patients,al_scip-inf-1
797,797,10039,Huntsville Hospital,101 sivley rd,,,huntsville,al,35801,Madison,2562651000,acute care hospitals,government - hospital district or authority,yes,Surgical Infection Prevention,scip-inf-2,Surgery Patients Who Were Given The  Right Kind  Of Antibiotic To Help Prevent Infection,99%,603 patients,xl_scip-inf-2
798,798,10039,Huntsville Hospital,101 sivley rd,,,huntsville,al,35801,Madison,2562651000,acute care hospitals,government - hospital district or authority,yes,Surgical Infection Prevention,scip-inf-3,Surgery Patients Whose Preventive Antibiotics Were Stopped At The Right Time Within 24 Hours After Surgery,93%,561 patients,al_scip-inf-3
799,799,10039,Huntsville Hospital,101 sivley rd,,,huntsville,al,35801,Madisox,2562651000,acute care hospitals,government - hospital district or authority,yes,Surgical Infection Prevention,scip-inf-4,All Heart Surgery Patients Whose Blood Sugar Blood Glucose Is Kept Under Good Control In The Days Right After Surgery,95%,149 patients,al_scip-inf-4
800,800,10039,Huntsville Hospital,101 sivley rd,,,huntsville,al,35801,Madison,2562651000,acute care hospitals,government - hospital district or authority,yes,Surgical Infection Prevention,scip-inf-6,Surgery Patients Needing Hair Removed From The Surgical Area Before Surgery Who Had Hair Removed Using A Safer Method Electric Clippers Or Hair Removal Cream C Not A Razor,99%,852 patients,al_scip-inf-6
801,801,10039,Huntsville Hospital,101 sivley rd,,,huntsville,al,35801,Madison,2562651000,acute care hospitals,government - hospital district or authority,yes,Surgical Infection Prevention,scip-vte-1,Surgery Patients Whose Doctors Ordered Treatments To Prevent Blood Clots After Certain Types Of Surgeries,93%,269 patients,al_scip-vte-1
802,802,10039,Huntsville Hospital,101 sivley rd,,,huntsville,al,35801,Madison,2562651000,acute care hospitals,government - hospital district or authority,yes,Surgical Infection Prevention,scip-vte-2,Patients Who Got Treatment  At The Right Time Within 24 Hours Before Or After Their Surgery To Help Prevent Blood Clots After Certain Types Of Surgery,90%,269 patients,al_scip-vte-2
803,803,10040,Gadsden Regional Medical Center,1007 goodyear avenue,,,gadsden,al,35903,Etowah,2564944000,acute care hospitals,proprietary,yes,Heart Attack,ami-1,Heart Attack Patxents Gxven Aspxrxn At Arrxval,94%,123 patients,al_ami-1
804,804,10040,Gadsden Regional Medical Center,1007 goodyear avenue,,,gadsden,al,35903,Etowah,2564944000,acute care hospitals,proprietary,yes,Heart Attack,ami-2,Heart Attack Patients Given Aspirin At Discharge,99%,134 patients,al_ami-2
805,805,10040,Gadsden Regional Medical Center,1007 goodyear avenue,,,gadsden,al,35903,Etowah,2564944000,acute care hospitals,proprietary,yes,Heart Attack,ami-3,Heart Attack Patients Given Ace Inhibitor Or Arb For Left Ventricular Systolic Dysfunction Lvsd,89%,18 patients,al_ami-3
806,806,10040,Gadsden Regional Medical Center,1007 goodyear avenue,,,gadsden,al,35903,Etowah,2564944000,acute care hospitals,proprietary,yes,Heart Attack,ami-4,Heart Attack Patients Given Smoking Cessation Advicecounseling,100%,79 patients,al_ami-4
807,807,10040,Gadsden Regional Medical Center,1007 goodyear avenue,,,gadsden,al,35903,Etowah,2564944000,acute care hospitals,proprietary,yes,Heart Attack,ami-5,Heart Attack Patients Given Beta Blocker At Discharge,95%,117 patients,al_ami-5
808,808,10040,Gadsden Regional Medical Center,1007 goodyear avenue,,,gadsden,al,35903,Etowah,2564944000,acute care hospitals,proprietary,yes,Heart Attack,ami-7a,Heart Attack Patients Given Fibrinolytic Medication Within 30 Minutes Of Arrival,68%,25 patients,al_ami-7a
809,809,10040,Gadsden Regional Medical Center,1007 goodyear avenue,,,gadsden,al,35903,Etowah,2564944000,acute care hospitals,proprietary,yes,Heart Attack,ami-8a,Heart Attack Patients Given Pci Within 90 Minutes Of Arrival,83%,12 patients,al_ami-8a
810,810,10040,Gadsden Regional Medical Center,1007 goodyear avenue,,,gadsden,al,35903,Etowah,2564944000,acute care hospitals,proprietary,yes,Heart Failure,hf-1,Heart Failure Patients Given Discharge Instructions,47%,211 patients,al_hf-1
811,811,10040,Gadsden Regional Medical Center,1007 goodyear avenue,,,gadsden,al,35903,Etowah,2564944000,acute care hospitals,proprietary,yes,Heart Failure,hf-2,Heart Failure Patients Given An Evaluation Of Left Ventricular Systolic Lvs Function,100%,259 patients,al_hf-2
812,812,10040,Gadsden Regional Medical Center,1007 goodyear avenue,,,gadsden,al,35903,Etowah,2564944000,acute care hospitals,proprietary,yes,Heart Failure,hf-3,Heart Failure Patients Given Ace Inhibitor Or Arb For Left Ventricular Systolic Dysfunction Lvsd,93%,69 patients,al_hf-3
813,813,10040,Gadsden Regional Medical Center,1007 goodyear avenue,,,gadsden,al,35903,Etowah,2564944000,acute care hospitals,proprietary,yes,Heart Failure,hf-4,Heart Failure Patients Given Smoking Cessation Advicecounseling,100%,70 patients,al_hf-4
814,814,10040,Gadsden Regional Medical Center,1007 goodyear avenue,,,gadsden,al,35903,Etowah,2564944000,acute care hospitals,proprietary,yes,Pneumonia,pn-2,Pneumonia Patients Assessed And Given Pneumococcal Vaccination,96%,255 patients,al_pn-2
815,815,10040,Gadsden Regional Medical Center,1007 goodyear avenue,,,gadsden,al,35903,Etowah,2564944000,acute care hospitals,proprietary,yes,Pneumonia,pn-3b,Pneumonia Patients Whose Initial Emergency Room Blood Culture Was Performed Prior To The Administration Of The First Hospital Dose Of Antibiotics,96%,187 patients,al_pn-3b
816,816,10040,Gadsden Regional Medical Center,1007 goodyear avenue,,,gadsden,al,590,Etowah,2564944000,acute care hospitals,proprietary,yes,Pneumonia,pn-4,Pneumonia Patients Given Smoking Cessation Advicecounseling,100%,130 patients,al_pn-4
817,817,10040,Gadsden Regional Medical Center,1007 goodyear avenue,,,gadsden,al,35903,Etowah,2564944000,acute care hospitals,proprietary,yes,Pneumonia,pn-5c,Pneumonix Pxtients Given Initixl Antibiotics Within 6 Hours After Arrivxl,94%,266 patients,al_pn-5c
818,818,10040,Gadsden Regional Medical Center,1007 goodyear avenue,,,gadsden,al,35903,Etowah,2564944000,acute care hospitals,proprietary,yes,Pneumonia,pn-6,Pneumonia Patients Given The Most Appropriate Initial Antibiotics,89%,153 patients,al_pn-6
819,819,10040,Gadsden Regional Medical Center,1007 goodyear avenue,,,gadsden,al,35903,Etowah,2564944000,acute care hospitals,proprietary,yes,Pneumonia,pn-7,Pneumonia Patients Assessed And Given Influenza Vaccination,96%,187 patients,al_pn-7
820,820,10040,Gadsden Regional Medical Center,1007 goodyear avenue,,,gadsden,al,35903,Etowah,2564944000,acute care hospitals,proprietary,yes,Surgical Infection Prevention,scip-card-2,Surgery Patients Who Were Taking Heart Drugs Called Beta Blockers Before Coming To The Hospital Who Were Kept On The Beta Blockers During The Period Just Before And After Their Surgery,91%,109 patients,al_scip-card-2
821,821,10040,Gadsden Regional Medical Center,1007 goodyear avenue,,,gadsden,al,35903,Etowah,2564944000,acute care hospitals,proprietary,yes,Surgical Infection Prevention,scip-inf-1,Surgery Patients Who Were Given An Antibiotic At The Right Time Within One Hour Before Surgery To Help Prevent Infection,98%,557 patients,al_scip-inf-1
822,822,10040,Gadsden Regional Medical Center,1007 goodyear avenue,,,gxdsden,al,35903,Etowah,2564944000,acute care hospitals,proprietary,yes,Surgical Infection Prevention,scip-inf-2,Surgery Patients Who Were Given The  Right Kind  Of Antibiotic To Help Prevent Infection,97%,564 patients,al_scip-inf-2
823,823,10040,Gadsden Regional Medical Center,1007 goodyear avenue,,,gadsden,al,35903,Etowah,2564944000,acute care hospitals,proprietary,yes,Surgical Infection Prevention,scip-inf-3,Surgery Patients Whose Preventive Antibiotics Were Stopped At The Right Time Within 24 Hours After Surgery,90%,520 patients,al_scip-inf-3
824,824,10040,Gadsden Regional Medical Center,1007 goodyear avenue,,,gadsden,al,35903,Etowah,2564944000,acute care hospitals,proprietary,yes,Surgical Infection Prevention,scip-inf-4,All Heart Surgery Patients Whose Blood Sugar Blood Glucose Is Kept Under Good Control In The Days Right After Surgery,94%,186 patients,al_scip-inf-4
825,825,10040,Gadsden Regional Medical Center,1007 goodyear avenue,,,gadsden,al,35903,Etowah,2564944,acute care hospitals,proprietary,yes,Surgical Infection Prevention,scip-inf-6,Surgery Patients Needing Hair Removed From The Surgical Area Before Surgery Who Had Hair Removed Using A Safer Method Electric Clippers Or Hair Removal Cream C Not A Razor,100%,854 patients,al_scip-inf-6
826,826,10040,Gadsden Regional Medical Center,1007 goodyear avenue,,,gadsden,al,35903,Etowah,2564944000,acute care hospitals,proprietary,yes,Surgical Infection Prevention,scip-vte-1,Surgery Patients Whose Doctors Ordered Treatments To Prevent Blood Clots After Certain Types Of Surgeries,95%,315 patients,al_scip-vte-1
827,827,10040,Gadsden Regional Medical Center,1007 goodyear avenue,,,gadsden,al,35903,Etowah,2564944000,acute care hospitals,proprietary,yes,Surgical Infection Prevention,scip-vte-2,Patients Who Got Treatment  At The Right Time Within 24 Hours Before Or After Their Surgery To Help Prevent Blood Clots After Certain Types Of Surgery,87%,315 patients,al_scip-vte-2
828,828,10043,Chilton Medical Center,1010 lay dam road,,,clanton,al,35045,Chilton,2057552500,acute care hospitals,voluntary non-profit - private,yes,Heart Attack,ami-1,Heart Attack Patients Given Aspirin At Arrival,100%,1 patients,xl_xmi-1
829,829,10043,Chilton Medical Center,1010 lay dam road,,,clanton,al,35045,Chilton,2057552500,acute care hospitals,voluntary non-profit - private,yes,Heart Attack,ami-2,Heart Attack Patients Given Aspirin At Discharge,100%,1 patients,al_ami-2
830,830,10043,Chilton Medical Center,1010 lay dam road,,,clanton,al,35045,Chilton,2057552500,acute care hospitals,voluntary non-profit - private,yes,Heart Attack,ami-3,Heart Attack Patients Given Ace Inhibitor Or Arb For Left Ventricular Systolic Dysfunction Lvsd,100%,1 patients,al_ami-3
831,831,10043,Chilton Medical Center,1010 lay dam road,,,clanton,al,35045,Chilton,2057552500,acute care hospitals,voluntary non-profit - private,yes,Heart Attack,ami-4,Heart Attack Patients Given Smoking Cessation Advicecounseling,100%,0 patients,al_ami-4
832,832,10043,Chilton Medical Center,1010 lay dam road,,,clanton,al,35045,Chilton,2057552500,acute care hospitals,voluntary non-profit - private,yes,Heart Attack,ami-5,Heart Attack Patients Given Beta Blocker At Discharge,100%,1 patients,al_ami-5
833,833,10043,Chilton Medical Center,1010 lay dam road,,,clanton,al,35045,Chilton,2057552500,acute care hospitals,voluntary non-profit - private,yes,Heart Attack,ami-7a,Heart Attack Patients Given Fibrinolytic Medication Within 30 Minutes Of Arrival,100%,0 patients,al_ami-7a
834,834,10043,Chilton Medical Center,1010 lay dam road,,,clanton,al,35045,Chilton,2057552500,acute care hospitals,voluntary non-profit - private,yes,Heart Attack,ami-8a,Heart Attack Patients Given Pci Within 90 Minutes Of Arrival,100%,0 patients,al_ami-8a
835,835,10043,Chilton Medical Center,1010 lay dam road,,,clanton,al,35045,Chilton,2057552500,acute care hospitals,voluntary non-profit - private,yes,Heart Failure,hf-1,Heart Failure Patients Given Discharge Instructions,84%,19 patients,al_hf-1
836,836,10043,Chilton Medical Center,1010 lay dam road,,,clanton,al,35045,Chilton,2057552500,acute care hospitals,voluntary non-profit - private,yes,Heart Failure,hf-2,Heart Failure Patients Given An Evaluation Of Left Ventricular Systolic Lvs Function,89%,28 patients,al_hf-2
837,837,10043,Chilton Medical Center,1010 lay dam road,,,clanton,al,35045,Chilton,2057552500,acute care hospitals,voluntary non-profit - private,yes,Heart Failure,hf-3,Heart Failure Patients Given Ace Inhibitor Or Arb For Left Ventricular Systolic Dysfunction Lvsd,75%,4 patients,al_hf-3
838,838,10043,Chilton Medical Center,1010 lay dam road,,,clanton,al,35045,Chilton,2057552500,acute care hospitals,voluntary non-profit - private,yes,Heart Failure,hf-4,Heart Failure Patients Given Smoking Cessation Advicecounseling,100%,4 patients,al_hf-4
839,839,10043,Chilton Medical Center,1010 lay dam road,,,clanton,al,35045,Chilton,2057552500,acute care hospitals,voluntary non-profit - private,yes,Pneumonia,pn-2,Pneumonia Patients Assessed And Given Pneumococcal Vaccination,89%,47 patients,al_pn-2
840,840,10043,Chilton Medical Center,1010 lay dam road,,,clanton,al,35045,Chilton,2057552500,acute care hospitals,voluntary non-profit - private,yes,Pneumonia,pn-3b,Pneumonia Patients Whose Initial Emergency Room Blood Culture Was Performed Prior To The Administration Of The First Hospital Dose Of Antibiotics,92%,36 patients,al_pn-3b
841,841,10043,Chilton Medical Center,1010 lay dam road,,,clanton,al,35045,Chilton,2057552500,acute care hospitals,voluntary non-profit - private,yes,Pneumonia,pn-4,Pneumonia Patients Given Smoking Cessation Advicecounseling,94%,16 patients,al_pn-4
842,842,10043,Chilton Medical Center,1010 lay dam road,,,clanton,al,35045,Chilton,2057552500,acute care hospitals,voluntary non-profit - private,yes,Pneumonia,pn-5c,Pneumonia Patients Given Initial Antibiotics Within 6 Hours After Arrival,98%,44 patients,al_pn-5c
843,843,10043,Chilton Medical Center,1010 lay dam road,,,clanton,al,35045,Chilton,2057552500,acute care hospitals,voluntary non-profit - private,yes,Pneumonia,pnx6,Pneumonia Patients Given The Most Appropriate Initial Antibiotics,95%,38 patients,al_pnx6
844,844,10043,Chilton Medical Center,1010 lay dam road,,,clanton,al,35045,Chilton,2057552500,acute care hospitals,voluntary non-profit - private,yes,Pneumonia,pn-7,Pneumonia Patients Assessed And Given Influenza Vaccination,81%,37 patients,al_pn-7
845,845,10043,Chilton Medical Center,1010 lay dam road,,,clanton,al,35045,Chilton,2057552500,acute care hospitals,voluntary non-profit - private,yes,Surgical Infection Prevention,scip-card-2,Surgery Patients Who Were Taking Heart Drugs Called Beta Blockers Before Coming To The Hospital Who Were Kept On The Beta Blockers During The Period Just Before And After Their Surgery,50%,2 patients,al_scip-card-2
846,846,10043,Chilton Medical Center,1010 lay dam road,,,clanton,al,35045,Chilton,2057552500,acute care hospitals,voluntary non-profit - private,yes,Surgical Infection Prevention,scip-inf-1,Surgery Patients Who Were Given An Antibiotic At The Right Time Within One Hour Before Surgery To Help Prevent Infection,100%,4 patiexts,al_scip-inf-1
847,847,10043,Chilton Medical Center,1010 lay dam road,,,clanton,al,35045,Chilton,2057552500,acute care hospitals,voluntary non-profit - private,yes,Surgical Infection Prevention,scip-inf-2,Surgery Patients Who Were Given The  Right Kind  Of Antibiotic To Help Prevent Infection,100%,4 patients,al_scip-inf-2
848,848,10043,Chilton Medical Center,1010 lay dam road,,,clanton,al,35045,Chilton,2057552500,acute care hospitals,voluntary non-profit - private,yes,Surgical Infection Prevention,scip-inf-3,Surgery Patients Whose Preventive Antibiotics Were Stopped At The Right Time Within 24 Hours After Surgery,100%,4 patients,al_scip-inf-3
849,849,10043,Chilton Medical Center,1010 lay dam road,,,clanton,al,35045,Chilton,2057552500,acute care hospitals,voluntary non-profit - private,yes,Surgical Infection Prevention,scip-inf-4,All Heart Surgery Patients Whose Blood Sugar Blood Glucose Is Kept Under Good Control In The Days Right After Surgery,100%,0 patients,al_scip-inf-4
850,850,10043,Chilton Medical Center,x0x0 lay dam road,,,clanton,al,35045,Chilton,2057552500,acute care hospitals,voluntary non-profit - private,yes,Surgical Infection Prevention,scip-inf-6,Surgery Patients Needing Hair Removed From The Surgical Area Before Surgery Who Had Hair Removed Using A Safer Method Electric Clippers Or Hair Removal Cream C Not A Razor,100%,5 patients,al_scip-inf-6
851,851,10043,Chilton Medical Center,1010 lay dam road,,,clanton,al,35045,Chilton,2057552500,acute care hospitals,voluntary non-profit - private,yes,Surgical Infection Prevention,scip-vte-1,Surgery Patients Whose Doctors Ordered Treatments To Prevent Blood Clots After Certain Types Of Surgeries,100%,0 patients,al_scip-vte-1
852,852,10043,Chilton Medical Center,1010 lay dam road,,,clanton,al,35045,Chilton,2057552500,acute care hospitals,voluntary non-profit - private,yes,Surgical Infxction Prxvxntion,scip-vte-2,Patients Who Got Treatment  At The Right Time Within 24 Hours Before Or After Their Surgery To Help Prevent Blood Clots After Certain Types Of Surgery,100%,0 patients,al_scip-vte-2
853,853,10044,Marion Regional Medical Center,1256 military street south,,,hamilton,al,35570,Marion,2059216200,acute care hospitals,voluntary non-profit - private,yes,Heart Attack,ami-1,Heart Attack Patients Given Aspirin At Arrival,67%,3 patients,al_ami-1
854,854,10044,Marion Regional Medical Center,1256 military street south,,,hamilton,al,35570,Marion,2059216200,acute care hospitals,voluntary non-profit - private,yes,Heart Attack,ami-2,Heart Attack Patients Given Aspirin At Discharge,67%,3 patients,al_ami-2
855,855,10044,Marion Regional Medical Center,1256 military street south,,,hamilton,al,35570,Marion,2059216200,acute care hospitals,voluntary non-profit - private,yes,Heart Attack,ami-3,Heart Attack Patients Given Ace Inhibitor Or Arb For Left Ventricular Systolic Dysfunction Lvsd,100%,1 patients,al_ami-3
856,856,10044,Marion Regional Medical Center,1256 military street south,,,hamilxon,al,35570,Marion,59,acute care hospitals,voluntary non-profit - private,yes,Heart Attack,ami-4,Heart Attack Patients Given Smoking Cessation Advicecounseling,100%,0 patients,al_ami-4
857,857,10044,Marion Regional Medical Center,1256 military street south,,,hamilton,al,35570,Marion,2059216200,acute care hospitals,voluntary non-profit - private,yes,Heart Attack,ami-5,Heart Attack Patients Given Beta Blocker At Discharge,33%,3 patients,al_ami-5
858,858,10044,Marion Regional Medical Center,1256 military street sxuth,,,hamilton,al,35570,Marion,2059216200,acute care hospitals,voluntary non-profit - private,yes,Heart Attack,ami-7a,Heart Attack Patients Given Fibrinolytic Medication Within 30 Minutes Of Arrival,100%,0 patients,al_ami-7a
859,859,10044,Marion Regional Medical Center,1256 military street south,,,hamilton,al,35570,Marion,2059216200,acute care hospitals,voluntary non-profit - private,yes,Heart Attack,ami-8a,Heart Attack Patients Given Pci Within 90 Minutes Of Arrival,100%,0 patients,al_ami-8a
860,860,1,Marion Regional Medical Center,1256 military street south,,,hamilton,al,35570,Marion,2059216200,acute care hospitals,voluntary non-profit - private,yes,Heart Failure,hf-1,Heart Failure Patients Given Discharge Instructions,74%,38 patients,al_hf-1
861,861,10044,Marion Regional Medical Center,1256 military street south,,,hamilton,al,35570,Marion,2059216200,acute care hospitals,voluntary non-profit - private,yes,Heart Failure,hf-2,Heart Failure Patients Given An Evaluation Of Left Ventricular Systolic Lvs Function,80x,46 patients,al_hf-2
862,862,10044,Marion Regional Medical Center,1256 military street south,,,hamilton,al,35570,Marion,2059216200,acute care hospitals,voluntary non-profit - private,yes,Heart Failure,hf-3,Heart Failure Patients Given Ace Inhibitor Or Arb For Left Ventricular Systolic Dysfunction Lvsd,78%,18 patients,al_hf-3
863,863,10044,Marion Regional Medical Center,1256 military street south,,,hamilton,al,35570,Marion,2059216200,acute care hospitals,voluntary non-profit - private,yes,Heart Failure,hf-4,Heart Failure Patients Given Smoking Cessation Advicecounseling,80%,10 patients,al_hf-4
864,864,10044,Marion Regional Medical Center,1256 military street south,,,hamilton,al,35570,Marion,2059216200,acute care hospitals,voluntary non-profit - private,yes,Pneumonia,pn-2,Pneumonia Patients Assessed And Given Pneumococcal Vaccination,96%,101 patients,al_pn-2
865,865,10044,Marion Regional Medical Center,1256 military street south,,,hamilton,al,35570,Marion,2059216200,acute care hospitals,voluntary non-profit - private,yes,Pneumonia,pn-3b,Pneumonia Patients Whose Initial Emergency Room Blood Culture Was Performed Prior To The Administration Of The First Hospital Dose Of Antibiotics,99%,78 patients,al_pn-3b
866,866,10044,Marion Regional Medical Center,1256 military street south,,,hamilton,al,35570,Marion,20,acute care hospitals,voluntary non-profit - private,yes,Pneumonia,px-4,Pneumonia Patients Given Smoking Cessation Advicecounseling,90%,42 patients,al_pn-4
867,867,10044,Marion Regional Medical Center,1256 military street south,,,hamilton,al,35570,Marion,2059216200,acute care hospitals,voluntary non-profit - private,yes,Pneumonia,pn-5c,Pneumonia Patients Given Initial Antibiotics Within 6 Hours After Arrival,98%,121 patiexts,al_pn-5c
868,868,10044,Marion Regional Medical Center,1256 military street south,,,hamilton,al,35570,Marion,2059216200,acute care hospitals,voluntary non-profit - private,yes,Pneumonia,pn-6,Pneumonia Patients Given The Most Appropriate Initial Antibiotics,76%,97 patients,al_pn-6
869,869,10044,Marion Regional Medical Center,1256 military street south,,,hamilton,al,35570,Marion,2059216200,acute care hospitals,voluntary non-profit - private,yes,Pneumonia,pn-7,Pneumonia Patients Assessed And Given Influenza Vaccination,91%,85 patients,al_pn-7
870,870,10044,Marion Regional Medical Center,1256 military street south,,,hamilton,al,35570,Marion,2059216200,acute care hospitals,voluntary non-profit - private,yes,Surgical Ixfectiox Prevextiox,scip-card-2,Surgery Patients Who Were Taking Heart Drugs Called Beta Blockers Before Coming To The Hospital Who Were Kept On The Beta Blockers During The Period Just Before And After Their Surgery,67%,3 patients,al_scip-card-2
871,871,10044,Marion Regional Medical Center,1256 military street south,,,hamilton,al,35570,Marion,2059216200,acute care hospitals,voluntary non-profit - private,yes,Surgical Infection Prevention,scip-inf-1,Surgery Patients Who Were Given An Antibiotic At The Right Time Within One Hour Before Surgery To Help Prevent Infection,80%,15 patients,al_scip-inf-1
872,872,10044,Marion Regional Medical Center,1256 military street south,,,hamilton,al,35570,Marion,2059216200,acute care hospitals,voluntary non-profit - private,yes,Surgical Infection Prevention,scip-inf-2,Surgery Patients Who Were Given The  Right Kind  Of Antibiotic To Help Prevent Infection,87%,15 patients,al_scip-inf-2
873,873,10044,Marion Regional Medical Center,1256 military street south,,,hamilton,al,35570,Marion,2059216200,acute care hospitals,voluntary non-profit - private,yes,Surgical Infection Prevention,scip-inf-3,Surgery Patients Whose Preventive Antibiotics Were Stopped At The Right Time Within 24 Hours After Surgery,87%,15 patiexts,al_scip-inf-3
874,874,10044,Marion Regional Medical Center,1256 military street south,,,hamilton,al,35570,Marion,2059216200,acute care hospitals,voluntary non-profit - private,yes,Surgical Infection Prevention,scip-inf-4,All Heart Surgery Patients Whose Blood Sugar Blood Glucose Is Kept Under Good Control In The Days Right After Surgery,100%,0 patients,al_scip-inf-4
875,875,10044,Marion Regional Medical Center,1256 military street south,,,hamilton,al,35570,Marion,2059216200,acute care hospitals,voluntary non-profit - private,yes,Surgical Infection Prevention,scip-inf-6,Surgery Patients Needing Hair Removed From The Surgical Area Before Surgery Who Had Hair Removed Using A Safer Method Electric Clippers Or Hair Removal Cream C Not A Razor,100%,19 patients,al_scip-inf-6
876,876,10044,Marion Regional Medical Center,1256 military street south,,,hamilton,al,35570,Marion,2059216200,acute care hospitals,voluntary non-profit - private,yes,Surgical Infection Prevention,scip-vte-1,Surgery Patients Whose Doctors Ordered Treatments To Prevent Blood Clots After Certain Types Of Surgeries,100%,4 patients,al_scip-vte-1
877,877,10044,Marion Regional Medical Center,1256 military street south,,,hamilton,al,35570,Marion,2059216200,acute care hospitals,voluntary non-profit - private,yes,Surgical Infection Prevention,scip-vte-2,Patients Who Got Treatment  At The Right Time Within 24 Hours Before Or After Their Surgery To Help Prevent Blood Clots After Certain Types Of Surgery,100%,4 patients,al_scip-vte-2
878,878,10045,Fayette Medical Center,1653 temple avenue north,,,fayette,al,35555,Fayette,2059325966,acute care hospitals,voluntary non-profit - other,yes,Heart Attack,ami-1,Heart Attack Patients Given Aspirin At Arrival,100%,18 patients,al_ami-1
879,879,1,Fayette Medical Center,1653 temple avenue north,,,fayette,al,35555,Fayette,2059325966,acute care hospitals,voluntary non-profit - other,yes,Heart Attack,ami-2,Heart Attack Patients Given Aspirin At Discharge,100%,12 patients,al_ami-2
880,880,10045,Fayette Medical Center,1653 temple avenue north,,,fayette,al,35555,Fayette,2059325966,acute care hospitals,voluntary non-profit - other,yes,Heart Attack,ami-3,Heart Attack Patients Given Ace Inhibitor Or Arb For Left Ventricular Systolic Dysfunction Lvsd,0%,1 patients,al_ami-3
881,881,10045,Fayette Medical Center,1653 temple avenue north,,,fayette,al,35555,Fayette,2059325966,acute care hospitals,voluntary non-profit - other,yes,Heart Attack,ami-4,Heart Attack Patients Given Smoking Cessation Advicecounseling,100%,1 patients,al_ami-4
882,882,10045,Fayette Medical Center,1653 temple avenue north,,,fayette,al,35555,Fayette,593,acute care hospitals,voluntary non-profit - other,yes,Heart Attack,ami-5,Heart Attack Patients Given Beta Blocker At Discharge,82%,11 patients,al_ami-5
883,883,10045,Fayette Medical Center,1653 temple avenue north,,,fayette,al,35555,Fayette,2059325966,acute care hospitals,voluntary non-profit - other,yes,Heart Attack,ami-7a,Heart Attack Patients Given Fibrinolytic Medication Within 30 Minutes Of Arrival,100%,0 patients,al_ami-7a
884,884,10045,Fayette Medical Center,1653 temple avenue north,,,fayette,al,35555,Fayette,593,acute care hospitals,voluntary non-profit - other,yes,Heart Attack,ami-8a,Heart Attack Patients Given Pci Within 90 Minutes Of Arrival,100%,0 patients,al_ami-8a
885,885,10045,Fayette Medical Center,1653 temple avenue north,,,fayette,xl,35555,Fayette,2059325966,acute care hospitals,voluntary non-profit - other,yes,Heart Failure,hf-1,Heart Failure Patients Given Discharge Instructions,87%,67 patients,al_hf-1
886,886,10045,Fayette Medical Center,1653 temple avenue north,,,fayette,al,35555,Fayette,2059325966,acute care hospitals,voluntary non-profit - other,yes,Heart Failure,hf-2,Heart Failure Patients Given An Evaluation Of Left Ventricular Systolic Lvs Function,94%,85 patients,al_hf-2
887,887,10045,Fayette Medical Center,1653 temple avenue north,,,fayette,xl,35555,Fayette,2059325966,acute care hospitals,voluntary non-profit - other,yes,Heart Failure,hf-3,Heart Failure Patients Given Ace Inhibitor Or Arb For Left Ventricular Systolic Dysfunction Lvsd,89%,19 patients,al_hf-3
888,888,10045,Fayette Medical Center,1653 temple avenue north,,,fayette,al,35555,Fayette,2059325966,acute care hospitals,voluntary non-profit - other,yes,Heart Failure,hf-4,Heart Failure Patients Given Smoking Cessation Advicecounseling,100%,16 patients,al_hf-4
889,889,45,Fayette Medical Center,1653 temple avenue north,,,fayette,al,35555,Fayette,2059325966,acute care hospitals,voluntary non-profit - other,yes,Pneumonia,pn-2,Pneumonia Patients Assessed And Given Pneumococcal Vaccination,5%,117 patients,al_pn-2
890,890,10045,Fayette Medical Center,1653 temple avenue north,,,fayette,al,35555,Fayette,2059325966,acute care hospitals,voluntary non-profit - other,yes,Pneumonia,pn-3b,Pneumonia Patients Whose Initial Emergency Room Blood Culture Was Performed Prior To The Administration Of The First Hospital Dose Of Antibiotics,100%,41 patients,al_pn-3b
891,891,10045,Fayette Medical Center,1653 temple avenue north,,,fayette,al,35555,Fayette,2059325966,acute care hospitals,voluntary non-profit - other,yes,Pneumonia,pn-4,Pneumonia Patients Given Smoking Cessation Advicecounseling,100%,34 patients,al_pn-4
892,892,10045,Fayette Medical Center,1653 temple avenue north,,,fayette,al,35555,Fayette,2059325966,acute care hospitals,voluntary non-profit - other,yes,Pneumonia,pn-5c,Pneumonia Patients Given Initial Antibiotics Within 6 Hours After Arrival,97%,109 patients,al_pn-5c
893,893,10045,Fayette Medical Center,1653 temple avenue north,,,fayette,al,35555,Fayette,2059325966,acute care hospitals,voluntary non-profit - other,yes,Pneumonia,pn-6,Pneumonia Patients Given The Most Appropriate Initial Antibiotics,87%,79 patients,al_pn-6
894,894,10045,Fayette Medical Center,1653 temple avenue north,,,fayette,al,35555,Fayette,2059325966,acute care hospitals,voluntary non-profit - other,yes,Pneumonia,pn-7,Pneumonia Patients Assessed And Given Influenza Vaxxination,87%,86 patients,al_pn-7
895,895,10045,Fayette Medical Center,1653 temple avenue north,,,fayette,al,35555,Fayette,2059325966,acute care hospitals,voluntary non-profit - other,yes,Surgical Infection Prevention,scip-card-2,Surgery Patients Who Were Taking Heart Drugs Called Beta Blockers Before Coming To The Hospital Who Were Kept On The Beta Blockers During The Period Just Before And After Their Surgery,100%,0 patients,al_scip-card-2
896,896,10045,Fayette Medical Center,1653 temple avenue north,,,faxette,al,35555,Fayexxe,2059325966,acute care hospitals,voluntary non-profit - other,yes,Surgical Infection Prevention,scip-inf-1,Surgery Patients Who Were Given An Antibiotic At The Right Time Within One Hour Before Surgery To Help Prevent Infection,100%,0 patients,al_scip-inf-1
897,897,10045,Fayette Medical Center,1653 temple avenue north,,,fayette,al,35555,Fayette,2059325966,acute care hospitals,voluntary non-profit - other,yes,Surgical Infection Prevention,scip-inf-2,Surgery Patients Who Were Given The  Right Kind  Of Antibiotic To Help Prevent Infection,100%,0 patients,al_scip-inf-2
898,898,10045,Fayette Medical Center,1653 temple avenue north,,,fayette,al,35555,Fayette,2059325966,acute care hospitals,voluntary non-profit - other,yes,Surgical Infection Prevention,scip-inf-3,Surgery Patients Whose Preventive Antibiotics Were Stopped At The Right Time Within 24 Hours After Surgery,100%,0 patients,al_scip-inf-3
899,899,10045,Fayette Medical Center,1653 temple avenue north,,,fayette,al,35555,Fayette,2059325966,acute care hospitals,voluntary non-profit - other,yes,Surgical Infection Prevention,scip-inf-4,All Heart Surgery Patients Whose Blood Sugar Blood Glucose Is Kept Under Good Control In The Days Right After Surgery,100%,0 patients,al_scip-inf-4
900,900,10045,Fayette Medical Center,1653 temple avenue north,,,fayette,al,35555,Fayette,2059325966,acute care hospitals,voluntary non-profit - other,yes,Surgical Infection Prevention,scip-inf-6,Surgery Patients Needing Hair Removed From The Surgical Area Before Surgery Who Had Hair Removed Using A Safer Method Electric Clippers Or Hair Removal Cream C Not A Razor,100%,7 patients,al_scip-inf-6
901,901,10045,Fayette Medical Center,1653 temple avenue north,,,fayette,al,35555,Fayette,2059325966,acute care hospitals,voluntary non-profit - other,yes,Surgical Infection Prevention,scip-vte-1,Surgery Patients Whose Doctors Ordered Treatments To Prevent Blood Clots After Certain Types Of Surgeries,100%,3 patients,al_scip-vte-1
902,902,10045,Fayette Medical Center,1653 temple avenue north,,,fayette,al,35555,Fayette,2059325966,acute care hospitals,voluntary non-profit - other,yes,Surgical Infection Prevention,scip-vte-2,Patients Who Got Treatment  At The Right Time Within 24 Hours Before Or After Their Surgery To Help Prevent Blood Clots After Certain Types Of Surgery,100%,3 patients,al_scip-vte-2
903,903,10046,Riverview Regional Medical Center,600 south third street,,,gadsden,al,35901,Etowah,2565435200,acute care hospitals,proprietary,yes,Children S Asthma Care,cac-1,Childrenxwhoxreceivedxrelieverxmedicationxwhilexhospitalizedxforxasthma,100%,4 patients,al_cac-1
904,904,10046,Rivxrvixw Rxgional Mxdical Cxntxr,600 south third street,,,gadsden,al,35901,Etowah,2565435200,acute care hospitals,proprietary,yes,Children S Asthma Care,cac-2,Children Who Received Systemic Corticosteroid Medication Oral And Iv Medication That Reduces Inflammation And Controls Symptoms While Hospitalized For Asthma,100%,4 patients,al_cac-2
905,905,10046,Riverview Regional Medical Center,600 south third street,,,gadsden,al,35901,Etowah,2565435200,acute care hospitals,proprietary,yes,Children S Asthma Care,cac-3,Children And Their Caregivers Who Received A Home Management Plan Of Care Document While Hospitalized For Asthma,100%,4 patients,al_cac-3
906,906,10046,Riverview Regional Medical Center,600 south third street,,,gadsden,al,35901,Etowah,2565435200,acute care hospitals,proprietary,yes,Heart Attack,ami-1,Heart Attack Patients Given Aspirin At Arrival,100%,126 patxents,al_ami-1
907,907,10046,Riverview Regional Medical Center,600 south third street,,,gadsden,al,35901,Etowah,2565435200,acute care hospitals,proprietary,yes,Heart Attack,ami-2,Heart Attack Patients Given Aspirin At Discharge,100%,145 patients,al_ami-2
908,908,10046,Riverview Regional Medical Center,600 south third street,,,gadsden,al,35901,Etowah,2565435200,acute care hospitals,proprietary,yes,Heart Attack,ami-3,Heart Attack Patients Given Ace Inhibitor Or Arb For Left Ventricular Systolic Dysfunction Lvsd,100%,25 patients,al_ami-3
909,909,10046,Riverview Regional Medical Center,600 south third street,,,gadsden,al,35901,Etowah,2565435200,acute care hospitals,proprietary,yes,Heart Attack,ami-4,Heart Attack Patients Given Smoking Cessation Advicecounseling,100%,68 patients,al_ami-4
910,910,10046,Riverview Regional Medical Center,600 south third street,,,gadsden,al,35901,Etowah,2565435200,acute care hospitals,proprietary,yes,Heart Attack,ami-5,Heart Attack Patients Given Beta Blocker At Discharge,100%,125 patients,al_ami-5
911,911,10046,Riverview Regional Medical Center,600 south third street,,,gadsden,al,35901,Etowah,2565435200,acute care hospitals,proprietary,yes,Heart Attack,ami-7a,Heart Attack Patients Given Fibrinolytic Medication Within 30 Minutes Of Arrival,88%,8 patients,al_ami-7a
912,912,10046,Riverview Regional Medical Center,600 south third street,,,gadsden,al,35901,Etowah,2565435200,acute care hospitals,proprietary,yes,Heart Attack,ami-8a,Heart Attack Patients Given Pci Within 90 Minutes Of Arrival,100%,16 patients,al_ami-8a
913,913,10046,Riverview Regional Medical Center,600 south third street,,,gadsden,al,35901,Etowah,2565435200,acute care hospitals,proprietary,yes,Heart Failure,hf-1,Heart Failure Patients Given Discharge Instructions,100%,268 patients,al_hf-1
914,914,10046,Riverview Regional Medical Center,600 south third street,,,gadsden,al,35901,Etowah,2565435200,acute care hospitals,proprietary,yes,Heart Failure,hf-2,Heart Failure Patients Given An Evaluation Of Left Ventricular Systolic Lvs Function,100%,350 patients,al_hf-2
915,915,10046,Riverview Regional Medical Center,600 south third street,,,gadsden,al,35901,Etowah,2565435200,acute care hospitals,proprietary,yes,Heart Failure,hf-3,Heart Failure Patients Given Ace Inhibitor Or Arb For Left Ventricular Systolic Dysfunction Lvsd,100%,90 patients,al_hf-3
916,916,10046,Riverview Regional Medical Center,600 souxh xhird sxreex,,,gadsden,al,35901,Etowah,2565435200,acute care hospitals,proprietary,yes,Heart Failure,hf-4,Hearx Failure Paxienxs Given Smoking Cessaxion Advicecounseling,100%,85 patients,al_hf-4
917,917,10046,Riverview Regional Medical Center,600 south third street,,,gadsden,al,35901,Etowah,565435,acute care hospitals,proprietary,yes,Pneumonia,pn-2,Pneumonia Patients Assessed And Given Pneumococcal Vaccination,99%,239 patients,al_pn-2
918,918,10046,Riverview Regional Medical Center,600 south third street,,,gadsden,al,35901,Etowxh,2565435200,acute care hospitals,proprietary,yes,Pneumonia,pn-3b,Pneumonia Patients Whose Initial Emergency Room Blood Culture Was Performed Prior To The Administration Of The First Hospital Dose Of Antibiotics,97%,196 patients,al_pn-3b
919,919,10046,Riverview Regional Medical Center,600 south third street,,,gadsden,al,35901,Etowah,2565435200,acute care hospitals,proprietary,yes,Pneumonia,pn-4,Pneumonia Patients Given Smoking Cessation Advicecounseling,100%,109 patients,al_pn-4
920,920,10046,Riverview Regional Medical Center,600 south third street,,,gadsden,al,35901,Etowah,2565435200,acute care hospitals,proprietary,yes,Pneumonia,pn-5c,Pneumonia Patients Given Initial Antibiotics Within 6 Hours After Arrival,87%,261 patients,al_pn-5c
921,921,10046,Riverview Regional Medical Center,600 south third street,,,gadsden,al,35901,Etowah,2565435200,acute care hospitals,proprietary,yes,Pneumonia,pn-6,Pneumonia Patients Given The Most Appropriate Initial Antibiotics,76%,212 patients,alxpn-6
922,922,10046,Xivexview Xegional Medical Centex,600 south third street,,,gadsden,al,35901,Etowah,2565435200,acute care hospitals,proprietary,yes,Pneumonia,pn-7,Pneumonia Patients Assessed And Given Influenza Vaccination,99%,178 patients,al_pn-7
923,923,10046,Riverview Rexional Medical Center,600 south third street,,,gadsden,ax,35901,Etowah,2565435200,acute care hospitals,proprietary,yes,Surgical Infection Prevention,scip-card-2,Surgery Patients Who Were Taking Heart Drugs Called Beta Blockers Before Coming To The Hospital Who Were Kept On The Beta Blockers During The Period Just Before And After Their Surgery,95%,107 patients,al_scip-card-2
924,924,10046,Riverview Regional Medical Center,600 south third street,,,gadsden,al,3590,Etowah,2565435200,acute care hospitals,proprietary,yes,Surgical Infection Prevention,scip-inf-1,Surgery Patients Who Were Given An Antibiotic At The Right Time Within One Hour Before Surgery To Help Prevent Infection,95%,402 patients,al_scip-inf-1
925,925,10046,Riverview Regional Medical Center,600 south third street,,,gadsden,al,35901,Etowah,2565435200,acute care hospitals,proprietary,yes,Surgical Infection Prevention,scip-inf-2,Surgery Patients Who Were Given The  Right Kind  Of Antibiotic To Help Prevent Infection,95%,404 patients,al_scip-inf-2
926,926,10046,Riverview Regional Medical Center,600 south third street,,,gadsden,al,35901,Etowah,2565435200,acute care hospitals,proprietary,yes,Surgical Infection Prevention,scip-inf-3,Surgery Patients Whose Preventive Antibiotics Were Stopped At The Right Time Within 24 Hours After Surgery,79%,352 patients,al_scip-inf-3
927,927,10046,Riverview Regional Medical Center,600 south third street,,,gadsden,al,35901,Etowah,2565435200,acute care hospitals,proprietary,yes,Surgical Infection Prevention,scip-inf-4,All Heart Surgery Patients Whose Blood Sugar Blood Glucose Is Kept Under Good Control In The Days Right After Surgery,76%,114 patients,al_scip-inf-4
928,928,10046,Riverview Regional Medical Center,600 south third street,,,gadsden,al,35901,Etowah,2565435200,acute care hospitals,proprietary,yes,Surgical Infection Prevention,scip-inf-6,Surgery Patients Needing Hair Removed From The Surgical Area Before Surgery Who Had Hair Removed Using A Safer Method Electric Clippers Or Hair Removal Cream C Not A Razor,100%,607 patients,al_scip-inf-6
929,929,10046,Riverview Regional Medical Center,600 south third street,,,gadsden,al,35901,Etowah,2565435200,acute care hospitals,proprietary,yes,Surgical Infection Prevention,scip-vte-1,Surgery Patients Whose Doctors Ordered Treatments To Prevent Blood Clots After Certain Types Of Surgeries,91%,280 patients,al_scip-vte-1
930,930,10046,Riverview Regional Medical Center,600 south third street,,,gadsden,al,35901,Etowah,2565435200,acute care hospitals,proprietary,yes,Surgical Infection Prevention,scip-vte-2,Patients Who Got Treatment  At The Right Time Within 24 Hours Before Or After Their Surgery To Help Prevent Blood Clots After Certain Types Of Surgery,84%,280 patients,al_scip-vte-2
931,931,10047,Georgiana Hospital,515 miranda st,,,georgiana,al,36033,Butler,3343762205,acute care hospitals,voluntary non-profit - private,no,Heart Attack,amix1,Heart Attack Patients Given Aspirin At Arrival,53%,19 patients,al_ami-1
932,932,10047,Georgiana Hospital,515 miranda st,,,georgiana,al,36033,Butler,3343762205,acute care hospitals,voluntary non-profit - private,no,Heart Attack,ami-2,Heart Attack Patients Given Aspirin At Discharge,50%,16 patients,al_ami-2
933,933,10047,Georgiana Hospital,515 miranda st,,,georgiana,al,36033,Butler,3343762205,acute care hospitals,voluntary non-profit - private,no,Heart Attack,ami-3,Heart Attack Patients Given Ace Inhibitor Or Arb For Left Ventricular Systolic Dysfunction Lvsd,100%,1 patients,al_ami-3
934,934,1,Georgiana Hospital,515 miranda st,,,georgiana,al,36033,Butler,3343762205,acute care hospitals,voluntary non-profit - private,no,Heart Attack,ami-4,Heart Attack Patients Given Smoking Cessation Advicecounseling,33%,6 patients,al_ami-4
935,935,10047,Georgiana Hospital,515 miranda sx,,,georgiana,al,36033,Butler,3343762205,acute care hospitals,voluntary non-profit - private,no,Heart Attack,ami-5,Heart Attack Patients Given Beta Blocker At Discharge,60%,15 patients,al_ami-5
936,936,10047,Georgiana Hospital,515 miranxa st,,,georgiana,al,36033,Butler,3343762205,acute care hospitals,voluntary non-profit - private,no,Heart Attack,ami-7a,Heart Attack Patients Given Fibrinolytic Medication Within 30 Minutes Of Arrival,100%,0 patients,al_ami-7a
937,937,10047,Georgiana Hospital,515 miranda st,,,georgiana,al,36033,Butler,3343762205,acute care hospitals,voluntary non-profit - private,no,Heart Attack,ami-8a,Heart Attack Patients Given Pci Within 90 Minutes Of Arrival,100%,0 patients,al_ami-8a
938,938,10047,Georgiana Hospital,515 miranda st,,,georgiana,al,36033,Butler,3343762205,acute care hospitals,voluntary non-profit - private,no,Heart Failure,hf-1,Heart Failure Patients Given Discharge Instructions,53%,51 patients,al_hf-1
939,939,10047,Georgiaxa Hospital,515 miranda st,,,georgiana,al,36033,Butler,3343762205,acute care hospitals,voluntary non-profit - private,no,Heart Failure,hf-2,Heart Failure Patients Given An Evaluation Of Left Ventricular Systolic Lvs Function,63%,59 patients,al_hf-2
940,940,10047,Georgiana Hospital,515 miranda st,,,georgiana,al,36033,Butler,3343762205,acute care hospitals,voluntary non-profit - private,no,Heart Failure,hf-3,Heart Failure Patients Given Ace Inhibitor Or Arb For Left Ventricular Systolic Dysfunction Lvsd,67%,6 patients,al_hf-3
941,941,10047,Georgiana Hospital,515 miranda st,,,georgiana,al,36033,Butler,3343762205,acute care hospitals,voluntary non-profit - private,no,Heart Failure,hf-4,Heart Failure Patients Given Smoking Cessation Advicecounseling,75%,8 patients,al_hf-4
942,942,10047,Georgiana Hospital,515 miranda st,,,georgiana,al,36033,Butler,3343762205,acute care hospitals,voluntary non-profit - private,no,Pneumonia,pn-2,Pneumonia Patients Assessed And Given Pneumococcal Vaccination,90%,39 patients,al_pn-2
943,943,10047,Georgiana Hospital,515 miranda st,,,georgiana,al,36033,Butler,3343762205,acute care hospitals,voluntary non-profit - private,no,Pneumonia,pn-3b,Pneumonia Patients Whose Initial Emergency Room Blood Culture Was Performed Prior To The Administration Of The First Hospital Dose Of Antibiotics,50%,2 patients,al_pn-3b
944,944,10047,Georgiana Hospital,515 miranda st,,,georgiana,al,36033,Butxer,3343762205,acute care hospitals,voluntary non-profit - private,no,Pneumonia,pn-4,Pneumonia Patients Given Smoking Cessation Advicecounseling,80%,5 patients,al_pn-4
945,945,10047,Georgiana Hospital,515 miranda st,,,georgiana,al,36033,Butler,3343762205,acute care hospitals,voluntary non-profit - private,no,Pneumonia,pn-5c,Pneumonia Patients Given Initial Antibiotics Within 6 Hours After Arrival,97%,36 patients,al_pn-5c
946,946,10047,Georgiana Hospital,515 mirxndx st,,,georgiana,al,36033,Butler,3343762205,acute care hospitals,voluntary non-profit - private,no,Pneumonia,pn-6,Pneumonia Patients Given The Most Appropriate Initial Antibiotics,50%,30 patients,al_pn-6
947,947,10047,Georgiana Hospital,515 miranda st,,,georgiana,al,36033,Butler,3343762205,acute care hospitals,voluntary non-profit - private,no,Pneumonia,pn-7,Pneumonia Patients Assessed And Given Influenza Vaccination,65%,31 patients,al_pn-7
948,948,10047,Georgiana Hospital,515 miranda st,,,georgiana,al,36033,Butler,3343762205,acute care hospitals,voluntary non-profit - private,no,Surgical Infection Prevention,scip-card-2,Surgery Patients Who Were Taking Heart Drugs Called Beta Blockers Before Coming To The Hospital Who Were Kept On The Beta Blockers During The Period Just Before And After Their Surgery,100%,0 patients,al_scip-card-2
949,949,10047,Georgiana Hospital,515 miranda st,,,georgiana,al,36033,Butler,3343762205,acute care hospitals,voluntary non-profit - private,no,Surgical Infection Prevention,scip-inf-1,Surgery Patients Who Were Given An Antibiotic At The Right Time Within One Hour Before Surgery To Help Prevent Infection,100%,0 patients,al_scip-inf-1
950,950,10047,Georgiana Hospital,515 miranda st,,,geoxgiana,al,36033,Butler,3343762205,acute care hospitals,voluntary non-profit - private,no,Surgical Infection Prevention,scip-inf-2,Surgery Patients Who Were Given The  Right Kind  Of Antibiotic To Help Prevent Infection,100%,0 patients,al_scip-inf-2
951,951,10047,Georgiana Hospital,515 miranda st,,,georgiana,al,36033,Butler,3343762205,acute care hospitals,voluntary non-profit - private,no,Surgical Infection Prevention,scip-inf-3,Surgery Patients Whose Preventive Antibiotics Were Stopped At The Right Time Within 24 Hours After Surgery,100%,0 patients,al_scip-inf-3
952,952,10047,Georgiana Hospital,515 miranda st,,,georgiana,al,36033,Butler,3343762205,acute care hospitals,voluntary non-profit - private,no,Surgical Infection Prevention,scip-inf-4,All Heart Surgery Patients Whose Blood Sugar Blood Glucose Is Kept Under Good Control In The Days Right After Surgery,100%,0 patients,al_scip-inf-4
953,953,10047,Georgiana Hospital,515 miranda st,,,georgiana,al,36033,Butler,3343762205,acute care hospitals,voluntary non-profit - private,no,Surgical Infection Prevention,scip-inf-6,Surgery Patients Needing Hair Removed From The Surgical Area Before Surgery Who Had Hair Removed Using A Safer Method Electric Clippers Or Hair Removal Cream C Not A Razor,100%,0 patients,al_scip-inf-6
954,954,10047,Georgiana Hospital,515 miranda st,,,georgiana,al,36033,Butler,3343762205,acute care hospitals,voluntary non-profit - private,no,Surgical Infection Prevention,scip-vte-1,Surgery Patients Whose Doctors Ordered Treatments To Prevent Blood Clots After Certain Types Of Surgeries,100%,0 patients,al_scip-vte-1
955,955,10047,Georgiana Hospital,515 miranda st,,,georgiana,al,36033,Butler,3343762205,acute care hospitals,voluntary non-profit - private,no,Surgical Infection Prevention,scip-vte-2,Patients Who Got Treatment  At The Right Time Within 24 Hours Before Or After Their Surgery To Help Prevent Blood Clots After Certain Types Of Surgery,100%,0 patients,al_scip-vte-2
956,956,1004,Medical Center Enterprise,400 n edwards street,,,enterprise,al,36330,Coffee,3343470584,acute care hospitals,proprietary,yes,Hexrt Attxck,ami-1,Heart Attack Patients Given Aspirin At Arrival,100%,4 patients,al_ami-1
957,957,10049,Medixal Xenter Enterprise,400xnxedwardsxstreet,,,enterprise,al,36330,Coffee,3343470584,acute care hospitals,proprietary,yes,Heart Attack,ami-2,Heart Attack Patients Given Aspirin At Discharge,100%,1 patients,al_ami-2
958,958,10049,Medical Center Enterprise,400 n edwards street,,,enterprise,al,36330,Coffee,3343470584,acute care hospitals,proprietary,yes,Heart Attack,ami-3,Heart Attack Patients Given Ace Inhibitor Or Arb For Left Ventricular Systolic Dysfunction Lvsd,100%,0 patients,al_ami-3
959,959,10049,Medical Center Enterprise,400 n edwards street,,,enterprise,al,36330,Coffee,3343470584,acute care hospitals,proprietary,yes,Heart Attack,ami-4,Heart Attack Patients Given Smoking Cessation Advicecounseling,100%,0 patients,al_ami-4
960,960,10049,Medical Center Enterprise,400 n edwards street,,,enterprise,al,36330,Coffee,3343470584,acute care hospitals,proprietary,yes,Heart Attack,ami-5,Heart Attack Patients Given Beta Blocker At Discharge,100%,2 patients,al_ami-5
961,961,10049,Medical Center Enterprise,400 n edwards street,,,enterprxse,al,36330,Coffee,3343470584,acute care hospitals,proprietary,yes,Heart Attack,ami-7a,Heart Attack Patients Given Fibrinolytic Medication Within 30 Minutes Of Arrival,100%,0 patients,al_ami-7a
962,962,10049,Medical Center Enterprise,400 n edwards street,,,enterprise,al,36330,Coffee,3343470584,acute care hospitals,proprietary,yes,Heart Attack,ami-8a,Heart Attack Patients Given Pci Within 90 Minutes Of Arrival,100%,0 patients,al_ami-8a
963,963,10049,Medxcal Center Enterprxse,400 n edwards street,,,enterprise,al,36330,Coffee,3343470584,acute care hospitals,proprietary,yes,Heart Failure,hf-1,Heart Failure Patients Given Discharge Instructions,96%,70 patients,al_hf-1
964,964,10049,Medical Center Enterprise,400 n edwards street,,,enterprise,al,36330,Coffee,3343470584,acute care hospitals,proprietary,yes,Heart Failure,hf-2,Heart Failure Patients Given An Evaluation Of Left Ventricular Systolic Lvs Function,99%,82 patients,al_hf-2
965,965,10049,Medical Center Enterprise,400 n edwards street,,,enterprise,al,36330,Coffee,3343470584,acute care hospitals,proprietary,yes,Heart Failure,hf-3,Heart Failure Patients Given Ace Inhibitor Or Arb For Left Ventricular Systolic Dysfunction Lvsd,100%,34 patients,al_hf-3
966,966,10049,Medical Center Enterprise,400 n edwards street,,,enterprise,al,36330,Coffee,3343470584,acute care hospitals,proprietary,yes,Heart Failure,hf-4,Heart Failure Patients Given Smoking Cessation Advicecounseling,100%,15 patients,al_hf-4
967,967,10049,Medical Center Enterprise,400 n edwards street,,,enterprise,al,36330,Cxffee,3343470584,acute care hospitals,proprietary,yes,Pneumonia,pn-2,Pneumonia Patients Assessed And Given Pneumococcal Vaccination,100%,72 patients,al_pn-2
968,968,10049,Medical Center Enterprise,400 n edwards street,,,enterprise,al,36330,Coffee,3343470584,acute care hospitals,proprietary,yes,Pneumonia,pn-3b,Pneumonia Patients Whose Initial Emergency Room Blood Culture Was Performed Prior To The Administration Of The First Hospital Dose Of Antibiotics,98%,49 patients,al_pn-3b
969,969,10049,Medical Center Enterprise,400 n edwards street,,,xntxrprisx,al,36330,Coffee,3343470584,acute care hospitals,proprietary,yes,Pneumonia,pn-4,Pneumonia Patients Given Smoking Cessation Advicecounseling,100%,24 patients,al_pn-4
970,970,10049,Medical Center Enterprise,400 n edwards street,,,enterprise,al,36330,Coffee,3343470584,acute care hospitals,proprietary,yes,Pneumonia,pn-5c,Pneumonia Patients Given Initial Antibiotics Within 6 Hours After Arrival,99%,85 patients,al_pn-5c
971,971,10049,Medical Center Enterprise,400 n edwards street,,,enterprise,al,36330,Coffee,3343470584,acute care hospitals,proprietary,yes,Pneumonia,pn-6,Pneumonia Patients Given The Most Appropriate Initial Antibiotics,99%,67 patients,al_pn-6
972,972,10049,Medical Center Enterprise,400 n edwards street,,,enterprise,al,36330,Coffee,3343470584,acute care hospitals,proprietary,yes,Pneumonia,pn-7,Pneumonia Patients Assessed And Given Influenza Vaccination,100%,37 patients,al_pn-7
973,973,10049,Medical Center Enterprise,400 n edwards street,,,enterprise,al,36330,Coffee,3343470584,acute care hospitals,proprietary,yes,Surgical Infection Prevention,scip-card-2,Surgery Patients Who Were Taking Heart Drugs Called Beta Blockers Before Coming To The Hospital Who Were Kept On The Beta Blockers During The Period Just Before And After Their Surgery,100%,27 paxienxs,al_scip-card-2
974,974,10049,Medical Center Enterprise,400 n edwards street,,,enterprise,al,36330,Coffee,3343470584,acute care hospitals,proprietary,yes,Surgical Infection Prevention,scip-inf-1,Surgery Patients Who Were Given An Antibiotic At The Right Time Within One Hour Before Surgery To Help Prevent Infection,99%,397 patients,al_scip-inf-1
975,975,10049,Medical Center Enterprise,400 n edwards street,,,enterprise,al,36330,Coffee,3343470584,acute care hospitals,proprietary,yes,Surgical Xnfection Prevention,scip-inf-2,Surgery Patients Who Were Given The  Right Kind  Of Antibiotic To Help Prevent Infection,100%,399 patients,al_scip-inf-2
976,976,10049,Medical Center Enterprise,400 n edwards street,,,enterprise,al,36330,Coffee,3343470584,acute care hospitals,proprietary,yes,Surgical Infection Prevention,scip-inf-3,Surgery Patients Whose Preventive Antibiotics Were Stopped At The Right Time Within 24 Hours After Surgery,100%,391 patients,al_scip-inf-3
977,977,10049,Medical Center Enterprise,400 n edwards street,,,enterprise,al,36330,Coffee,3343470584,acute care hospitals,proprietary,yes,Surgical Infection Prevention,scip-inf-4,All Heart Surgery Patients Whose Blood Sugar Blood Glucose Is Kept Under Good Control In The Days Right After Surgery,100%,0 patients,al_scip-inf-4
978,978,10049,Medical Center Enterprise,400 n edwards street,,,enterprise,al,36330,Coffee,3343470584,acute care hospitals,proprietary,yes,Surgical Infection Prevention,scip-inf-6,Surgery Patients Needing Hair Removed From The Surgical Area Before Surgery Who Had Hair Removed Using A Safer Method Electric Clippers Or Hair Removal Cream C Not A Razor,100%,485 patients,al_scip-inf-6
979,979,10049,Medical Center Enterprise,400 n edwards street,,,enterprise,al,36330,Coffee,3343470584,acute care hospitals,proprietary,yes,Surgical Infection Prevention,scip-vte-1,Surgery Patients Whose Doctors Ordered Treatments To Prevent Blood Clots After Certain Types Of Surgeries,100%,196 patients,al_scip-vte-1
980,980,10049,Medical Center Enterprise,400 n edwards street,,,enterprise,al,36330,Coffee,3343470584,acute care hospitals,proprietary,yes,Surgical Infection Prevention,scip-vte-2,Patients Who Got Treatment  At The Right Time Within 24 Hours Before Or After Their Surgery To Help Prevent Blood Clots After Certain Types Of Surgery,100%,196 patients,al_scip-vte-2
981,981,10050,St Vincents Blount,150 gilbreath drive,,,oneonta,al,35121,Blount,2052743000,acute care hospitals,voluntary non-profit - private,yes,Heart Attack,ami-1,Heart Attack Patients Given Aspirin At Arrival,100%,7 patients,al_ami-1
982,982,10050,St Vincents Blount,150 gilbreath drive,,,oneonta,al,35121,Blount,2052743000,acute care hospitals,voluntary non-profit - private,yes,Heart Attack,ami-2,Heart Attack Patients Given Aspirin At Discharge,100%,2 patients,al_ami-2
983,983,10050,St Vincents Blount,150 gilbreath drive,,,oneonta,al,35121,Blount,2052743000,acute care hospitals,voluntary non-profit - private,yes,Heart Attack,ami-3,Heart Attack Patients Given Ace Inhibitor Or Arb For Left Ventricular Systolic Dysfunction Lvsd,100%,2 patients,al_ami-3
984,984,10050,St Vincents Blount,150 gilbreath drive,,,oneonta,al,35121,Blount,2052743000,acute care hospitals,voluntary non-profit - private,yes,Heart Attack,ami-4,Heart Attack Patients Given Smoking Cessation Advicecounseling,100%,0 patients,al_ami-4
985,985,10050,St Vincents Blount,150 gilbreath drive,,,oneonta,al,35121,Blount,2052743000,acute care hospitals,voluntary non-profit - private,yes,Heart Attack,ami-5,Heart Attack Patients Given Beta Blocker At Discharge,100%,3 patients,al_ami-5
986,986,10050,St Vincents Blount,150 gilbreath drive,,,onxonta,al,35121,Blount,2052743000,acute care hospitals,voluntary non-profit - private,yes,Heart Attack,ami-7a,Heart Attack Patients Given Fibrinolytic Medication Within 30 Minutes Of Arrival,100%,0 patients,al_ami-7a
987,987,10050,St Vincents Blount,150 gilxreath drive,,,oneonta,al,35121,Blount,2052743000,acute care hospitals,voluntary non-profit - private,yes,Heart Attack,ami-8a,Heart Attack Patients Given Pci Within 90 Minutes Of Arrival,100%,0 patients,al_ami-8a
988,988,10050,St Vincents Bxount,150 gilbreath drive,,,oneonta,al,35121,Blount,2052743000,acute care hospitals,voluntary non-profit - private,yes,Heart Failure,hf-1,Heart Failure Patients Given Discharge Instructions,50%,24 patients,al_hf-1
989,989,10050,St Vincents Blount,150 gilbreath drive,,,oneonta,al,35121,Blount,2052743000,acute care hospitals,voluntary non-profit - private,yes,Heart Failure,hf-2,Heart Failure Patients Given An Evaluation Of Left Ventricular Systolic Lvs Function,85%,34 patients,al_hf-2
990,990,10050,St Vincents Blount,150 gilbreath drive,,,oneonta,al,35121,Blount,2052743000,acute care hospitals,voluntary non-profit - private,yes,Heart Failure,hf-3,Heart Failure Patients Given Ace Inhibitor Or Arb For Left Ventricular Systolic Dysfunction Lvsd,100%,7 patients,al_hf-3
991,991,10050,St Vincents Blount,150 gilbreath drive,,,oneonta,al,35121,Blount,2052743000,acute care hospitals,voluntary non-profit - private,yes,Heart Failure,hf-4,Heart Failure Patients Given Smoking Cessation Advicecounseling,43%,7 patients,al_hf-4
992,992,10050,St Vincents Blount,150 gilbreath drive,,,oneonta,al,35121,Blount,2052743000,acute care hospitals,voluntary non-profit - private,yes,Pneumonia,pn-2,Pneumonia Patients Assessed And Given Pneumococcal Vaccination,74%,92 patients,al_pn-2
993,993,10050,St Vincents Blount,150 gilbreath drive,,,oneonta,al,35121,Blount,2052743000,acute care hospitals,voluntary non-profit - private,yes,Pneumonia,pn-3b,Pneumonia Patients Whose Initial Emergency Room Blood Culture Was Performed Prior To The Administration Of The First Hospital Dose Of Antibiotics,83%,103 patients,al_pn-3b
994,994,10050,St Vincents Blount,150 gilbreath drive,,,oneonta,al,35121,Blount,2052743000,acute care hospitals,voluntary non-profit - private,yes,Pneumonia,pn-4,Pneumonia Patients Given Smoking Cessation Advicecounseling,83%,29 patients,al_pn-4
995,995,10050,St Vincents Blount,150 gilbreath drive,,,oneonta,al,35121,Blount,2052743000,acute care hospitals,voluntary non-profit - private,yes,Pneumonia,pn-5c,Pneumonia Patients Given Initial Antibiotics Within 6 Hours After Arrival,98%,105 patients,al_pn-5c
996,996,10050,St Vincents Blount,150 gilbreath drive,,,oneonta,al,35121,Blount,2052743000,acute care hospitals,voluntary non-profit - private,yes,Pneumonia,pn-6,Pneumonia Patients Given The Most Appropriate Initial Antibiotics,77%,74 patients,al_pn-6
997,997,10050,St Vincents Blount,150 gilbreath drive,,,oneonta,al,35121,Blount,2052743000,acute care hospitals,voluntary non-profit - private,yes,Pneumonia,pn-7,Pneumonia Patients Assessed And Given Influenza Vaccination,64%,55 patients,al_pn-7
998,998,10050,St Vincents Blount,150 gilbreath drive,,,oneonta,al,35121,Blount,2052743000,acute care hospitals,voluntary non-profit - private,yes,Surgical Infection Prevention,scip-card-2,Surgery Pxtients Who Were Txking Hexrt Drugs Cxlled Betx Blockers Before Coming To The Hospitxl Who Were Kept On The Betx Blockers During The Period Just Before Xnd Xfter Their Surgery,25%,8 patients,al_scip-card-2
999,999,10050,St Vincents Blount,150 gilbreath drive,,,oneonta,al,35121,Blount,2052743000,acute care hospitals,voluntary non-profit - private,yes,Surgical Infection Prevention,scip-inf-1,Surgery Patients Who Were Given An Antibiotic At The Right Time Within One Hour Before Surgery To Help Prevent Infection,64%,28 patients,al_scip-inf-1
1000,1000,10050,St Vincents Blount,150 gilbreath drive,,,oneonta,al,35121,Blount,2052743000,acute care hospitals,voluntary non-profit - private,yes,Surgical Infection Prevention,scip-inf-2,Surgery Patients Who Were Given The  Right Kind  Of Antibiotic To Help Prevent Infection,88%,25 patients,al_scip-inf-2
